mtllib bk_books.mtl
usemtl atlas
v -0.3138021 0.0022536 0.3005189
v -0.3143359 0.0006524 0.3003409
v -0.3138021 0.0022536 -0.3557459
v -0.3143952 0.0006524 -0.3559238
v -0.3138021 0.9706386 -0.3557459
v -0.3143359 0.9722398 -0.3559238
v -0.3138021 0.9706386 0.3005189
v -0.3143359 0.9722398 0.3003409
v -0.3144545 0.9653011 -0.3628625
v -0.3138021 0.9651233 -0.3613205
v -0.3144545 0.0075911 -0.3628625
v -0.3138021 0.0077690 -0.3613205
v -0.3812908 0.0022536 -0.3557459
v -0.3806977 0.0006524 -0.3559238
v -0.3812908 0.0022536 0.3005189
v -0.3807570 0.0006524 0.3003409
v -0.3812908 0.9706386 0.3005189
v -0.3807570 0.9722398 0.3003409
v -0.3812908 0.9706386 -0.3557459
v -0.3807570 0.9722398 -0.3559238
v -0.3144545 0.9688002 -0.3619136
v -0.3138021 0.9679699 -0.3605496
v -0.3144545 0.9653011 -0.3628625
v -0.3138021 0.9651233 -0.3613205
v -0.3143359 0.9722398 -0.3559238
v -0.3138021 0.9706386 -0.3557459
v -0.3143359 0.9716468 -0.3581774
v -0.3138021 0.9698676 -0.3585925
v -0.3806977 0.0006524 -0.3559238
v -0.3812908 0.0022536 -0.3557459
v -0.3806977 0.0016013 -0.3594228
v -0.3812908 0.0030246 -0.3585925
v -0.3806977 0.9653011 -0.3628625
v -0.3812908 0.9651233 -0.3613205
v -0.3806384 0.9688002 -0.3619136
v -0.3812908 0.9679699 -0.3605496
v -0.3806384 0.9688002 -0.3619136
v -0.3812908 0.9679699 -0.3605496
v -0.3806384 0.9704014 -0.3603124
v -0.3812908 0.9698676 -0.3585925
v -0.3807570 0.9716468 -0.3581774
v -0.3812908 0.9698676 -0.3585925
v -0.3807570 0.9722398 -0.3559238
v -0.3812908 0.9706386 -0.3557459
v -0.3143952 0.0016013 -0.3594228
v -0.3138021 0.0030246 -0.3585925
v -0.3143952 0.0006524 -0.3559238
v -0.3138021 0.0022536 -0.3557459
v -0.3315342 0.0006524 0.3274432
v -0.3315342 0.0022536 0.3282141
v -0.3378798 0.0006524 0.3296374
v -0.3378798 0.0022536 0.3304084
v -0.3378798 0.9722398 0.3296374
v -0.3378798 0.9706386 0.3304084
v -0.3315342 0.9722398 0.3274432
v -0.3315342 0.9706386 0.3282141
v -0.3315342 0.9722398 0.3274432
v -0.3315342 0.9706386 0.3282141
v -0.3255444 0.9722398 0.3236477
v -0.3254258 0.9706386 0.3244779
v -0.3201477 0.0006524 0.3179544
v -0.3199698 0.0022536 0.3188440
v -0.3255444 0.0006524 0.3236477
v -0.3254258 0.0022536 0.3244779
v -0.3255444 0.9722398 0.3236477
v -0.3254258 0.9706386 0.3244779
v -0.3201477 0.9722398 0.3180137
v -0.3199698 0.9706386 0.3188440
v -0.3159964 0.0006524 0.3101855
v -0.3155813 0.0022536 0.3108379
v -0.3201477 0.0006524 0.3179544
v -0.3199698 0.0022536 0.3188440
v -0.3201477 0.9722398 0.3180137
v -0.3199698 0.9706386 0.3188440
v -0.3159964 0.9722398 0.3101855
v -0.3155813 0.9706386 0.3108379
v -0.3143359 0.0006524 0.3003409
v -0.3138021 0.0022536 0.3005189
v -0.3159964 0.0006524 0.3101855
v -0.3155813 0.0022536 0.3108379
v -0.3159964 0.9722398 0.3101855
v -0.3155813 0.9706386 0.3108379
v -0.3143359 0.9722398 0.3003409
v -0.3138021 0.9706386 0.3005189
v -0.3807570 0.9722398 0.3003409
v -0.3812908 0.9706386 0.3005189
v -0.3790965 0.9722398 0.3101855
v -0.3795116 0.9706386 0.3108379
v -0.3749452 0.0006524 0.3179544
v -0.3751231 0.0022536 0.3188440
v -0.3790965 0.0006524 0.3101855
v -0.3795116 0.0022536 0.3108379
v -0.3790965 0.9722398 0.3101855
v -0.3795116 0.9706386 0.3108379
v -0.3749452 0.9722398 0.3180137
v -0.3751231 0.9706386 0.3188440
v -0.3749452 0.9722398 0.3180137
v -0.3751231 0.9706386 0.3188440
v -0.3696077 0.9722398 0.3236477
v -0.3696670 0.9706386 0.3244779
v -0.3696077 0.9722398 0.3236477
v -0.3696670 0.9706386 0.3244779
v -0.3635587 0.9722398 0.3274432
v -0.3635587 0.9706386 0.3282141
v -0.3635587 0.9722398 0.3274432
v -0.3635587 0.9706386 0.3282141
v -0.3572724 0.9722398 0.3296374
v -0.3572131 0.9706386 0.3304084
v -0.3508082 0.0006524 0.3304084
v -0.3508082 0.0022536 0.3311793
v -0.3572131 0.0006524 0.3296374
v -0.3572131 0.0022536 0.3304084
v -0.3572724 0.9722398 0.3296374
v -0.3572131 0.9706386 0.3304084
v -0.3508082 0.9722398 0.3304677
v -0.3508082 0.9706386 0.3311793
v -0.3138021 0.9679699 -0.3605496
v -0.3144545 0.9688002 -0.3619136
v -0.3138021 0.9698676 -0.3585925
v -0.3144545 0.9704014 -0.3603124
v -0.3143359 0.9716468 -0.3581774
v -0.3146324 0.9713503 -0.3594228
v -0.3806384 0.9704014 -0.3603124
v -0.3812908 0.9698676 -0.3585925
v -0.3804605 0.9713503 -0.3594228
v -0.3807570 0.9716468 -0.3581774
v -0.3790965 0.0006524 0.3101855
v -0.3795116 0.0022536 0.3108379
v -0.3807570 0.0006524 0.3003409
v -0.3812908 0.0022536 0.3005189
v -0.3795116 0.9706386 0.3108379
v -0.3812908 0.9706386 0.3005189
v -0.3255444 0.0006524 0.3236477
v -0.3254258 0.0022536 0.3244779
v -0.3315342 0.0006524 0.3274432
v -0.3315342 0.0022536 0.3282141
v -0.3254258 0.9706386 0.3244779
v -0.3378798 0.9706386 0.3304084
v -0.3378798 0.0022536 0.3304084
v -0.3315342 0.9706386 0.3282141
v -0.3572131 0.0006524 0.3296374
v -0.3572131 0.0022536 0.3304084
v -0.3635587 0.0006524 0.3274432
v -0.3635587 0.0022536 0.3282141
v -0.3572131 0.9706386 0.3304084
v -0.3635587 0.9706386 0.3282141
v -0.3199698 0.0022536 0.3188440
v -0.3199698 0.9706386 0.3188440
v -0.3254258 0.0022536 0.3244779
v -0.3254258 0.9706386 0.3244779
v -0.3696077 0.0006524 0.3236477
v -0.3696670 0.0022536 0.3244779
v -0.3749452 0.0006524 0.3179544
v -0.3751231 0.0022536 0.3188440
v -0.3696670 0.9706386 0.3244779
v -0.3795116 0.9706386 0.3108379
v -0.3795116 0.0022536 0.3108379
v -0.3751231 0.9706386 0.3188440
v -0.3635587 0.0006524 0.3274432
v -0.3635587 0.0022536 0.3282141
v -0.3696077 0.0006524 0.3236477
v -0.3696670 0.0022536 0.3244779
v -0.3635587 0.9706386 0.3282141
v -0.3696670 0.9706386 0.3244779
v -0.3138021 0.0022536 0.3005189
v -0.3138021 0.9706386 0.3005189
v -0.3155813 0.0022536 0.3108379
v -0.3155813 0.9706386 0.3108379
v -0.3155813 0.0022536 0.3108379
v -0.3155813 0.9706386 0.3108379
v -0.3199698 0.0022536 0.3188440
v -0.3199698 0.9706386 0.3188440
v -0.3138021 0.9698676 -0.3585925
v -0.3138021 0.9706386 -0.3557459
v -0.3138021 0.9679699 -0.3605496
v -0.3138021 0.9651233 -0.3613205
v -0.3138021 0.0077690 -0.3613205
v -0.3144545 0.0075911 -0.3628625
v -0.3143952 0.0040921 -0.3619136
v -0.3138021 0.0049224 -0.3605496
v -0.3143952 0.0040921 -0.3619136
v -0.3143952 0.0016013 -0.3594228
v -0.3138021 0.0030246 -0.3585925
v -0.3138021 0.0022536 -0.3557459
v -0.3138021 0.0022536 0.3005189
v -0.3138021 0.9706386 0.3005189
v -0.3572131 0.9706386 0.3304084
v -0.3572131 0.0022536 0.3304084
v -0.3508082 0.9706386 0.3311793
v -0.3508082 0.0022536 0.3311793
v -0.3508082 0.9722398 0.3304677
v -0.3443440 0.9722398 0.3304677
v -0.3443440 0.9706386 0.3311793
v -0.3443440 0.9722398 0.3304677
v -0.3378798 0.9722398 0.3296374
v -0.3378798 0.9706386 0.3304084
v -0.3378798 0.0006524 0.3296374
v -0.3378798 0.0022536 0.3304084
v -0.3443440 0.0006524 0.3304084
v -0.3443440 0.0022536 0.3311793
v -0.3443440 0.0006524 0.3304084
v -0.3508082 0.0006524 0.3304084
v -0.3812908 0.0022536 -0.3557459
v -0.3812908 0.0022536 0.3005189
v -0.3812908 0.0030246 -0.3585925
v -0.3806977 0.0016013 -0.3594228
v -0.3806977 0.0040921 -0.3619136
v -0.3812908 0.0049224 -0.3605496
v -0.3806977 0.0040921 -0.3619136
v -0.3806977 0.0075911 -0.3628625
v -0.3812908 0.0077690 -0.3613205
v -0.3806977 0.0075911 -0.3628625
v -0.3806977 0.9653011 -0.3628625
v -0.3812908 0.9651233 -0.3613205
v -0.3812908 0.9679699 -0.3605496
v -0.3812908 0.9698676 -0.3585925
v -0.3812908 0.9706386 -0.3557459
v -0.3812908 0.9706386 0.3005189
vt 0.2567759 0.7207233
vt 0.2567759 0.7203264
vt 0.3057271 0.7207233
vt 0.3057800 0.7203264
vt 0.3057271 0.9175862
vt 0.3057800 0.9179831
vt 0.2567759 0.9175068
vt 0.2567759 0.9179831
vt 0.3061769 0.9169512
vt 0.3060446 0.9167924
vt 0.3061769 0.7213583
vt 0.3060446 0.7215171
vt 0.1982727 0.7207233
vt 0.1982198 0.7203264
vt 0.2515633 0.7207233
vt 0.2515369 0.7203264
vt 0.2515633 0.9175068
vt 0.2515369 0.9179831
vt 0.1982727 0.9175862
vt 0.1982198 0.9179831
vt 0.3061240 0.9174274
vt 0.3059917 0.9172687
vt 0.3061769 0.9169512
vt 0.3060446 0.9167924
vt 0.3058065 0.9179831
vt 0.3057271 0.9175862
vt 0.3059123 0.9179037
vt 0.3059123 0.9175068
vt 0.1981934 0.7203264
vt 0.1982727 0.7207233
vt 0.1980346 0.7204058
vt 0.1981140 0.7208027
vt 0.1978229 0.9169512
vt 0.1979817 0.9167924
vt 0.1978758 0.9174274
vt 0.1980081 0.9172687
vt 0.1978758 0.9175068
vt 0.1980081 0.9172687
vt 0.1979552 0.9177450
vt 0.1981140 0.9175068
vt 0.1980875 0.9179037
vt 0.1981140 0.9175068
vt 0.1981934 0.9179831
vt 0.1982727 0.9175862
vt 0.3059652 0.7204058
vt 0.3059123 0.7208027
vt 0.3058065 0.7203264
vt 0.3057271 0.7207233
vt 0.2551619 0.7203264
vt 0.2551619 0.7207233
vt 0.2547914 0.7203264
vt 0.2547650 0.7207233
vt 0.2547914 0.9179831
vt 0.2547650 0.9175068
vt 0.2551619 0.9179831
vt 0.2551619 0.9175068
vt 0.2551883 0.9179831
vt 0.2551619 0.9175068
vt 0.2555588 0.9179831
vt 0.2555588 0.9175068
vt 0.2559557 0.7203264
vt 0.2559557 0.7207233
vt 0.2555852 0.7203264
vt 0.2555588 0.7207233
vt 0.2555852 0.9179831
vt 0.2555588 0.9175068
vt 0.2559557 0.9179831
vt 0.2559557 0.9175068
vt 0.2563790 0.7203264
vt 0.2563790 0.7207233
vt 0.2559821 0.7203264
vt 0.2559557 0.7207233
vt 0.2559821 0.9179831
vt 0.2559557 0.9175068
vt 0.2563790 0.9179831
vt 0.2563790 0.9175068
vt 0.2567759 0.7203264
vt 0.2567759 0.7207233
vt 0.2563790 0.7203264
vt 0.2563790 0.7207233
vt 0.2563790 0.9179831
vt 0.2563790 0.9175068
vt 0.2567759 0.9179831
vt 0.2567759 0.9175068
vt 0.2515633 0.9179831
vt 0.2515633 0.9175068
vt 0.2519338 0.9179831
vt 0.2519602 0.9175068
vt 0.2523307 0.7203264
vt 0.2523571 0.7207233
vt 0.2519602 0.7203264
vt 0.2519602 0.7207233
vt 0.2519602 0.9179831
vt 0.2519602 0.9175068
vt 0.2523307 0.9179831
vt 0.2523571 0.9175068
vt 0.2523571 0.9179831
vt 0.2523571 0.9175068
vt 0.2527276 0.9179831
vt 0.2527540 0.9175068
vt 0.2527540 0.9179831
vt 0.2527540 0.9175068
vt 0.2531509 0.9179831
vt 0.2531509 0.9175068
vt 0.2531509 0.9179831
vt 0.2531509 0.9175068
vt 0.2535478 0.9179831
vt 0.2535743 0.9175068
vt 0.2539712 0.7203264
vt 0.2539712 0.7207233
vt 0.2535743 0.7203264
vt 0.2535743 0.7207233
vt 0.2535743 0.9179831
vt 0.2535743 0.9175068
vt 0.2539712 0.9179831
vt 0.2539712 0.9175068
vt 0.3059917 0.9172687
vt 0.3061240 0.9175068
vt 0.3059123 0.9175068
vt 0.3060446 0.9177450
vt 0.3059123 0.9179037
vt 0.3059917 0.9178243
vt 0.1979552 0.9177450
vt 0.1981140 0.9175068
vt 0.1980346 0.9178243
vt 0.1980875 0.9179037
vt 0.2519338 0.7203264
vt 0.2519602 0.7207233
vt 0.2515633 0.7203264
vt 0.2515633 0.7207233
vt 0.2519602 0.9175068
vt 0.2515633 0.9175068
vt 0.2555588 0.7203264
vt 0.2555588 0.7207233
vt 0.2551883 0.7203264
vt 0.2551619 0.7207233
vt 0.2555588 0.9175068
vt 0.2547650 0.9175068
vt 0.2547650 0.7207233
vt 0.2551619 0.9175068
vt 0.2535478 0.7203264
vt 0.2535743 0.7207233
vt 0.2531509 0.7203264
vt 0.2531509 0.7207233
vt 0.2535743 0.9175068
vt 0.2531509 0.9175068
vt 0.2559557 0.7207233
vt 0.2559557 0.9175068
vt 0.2555588 0.7207233
vt 0.2555588 0.9175068
vt 0.2527276 0.7203264
vt 0.2527540 0.7207233
vt 0.2523571 0.7203264
vt 0.2523571 0.7207233
vt 0.2527540 0.9175068
vt 0.2519602 0.9175068
vt 0.2519602 0.7207233
vt 0.2523571 0.9175068
vt 0.2531509 0.7203264
vt 0.2531509 0.7207233
vt 0.2527540 0.7203264
vt 0.2527540 0.7207233
vt 0.2531509 0.9175068
vt 0.2527540 0.9175068
vt 0.2567759 0.7207233
vt 0.2567759 0.9175068
vt 0.2563790 0.7207233
vt 0.2563790 0.9175068
vt 0.2563790 0.7207233
vt 0.2563790 0.9175068
vt 0.2559557 0.7207233
vt 0.2559557 0.9175068
vt 0.3059123 0.9175068
vt 0.3057271 0.9175862
vt 0.3059917 0.9172687
vt 0.3060446 0.9167924
vt 0.3060446 0.7215171
vt 0.3061769 0.7212790
vt 0.3061240 0.7208027
vt 0.3059917 0.7210408
vt 0.3061240 0.7208027
vt 0.3059917 0.7204851
vt 0.3059123 0.7208027
vt 0.3057271 0.7207233
vt 0.2567759 0.7207233
vt 0.2567759 0.9175068
vt 0.2535743 0.9175068
vt 0.2535743 0.7207233
vt 0.2539712 0.9175068
vt 0.2539712 0.7207233
vt 0.2539712 0.9179831
vt 0.2543681 0.9179831
vt 0.2543681 0.9175068
vt 0.2543681 0.9179831
vt 0.2547650 0.9179831
vt 0.2547650 0.9175068
vt 0.2547650 0.7203264
vt 0.2547650 0.7207233
vt 0.2543681 0.7203264
vt 0.2543681 0.7207233
vt 0.2543681 0.7203264
vt 0.2539712 0.7203264
vt 0.1982727 0.7207233
vt 0.2515633 0.7207233
vt 0.1981140 0.7208027
vt 0.1980081 0.7204851
vt 0.1978758 0.7208027
vt 0.1980081 0.7210408
vt 0.1978758 0.7208027
vt 0.1978229 0.7212790
vt 0.1979817 0.7215171
vt 0.1978229 0.7213583
vt 0.1978229 0.9169512
vt 0.1979817 0.9167924
vt 0.1980081 0.9172687
vt 0.1981140 0.9175068
vt 0.1982727 0.9175862
vt 0.2515633 0.9175068
vn 0.9999923 0.0000000 0.0039292
vn 0.7551383 -0.6555597 0.0027661
vn 1.0000000 0.0000000 0.0000000
vn 0.7563262 -0.6541946 0.0000000
vn 1.0000000 0.0000000 0.0000000
vn 0.7727234 0.6347369 -0.0027597
vn 0.9999923 0.0000000 0.0039292
vn 0.7727234 0.6347369 0.0027597
vn 0.7248613 0.0000000 -0.6888949
vn 1.0000000 0.0000000 0.0000000
vn 0.7248613 0.0000000 -0.6888949
vn 0.9999981 0.0000000 -0.0019608
vn -1.0000000 0.0000000 0.0000000
vn -0.7563262 -0.6541946 0.0000000
vn -0.9999923 0.0000000 0.0039292
vn -0.7551383 -0.6555597 0.0027661
vn -0.9999923 0.0000000 0.0039292
vn -0.7727234 0.6347369 0.0027597
vn -1.0000000 0.0000000 0.0000000
vn -0.7727233 0.6347370 -0.0027597
vn 0.7359920 0.2988964 -0.6074346
vn 1.0000000 0.0000000 0.0000000
vn 0.7248613 0.0000000 -0.6888949
vn 0.9999981 0.0000000 -0.0019608
vn 0.7727234 0.6347369 -0.0027597
vn 1.0000000 0.0000000 0.0000000
vn 0.7206642 0.6479657 -0.2465431
vn 1.0000000 0.0000000 0.0000000
vn -0.7563262 -0.6541946 0.0000000
vn -1.0000000 0.0000000 0.0000000
vn -0.7299361 -0.5898143 -0.3454161
vn -1.0000000 0.0000000 0.0000000
vn -0.7248613 0.0000000 -0.6888949
vn -0.9999981 0.0000000 -0.0019608
vn -0.7359920 0.2988964 -0.6074346
vn -1.0000000 0.0000000 0.0000000
vn -0.7359920 0.2988964 -0.6074346
vn -1.0000000 0.0000000 0.0000000
vn -0.6986763 0.5382147 -0.4713558
vn -1.0000000 0.0000000 0.0000000
vn -0.7206642 0.6479657 -0.2465431
vn -1.0000000 0.0000000 0.0000000
vn -0.7727233 0.6347370 -0.0027597
vn -1.0000000 0.0000000 0.0000000
vn 0.7299361 -0.5898144 -0.3454161
vn 1.0000000 0.0000000 0.0000000
vn 0.7563262 -0.6541946 0.0000000
vn 1.0000000 0.0000000 0.0000000
vn 0.2915094 -0.7431890 0.6022394
vn 0.4304398 0.0000000 0.9026193
vn 0.1511375 -0.7526644 0.6408227
vn 0.2253738 0.0000000 0.9742724
vn 0.1512344 0.7470969 0.6472823
vn 0.2253738 0.0000000 0.9742724
vn 0.2952649 0.7381621 0.6065768
vn 0.4304398 0.0000000 0.9026193
vn 0.2952649 0.7381621 0.6065768
vn 0.4304398 0.0000000 0.9026193
vn 0.4418899 0.7176554 0.5382416
vn 0.6303853 0.0000000 0.7762824
vn 0.5849372 -0.6946129 0.4187619
vn 0.8090906 0.0000000 0.5876839
vn 0.4378911 -0.7231837 0.5340944
vn 0.6303853 0.0000000 0.7762824
vn 0.4418899 0.7176554 0.5382416
vn 0.6303853 0.0000000 0.7762824
vn 0.5925142 0.6857188 0.4227490
vn 0.8090906 0.0000000 0.5876839
vn 0.7148587 -0.6581738 0.2361869
vn 0.9474359 0.0000000 0.3199456
vn 0.5849372 -0.6946129 0.4187619
vn 0.8090906 0.0000000 0.5876839
vn 0.5925142 0.6857188 0.4227490
vn 0.8090906 0.0000000 0.5876839
vn 0.7247879 0.6460067 0.2394952
vn 0.9474359 0.0000000 0.3199456
vn 0.7551383 -0.6555597 0.0027661
vn 0.9999923 0.0000000 0.0039292
vn 0.7148587 -0.6581738 0.2361869
vn 0.9474359 0.0000000 0.3199456
vn 0.7247879 0.6460067 0.2394952
vn 0.9474359 0.0000000 0.3199456
vn 0.7727234 0.6347369 0.0027597
vn 0.9999923 0.0000000 0.0039292
vn -0.7727234 0.6347369 0.0027597
vn -0.9999923 0.0000000 0.0039292
vn -0.7247879 0.6460067 0.2394952
vn -0.9474359 0.0000000 0.3199456
vn -0.5849372 -0.6946129 0.4187619
vn -0.8090905 0.0000000 0.5876841
vn -0.7148587 -0.6581738 0.2361869
vn -0.9474359 0.0000000 0.3199456
vn -0.7238540 0.6483215 0.2360394
vn -0.9474359 0.0000000 0.3199456
vn -0.5925142 0.6857188 0.4227490
vn -0.8090905 0.0000000 0.5876841
vn -0.5925142 0.6857188 0.4227490
vn -0.8090905 0.0000000 0.5876841
vn -0.4418897 0.7176556 0.5382416
vn -0.6303853 0.0000000 0.7762824
vn -0.4418897 0.7176556 0.5382416
vn -0.6303853 0.0000000 0.7762824
vn -0.2952649 0.7381621 0.6065768
vn -0.4304398 0.0000000 0.9026193
vn -0.2952649 0.7381621 0.6065768
vn -0.4304398 0.0000000 0.9026193
vn -0.1512340 0.7470969 0.6472824
vn -0.2253738 0.0000000 0.9742724
vn -0.0397072 -0.7544377 0.6551695
vn -0.0600574 0.0000000 0.9981949
vn -0.1511374 -0.7526645 0.6408226
vn -0.2253738 0.0000000 0.9742724
vn -0.1512340 0.7470969 0.6472824
vn -0.2253738 0.0000000 0.9742724
vn -0.0397282 0.7491631 0.6611932
vn -0.0600574 0.0000000 0.9981949
vn 1.0000000 0.0000000 0.0000000
vn 0.7359920 0.2988964 -0.6074346
vn 1.0000000 0.0000000 0.0000000
vn 0.6986763 0.5382147 -0.4713558
vn 0.7206642 0.6479657 -0.2465431
vn 0.5954999 0.6853240 -0.4191788
vn -0.6986763 0.5382147 -0.4713558
vn -1.0000000 0.0000000 0.0000000
vn -0.5954999 0.6853240 -0.4191788
vn -0.7206642 0.6479657 -0.2465431
vn -0.7148587 -0.6581738 0.2361869
vn -0.9474359 0.0000000 0.3199456
vn -0.7551383 -0.6555597 0.0027661
vn -0.9999923 0.0000000 0.0039292
vn -0.9474359 0.0000000 0.3199456
vn -0.9999923 0.0000000 0.0039292
vn 0.4378911 -0.7231837 0.5340944
vn 0.6303853 0.0000000 0.7762824
vn 0.2915094 -0.7431890 0.6022394
vn 0.4304398 0.0000000 0.9026193
vn 0.6303853 0.0000000 0.7762824
vn 0.2253738 0.0000000 0.9742724
vn 0.2253738 0.0000000 0.9742724
vn 0.4304398 0.0000000 0.9026193
vn -0.1511374 -0.7526645 0.6408226
vn -0.2253738 0.0000000 0.9742724
vn -0.2915093 -0.7431891 0.6022394
vn -0.4304398 0.0000000 0.9026193
vn -0.2253738 0.0000000 0.9742724
vn -0.4304398 0.0000000 0.9026193
vn 0.8090906 0.0000000 0.5876839
vn 0.8090906 0.0000000 0.5876839
vn 0.6303853 0.0000000 0.7762824
vn 0.6303853 0.0000000 0.7762824
vn -0.4378910 -0.7231838 0.5340943
vn -0.6303853 0.0000000 0.7762824
vn -0.5849372 -0.6946129 0.4187619
vn -0.8090905 0.0000000 0.5876841
vn -0.6303853 0.0000000 0.7762824
vn -0.9474359 0.0000000 0.3199456
vn -0.9474359 0.0000000 0.3199456
vn -0.8090905 0.0000000 0.5876841
vn -0.2915093 -0.7431891 0.6022394
vn -0.4304398 0.0000000 0.9026193
vn -0.4378910 -0.7231838 0.5340943
vn -0.6303853 0.0000000 0.7762824
vn -0.4304398 0.0000000 0.9026193
vn -0.6303853 0.0000000 0.7762824
vn 0.9999923 0.0000000 0.0039292
vn 0.9999923 0.0000000 0.0039292
vn 0.9474359 0.0000000 0.3199456
vn 0.9474359 0.0000000 0.3199456
vn 0.9474359 0.0000000 0.3199456
vn 0.9474359 0.0000000 0.3199456
vn 0.8090906 0.0000000 0.5876839
vn 0.8090906 0.0000000 0.5876839
vn 1.0000000 0.0000000 0.0000000
vn 1.0000000 0.0000000 0.0000000
vn 1.0000000 0.0000000 0.0000000
vn 1.0000000 0.0000000 0.0000000
vn 1.0000000 0.0000000 0.0000000
vn 0.7248613 0.0000000 -0.6888949
vn 0.7234495 -0.3421720 -0.5996158
vn 1.0000000 0.0000000 0.0000000
vn 0.7234495 -0.3421720 -0.5996158
vn 0.7299361 -0.5898144 -0.3454161
vn 1.0000000 0.0000000 0.0000000
vn 1.0000000 0.0000000 0.0000000
vn 0.9999923 0.0000000 0.0039292
vn 0.9999923 0.0000000 0.0039292
vn -0.2253738 0.0000000 0.9742724
vn -0.2253738 0.0000000 0.9742724
vn -0.0600574 0.0000000 0.9981949
vn -0.0600574 0.0000000 0.9981949
vn -0.0397282 0.7491631 0.6611932
vn 0.0397285 0.7491630 0.6611931
vn 0.0600574 0.0000000 0.9981949
vn 0.0397285 0.7491630 0.6611931
vn 0.1512344 0.7470969 0.6472823
vn 0.2253738 0.0000000 0.9742724
vn 0.1511375 -0.7526644 0.6408227
vn 0.2253738 0.0000000 0.9742724
vn 0.0397073 -0.7544377 0.6551695
vn 0.0600574 0.0000000 0.9981949
vn 0.0397073 -0.7544377 0.6551695
vn -0.0397072 -0.7544377 0.6551695
vn -1.0000000 0.0000000 0.0000000
vn -0.9999923 0.0000000 0.0039292
vn -1.0000000 0.0000000 0.0000000
vn -0.7299361 -0.5898143 -0.3454161
vn -0.7234495 -0.3421720 -0.5996158
vn -1.0000000 0.0000000 0.0000000
vn -0.7234495 -0.3421720 -0.5996158
vn -0.7248613 0.0000000 -0.6888949
vn -1.0000000 0.0000000 0.0000000
vn -0.7248613 0.0000000 -0.6888949
vn -0.7248613 0.0000000 -0.6888949
vn -1.0000000 0.0000000 0.0000000
vn -1.0000000 0.0000000 0.0000000
vn -1.0000000 0.0000000 0.0000000
vn -1.0000000 0.0000000 0.0000000
vn -0.9999923 0.0000000 0.0039292
f 1/1/1 2/2/2 3/3/3
f 2/2/2 4/4/4 3/3/3
f 5/5/5 6/6/6 7/7/7
f 6/6/6 8/8/8 7/7/7
f 9/9/9 10/10/10 11/11/11
f 10/10/10 12/12/12 11/11/11
f 13/13/13 14/14/14 15/15/15
f 14/14/14 16/16/16 15/15/15
f 17/17/17 18/18/18 19/19/19
f 18/18/18 20/20/20 19/19/19
f 21/21/21 22/22/22 23/23/23
f 22/22/22 24/24/24 23/23/23
f 25/25/25 26/26/26 27/27/27
f 26/26/26 28/28/28 27/27/27
f 29/29/29 30/30/30 31/31/31
f 30/30/30 32/32/32 31/31/31
f 33/33/33 34/34/34 35/35/35
f 34/34/34 36/36/36 35/35/35
f 37/37/37 38/38/38 39/39/39
f 38/38/38 40/40/40 39/39/39
f 41/41/41 42/42/42 43/43/43
f 42/42/42 44/44/44 43/43/43
f 45/45/45 46/46/46 47/47/47
f 46/46/46 48/48/48 47/47/47
f 49/49/49 50/50/50 51/51/51
f 50/50/50 52/52/52 51/51/51
f 53/53/53 54/54/54 55/55/55
f 54/54/54 56/56/56 55/55/55
f 57/57/57 58/58/58 59/59/59
f 58/58/58 60/60/60 59/59/59
f 61/61/61 62/62/62 63/63/63
f 62/62/62 64/64/64 63/63/63
f 65/65/65 66/66/66 67/67/67
f 66/66/66 68/68/68 67/67/67
f 69/69/69 70/70/70 71/71/71
f 70/70/70 72/72/72 71/71/71
f 73/73/73 74/74/74 75/75/75
f 74/74/74 76/76/76 75/75/75
f 77/77/77 78/78/78 79/79/79
f 78/78/78 80/80/80 79/79/79
f 81/81/81 82/82/82 83/83/83
f 82/82/82 84/84/84 83/83/83
f 85/85/85 86/86/86 87/87/87
f 86/86/86 88/88/88 87/87/87
f 89/89/89 90/90/90 91/91/91
f 90/90/90 92/92/92 91/91/91
f 93/93/93 94/94/94 95/95/95
f 94/94/94 96/96/96 95/95/95
f 97/97/97 98/98/98 99/99/99
f 98/98/98 100/100/100 99/99/99
f 101/101/101 102/102/102 103/103/103
f 102/102/102 104/104/104 103/103/103
f 105/105/105 106/106/106 107/107/107
f 106/106/106 108/108/108 107/107/107
f 109/109/109 110/110/110 111/111/111
f 110/110/110 112/112/112 111/111/111
f 113/113/113 114/114/114 115/115/115
f 114/114/114 116/116/116 115/115/115
f 117/117/117 118/118/118 119/119/119
f 118/118/118 120/120/120 119/119/119
f 121/121/121 119/119/119 122/122/122
f 119/119/119 120/120/120 122/122/122
f 123/123/123 124/124/124 125/125/125
f 124/124/124 126/126/126 125/125/125
f 127/127/127 128/128/128 129/129/129
f 129/129/129 128/128/128 130/130/130
f 128/128/128 131/131/131 130/130/130
f 131/131/131 132/132/132 130/130/130
f 133/133/133 134/134/134 135/135/135
f 135/135/135 134/134/134 136/136/136
f 134/134/134 137/137/137 136/136/136
f 138/138/138 139/139/139 140/140/140
f 139/139/139 136/136/136 140/140/140
f 136/136/136 137/137/137 140/140/140
f 141/141/141 142/142/142 143/143/143
f 143/143/143 142/142/142 144/144/144
f 142/142/142 145/145/145 144/144/144
f 145/145/145 146/146/146 144/144/144
f 147/147/147 148/148/148 149/149/149
f 148/148/148 150/150/150 149/149/149
f 151/151/151 152/152/152 153/153/153
f 153/153/153 152/152/152 154/154/154
f 152/152/152 155/155/155 154/154/154
f 156/156/156 157/157/157 158/158/158
f 157/157/157 154/154/154 158/158/158
f 154/154/154 155/155/155 158/158/158
f 159/159/159 160/160/160 161/161/161
f 161/161/161 160/160/160 162/162/162
f 160/160/160 163/163/163 162/162/162
f 163/163/163 164/164/164 162/162/162
f 165/165/165 166/166/166 167/167/167
f 166/166/166 168/168/168 167/167/167
f 169/169/169 170/170/170 171/171/171
f 170/170/170 172/172/172 171/171/171
f 173/173/173 174/174/174 175/175/175
f 176/176/176 175/175/175 177/177/177
f 178/178/178 177/177/177 179/179/179
f 179/179/179 177/177/177 180/180/180
f 181/181/181 180/180/180 182/182/182
f 182/182/182 180/180/180 183/183/183
f 180/180/180 177/177/177 183/183/183
f 177/177/177 175/175/175 183/183/183
f 175/175/175 174/174/174 183/183/183
f 184/184/184 183/183/183 185/185/185
f 183/183/183 174/174/174 185/185/185
f 174/174/174 186/186/186 185/185/185
f 187/187/187 188/188/188 189/189/189
f 188/188/188 190/190/190 189/189/189
f 191/191/191 189/189/189 192/192/192
f 192/192/192 189/189/189 193/193/193
f 189/189/189 190/190/190 193/193/193
f 194/194/194 193/193/193 195/195/195
f 195/195/195 193/193/193 196/196/196
f 197/197/197 198/198/198 199/199/199
f 199/199/199 198/198/198 200/200/200
f 198/198/198 196/196/196 200/200/200
f 196/196/196 193/193/193 200/200/200
f 193/193/193 190/190/190 200/200/200
f 201/201/201 200/200/200 202/202/202
f 200/200/200 190/190/190 202/202/202
f 203/203/203 204/204/204 205/205/205
f 206/206/206 205/205/205 207/207/207
f 207/207/207 205/205/205 208/208/208
f 209/209/209 208/208/208 210/210/210
f 210/210/210 208/208/208 211/211/211
f 208/208/208 205/205/205 211/211/211
f 212/212/212 211/211/211 213/213/213
f 213/213/213 211/211/211 214/214/214
f 214/214/214 211/211/211 215/215/215
f 211/211/211 205/205/205 215/215/215
f 205/205/205 204/204/204 215/215/215
f 216/216/216 215/215/215 217/217/217
f 215/215/215 204/204/204 217/217/217
f 204/204/204 218/218/218 217/217/217
v -0.3568310 0.9728922 0.3255132
v -0.3570092 0.9728922 0.3278886
v -0.3506551 0.9728922 0.3262259
v -0.3507144 0.9728922 0.3286606
v -0.3164497 0.9728922 -0.3560399
v -0.3177562 0.9722391 -0.3559211
v -0.3164497 0.9728922 0.2999186
v -0.3177562 0.9722391 0.2996811
v -0.3163903 0.0000000 0.2999186
v -0.3176968 0.0006532 0.2996811
v -0.3163310 0.0000000 -0.3560399
v -0.3177562 0.0006532 -0.3559211
v -0.3143713 0.0006532 0.3003343
v -0.3156777 0.0000000 0.3000968
v -0.3143713 0.0006532 -0.3559211
v -0.3157965 0.0000000 -0.3560399
v -0.3143713 0.9722391 -0.3559211
v -0.3156777 0.9728922 -0.3560399
v -0.3143119 0.9722391 0.3003343
v -0.3156184 0.9728922 0.3000968
v -0.3162122 0.0074824 -0.3635223
v -0.3176968 0.0076012 -0.3628691
v -0.3162122 0.9654098 -0.3635223
v -0.3176968 0.9652911 -0.3628691
v -0.3159153 0.9654098 -0.3635223
v -0.3144307 0.9652911 -0.3628691
v -0.3159153 0.0074824 -0.3635223
v -0.3144307 0.0076012 -0.3628691
v -0.3787438 0.0000000 -0.3560399
v -0.3773780 0.0006532 -0.3559211
v -0.3787438 0.0000000 0.2999186
v -0.3773780 0.0006532 0.2996811
v -0.3786250 0.9728922 0.2999186
v -0.3773780 0.9722391 0.2996811
v -0.3786250 0.9728922 -0.3560399
v -0.3773186 0.9722391 -0.3559211
v -0.3807035 0.0006532 -0.3559211
v -0.3793377 0.0000000 -0.3560399
v -0.3807629 0.0006532 0.3003343
v -0.3793970 0.0000000 0.3000968
v -0.3807629 0.9722391 0.3003343
v -0.3794564 0.9728922 0.3000968
v -0.3807629 0.9722391 -0.3559211
v -0.3794564 0.9728922 -0.3560399
v -0.3789220 0.9654098 -0.3635223
v -0.3774374 0.9652911 -0.3628691
v -0.3788626 0.0074824 -0.3635223
v -0.3773780 0.0076012 -0.3628691
v -0.3792189 0.0074824 -0.3635223
v -0.3807035 0.0076012 -0.3628691
v -0.3791595 0.9654098 -0.3635223
v -0.3806441 0.9652911 -0.3628691
v -0.3176968 0.9652911 -0.3628691
v -0.3182906 0.9651130 -0.3612657
v -0.3176968 0.9687948 -0.3619190
v -0.3182906 0.9679634 -0.3604937
v -0.3159747 0.9703388 -0.3613251
v -0.3144307 0.9703981 -0.3603156
v -0.3159153 0.9691511 -0.3625128
v -0.3144307 0.9687948 -0.3619190
v -0.3161528 0.9691511 -0.3625128
v -0.3176968 0.9687948 -0.3619190
v -0.3161528 0.9703388 -0.3613251
v -0.3176968 0.9703981 -0.3603156
v -0.3156777 0.9724766 -0.3576433
v -0.3157965 0.9715859 -0.3596030
v -0.3164497 0.9724766 -0.3576433
v -0.3163310 0.9715859 -0.3596030
v -0.3157965 0.9715859 -0.3596030
v -0.3159747 0.9703388 -0.3613251
v -0.3163310 0.9715859 -0.3596030
v -0.3161528 0.9703388 -0.3613251
v -0.3164497 0.9724766 -0.3576433
v -0.3177562 0.9716452 -0.3581777
v -0.3164497 0.9728922 -0.3560399
v -0.3177562 0.9722391 -0.3559211
v -0.3177562 0.9716452 -0.3581777
v -0.3182906 0.9698637 -0.3585934
v -0.3177562 0.9722391 -0.3559211
v -0.3182906 0.9706357 -0.3557430
v -0.3788626 0.0074824 -0.3635223
v -0.3773780 0.0076012 -0.3628691
v -0.3788626 0.0037412 -0.3625128
v -0.3773780 0.0040975 -0.3619190
v -0.3773780 0.0076012 -0.3628691
v -0.3767841 0.0077793 -0.3612657
v -0.3773780 0.0040975 -0.3619190
v -0.3767841 0.0049289 -0.3604937
v -0.3792783 0.0010095 -0.3597811
v -0.3807035 0.0016034 -0.3594248
v -0.3792189 0.0037412 -0.3625128
v -0.3807035 0.0040975 -0.3619190
v -0.3788626 0.0037412 -0.3625128
v -0.3773780 0.0040975 -0.3619190
v -0.3788032 0.0010095 -0.3597811
v -0.3773780 0.0016034 -0.3594248
v -0.3773780 0.0040975 -0.3619190
v -0.3767841 0.0049289 -0.3604937
v -0.3773780 0.0016034 -0.3594248
v -0.3767841 0.0030286 -0.3585934
v -0.3793377 0.0000000 -0.3560399
v -0.3807035 0.0006532 -0.3559211
v -0.3792783 0.0010095 -0.3597811
v -0.3807035 0.0016034 -0.3594248
v -0.3788032 0.0010095 -0.3597811
v -0.3773780 0.0016034 -0.3594248
v -0.3787438 0.0000000 -0.3560399
v -0.3773780 0.0006532 -0.3559211
v -0.3773780 0.0016034 -0.3594248
v -0.3767841 0.0030286 -0.3585934
v -0.3773780 0.0006532 -0.3559211
v -0.3767841 0.0022566 -0.3557430
v -0.3789220 0.9691511 -0.3625128
v -0.3774374 0.9687948 -0.3619190
v -0.3789220 0.9654098 -0.3635223
v -0.3774374 0.9652911 -0.3628691
v -0.3774374 0.9687948 -0.3619190
v -0.3767841 0.9679634 -0.3604937
v -0.3774374 0.9652911 -0.3628691
v -0.3767841 0.9651130 -0.3612657
v -0.3774374 0.9703981 -0.3603156
v -0.3767841 0.9698637 -0.3585934
v -0.3774374 0.9687948 -0.3619190
v -0.3767841 0.9679634 -0.3604937
v -0.3791595 0.9691511 -0.3625128
v -0.3806441 0.9687948 -0.3619190
v -0.3791595 0.9703388 -0.3613251
v -0.3806441 0.9703981 -0.3603156
v -0.3786844 0.9724766 -0.3576433
v -0.3788032 0.9715859 -0.3596030
v -0.3793970 0.9724766 -0.3576433
v -0.3792783 0.9715859 -0.3596030
v -0.3788032 0.9715859 -0.3596030
v -0.3789220 0.9703388 -0.3613251
v -0.3792783 0.9715859 -0.3596030
v -0.3791595 0.9703388 -0.3613251
v -0.3786250 0.9728922 -0.3560399
v -0.3773186 0.9722391 -0.3559211
v -0.3786844 0.9724766 -0.3576433
v -0.3773186 0.9716452 -0.3581777
v -0.3773186 0.9722391 -0.3559211
v -0.3767841 0.9706357 -0.3557430
v -0.3773186 0.9716452 -0.3581777
v -0.3767841 0.9698637 -0.3585934
v -0.3158559 0.0010095 -0.3597811
v -0.3144307 0.0016034 -0.3594248
v -0.3157965 0.0000000 -0.3560399
v -0.3143713 0.0006532 -0.3559211
v -0.3163310 0.0000000 -0.3560399
v -0.3177562 0.0006532 -0.3559211
v -0.3162716 0.0010095 -0.3597811
v -0.3176968 0.0016034 -0.3594248
v -0.3158559 0.0037412 -0.3625128
v -0.3144307 0.0040975 -0.3619190
v -0.3158559 0.0010095 -0.3597811
v -0.3144307 0.0016034 -0.3594248
v -0.3162716 0.0010095 -0.3597811
v -0.3176968 0.0016034 -0.3594248
v -0.3162122 0.0037412 -0.3625128
v -0.3176968 0.0040975 -0.3619190
v -0.3176968 0.0016034 -0.3594248
v -0.3182906 0.0030286 -0.3585934
v -0.3176968 0.0040975 -0.3619190
v -0.3182906 0.0049289 -0.3604937
v -0.3159153 0.0074824 -0.3635223
v -0.3144307 0.0076012 -0.3628691
v -0.3158559 0.0037412 -0.3625128
v -0.3144307 0.0040975 -0.3619190
v -0.3162122 0.0037412 -0.3625128
v -0.3176968 0.0040975 -0.3619190
v -0.3162122 0.0074824 -0.3635223
v -0.3176968 0.0076012 -0.3628691
v -0.3176968 0.0040975 -0.3619190
v -0.3182906 0.0049289 -0.3604937
v -0.3176968 0.0076012 -0.3628691
v -0.3182906 0.0077793 -0.3612657
v -0.3505957 0.9706357 0.3236723
v -0.3505957 0.9722391 0.3244443
v -0.3444791 0.9706357 0.3236723
v -0.3444791 0.9722391 0.3244443
v -0.3444791 0.0022566 0.3236723
v -0.3444791 0.0006532 0.3244443
v -0.3505957 0.0022566 0.3236723
v -0.3505957 0.0006532 0.3244443
v -0.3444791 0.0006532 0.3244443
v -0.3444197 0.0000000 0.3262259
v -0.3505957 0.0006532 0.3244443
v -0.3506551 0.0000000 0.3262259
v -0.3384813 0.0022566 0.3229597
v -0.3384813 0.0006532 0.3237317
v -0.3444791 0.0022566 0.3236723
v -0.3444791 0.0006532 0.3244443
v -0.3384813 0.0006532 0.3237317
v -0.3382438 0.0000000 0.3255132
v -0.3444791 0.0006532 0.3244443
v -0.3444197 0.0000000 0.3262259
v -0.3444791 0.9706357 0.3236723
v -0.3444791 0.9722391 0.3244443
v -0.3384813 0.9706357 0.3229597
v -0.3384813 0.9722391 0.3237317
v -0.3444791 0.9722391 0.3244443
v -0.3444197 0.9728922 0.3262259
v -0.3384813 0.9722391 0.3237317
v -0.3382438 0.9728922 0.3255132
v -0.3327804 0.0022566 0.3210000
v -0.3327804 0.0006532 0.3218314
v -0.3384813 0.0022566 0.3229597
v -0.3384813 0.0006532 0.3237317
v -0.3327804 0.0006532 0.3218314
v -0.3323053 0.0000000 0.3235536
v -0.3384813 0.0006532 0.3237317
v -0.3382438 0.0000000 0.3255132
v -0.3384813 0.9706357 0.3229597
v -0.3384813 0.9722391 0.3237317
v -0.3327804 0.9706357 0.3210000
v -0.3327804 0.9722391 0.3218314
v -0.3384813 0.9722391 0.3237317
v -0.3382438 0.9728922 0.3255132
v -0.3327804 0.9722391 0.3218314
v -0.3323053 0.9728922 0.3235536
v -0.3274358 0.0022566 0.3177339
v -0.3273764 0.0006532 0.3185653
v -0.3327804 0.0022566 0.3210000
v -0.3327804 0.0006532 0.3218314
v -0.3273764 0.0006532 0.3185653
v -0.3267232 0.0000000 0.3201686
v -0.3327804 0.0006532 0.3218314
v -0.3323053 0.0000000 0.3235536
v -0.3327804 0.9706357 0.3210000
v -0.3327804 0.9722391 0.3218314
v -0.3274358 0.9706357 0.3177339
v -0.3273764 0.9722391 0.3185653
v -0.3327804 0.9722391 0.3218314
v -0.3323053 0.9728922 0.3235536
v -0.3273764 0.9722391 0.3185653
v -0.3267232 0.9728922 0.3201686
v -0.3228038 0.0022566 0.3130426
v -0.3226257 0.0006532 0.3138739
v -0.3274358 0.0022566 0.3177339
v -0.3273764 0.0006532 0.3185653
v -0.3226257 0.0006532 0.3138739
v -0.3217349 0.0000000 0.3152398
v -0.3273764 0.0006532 0.3185653
v -0.3267232 0.0000000 0.3201686
v -0.3274358 0.9706357 0.3177339
v -0.3273764 0.9722391 0.3185653
v -0.3228038 0.9706357 0.3130426
v -0.3226257 0.9722391 0.3138739
v -0.3273764 0.9722391 0.3185653
v -0.3267232 0.9728922 0.3201686
v -0.3226257 0.9722391 0.3138739
v -0.3217349 0.9728922 0.3151804
v -0.3194783 0.0022566 0.3071635
v -0.3190626 0.0006532 0.3078167
v -0.3228038 0.0022566 0.3130426
v -0.3226257 0.0006532 0.3138739
v -0.3190626 0.0006532 0.3078167
v -0.3178750 0.0000000 0.3086481
v -0.3226257 0.0006532 0.3138739
v -0.3217349 0.0000000 0.3152398
v -0.3228038 0.9706357 0.3130426
v -0.3226257 0.9722391 0.3138739
v -0.3194783 0.9706357 0.3071635
v -0.3191220 0.9722391 0.3078167
v -0.3226257 0.9722391 0.3138739
v -0.3217349 0.9728922 0.3151804
v -0.3191220 0.9722391 0.3078167
v -0.3179343 0.9728922 0.3086481
v -0.3182906 0.0022566 0.2995029
v -0.3176968 0.0006532 0.2996811
v -0.3194783 0.0022566 0.3071635
v -0.3190626 0.0006532 0.3078167
v -0.3176968 0.0006532 0.2996811
v -0.3163903 0.0000000 0.2999186
v -0.3190626 0.0006532 0.3078167
v -0.3178750 0.0000000 0.3086481
v -0.3194783 0.9706357 0.3071635
v -0.3191220 0.9722391 0.3078167
v -0.3182906 0.9706357 0.2995029
v -0.3177562 0.9722391 0.2996811
v -0.3191220 0.9722391 0.3078167
v -0.3179343 0.9728922 0.3086481
v -0.3177562 0.9722391 0.2996811
v -0.3164497 0.9728922 0.2999186
v -0.3755964 0.0022566 0.3071635
v -0.3760121 0.0006532 0.3078167
v -0.3768435 0.0022566 0.2995029
v -0.3773780 0.0006532 0.2996811
v -0.3760121 0.0006532 0.3078167
v -0.3771998 0.0000000 0.3086481
v -0.3773780 0.0006532 0.2996811
v -0.3787438 0.0000000 0.2999186
v -0.3768435 0.9706357 0.2995029
v -0.3773780 0.9722391 0.2996811
v -0.3755964 0.9706357 0.3071635
v -0.3760121 0.9722391 0.3078167
v -0.3773780 0.9722391 0.2996811
v -0.3786250 0.9728922 0.2999186
v -0.3760121 0.9722391 0.3078167
v -0.3771404 0.9728922 0.3086481
v -0.3722709 0.0022566 0.3130426
v -0.3724491 0.0006532 0.3138739
v -0.3755964 0.0022566 0.3071635
v -0.3760121 0.0006532 0.3078167
v -0.3724491 0.0006532 0.3138739
v -0.3733992 0.0000000 0.3152398
v -0.3760121 0.0006532 0.3078167
v -0.3771998 0.0000000 0.3086481
v -0.3755964 0.9706357 0.3071635
v -0.3760121 0.9722391 0.3078167
v -0.3722709 0.9706357 0.3130426
v -0.3724491 0.9722391 0.3138739
v -0.3760121 0.9722391 0.3078167
v -0.3771404 0.9728922 0.3086481
v -0.3724491 0.9722391 0.3138739
v -0.3733398 0.9728922 0.3151804
v -0.3676983 0.0022566 0.3177339
v -0.3677577 0.0006532 0.3185653
v -0.3722709 0.0022566 0.3130426
v -0.3724491 0.0006532 0.3138739
v -0.3677577 0.0006532 0.3185653
v -0.3684110 0.0000000 0.3201686
v -0.3724491 0.0006532 0.3138739
v -0.3733992 0.0000000 0.3152398
v -0.3722709 0.9706357 0.3130426
v -0.3724491 0.9722391 0.3138739
v -0.3676983 0.9706357 0.3177339
v -0.3677577 0.9722391 0.3185653
v -0.3724491 0.9722391 0.3138739
v -0.3733398 0.9728922 0.3151804
v -0.3677577 0.9722391 0.3185653
v -0.3684110 0.9728922 0.3201686
v -0.3623538 0.0022566 0.3210000
v -0.3623538 0.0006532 0.3218314
v -0.3676983 0.0022566 0.3177339
v -0.3677577 0.0006532 0.3185653
v -0.3623538 0.0006532 0.3218314
v -0.3627694 0.0000000 0.3235536
v -0.3677577 0.0006532 0.3185653
v -0.3684110 0.0000000 0.3201686
v -0.3676983 0.9706357 0.3177339
v -0.3677577 0.9722391 0.3185653
v -0.3623538 0.9706357 0.3210000
v -0.3623538 0.9722391 0.3218314
v -0.3677577 0.9722391 0.3185653
v -0.3684110 0.9728922 0.3201686
v -0.3623538 0.9722391 0.3218314
v -0.3627694 0.9728922 0.3235536
v -0.3566529 0.0022566 0.3229597
v -0.3566529 0.0006532 0.3237317
v -0.3623538 0.0022566 0.3210000
v -0.3623538 0.0006532 0.3218314
v -0.3566529 0.0006532 0.3237317
v -0.3568310 0.0000000 0.3255132
v -0.3623538 0.0006532 0.3218314
v -0.3627694 0.0000000 0.3235536
v -0.3623538 0.9706357 0.3210000
v -0.3623538 0.9722391 0.3218314
v -0.3566529 0.9706357 0.3229597
v -0.3565935 0.9722391 0.3237317
v -0.3623538 0.9722391 0.3218314
v -0.3627694 0.9728922 0.3235536
v -0.3565935 0.9722391 0.3237317
v -0.3568310 0.9728922 0.3255132
v -0.3505957 0.0022566 0.3236723
v -0.3505957 0.0006532 0.3244443
v -0.3566529 0.0022566 0.3229597
v -0.3566529 0.0006532 0.3237317
v -0.3505957 0.0006532 0.3244443
v -0.3506551 0.0000000 0.3262259
v -0.3566529 0.0006532 0.3237317
v -0.3568310 0.0000000 0.3255132
v -0.3566529 0.9706357 0.3229597
v -0.3565935 0.9722391 0.3237317
v -0.3505957 0.9706357 0.3236723
v -0.3505957 0.9722391 0.3244443
v -0.3565935 0.9722391 0.3237317
v -0.3568310 0.9728922 0.3255132
v -0.3505957 0.9722391 0.3244443
v -0.3506551 0.9728922 0.3262259
v -0.3507144 0.9728922 0.3286606
v -0.3507738 0.9722391 0.3304421
v -0.3443603 0.9728922 0.3286606
v -0.3443009 0.9722391 0.3304421
v -0.3380656 0.0000000 0.3278292
v -0.3378874 0.0006532 0.3296107
v -0.3443603 0.0000000 0.3286012
v -0.3443009 0.0006532 0.3304421
v -0.3443603 0.9728922 0.3286606
v -0.3443009 0.9722391 0.3304421
v -0.3380656 0.9728922 0.3278886
v -0.3378874 0.9722391 0.3296702
v -0.3319490 0.0000000 0.3256914
v -0.3315333 0.0006532 0.3274135
v -0.3380656 0.0000000 0.3278292
v -0.3378874 0.0006532 0.3296107
v -0.3380656 0.9728922 0.3278886
v -0.3378874 0.9722391 0.3296702
v -0.3319490 0.9728922 0.3257508
v -0.3315333 0.9722391 0.3274135
v -0.3261887 0.0000000 0.3220095
v -0.3255355 0.0006532 0.3236129
v -0.3319490 0.0000000 0.3256914
v -0.3315333 0.0006532 0.3274135
v -0.3319490 0.9728922 0.3257508
v -0.3315333 0.9722391 0.3274135
v -0.3261887 0.9728922 0.3220689
v -0.3255355 0.9722391 0.3236129
v -0.3210817 0.0000000 0.3166056
v -0.3201316 0.0006532 0.3179714
v -0.3261887 0.0000000 0.3220095
v -0.3255355 0.0006532 0.3236129
v -0.3261887 0.9728922 0.3220689
v -0.3255355 0.9722391 0.3236129
v -0.3210223 0.9728922 0.3166649
v -0.3201316 0.9722391 0.3179714
v -0.3171623 0.0000000 0.3093607
v -0.3159747 0.0006532 0.3101921
v -0.3210817 0.0000000 0.3166056
v -0.3201316 0.0006532 0.3179714
v -0.3210223 0.9728922 0.3166649
v -0.3201316 0.9722391 0.3179714
v -0.3171623 0.9728922 0.3093607
v -0.3159747 0.9722391 0.3101921
v -0.3156777 0.0000000 0.3000968
v -0.3143713 0.0006532 0.3003343
v -0.3171623 0.0000000 0.3093607
v -0.3159747 0.0006532 0.3101921
v -0.3171623 0.9728922 0.3093607
v -0.3159747 0.9722391 0.3101921
v -0.3156184 0.9728922 0.3000968
v -0.3143119 0.9722391 0.3003343
v -0.3779124 0.0000000 0.3093607
v -0.3791001 0.0006532 0.3101921
v -0.3793970 0.0000000 0.3000968
v -0.3807629 0.0006532 0.3003343
v -0.3794564 0.9728922 0.3000968
v -0.3807629 0.9722391 0.3003343
v -0.3779718 0.9728922 0.3093607
v -0.3791001 0.9722391 0.3101921
v -0.3740525 0.0000000 0.3166056
v -0.3749432 0.0006532 0.3179714
v -0.3779124 0.0000000 0.3093607
v -0.3791001 0.0006532 0.3101921
v -0.3779718 0.9728922 0.3093607
v -0.3791001 0.9722391 0.3101921
v -0.3740525 0.9728922 0.3166649
v -0.3749432 0.9722391 0.3179714
v -0.3689454 0.0000000 0.3220095
v -0.3695986 0.0006532 0.3236129
v -0.3740525 0.0000000 0.3166056
v -0.3749432 0.0006532 0.3179714
v -0.3740525 0.9728922 0.3166649
v -0.3749432 0.9722391 0.3179714
v -0.3689454 0.9728922 0.3220689
v -0.3695986 0.9722391 0.3236129
v -0.3631258 0.0000000 0.3256914
v -0.3635414 0.0006532 0.3274135
v -0.3689454 0.0000000 0.3220095
v -0.3695986 0.0006532 0.3236129
v -0.3689454 0.9728922 0.3220689
v -0.3695986 0.9722391 0.3236129
v -0.3631258 0.9728922 0.3257508
v -0.3635414 0.9722391 0.3274135
v -0.3570092 0.0000000 0.3278292
v -0.3572467 0.0006532 0.3296107
v -0.3631258 0.0000000 0.3256914
v -0.3635414 0.0006532 0.3274135
v -0.3631258 0.9728922 0.3257508
v -0.3635414 0.9722391 0.3274135
v -0.3570092 0.9728922 0.3278886
v -0.3572467 0.9722391 0.3296702
v -0.3507144 0.0000000 0.3286012
v -0.3507738 0.0006532 0.3304421
v -0.3570092 0.0000000 0.3278292
v -0.3572467 0.0006532 0.3296107
v -0.3570092 0.9728922 0.3278886
v -0.3572467 0.9722391 0.3296702
v -0.3507144 0.9728922 0.3286606
v -0.3507738 0.9722391 0.3304421
v -0.3163310 0.9715859 -0.3596030
v -0.3161528 0.9703388 -0.3613251
v -0.3174593 0.9713484 -0.3594248
v -0.3176968 0.9703981 -0.3603156
v -0.3177562 0.9716452 -0.3581777
v -0.3164497 0.9724766 -0.3576433
v -0.3174593 0.9713484 -0.3594248
v -0.3163310 0.9715859 -0.3596030
v -0.3176968 0.9687948 -0.3619190
v -0.3182906 0.9679634 -0.3604937
v -0.3176968 0.9703981 -0.3603156
v -0.3182906 0.9698637 -0.3585934
v -0.3174593 0.9713484 -0.3594248
v -0.3177562 0.9716452 -0.3581777
v -0.3788032 0.9715859 -0.3596030
v -0.3786844 0.9724766 -0.3576433
v -0.3776155 0.9713484 -0.3594248
v -0.3773186 0.9716452 -0.3581777
v -0.3774374 0.9687948 -0.3619190
v -0.3789220 0.9691511 -0.3625128
v -0.3774374 0.9703981 -0.3603156
v -0.3789220 0.9703388 -0.3613251
v -0.3776155 0.9713484 -0.3594248
v -0.3788032 0.9715859 -0.3596030
v -0.3773186 0.9716452 -0.3581777
v -0.3767841 0.9698637 -0.3585934
v -0.3776155 0.9713484 -0.3594248
v -0.3774374 0.9703981 -0.3603156
v -0.3156777 0.9728922 -0.3560399
v -0.3143713 0.9722391 -0.3559211
v -0.3156777 0.9724766 -0.3576433
v -0.3143713 0.9716452 -0.3581777
v -0.3157965 0.9715859 -0.3596030
v -0.3146682 0.9713484 -0.3594248
v -0.3144307 0.9703981 -0.3603156
v -0.3159747 0.9703388 -0.3613251
v -0.3146682 0.9713484 -0.3594248
v -0.3157965 0.9715859 -0.3596030
v -0.3792783 0.9715859 -0.3596030
v -0.3791595 0.9703388 -0.3613251
v -0.3804660 0.9713484 -0.3594248
v -0.3806441 0.9703981 -0.3603156
v -0.3807629 0.9722391 -0.3559211
v -0.3794564 0.9728922 -0.3560399
v -0.3807629 0.9716452 -0.3581777
v -0.3793970 0.9724766 -0.3576433
v -0.3804660 0.9713484 -0.3594248
v -0.3792783 0.9715859 -0.3596030
v -0.3791595 0.9691511 -0.3625128
v -0.3791595 0.9703388 -0.3613251
v -0.3789220 0.9691511 -0.3625128
v -0.3789220 0.9703388 -0.3613251
v -0.3164497 0.9724766 -0.3576433
v -0.3164497 0.9728922 -0.3560399
v -0.3156777 0.9724766 -0.3576433
v -0.3156777 0.9728922 -0.3560399
v -0.3161528 0.9691511 -0.3625128
v -0.3161528 0.9703388 -0.3613251
v -0.3159153 0.9691511 -0.3625128
v -0.3159747 0.9703388 -0.3613251
v -0.3788032 0.0010095 -0.3597811
v -0.3787438 0.0000000 -0.3560399
v -0.3792783 0.0010095 -0.3597811
v -0.3793377 0.0000000 -0.3560399
v -0.3163310 0.0000000 -0.3560399
v -0.3162716 0.0010095 -0.3597811
v -0.3157965 0.0000000 -0.3560399
v -0.3158559 0.0010095 -0.3597811
v -0.3788626 0.0037412 -0.3625128
v -0.3788032 0.0010095 -0.3597811
v -0.3792189 0.0037412 -0.3625128
v -0.3792783 0.0010095 -0.3597811
v -0.3788626 0.0074824 -0.3635223
v -0.3792189 0.0074824 -0.3635223
v -0.3789220 0.9654098 -0.3635223
v -0.3791595 0.9654098 -0.3635223
v -0.3788626 0.0074824 -0.3635223
v -0.3788626 0.0037412 -0.3625128
v -0.3792189 0.0074824 -0.3635223
v -0.3807035 0.0076012 -0.3628691
v -0.3807035 0.0040975 -0.3619190
v -0.3792189 0.0037412 -0.3625128
v -0.3806441 0.9687948 -0.3619190
v -0.3791595 0.9691511 -0.3625128
v -0.3806441 0.9652911 -0.3628691
v -0.3791595 0.9654098 -0.3635223
v -0.3789220 0.9654098 -0.3635223
v -0.3789220 0.9691511 -0.3625128
v -0.3162122 0.0037412 -0.3625128
v -0.3162122 0.0074824 -0.3635223
v -0.3158559 0.0037412 -0.3625128
v -0.3159153 0.0074824 -0.3635223
v -0.3176968 0.9687948 -0.3619190
v -0.3161528 0.9691511 -0.3625128
v -0.3176968 0.9652911 -0.3628691
v -0.3162122 0.9654098 -0.3635223
v -0.3159153 0.9654098 -0.3635223
v -0.3144307 0.9652911 -0.3628691
v -0.3144307 0.9687948 -0.3619190
v -0.3159153 0.9691511 -0.3625128
v -0.3162122 0.9654098 -0.3635223
v -0.3159153 0.9654098 -0.3635223
v -0.3162122 0.0074824 -0.3635223
v -0.3159153 0.0074824 -0.3635223
v -0.3507738 0.0006532 0.3304421
v -0.3507144 0.0000000 0.3286012
v -0.3443009 0.0006532 0.3304421
v -0.3443603 0.0000000 0.3286012
v -0.3444197 0.0000000 0.3262259
v -0.3506551 0.0000000 0.3262259
v -0.3623538 0.9706357 0.3210000
v -0.3566529 0.9706357 0.3229597
v -0.3623538 0.0022566 0.3210000
v -0.3566529 0.0022566 0.3229597
v -0.3162716 0.0010095 -0.3597811
v -0.3162122 0.0037412 -0.3625128
v -0.3158559 0.0010095 -0.3597811
v -0.3158559 0.0037412 -0.3625128
v -0.3684110 0.0000000 0.3201686
v -0.3689454 0.0000000 0.3220095
v -0.3733992 0.0000000 0.3152398
v -0.3740525 0.0000000 0.3166056
v -0.3506551 0.0000000 0.3262259
v -0.3507144 0.0000000 0.3286012
v -0.3568310 0.0000000 0.3255132
v -0.3570092 0.0000000 0.3278292
v -0.3786250 0.9728922 0.2999186
v -0.3794564 0.9728922 0.3000968
v -0.3771404 0.9728922 0.3086481
v -0.3779718 0.9728922 0.3093607
v -0.3733992 0.0000000 0.3152398
v -0.3740525 0.0000000 0.3166056
v -0.3771998 0.0000000 0.3086481
v -0.3779124 0.0000000 0.3093607
v -0.3566529 0.9706357 0.3229597
v -0.3505957 0.9706357 0.3236723
v -0.3566529 0.0022566 0.3229597
v -0.3505957 0.0022566 0.3236723
v -0.3163903 0.0000000 0.2999186
v -0.3156777 0.0000000 0.3000968
v -0.3178750 0.0000000 0.3086481
v -0.3171623 0.0000000 0.3093607
v -0.3568310 0.0000000 0.3255132
v -0.3570092 0.0000000 0.3278292
v -0.3627694 0.0000000 0.3235536
v -0.3689454 0.0000000 0.3220095
v -0.3684110 0.0000000 0.3201686
v -0.3631258 0.0000000 0.3256914
v -0.3163310 0.0000000 -0.3560399
v -0.3157965 0.0000000 -0.3560399
v -0.3163903 0.0000000 0.2999186
v -0.3156777 0.0000000 0.3000968
v -0.3267232 0.0000000 0.3201686
v -0.3261887 0.0000000 0.3220095
v -0.3323053 0.0000000 0.3235536
v -0.3319490 0.0000000 0.3256914
v -0.3382438 0.0000000 0.3255132
v -0.3380656 0.0000000 0.3278292
v -0.3444197 0.0000000 0.3262259
v -0.3443603 0.0000000 0.3286012
v -0.3179343 0.9728922 0.3086481
v -0.3171623 0.9728922 0.3093607
v -0.3164497 0.9728922 0.2999186
v -0.3156777 0.9728922 -0.3560399
v -0.3164497 0.9728922 -0.3560399
v -0.3156184 0.9728922 0.3000968
v -0.3771998 0.0000000 0.3086481
v -0.3779124 0.0000000 0.3093607
v -0.3787438 0.0000000 0.2999186
v -0.3793970 0.0000000 0.3000968
v -0.3787438 0.0000000 -0.3560399
v -0.3793377 0.0000000 -0.3560399
v -0.3178750 0.0000000 0.3086481
v -0.3171623 0.0000000 0.3093607
v -0.3217349 0.0000000 0.3152398
v -0.3210817 0.0000000 0.3166056
v -0.3267232 0.0000000 0.3201686
v -0.3261887 0.0000000 0.3220095
v -0.3768435 0.9706357 0.2995029
v -0.3755964 0.9706357 0.3071635
v -0.3768435 0.0022566 0.2995029
v -0.3755964 0.0022566 0.3071635
v -0.3228038 0.9706357 0.3130426
v -0.3194783 0.9706357 0.3071635
v -0.3228038 0.0022566 0.3130426
v -0.3194783 0.0022566 0.3071635
v -0.3793970 0.9724766 -0.3576433
v -0.3794564 0.9728922 -0.3560399
v -0.3786844 0.9724766 -0.3576433
v -0.3786250 0.9728922 -0.3560399
v -0.3384813 0.9706357 0.3229597
v -0.3327804 0.9706357 0.3210000
v -0.3384813 0.0022566 0.3229597
v -0.3327804 0.0022566 0.3210000
v -0.3327804 0.9706357 0.3210000
v -0.3274358 0.9706357 0.3177339
v -0.3327804 0.0022566 0.3210000
v -0.3274358 0.0022566 0.3177339
v -0.3274358 0.9706357 0.3177339
v -0.3228038 0.9706357 0.3130426
v -0.3274358 0.0022566 0.3177339
v -0.3228038 0.0022566 0.3130426
v -0.3176968 0.0006532 0.2996811
v -0.3182906 0.0022566 0.2995029
v -0.3177562 0.0006532 -0.3559211
v -0.3182906 0.0022566 -0.3557430
v -0.3177562 0.0006532 -0.3559211
v -0.3176968 0.0016034 -0.3594248
v -0.3182906 0.0030286 -0.3585934
v -0.3182906 0.0049289 -0.3604937
v -0.3182906 0.0077793 -0.3612657
v -0.3176968 0.0076012 -0.3628691
v -0.3176968 0.9652911 -0.3628691
v -0.3182906 0.9651130 -0.3612657
v -0.3182906 0.9679634 -0.3604937
v -0.3182906 0.9698637 -0.3585934
v -0.3182906 0.9706357 -0.3557430
v -0.3177562 0.9722391 -0.3559211
v -0.3177562 0.9722391 0.2996811
v -0.3182906 0.9706357 0.2995029
v -0.3773780 0.9722391 0.2996811
v -0.3768435 0.9706357 0.2995029
v -0.3773186 0.9722391 -0.3559211
v -0.3767841 0.9706357 -0.3557430
v -0.3767841 0.9698637 -0.3585934
v -0.3767841 0.9679634 -0.3604937
v -0.3774374 0.9652911 -0.3628691
v -0.3767841 0.9651130 -0.3612657
v -0.3773780 0.0076012 -0.3628691
v -0.3767841 0.0077793 -0.3612657
v -0.3767841 0.0049289 -0.3604937
v -0.3767841 0.0030286 -0.3585934
v -0.3773780 0.0006532 -0.3559211
v -0.3767841 0.0022566 -0.3557430
v -0.3773780 0.0006532 0.2996811
v -0.3768435 0.0022566 0.2995029
v -0.3194783 0.9706357 0.3071635
v -0.3182906 0.9706357 0.2995029
v -0.3194783 0.0022566 0.3071635
v -0.3182906 0.0022566 0.2995029
v -0.3755964 0.9706357 0.3071635
v -0.3722709 0.9706357 0.3130426
v -0.3755964 0.0022566 0.3071635
v -0.3722709 0.0022566 0.3130426
v -0.3722709 0.9706357 0.3130426
v -0.3676983 0.9706357 0.3177339
v -0.3722709 0.0022566 0.3130426
v -0.3676983 0.0022566 0.3177339
v -0.3676983 0.9706357 0.3177339
v -0.3623538 0.9706357 0.3210000
v -0.3676983 0.0022566 0.3177339
v -0.3623538 0.0022566 0.3210000
v -0.3444791 0.0022566 0.3236723
v -0.3505957 0.0022566 0.3236723
v -0.3444791 0.9706357 0.3236723
v -0.3505957 0.9706357 0.3236723
v -0.3444791 0.9706357 0.3236723
v -0.3384813 0.9706357 0.3229597
v -0.3444791 0.0022566 0.3236723
v -0.3384813 0.0022566 0.3229597
v -0.3505957 0.9722391 0.3244443
v -0.3506551 0.9728922 0.3262259
v -0.3444791 0.9722391 0.3244443
v -0.3444197 0.9728922 0.3262259
v -0.3507144 0.9728922 0.3286606
v -0.3443603 0.9728922 0.3286606
v -0.3444197 0.9728922 0.3262259
v -0.3443603 0.9728922 0.3286606
v -0.3382438 0.9728922 0.3255132
v -0.3380656 0.9728922 0.3278886
v -0.3323053 0.9728922 0.3235536
v -0.3319490 0.9728922 0.3257508
v -0.3323053 0.9728922 0.3235536
v -0.3319490 0.9728922 0.3257508
v -0.3267232 0.9728922 0.3201686
v -0.3261887 0.9728922 0.3220689
v -0.3267232 0.9728922 0.3201686
v -0.3261887 0.9728922 0.3220689
v -0.3217349 0.9728922 0.3151804
v -0.3210223 0.9728922 0.3166649
v -0.3179343 0.9728922 0.3086481
v -0.3171623 0.9728922 0.3093607
v -0.3786250 0.9728922 -0.3560399
v -0.3794564 0.9728922 -0.3560399
v -0.3786250 0.9728922 0.2999186
v -0.3794564 0.9728922 0.3000968
v -0.3771404 0.9728922 0.3086481
v -0.3779718 0.9728922 0.3093607
v -0.3733398 0.9728922 0.3151804
v -0.3740525 0.9728922 0.3166649
v -0.3733398 0.9728922 0.3151804
v -0.3740525 0.9728922 0.3166649
v -0.3684110 0.9728922 0.3201686
v -0.3689454 0.9728922 0.3220689
v -0.3684110 0.9728922 0.3201686
v -0.3689454 0.9728922 0.3220689
v -0.3627694 0.9728922 0.3235536
v -0.3631258 0.9728922 0.3257508
v -0.3627694 0.9728922 0.3235536
v -0.3631258 0.9728922 0.3257508
v -0.3568310 0.9728922 0.3255132
v -0.3570092 0.9728922 0.3278886
v -0.3323053 0.0000000 0.3235536
v -0.3319490 0.0000000 0.3256914
v -0.3382438 0.0000000 0.3255132
v -0.3380656 0.0000000 0.3278292
vt 0.4827403 0.4175188
vt 0.4828215 0.4189808
vt 0.4813595 0.4180061
vt 0.4814407 0.4194681
vt 0.4738058 0.0010922
vt 0.4742120 0.0010922
vt 0.4738058 0.4019241
vt 0.4742120 0.4016804
vt 0.3342660 0.0200982
vt 0.3346721 0.0203419
vt 0.3342660 0.4211738
vt 0.3346721 0.4209301
vt 0.3336974 0.0198546
vt 0.3341035 0.0200982
vt 0.3336974 0.4209301
vt 0.3341035 0.4211738
vt 0.4732373 0.0010922
vt 0.4736434 0.0010922
vt 0.4732373 0.4021678
vt 0.4736434 0.4021678
vt 0.3342660 0.4282402
vt 0.3346721 0.4282402
vt 0.3341848 0.9918415
vt 0.3346721 0.9918415
vt 0.3341848 0.9918415
vt 0.3336974 0.9918415
vt 0.3341848 0.4282402
vt 0.3336974 0.4282402
vt 0.3480738 0.4211738
vt 0.3476677 0.4209301
vt 0.3480738 0.0200982
vt 0.3476677 0.0203419
vt 0.4876136 0.4019241
vt 0.4872075 0.4016804
vt 0.4876136 0.0010922
vt 0.4872075 0.0010922
vt 0.3486423 0.4209301
vt 0.3482362 0.4211738
vt 0.3486423 0.0198546
vt 0.3482362 0.0200982
vt 0.4881822 0.4021678
vt 0.4877761 0.4021678
vt 0.4881822 0.0010922
vt 0.4877761 0.0010922
vt 0.3480738 0.9918415
vt 0.3476677 0.9918415
vt 0.3480738 0.4282402
vt 0.3476677 0.4282402
vt 0.3481550 0.4282402
vt 0.3486423 0.4282402
vt 0.3481550 0.9918415
vt 0.3486423 0.9918415
vt 0.3496982 0.0010922
vt 0.3496982 0.0025542
vt 0.3492109 0.0015796
vt 0.3493733 0.0030415
vt 0.3341848 0.9952528
vt 0.3336974 0.9957401
vt 0.3341848 0.9942781
vt 0.3336974 0.9942781
vt 0.3341848 0.9942781
vt 0.3346721 0.9942781
vt 0.3341848 0.9952528
vt 0.3346721 0.9957401
vt 0.3341035 0.9979331
vt 0.3341035 0.9964711
vt 0.3342660 0.9979331
vt 0.3342660 0.9964711
vt 0.3341035 0.9964711
vt 0.3341848 0.9952528
vt 0.3342660 0.9964711
vt 0.3341848 0.9952528
vt 0.3342660 0.9979331
vt 0.3346721 0.9974458
vt 0.3342660 0.9989078
vt 0.3346721 0.9989078
vt 0.3488048 0.0042599
vt 0.3491297 0.0040162
vt 0.3487235 0.0057219
vt 0.3489672 0.0059655
vt 0.3480738 0.4282402
vt 0.3476677 0.4282402
vt 0.3480738 0.4258035
vt 0.3476677 0.4260471
vt 0.4721814 0.8841407
vt 0.4721814 0.8826787
vt 0.4726687 0.8834097
vt 0.4725063 0.8821914
vt 0.3481550 0.4233668
vt 0.3486423 0.4236105
vt 0.3481550 0.4258035
vt 0.3486423 0.4258035
vt 0.3480738 0.4258035
vt 0.3476677 0.4258035
vt 0.3480738 0.4233668
vt 0.3476677 0.4236105
vt 0.4726687 0.8834097
vt 0.4725063 0.8821914
vt 0.4729936 0.8819477
vt 0.4727500 0.8809731
vt 0.3482362 0.4211738
vt 0.3486423 0.4211738
vt 0.3481550 0.4233668
vt 0.3486423 0.4233668
vt 0.3480738 0.4233668
vt 0.3476677 0.4233668
vt 0.3480738 0.4211738
vt 0.3476677 0.4211738
vt 0.4730748 0.8817041
vt 0.4727500 0.8809731
vt 0.4731561 0.8795111
vt 0.4729124 0.8792674
vt 0.3480738 0.9942781
vt 0.3476677 0.9940345
vt 0.3480738 0.9918415
vt 0.3476677 0.9918415
vt 0.3492109 0.8834097
vt 0.3493733 0.8821914
vt 0.3496982 0.8841407
vt 0.3496982 0.8826787
vt 0.3489672 0.8824351
vt 0.3491297 0.8809731
vt 0.3492109 0.8834097
vt 0.3493733 0.8821914
vt 0.3481550 0.9942781
vt 0.3486423 0.9942781
vt 0.3481550 0.9952528
vt 0.3486423 0.9957401
vt 0.3480738 0.9979331
vt 0.3480738 0.9964711
vt 0.3482362 0.9979331
vt 0.3481550 0.9964711
vt 0.3480738 0.9964711
vt 0.3480738 0.9952528
vt 0.3481550 0.9964711
vt 0.3481550 0.9952528
vt 0.3480738 0.9989078
vt 0.3476677 0.9989078
vt 0.3480738 0.9979331
vt 0.3476677 0.9974458
vt 0.3487235 0.8795111
vt 0.3489672 0.8792674
vt 0.3488048 0.8809731
vt 0.3491297 0.8809731
vt 0.3341848 0.4233668
vt 0.3336974 0.4233668
vt 0.3341035 0.4211738
vt 0.3336974 0.4211738
vt 0.3342660 0.4211738
vt 0.3346721 0.4211738
vt 0.3342660 0.4233668
vt 0.3346721 0.4233668
vt 0.3341848 0.4258035
vt 0.3336974 0.4258035
vt 0.3341848 0.4233668
vt 0.3336974 0.4236105
vt 0.3342660 0.4233668
vt 0.3346721 0.4236105
vt 0.3342660 0.4258035
vt 0.3346721 0.4258035
vt 0.4729936 0.0032852
vt 0.4727500 0.0040162
vt 0.4726687 0.0018232
vt 0.4725063 0.0030415
vt 0.3341848 0.4282402
vt 0.3336974 0.4282402
vt 0.3341848 0.4258035
vt 0.3336974 0.4260471
vt 0.3342660 0.4258035
vt 0.3346721 0.4260471
vt 0.3342660 0.4282402
vt 0.3346721 0.4282402
vt 0.4726687 0.0015796
vt 0.4725063 0.0030415
vt 0.4721814 0.0010922
vt 0.4721814 0.0025542
vt 0.3489672 0.4457841
vt 0.3487235 0.4457841
vt 0.3489672 0.4394488
vt 0.3487235 0.4394488
vt 0.4729124 0.4394488
vt 0.4731561 0.4394488
vt 0.4729124 0.4457841
vt 0.4731561 0.4457841
vt 0.3405201 0.0057219
vt 0.3404389 0.0040162
vt 0.3418197 0.0057219
vt 0.3418197 0.0040162
vt 0.4729124 0.4333572
vt 0.4731561 0.4333572
vt 0.4729124 0.4394488
vt 0.4731561 0.4394488
vt 0.3391393 0.0062092
vt 0.3391393 0.0045036
vt 0.3405201 0.0057219
vt 0.3404389 0.0040162
vt 0.3489672 0.4394488
vt 0.3487235 0.4394488
vt 0.3489672 0.4333572
vt 0.3487235 0.4333572
vt 0.4800600 0.4165441
vt 0.4799787 0.4180061
vt 0.4786792 0.4160568
vt 0.4786792 0.4175188
vt 0.4729124 0.4272655
vt 0.4731561 0.4275091
vt 0.4729124 0.4333572
vt 0.4731561 0.4333572
vt 0.3379210 0.0071839
vt 0.3377585 0.0057219
vt 0.3391393 0.0062092
vt 0.3391393 0.0045036
vt 0.3489672 0.4333572
vt 0.3487235 0.4333572
vt 0.3489672 0.4272655
vt 0.3487235 0.4275091
vt 0.4786792 0.4160568
vt 0.4786792 0.4175188
vt 0.4774608 0.4148384
vt 0.4772984 0.4163005
vt 0.4729124 0.4216611
vt 0.4731561 0.4219048
vt 0.4729124 0.4272655
vt 0.4731561 0.4272655
vt 0.3367839 0.0091332
vt 0.3365402 0.0079149
vt 0.3379210 0.0071839
vt 0.3377585 0.0057219
vt 0.3489672 0.4272655
vt 0.3487235 0.4272655
vt 0.3489672 0.4216611
vt 0.3487235 0.4219048
vt 0.4774608 0.4148384
vt 0.4772984 0.4163005
vt 0.4763237 0.4128891
vt 0.4760801 0.4143511
vt 0.4729124 0.4160568
vt 0.4731561 0.4165441
vt 0.4729124 0.4216611
vt 0.4731561 0.4216611
vt 0.3357280 0.0120572
vt 0.3354843 0.0108389
vt 0.3367026 0.0093769
vt 0.3365402 0.0079149
vt 0.3489672 0.4216611
vt 0.3487235 0.4216611
vt 0.3489672 0.4160568
vt 0.3487235 0.4165441
vt 0.4762425 0.4128891
vt 0.4760801 0.4143511
vt 0.4752678 0.4102088
vt 0.4750242 0.4114271
vt 0.4729124 0.4111834
vt 0.4731561 0.4114271
vt 0.4729124 0.4160568
vt 0.4731561 0.4160568
vt 0.3349970 0.0154686
vt 0.3345909 0.0147376
vt 0.3357280 0.0120572
vt 0.3354843 0.0108389
vt 0.3489672 0.4160568
vt 0.3487235 0.4160568
vt 0.3489672 0.4111834
vt 0.3487235 0.4114271
vt 0.4751866 0.4099651
vt 0.4750242 0.4114271
vt 0.4745368 0.4065538
vt 0.4741307 0.4072848
vt 0.4729124 0.4063101
vt 0.4731561 0.4063101
vt 0.4729124 0.4111834
vt 0.4731561 0.4111834
vt 0.3346721 0.0203419
vt 0.3342660 0.0200982
vt 0.3349970 0.0157122
vt 0.3345909 0.0147376
vt 0.3489672 0.4111834
vt 0.3487235 0.4111834
vt 0.3489672 0.4063101
vt 0.3487235 0.4063101
vt 0.4744556 0.4063101
vt 0.4741307 0.4072848
vt 0.4742120 0.4016804
vt 0.4738058 0.4019241
vt 0.4729124 0.4740495
vt 0.4731561 0.4740495
vt 0.4729124 0.4789228
vt 0.4731561 0.4786792
vt 0.3473428 0.0157122
vt 0.3477489 0.0147376
vt 0.3476677 0.0203419
vt 0.3480738 0.0200982
vt 0.3489672 0.4789228
vt 0.3487235 0.4786792
vt 0.3489672 0.4740495
vt 0.3487235 0.4740495
vt 0.4872075 0.4016804
vt 0.4876136 0.4019241
vt 0.4868826 0.4063101
vt 0.4872887 0.4072848
vt 0.4729124 0.4691761
vt 0.4731561 0.4691761
vt 0.4729124 0.4740495
vt 0.4731561 0.4738058
vt 0.3466118 0.0120572
vt 0.3468554 0.0108389
vt 0.3473428 0.0154686
vt 0.3477489 0.0147376
vt 0.3489672 0.4740495
vt 0.3487235 0.4738058
vt 0.3489672 0.4691761
vt 0.3487235 0.4691761
vt 0.4868826 0.4065538
vt 0.4872887 0.4072848
vt 0.4861516 0.4099651
vt 0.4863953 0.4114271
vt 0.4729124 0.4635718
vt 0.4731561 0.4635718
vt 0.4729124 0.4691761
vt 0.4731561 0.4686888
vt 0.3456371 0.0093769
vt 0.3457995 0.0079149
vt 0.3465305 0.0120572
vt 0.3468554 0.0108389
vt 0.3489672 0.4691761
vt 0.3487235 0.4686888
vt 0.3489672 0.4635718
vt 0.3487235 0.4635718
vt 0.4860704 0.4102088
vt 0.4863953 0.4114271
vt 0.4851770 0.4128891
vt 0.4853394 0.4143511
vt 0.4729124 0.4577238
vt 0.4731561 0.4577238
vt 0.4729124 0.4635718
vt 0.4731561 0.4633282
vt 0.3444188 0.0071839
vt 0.3445000 0.0057219
vt 0.3455559 0.0091332
vt 0.3457995 0.0079149
vt 0.3489672 0.4635718
vt 0.3487235 0.4633282
vt 0.3489672 0.4577238
vt 0.3487235 0.4577238
vt 0.4850957 0.4128891
vt 0.4853394 0.4143511
vt 0.4839586 0.4148384
vt 0.4840398 0.4163005
vt 0.4729124 0.4518758
vt 0.4731561 0.4518758
vt 0.4729124 0.4577238
vt 0.4731561 0.4574802
vt 0.3432004 0.0062092
vt 0.3432004 0.0045036
vt 0.3444188 0.0071839
vt 0.3445000 0.0057219
vt 0.3489672 0.4577238
vt 0.3487235 0.4574802
vt 0.3489672 0.4518758
vt 0.3487235 0.4518758
vt 0.4839586 0.4148384
vt 0.4840398 0.4163005
vt 0.4827403 0.4160568
vt 0.4827403 0.4175188
vt 0.4729124 0.4457841
vt 0.4731561 0.4457841
vt 0.4729124 0.4518758
vt 0.4731561 0.4516322
vt 0.3418197 0.0057219
vt 0.3418197 0.0040162
vt 0.3431192 0.0062092
vt 0.3432004 0.0045036
vt 0.3489672 0.4518758
vt 0.3487235 0.4516322
vt 0.3489672 0.4457841
vt 0.3487235 0.4457841
vt 0.4826591 0.4160568
vt 0.4827403 0.4175188
vt 0.4813595 0.4165441
vt 0.4813595 0.4180061
vt 0.4814407 0.4194681
vt 0.4814407 0.4211738
vt 0.4799787 0.4194681
vt 0.4799787 0.4211738
vt 0.3390581 0.0030415
vt 0.3390581 0.0015796
vt 0.3404389 0.0025542
vt 0.3404389 0.0010922
vt 0.4799787 0.4194681
vt 0.4799787 0.4211738
vt 0.4785980 0.4189808
vt 0.4785167 0.4206865
vt 0.3376773 0.0045036
vt 0.3375961 0.0027979
vt 0.3390581 0.0030415
vt 0.3389769 0.0015796
vt 0.4785980 0.4189808
vt 0.4785167 0.4204428
vt 0.4772172 0.4177625
vt 0.4771360 0.4192245
vt 0.3364590 0.0066966
vt 0.3362965 0.0052345
vt 0.3376773 0.0045036
vt 0.3375149 0.0030415
vt 0.4772172 0.4177625
vt 0.4770547 0.4192245
vt 0.4759988 0.4155695
vt 0.4758364 0.4170314
vt 0.3353219 0.0101079
vt 0.3350782 0.0086459
vt 0.3364590 0.0066966
vt 0.3362153 0.0054782
vt 0.4759988 0.4155695
vt 0.4757552 0.4167878
vt 0.4748617 0.4121581
vt 0.4746181 0.4136201
vt 0.3344284 0.0144939
vt 0.3341035 0.0135192
vt 0.3353219 0.0101079
vt 0.3349970 0.0088896
vt 0.4748617 0.4121581
vt 0.4745368 0.4131328
vt 0.4739683 0.4077721
vt 0.4736434 0.4087468
vt 0.3341035 0.0200982
vt 0.3336974 0.0198546
vt 0.3344284 0.0144939
vt 0.3341035 0.0137629
vt 0.4739683 0.4077721
vt 0.4735622 0.4082595
vt 0.4736434 0.4021678
vt 0.4732373 0.4024115
vt 0.3479113 0.0144939
vt 0.3482362 0.0137629
vt 0.3482362 0.0200982
vt 0.3486423 0.0198546
vt 0.4877761 0.4021678
vt 0.4881822 0.4024115
vt 0.4874512 0.4077721
vt 0.4877761 0.4082595
vt 0.3470179 0.0101079
vt 0.3473428 0.0088896
vt 0.3479113 0.0144939
vt 0.3482362 0.0135192
vt 0.4874512 0.4077721
vt 0.4877761 0.4087468
vt 0.4865577 0.4121581
vt 0.4868826 0.4131328
vt 0.3458808 0.0066966
vt 0.3461244 0.0054782
vt 0.3470179 0.0101079
vt 0.3472615 0.0086459
vt 0.4865577 0.4121581
vt 0.4868014 0.4136201
vt 0.4854206 0.4155695
vt 0.4856643 0.4167878
vt 0.3445812 0.0045036
vt 0.3448249 0.0030415
vt 0.3458808 0.0066966
vt 0.3460432 0.0052345
vt 0.4854206 0.4155695
vt 0.4855831 0.4170314
vt 0.4841211 0.4177625
vt 0.4842835 0.4192245
vt 0.3432817 0.0030415
vt 0.3433629 0.0015796
vt 0.3445812 0.0045036
vt 0.3447437 0.0027979
vt 0.4841211 0.4177625
vt 0.4842835 0.4192245
vt 0.4828215 0.4189808
vt 0.4829027 0.4204428
vt 0.3419009 0.0025542
vt 0.3419009 0.0010922
vt 0.3432817 0.0030415
vt 0.3432817 0.0015796
vt 0.4828215 0.4189808
vt 0.4828215 0.4206865
vt 0.4814407 0.4194681
vt 0.4814407 0.4211738
vt 0.3342660 0.9964711
vt 0.3341848 0.9952528
vt 0.3346721 0.9964711
vt 0.3346721 0.9957401
vt 0.3346721 0.9974458
vt 0.3342660 0.9979331
vt 0.3345096 0.9964711
vt 0.3342660 0.9964711
vt 0.3492109 0.0018232
vt 0.3493733 0.0030415
vt 0.3489672 0.0027979
vt 0.3491297 0.0040162
vt 0.3488048 0.0035289
vt 0.3488048 0.0042599
vt 0.3480738 0.9964711
vt 0.3480738 0.9979331
vt 0.3476677 0.9967148
vt 0.3476677 0.9974458
vt 0.3476677 0.9942781
vt 0.3480738 0.9942781
vt 0.3476677 0.9957401
vt 0.3480738 0.9952528
vt 0.3478301 0.9964711
vt 0.3480738 0.9964711
vt 0.3488048 0.8809731
vt 0.3491297 0.8809731
vt 0.3488048 0.8817041
vt 0.3489672 0.8824351
vt 0.3341035 0.9989078
vt 0.3336974 0.9989078
vt 0.3341035 0.9979331
vt 0.3336974 0.9974458
vt 0.3341035 0.9964711
vt 0.3336974 0.9967148
vt 0.3336974 0.9957401
vt 0.3341848 0.9952528
vt 0.3338599 0.9964711
vt 0.3341035 0.9964711
vt 0.3481550 0.9964711
vt 0.3481550 0.9952528
vt 0.3486423 0.9964711
vt 0.3486423 0.9957401
vt 0.3486423 0.9989078
vt 0.3482362 0.9989078
vt 0.3486423 0.9974458
vt 0.3482362 0.9979331
vt 0.3484799 0.9964711
vt 0.3481550 0.9964711
vt 0.3481550 0.9942781
vt 0.3481550 0.9952528
vt 0.3480738 0.9942781
vt 0.3480738 0.9952528
vt 0.3342660 0.9979331
vt 0.3342660 0.9989078
vt 0.3341035 0.9979331
vt 0.3341035 0.9989078
vt 0.3341848 0.9942781
vt 0.3341848 0.9952528
vt 0.3341848 0.9942781
vt 0.3341848 0.9952528
vt 0.3480738 0.4233668
vt 0.3480738 0.4211738
vt 0.3481550 0.4233668
vt 0.3482362 0.4211738
vt 0.3342660 0.4211738
vt 0.3342660 0.4233668
vt 0.3341035 0.4211738
vt 0.3341848 0.4233668
vt 0.3480738 0.4258035
vt 0.3480738 0.4233668
vt 0.3481550 0.4258035
vt 0.3481550 0.4233668
vt 0.3480738 0.4282402
vt 0.3481550 0.4282402
vt 0.3480738 0.9918415
vt 0.3481550 0.9918415
vt 0.3480738 0.4282402
vt 0.3480738 0.4258035
vt 0.3481550 0.4282402
vt 0.3486423 0.4282402
vt 0.3486423 0.4260471
vt 0.3481550 0.4258035
vt 0.3486423 0.9940345
vt 0.3481550 0.9942781
vt 0.3486423 0.9918415
vt 0.3481550 0.9918415
vt 0.3480738 0.9918415
vt 0.3480738 0.9942781
vt 0.3342660 0.4258035
vt 0.3342660 0.4282402
vt 0.3341848 0.4258035
vt 0.3341848 0.4282402
vt 0.3346721 0.9940345
vt 0.3341848 0.9942781
vt 0.3346721 0.9918415
vt 0.3341848 0.9918415
vt 0.3341848 0.9918415
vt 0.3336974 0.9918415
vt 0.3336974 0.9940345
vt 0.3341848 0.9942781
vt 0.3341848 0.9918415
vt 0.3341848 0.9918415
vt 0.3342660 0.4282402
vt 0.3341848 0.4282402
vt 0.3419009 0.0010922
vt 0.3419009 0.0025542
vt 0.3404389 0.0010922
vt 0.3404389 0.0025542
vt 0.3404389 0.0040162
vt 0.3418197 0.0040162
vt 0.3489672 0.4577238
vt 0.3489672 0.4518758
vt 0.4729124 0.4577238
vt 0.4729124 0.4518758
vt 0.3342660 0.4233668
vt 0.3342660 0.4258035
vt 0.3341848 0.4233668
vt 0.3341848 0.4258035
vt 0.3457995 0.0079149
vt 0.3458808 0.0066966
vt 0.3468554 0.0108389
vt 0.3470179 0.0101079
vt 0.3418197 0.0040162
vt 0.3419009 0.0025542
vt 0.3432004 0.0045036
vt 0.3432817 0.0030415
vt 0.4876136 0.4019241
vt 0.4877761 0.4021678
vt 0.4872887 0.4072848
vt 0.4874512 0.4077721
vt 0.3468554 0.0108389
vt 0.3470179 0.0101079
vt 0.3477489 0.0147376
vt 0.3479113 0.0144939
vt 0.3489672 0.4518758
vt 0.3489672 0.4457841
vt 0.4729124 0.4518758
vt 0.4729124 0.4457841
vt 0.3342660 0.0200982
vt 0.3341035 0.0200982
vt 0.3345909 0.0147376
vt 0.3344284 0.0144939
vt 0.3432004 0.0045036
vt 0.3432817 0.0030415
vt 0.3445000 0.0057219
vt 0.3458808 0.0066966
vt 0.3457995 0.0079149
vt 0.3445812 0.0045036
vt 0.3342660 0.4211738
vt 0.3341035 0.4211738
vt 0.3342660 0.0200982
vt 0.3341035 0.0200982
vt 0.3365402 0.0079149
vt 0.3364590 0.0066966
vt 0.3377585 0.0057219
vt 0.3376773 0.0045036
vt 0.3391393 0.0045036
vt 0.3390581 0.0030415
vt 0.3404389 0.0040162
vt 0.3404389 0.0025542
vt 0.4741307 0.4072848
vt 0.4739683 0.4077721
vt 0.4738058 0.4019241
vt 0.4736434 0.0010922
vt 0.4738058 0.0010922
vt 0.4736434 0.4021678
vt 0.3477489 0.0147376
vt 0.3479113 0.0144939
vt 0.3480738 0.0200982
vt 0.3482362 0.0200982
vt 0.3480738 0.4211738
vt 0.3482362 0.4211738
vt 0.3345909 0.0147376
vt 0.3344284 0.0144939
vt 0.3354843 0.0108389
vt 0.3353219 0.0101079
vt 0.3365402 0.0079149
vt 0.3364590 0.0066966
vt 0.3489672 0.4789228
vt 0.3489672 0.4740495
vt 0.4729124 0.4789228
vt 0.4729124 0.4740495
vt 0.3489672 0.4160568
vt 0.3489672 0.4111834
vt 0.4729124 0.4160568
vt 0.4729124 0.4111834
vt 0.3482362 0.9979331
vt 0.3482362 0.9989078
vt 0.3480738 0.9979331
vt 0.3480738 0.9989078
vt 0.3489672 0.4333572
vt 0.3489672 0.4272655
vt 0.4729124 0.4333572
vt 0.4729124 0.4272655
vt 0.3489672 0.4272655
vt 0.3489672 0.4216611
vt 0.4729124 0.4272655
vt 0.4729124 0.4216611
vt 0.3489672 0.4216611
vt 0.3489672 0.4160568
vt 0.4729124 0.4216611
vt 0.4729124 0.4160568
vt 0.4731561 0.4063101
vt 0.4729124 0.4063101
vt 0.4731561 0.0057219
vt 0.4729124 0.0059655
vt 0.4731561 0.0057219
vt 0.4730748 0.0035289
vt 0.4727500 0.0040162
vt 0.4725063 0.0030415
vt 0.4721814 0.0025542
vt 0.4721814 0.0010922
vt 0.3496982 0.0010922
vt 0.3496982 0.0025542
vt 0.3493733 0.0030415
vt 0.3491297 0.0040162
vt 0.3489672 0.0059655
vt 0.3487235 0.0057219
vt 0.3487235 0.4063101
vt 0.3489672 0.4063101
vt 0.3487235 0.4789228
vt 0.3489672 0.4789228
vt 0.3487235 0.8795111
vt 0.3489672 0.8792674
vt 0.3491297 0.8809731
vt 0.3493733 0.8821914
vt 0.3496982 0.8841407
vt 0.3496982 0.8826787
vt 0.4721814 0.8841407
vt 0.4721814 0.8826787
vt 0.4725063 0.8821914
vt 0.4727500 0.8809731
vt 0.4731561 0.8795111
vt 0.4729124 0.8792674
vt 0.4731561 0.4789228
vt 0.4729124 0.4789228
vt 0.3489672 0.4111834
vt 0.3489672 0.4063101
vt 0.4729124 0.4111834
vt 0.4729124 0.4063101
vt 0.3489672 0.4740495
vt 0.3489672 0.4691761
vt 0.4729124 0.4740495
vt 0.4729124 0.4691761
vt 0.3489672 0.4691761
vt 0.3489672 0.4635718
vt 0.4729124 0.4691761
vt 0.4729124 0.4635718
vt 0.3489672 0.4635718
vt 0.3489672 0.4577238
vt 0.4729124 0.4635718
vt 0.4729124 0.4577238
vt 0.4729124 0.4394488
vt 0.4729124 0.4457841
vt 0.3489672 0.4394488
vt 0.3489672 0.4457841
vt 0.3489672 0.4394488
vt 0.3489672 0.4333572
vt 0.4729124 0.4394488
vt 0.4729124 0.4333572
vt 0.4813595 0.4165441
vt 0.4813595 0.4180061
vt 0.4800600 0.4165441
vt 0.4799787 0.4180061
vt 0.4814407 0.4194681
vt 0.4799787 0.4194681
vt 0.4799787 0.4180061
vt 0.4799787 0.4194681
vt 0.4786792 0.4175188
vt 0.4785980 0.4189808
vt 0.4772984 0.4163005
vt 0.4772172 0.4177625
vt 0.4772984 0.4163005
vt 0.4772172 0.4177625
vt 0.4760801 0.4143511
vt 0.4759988 0.4155695
vt 0.4760801 0.4143511
vt 0.4759988 0.4155695
vt 0.4750242 0.4114271
vt 0.4748617 0.4121581
vt 0.4741307 0.4072848
vt 0.4739683 0.4077721
vt 0.4876136 0.0010922
vt 0.4877761 0.0010922
vt 0.4876136 0.4019241
vt 0.4877761 0.4021678
vt 0.4872887 0.4072848
vt 0.4874512 0.4077721
vt 0.4863953 0.4114271
vt 0.4865577 0.4121581
vt 0.4863953 0.4114271
vt 0.4865577 0.4121581
vt 0.4853394 0.4143511
vt 0.4854206 0.4155695
vt 0.4853394 0.4143511
vt 0.4854206 0.4155695
vt 0.4840398 0.4163005
vt 0.4841211 0.4177625
vt 0.4840398 0.4163005
vt 0.4841211 0.4177625
vt 0.4827403 0.4175188
vt 0.4828215 0.4189808
vt 0.3377585 0.0057219
vt 0.3376773 0.0045036
vt 0.3391393 0.0045036
vt 0.3390581 0.0030415
vn 0.0343933 0.9882332 -0.1490375
vn -0.0369082 0.9872948 0.1545531
vn 0.0089871 0.9885644 -0.1505314
vn -0.0090208 0.9877776 0.1556087
vn -0.2963223 0.9550880 0.0000000
vn -0.7727233 0.6347370 -0.0027597
vn -0.2963223 0.9550880 0.0000000
vn -0.7727233 0.6347370 -0.0027597
vn -0.3140017 -0.9494224 0.0000000
vn -0.7563262 -0.6541946 0.0000000
vn -0.3147395 -0.9491749 -0.0024783
vn -0.7563262 -0.6541946 0.0000000
vn 0.7551383 -0.6555597 0.0027661
vn 0.3140017 -0.9494224 0.0000000
vn 0.7563262 -0.6541946 0.0000000
vn 0.3140017 -0.9494224 0.0000000
vn 0.7727234 0.6347369 -0.0027597
vn 0.2963223 0.9550880 0.0000000
vn 0.7727234 0.6347369 0.0027597
vn 0.2963223 0.9550880 0.0000000
vn -0.3500194 0.0000000 -0.9367424
vn -0.7248613 0.0000000 -0.6888949
vn -0.3500194 0.0000000 -0.9367424
vn -0.7248613 0.0000000 -0.6888949
vn 0.3500194 0.0000000 -0.9367424
vn 0.7248613 0.0000000 -0.6888949
vn 0.3500194 0.0000000 -0.9367424
vn 0.7248613 0.0000000 -0.6888949
vn 0.3147395 -0.9491749 -0.0024783
vn 0.7563262 -0.6541946 0.0000000
vn 0.3140017 -0.9494224 0.0000000
vn 0.7563262 -0.6541946 0.0000000
vn 0.2963223 0.9550880 0.0000000
vn 0.7727234 0.6347369 -0.0027597
vn 0.2963223 0.9550880 0.0000000
vn 0.7727234 0.6347369 -0.0027597
vn -0.7563262 -0.6541946 0.0000000
vn -0.3140017 -0.9494224 0.0000000
vn -0.7551383 -0.6555597 0.0027661
vn -0.3140017 -0.9494224 0.0000000
vn -0.7727234 0.6347369 0.0027597
vn -0.2963223 0.9550880 0.0000000
vn -0.7727233 0.6347370 -0.0027597
vn -0.2963223 0.9550880 0.0000000
vn 0.3500194 0.0000000 -0.9367424
vn 0.7248613 0.0000000 -0.6888949
vn 0.3500194 0.0000000 -0.9367424
vn 0.7248613 0.0000000 -0.6888949
vn -0.3500194 0.0000000 -0.9367424
vn -0.7248613 0.0000000 -0.6888949
vn -0.3500194 0.0000000 -0.9367424
vn -0.7248613 0.0000000 -0.6888949
vn -0.7248613 0.0000000 -0.6888949
vn -1.0000000 0.0000000 0.0000000
vn -0.7359920 0.2988964 -0.6074346
vn -1.0000000 0.0000000 0.0000000
vn 0.1846678 0.7294380 -0.6586486
vn 0.6986763 0.5382147 -0.4713558
vn 0.2086078 0.4897748 -0.8465243
vn 0.7359920 0.2988964 -0.6074346
vn -0.2086077 0.4897747 -0.8465244
vn -0.7359920 0.2988964 -0.6074346
vn -0.1846677 0.7294379 -0.6586487
vn -0.6986763 0.5382147 -0.4713558
vn 0.2093531 0.9279431 -0.3083714
vn 0.1629281 0.8501885 -0.5006336
vn -0.2093530 0.9279431 -0.3083714
vn -0.1629280 0.8501884 -0.5006337
vn 0.1629281 0.8501885 -0.5006336
vn 0.1846258 0.7323493 -0.6554219
vn -0.1629280 0.8501884 -0.5006337
vn -0.1846259 0.7323493 -0.6554218
vn -0.2093530 0.9279431 -0.3083714
vn -0.7206642 0.6479657 -0.2465431
vn -0.2963223 0.9550880 0.0000000
vn -0.7727233 0.6347370 -0.0027597
vn -0.7206642 0.6479657 -0.2465431
vn -1.0000000 0.0000000 0.0000000
vn -0.7727233 0.6347370 -0.0027597
vn -1.0000000 0.0000000 0.0000000
vn 0.3500194 0.0000000 -0.9367424
vn 0.7248613 0.0000000 -0.6888949
vn 0.3546869 -0.4697204 -0.8084305
vn 0.7234495 -0.3421720 -0.5996158
vn 0.7248613 0.0000000 -0.6888949
vn 1.0000000 0.0000000 0.0000000
vn 0.7234495 -0.3421720 -0.5996158
vn 1.0000000 0.0000000 0.0000000
vn -0.3435782 -0.8144074 -0.4676480
vn -0.7299361 -0.5898143 -0.3454161
vn -0.3546869 -0.4697204 -0.8084305
vn -0.7234495 -0.3421720 -0.5996158
vn 0.3546869 -0.4697204 -0.8084305
vn 0.7234495 -0.3421720 -0.5996158
vn 0.3435782 -0.8144074 -0.4676480
vn 0.7322699 -0.5890705 -0.3417259
vn 0.7234495 -0.3421720 -0.5996158
vn 1.0000000 0.0000000 0.0000000
vn 0.7322699 -0.5890705 -0.3417259
vn 1.0000000 0.0000000 0.0000000
vn -0.3147395 -0.9491749 -0.0024783
vn -0.7563262 -0.6541946 0.0000000
vn -0.3435782 -0.8144074 -0.4676480
vn -0.7299361 -0.5898143 -0.3454161
vn 0.3435782 -0.8144074 -0.4676480
vn 0.7322699 -0.5890705 -0.3417259
vn 0.3147395 -0.9491749 -0.0024783
vn 0.7563262 -0.6541946 0.0000000
vn 0.7322699 -0.5890705 -0.3417259
vn 1.0000000 0.0000000 0.0000000
vn 0.7563262 -0.6541946 0.0000000
vn 1.0000000 0.0000000 0.0000000
vn 0.2086078 0.4897748 -0.8465243
vn 0.7359920 0.2988964 -0.6074346
vn 0.3500194 0.0000000 -0.9367424
vn 0.7248613 0.0000000 -0.6888949
vn 0.7359920 0.2988964 -0.6074346
vn 1.0000000 0.0000000 0.0000000
vn 0.7248613 0.0000000 -0.6888949
vn 1.0000000 0.0000000 0.0000000
vn 0.6986763 0.5382147 -0.4713558
vn 1.0000000 0.0000000 0.0000000
vn 0.7359920 0.2988964 -0.6074346
vn 1.0000000 0.0000000 0.0000000
vn -0.2086077 0.4897747 -0.8465244
vn -0.7359920 0.2988964 -0.6074346
vn -0.1846677 0.7294379 -0.6586487
vn -0.6986763 0.5382147 -0.4713558
vn 0.2093531 0.9279431 -0.3083714
vn 0.1629281 0.8501885 -0.5006336
vn -0.2093530 0.9279431 -0.3083714
vn -0.1629280 0.8501884 -0.5006337
vn 0.1629281 0.8501885 -0.5006336
vn 0.1846258 0.7323493 -0.6554219
vn -0.1629280 0.8501884 -0.5006337
vn -0.1846259 0.7323493 -0.6554218
vn 0.2963223 0.9550880 0.0000000
vn 0.7727234 0.6347369 -0.0027597
vn 0.2093531 0.9279431 -0.3083714
vn 0.7206642 0.6479657 -0.2465431
vn 0.7727234 0.6347369 -0.0027597
vn 1.0000000 0.0000000 0.0000000
vn 0.7206642 0.6479657 -0.2465431
vn 1.0000000 0.0000000 0.0000000
vn 0.3435782 -0.8144074 -0.4676480
vn 0.7299361 -0.5898144 -0.3454161
vn 0.3147395 -0.9491749 -0.0024783
vn 0.7563262 -0.6541946 0.0000000
vn -0.3147395 -0.9491749 -0.0024783
vn -0.7563262 -0.6541946 0.0000000
vn -0.3435782 -0.8144074 -0.4676480
vn -0.7322700 -0.5890704 -0.3417260
vn 0.3546869 -0.4697204 -0.8084305
vn 0.7234495 -0.3421720 -0.5996158
vn 0.3435782 -0.8144074 -0.4676480
vn 0.7299361 -0.5898144 -0.3454161
vn -0.3435782 -0.8144074 -0.4676480
vn -0.7322700 -0.5890704 -0.3417260
vn -0.3546869 -0.4697204 -0.8084305
vn -0.7234495 -0.3421720 -0.5996158
vn -0.7322700 -0.5890704 -0.3417260
vn -1.0000000 0.0000000 0.0000000
vn -0.7228357 -0.3386257 -0.6023630
vn -1.0000000 0.0000000 0.0000000
vn 0.3500194 0.0000000 -0.9367424
vn 0.7248613 0.0000000 -0.6888949
vn 0.3546869 -0.4697204 -0.8084305
vn 0.7234495 -0.3421720 -0.5996158
vn -0.3546869 -0.4697204 -0.8084305
vn -0.7234495 -0.3421720 -0.5996158
vn -0.3500194 0.0000000 -0.9367424
vn -0.7248613 0.0000000 -0.6888949
vn -0.7234495 -0.3421720 -0.5996158
vn -1.0000000 0.0000000 0.0000000
vn -0.7248613 0.0000000 -0.6888949
vn -1.0000000 0.0000000 0.0000000
vn 0.0600574 0.0000000 -0.9981949
vn 0.0397182 0.7518070 -0.6581859
vn -0.0600574 0.0000000 -0.9981949
vn -0.0397180 0.7518070 -0.6581859
vn -0.0600574 0.0000000 -0.9981949
vn -0.0367962 -0.7557374 -0.6538402
vn 0.0600574 0.0000000 -0.9981949
vn 0.0367961 -0.7557374 -0.6538402
vn -0.0367962 -0.7557374 -0.6538402
vn -0.0090039 -0.9881750 -0.1530658
vn 0.0367961 -0.7557374 -0.6538402
vn 0.0090038 -0.9881750 -0.1530659
vn -0.2226339 0.0000000 -0.9749021
vn -0.1445619 -0.7559384 -0.6384818
vn -0.0600574 0.0000000 -0.9981949
vn -0.0367962 -0.7557374 -0.6538402
vn -0.1445619 -0.7559384 -0.6384818
vn -0.0344595 -0.9878378 -0.1516216
vn -0.0367962 -0.7557374 -0.6538402
vn -0.0090039 -0.9881750 -0.1530658
vn -0.0600574 0.0000000 -0.9981949
vn -0.0397180 0.7518070 -0.6581859
vn -0.2226339 0.0000000 -0.9749021
vn -0.1446589 0.7504188 -0.6449383
vn -0.0397180 0.7518070 -0.6581859
vn -0.0089870 0.9885644 -0.1505314
vn -0.1446589 0.7504188 -0.6449383
vn -0.0343933 0.9882332 -0.1490375
vn -0.4273022 0.0000000 -0.9041088
vn -0.2806577 -0.7494841 -0.5995873
vn -0.2226339 0.0000000 -0.9749021
vn -0.1445619 -0.7559384 -0.6384818
vn -0.2806577 -0.7494841 -0.5995873
vn -0.0684181 -0.9861645 -0.1509917
vn -0.1445619 -0.7559384 -0.6384818
vn -0.0344595 -0.9878378 -0.1516216
vn -0.2226339 0.0000000 -0.9749021
vn -0.1446589 0.7504188 -0.6449383
vn -0.4273022 0.0000000 -0.9041088
vn -0.2844002 0.7445533 -0.6039510
vn -0.1446589 0.7504188 -0.6449383
vn -0.0343933 0.9882332 -0.1490375
vn -0.2844002 0.7445533 -0.6039510
vn -0.0682833 0.9865763 -0.1483396
vn -0.6243595 0.0000000 -0.7811371
vn -0.4229493 -0.7335527 -0.5319909
vn -0.4273022 0.0000000 -0.9041088
vn -0.2806577 -0.7494841 -0.5995873
vn -0.4229493 -0.7335527 -0.5319909
vn -0.1140874 -0.9830937 -0.1432161
vn -0.2806577 -0.7494841 -0.5995873
vn -0.0707908 -0.9863512 -0.1486606
vn -0.4273022 0.0000000 -0.9041088
vn -0.2844002 0.7445533 -0.6039510
vn -0.6243595 0.0000000 -0.7811371
vn -0.4269627 0.7281536 -0.5361857
vn -0.2844002 0.7445533 -0.6039510
vn -0.0682833 0.9865763 -0.1483396
vn -0.4269627 0.7281536 -0.5361857
vn -0.1114245 0.9834430 -0.1429142
vn -0.8000000 0.0000000 -0.6000000
vn -0.5579548 -0.7107282 -0.4284296
vn -0.6243595 0.0000000 -0.7811371
vn -0.4229493 -0.7335527 -0.5319909
vn -0.5579548 -0.7107282 -0.4284296
vn -0.1702486 -0.9764260 -0.1326938
vn -0.4229493 -0.7335527 -0.5319909
vn -0.1140874 -0.9830937 -0.1432161
vn -0.6243595 0.0000000 -0.7811371
vn -0.4269627 0.7281536 -0.5361857
vn -0.8000000 0.0000000 -0.6000000
vn -0.5656589 0.7020824 -0.4325626
vn -0.4269627 0.7281536 -0.5361857
vn -0.1114245 0.9834430 -0.1429142
vn -0.5656589 0.7020824 -0.4325626
vn -0.1667002 0.9778086 -0.1268912
vn -0.9474359 0.0000000 -0.3199456
vn -0.6933442 -0.6807380 -0.2363674
vn -0.8000000 0.0000000 -0.6000000
vn -0.5579548 -0.7107282 -0.4284296
vn -0.6933442 -0.6807380 -0.2363674
vn -0.2464080 -0.9653100 -0.0863698
vn -0.5579548 -0.7107282 -0.4284296
vn -0.1702486 -0.9764260 -0.1326938
vn -0.8000000 0.0000000 -0.6000000
vn -0.5656589 0.7020824 -0.4325626
vn -0.9474359 0.0000000 -0.3199456
vn -0.7036101 0.6689028 -0.2397954
vn -0.5656589 0.7020824 -0.4325626
vn -0.1667002 0.9778086 -0.1268912
vn -0.7036101 0.6689028 -0.2397954
vn -0.2369473 0.9679548 -0.0831836
vn -0.9999981 0.0000000 -0.0019608
vn -0.7563262 -0.6541946 0.0000000
vn -0.9474359 0.0000000 -0.3199456
vn -0.6933442 -0.6807380 -0.2363674
vn -0.7563262 -0.6541946 0.0000000
vn -0.3140017 -0.9494224 0.0000000
vn -0.6933442 -0.6807380 -0.2363674
vn -0.2464080 -0.9653100 -0.0863698
vn -0.9474359 0.0000000 -0.3199456
vn -0.7036101 0.6689028 -0.2397954
vn -0.9999981 0.0000000 -0.0019608
vn -0.7727233 0.6347370 -0.0027597
vn -0.7036101 0.6689028 -0.2397954
vn -0.2369473 0.9679548 -0.0831836
vn -0.7727233 0.6347370 -0.0027597
vn -0.2963223 0.9550880 0.0000000
vn 0.9474359 0.0000000 -0.3199456
vn 0.6933442 -0.6807380 -0.2363674
vn 0.9999981 0.0000000 -0.0019608
vn 0.7563262 -0.6541946 0.0000000
vn 0.6933442 -0.6807380 -0.2363674
vn 0.2464080 -0.9653100 -0.0863698
vn 0.7563262 -0.6541946 0.0000000
vn 0.3140017 -0.9494224 0.0000000
vn 0.9999981 0.0000000 -0.0019608
vn 0.7727234 0.6347369 -0.0027597
vn 0.9474359 0.0000000 -0.3199456
vn 0.7036101 0.6689028 -0.2397954
vn 0.7727234 0.6347369 -0.0027597
vn 0.2963223 0.9550880 0.0000000
vn 0.7036101 0.6689028 -0.2397954
vn 0.2369473 0.9679548 -0.0831836
vn 0.8000000 0.0000000 -0.6000000
vn 0.5579548 -0.7107282 -0.4284296
vn 0.9474359 0.0000000 -0.3199456
vn 0.6933442 -0.6807380 -0.2363674
vn 0.5579548 -0.7107282 -0.4284296
vn 0.1702486 -0.9764260 -0.1326938
vn 0.6933442 -0.6807380 -0.2363674
vn 0.2464080 -0.9653100 -0.0863698
vn 0.9474359 0.0000000 -0.3199456
vn 0.7036101 0.6689028 -0.2397954
vn 0.8000000 0.0000000 -0.6000000
vn 0.5656589 0.7020824 -0.4325626
vn 0.7036101 0.6689028 -0.2397954
vn 0.2369473 0.9679548 -0.0831836
vn 0.5656589 0.7020824 -0.4325626
vn 0.1667003 0.9778086 -0.1268912
vn 0.6243595 0.0000000 -0.7811371
vn 0.4229493 -0.7335527 -0.5319909
vn 0.8000000 0.0000000 -0.6000000
vn 0.5579548 -0.7107282 -0.4284296
vn 0.4229493 -0.7335527 -0.5319909
vn 0.1140874 -0.9830937 -0.1432162
vn 0.5579548 -0.7107282 -0.4284296
vn 0.1702486 -0.9764260 -0.1326938
vn 0.8000000 0.0000000 -0.6000000
vn 0.5656589 0.7020824 -0.4325626
vn 0.6243595 0.0000000 -0.7811371
vn 0.4269627 0.7281536 -0.5361857
vn 0.5656589 0.7020824 -0.4325626
vn 0.1667003 0.9778086 -0.1268912
vn 0.4269627 0.7281536 -0.5361857
vn 0.1114246 0.9834430 -0.1429142
vn 0.4273021 0.0000000 -0.9041089
vn 0.2806577 -0.7494841 -0.5995873
vn 0.6243595 0.0000000 -0.7811371
vn 0.4229493 -0.7335527 -0.5319909
vn 0.2806577 -0.7494841 -0.5995873
vn 0.0707908 -0.9863512 -0.1486606
vn 0.4229493 -0.7335527 -0.5319909
vn 0.1140874 -0.9830937 -0.1432162
vn 0.6243595 0.0000000 -0.7811371
vn 0.4269627 0.7281536 -0.5361857
vn 0.4273021 0.0000000 -0.9041089
vn 0.2844003 0.7445533 -0.6039511
vn 0.4269627 0.7281536 -0.5361857
vn 0.1114246 0.9834430 -0.1429142
vn 0.2844003 0.7445533 -0.6039511
vn 0.0682833 0.9865763 -0.1483396
vn 0.2226339 0.0000000 -0.9749021
vn 0.1445618 -0.7559384 -0.6384818
vn 0.4273021 0.0000000 -0.9041089
vn 0.2806577 -0.7494841 -0.5995873
vn 0.1445618 -0.7559384 -0.6384818
vn 0.0344595 -0.9878378 -0.1516216
vn 0.2806577 -0.7494841 -0.5995873
vn 0.0684181 -0.9861645 -0.1509917
vn 0.4273021 0.0000000 -0.9041089
vn 0.2844003 0.7445533 -0.6039511
vn 0.2226339 0.0000000 -0.9749021
vn 0.1446590 0.7504189 -0.6449382
vn 0.2844003 0.7445533 -0.6039511
vn 0.0682833 0.9865763 -0.1483396
vn 0.1446590 0.7504189 -0.6449382
vn 0.0343933 0.9882332 -0.1490375
vn 0.0600574 0.0000000 -0.9981949
vn 0.0367961 -0.7557374 -0.6538402
vn 0.2226339 0.0000000 -0.9749021
vn 0.1445618 -0.7559384 -0.6384818
vn 0.0367961 -0.7557374 -0.6538402
vn 0.0090038 -0.9881750 -0.1530659
vn 0.1445618 -0.7559384 -0.6384818
vn 0.0344595 -0.9878378 -0.1516216
vn 0.2226339 0.0000000 -0.9749021
vn 0.1446590 0.7504189 -0.6449382
vn 0.0600574 0.0000000 -0.9981949
vn 0.0397182 0.7518070 -0.6581859
vn 0.1446590 0.7504189 -0.6449382
vn 0.0343933 0.9882332 -0.1490375
vn 0.0397182 0.7518070 -0.6581859
vn 0.0089871 0.9885644 -0.1505314
vn -0.0090208 0.9877776 0.1556087
vn -0.0397282 0.7491631 0.6611932
vn 0.0090209 0.9877776 0.1556088
vn 0.0397285 0.7491630 0.6611931
vn 0.0369791 -0.9868804 0.1571612
vn 0.1511375 -0.7526644 0.6408227
vn 0.0090208 -0.9877776 0.1556088
vn 0.0397073 -0.7544377 0.6551695
vn 0.0090209 0.9877776 0.1556088
vn 0.0397285 0.7491630 0.6611931
vn 0.0369082 0.9872948 0.1545531
vn 0.1512344 0.7470969 0.6472823
vn 0.0761376 -0.9850305 0.1546545
vn 0.2915094 -0.7431890 0.6022394
vn 0.0369791 -0.9868804 0.1571612
vn 0.1511375 -0.7526644 0.6408227
vn 0.0369082 0.9872948 0.1545531
vn 0.1512344 0.7470969 0.6472823
vn 0.0735989 0.9852758 0.1543203
vn 0.2952649 0.7381621 0.6065768
vn 0.1226385 -0.9811085 0.1496191
vn 0.4378911 -0.7231837 0.5340944
vn 0.0761376 -0.9850305 0.1546545
vn 0.2915094 -0.7431890 0.6022394
vn 0.0735989 0.9852758 0.1543203
vn 0.2952649 0.7381621 0.6065768
vn 0.1223885 0.9815556 0.1468662
vn 0.4418899 0.7176554 0.5382416
vn 0.1871141 -0.9734988 0.1314855
vn 0.5849372 -0.6946129 0.4187619
vn 0.1226385 -0.9811085 0.1496191
vn 0.4378911 -0.7231837 0.5340944
vn 0.1223885 0.9815556 0.1468662
vn 0.4418899 0.7176554 0.5382416
vn 0.1838267 0.9745329 0.1284268
vn 0.5925142 0.6857188 0.4227490
vn 0.2639092 -0.9608344 0.0845534
vn 0.7148587 -0.6581738 0.2361869
vn 0.1871141 -0.9734988 0.1314855
vn 0.5849372 -0.6946129 0.4187619
vn 0.1838267 0.9745329 0.1284268
vn 0.5925142 0.6857188 0.4227490
vn 0.2548459 0.9633177 0.0840991
vn 0.7238540 0.6483215 0.2360394
vn 0.3140017 -0.9494224 0.0000000
vn 0.7551383 -0.6555597 0.0027661
vn 0.2639092 -0.9608344 0.0845534
vn 0.7148587 -0.6581738 0.2361869
vn 0.2548459 0.9633177 0.0840991
vn 0.7238540 0.6483215 0.2360394
vn 0.2963223 0.9550880 0.0000000
vn 0.7727234 0.6347369 0.0027597
vn -0.2639091 -0.9608344 0.0845534
vn -0.7148587 -0.6581738 0.2361869
vn -0.3140017 -0.9494224 0.0000000
vn -0.7551383 -0.6555597 0.0027661
vn -0.2963223 0.9550880 0.0000000
vn -0.7727234 0.6347369 0.0027597
vn -0.2548459 0.9633177 0.0840991
vn -0.7238540 0.6483215 0.2360394
vn -0.1871141 -0.9734988 0.1314855
vn -0.5849372 -0.6946129 0.4187619
vn -0.2639091 -0.9608344 0.0845534
vn -0.7148587 -0.6581738 0.2361869
vn -0.2548459 0.9633177 0.0840991
vn -0.7238540 0.6483215 0.2360394
vn -0.1838267 0.9745329 0.1284268
vn -0.5925142 0.6857188 0.4227490
vn -0.1226385 -0.9811085 0.1496191
vn -0.4378910 -0.7231838 0.5340943
vn -0.1871141 -0.9734988 0.1314855
vn -0.5849372 -0.6946129 0.4187619
vn -0.1838267 0.9745329 0.1284268
vn -0.5925142 0.6857188 0.4227490
vn -0.1223885 0.9815556 0.1468662
vn -0.4418897 0.7176556 0.5382416
vn -0.0761376 -0.9850305 0.1546545
vn -0.2915093 -0.7431891 0.6022394
vn -0.1226385 -0.9811085 0.1496191
vn -0.4378910 -0.7231838 0.5340943
vn -0.1223885 0.9815556 0.1468662
vn -0.4418897 0.7176556 0.5382416
vn -0.0735989 0.9852758 0.1543203
vn -0.2952649 0.7381621 0.6065768
vn -0.0369791 -0.9868804 0.1571612
vn -0.1511374 -0.7526645 0.6408226
vn -0.0761376 -0.9850305 0.1546545
vn -0.2915093 -0.7431891 0.6022394
vn -0.0735989 0.9852758 0.1543203
vn -0.2952649 0.7381621 0.6065768
vn -0.0369082 0.9872948 0.1545531
vn -0.1512340 0.7470969 0.6472824
vn -0.0090208 -0.9877776 0.1556087
vn -0.0397072 -0.7544377 0.6551695
vn -0.0369791 -0.9868804 0.1571612
vn -0.1511374 -0.7526645 0.6408226
vn -0.0369082 0.9872948 0.1545531
vn -0.1512340 0.7470969 0.6472824
vn -0.0090208 0.9877776 0.1556087
vn -0.0397282 0.7491631 0.6611932
vn -0.1629280 0.8501884 -0.5006337
vn -0.1846259 0.7323493 -0.6554218
vn -0.5954999 0.6853240 -0.4191788
vn -0.6986763 0.5382147 -0.4713558
vn -0.7206642 0.6479657 -0.2465431
vn -0.2093530 0.9279431 -0.3083714
vn -0.5954999 0.6853240 -0.4191788
vn -0.1629280 0.8501884 -0.5006337
vn -0.7359920 0.2988964 -0.6074346
vn -1.0000000 0.0000000 0.0000000
vn -0.6986763 0.5382147 -0.4713558
vn -1.0000000 0.0000000 0.0000000
vn -0.5954999 0.6853240 -0.4191788
vn -0.7206642 0.6479657 -0.2465431
vn 0.1629281 0.8501885 -0.5006336
vn 0.2093531 0.9279431 -0.3083714
vn 0.5954999 0.6853240 -0.4191788
vn 0.7206642 0.6479657 -0.2465431
vn 0.7359920 0.2988964 -0.6074346
vn 0.2086078 0.4897748 -0.8465243
vn 0.6986763 0.5382147 -0.4713558
vn 0.1846678 0.7294380 -0.6586486
vn 0.5954999 0.6853240 -0.4191788
vn 0.1629281 0.8501885 -0.5006336
vn 0.7206642 0.6479657 -0.2465431
vn 1.0000000 0.0000000 0.0000000
vn 0.5954999 0.6853240 -0.4191788
vn 0.6986763 0.5382147 -0.4713558
vn 0.2963223 0.9550880 0.0000000
vn 0.7727234 0.6347369 -0.0027597
vn 0.2093531 0.9279431 -0.3083714
vn 0.7206642 0.6479657 -0.2465431
vn 0.1629281 0.8501885 -0.5006336
vn 0.5954999 0.6853240 -0.4191788
vn 0.6986763 0.5382147 -0.4713558
vn 0.1846678 0.7294380 -0.6586486
vn 0.5954999 0.6853240 -0.4191788
vn 0.1629281 0.8501885 -0.5006336
vn -0.1629280 0.8501884 -0.5006337
vn -0.1846259 0.7323493 -0.6554218
vn -0.5954999 0.6853240 -0.4191788
vn -0.6986763 0.5382147 -0.4713558
vn -0.7727233 0.6347370 -0.0027597
vn -0.2963223 0.9550880 0.0000000
vn -0.7206642 0.6479657 -0.2465431
vn -0.2093530 0.9279431 -0.3083714
vn -0.5954999 0.6853240 -0.4191788
vn -0.1629280 0.8501884 -0.5006337
vn -0.2086077 0.4897747 -0.8465244
vn -0.1846259 0.7323493 -0.6554218
vn 0.2086078 0.4897748 -0.8465243
vn 0.1846258 0.7323493 -0.6554219
vn -0.2093530 0.9279431 -0.3083714
vn -0.2963223 0.9550880 0.0000000
vn 0.2093531 0.9279431 -0.3083714
vn 0.2963223 0.9550880 0.0000000
vn -0.2086077 0.4897747 -0.8465244
vn -0.1846259 0.7323493 -0.6554218
vn 0.2086078 0.4897748 -0.8465243
vn 0.1846258 0.7323493 -0.6554219
vn 0.3435782 -0.8144074 -0.4676480
vn 0.3140017 -0.9494224 0.0000000
vn -0.3435782 -0.8144074 -0.4676480
vn -0.3140017 -0.9494224 0.0000000
vn -0.3140017 -0.9494224 0.0000000
vn -0.3435782 -0.8144074 -0.4676480
vn 0.3140017 -0.9494224 0.0000000
vn 0.3435782 -0.8144074 -0.4676480
vn 0.3546869 -0.4697204 -0.8084305
vn 0.3435782 -0.8144074 -0.4676480
vn -0.3546869 -0.4697204 -0.8084305
vn -0.3435782 -0.8144074 -0.4676480
vn 0.3500194 0.0000000 -0.9367424
vn -0.3500194 0.0000000 -0.9367424
vn 0.3500194 0.0000000 -0.9367424
vn -0.3500194 0.0000000 -0.9367424
vn 0.3500194 0.0000000 -0.9367424
vn 0.3546869 -0.4697204 -0.8084305
vn -0.3500194 0.0000000 -0.9367424
vn -0.7248613 0.0000000 -0.6888949
vn -0.7234495 -0.3421720 -0.5996158
vn -0.3546869 -0.4697204 -0.8084305
vn -0.7359920 0.2988964 -0.6074346
vn -0.2086077 0.4897747 -0.8465244
vn -0.7248613 0.0000000 -0.6888949
vn -0.3500194 0.0000000 -0.9367424
vn 0.3500194 0.0000000 -0.9367424
vn 0.2086078 0.4897748 -0.8465243
vn -0.3546869 -0.4697204 -0.8084305
vn -0.3500194 0.0000000 -0.9367424
vn 0.3546869 -0.4697204 -0.8084305
vn 0.3500194 0.0000000 -0.9367424
vn -0.7359920 0.2988964 -0.6074346
vn -0.2086077 0.4897747 -0.8465244
vn -0.7248613 0.0000000 -0.6888949
vn -0.3500194 0.0000000 -0.9367424
vn 0.3500194 0.0000000 -0.9367424
vn 0.7248613 0.0000000 -0.6888949
vn 0.7359920 0.2988964 -0.6074346
vn 0.2086078 0.4897748 -0.8465243
vn -0.3500194 0.0000000 -0.9367424
vn 0.3500194 0.0000000 -0.9367424
vn -0.3500194 0.0000000 -0.9367424
vn 0.3500194 0.0000000 -0.9367424
vn -0.0397072 -0.7544377 0.6551695
vn -0.0090208 -0.9877776 0.1556087
vn 0.0397073 -0.7544377 0.6551695
vn 0.0090208 -0.9877776 0.1556088
vn -0.0090039 -0.9881750 -0.1530658
vn 0.0090038 -0.9881750 -0.1530659
vn 0.4273021 0.0000000 -0.9041089
vn 0.2226339 0.0000000 -0.9749021
vn 0.4273021 0.0000000 -0.9041089
vn 0.2226339 0.0000000 -0.9749021
vn -0.3435782 -0.8144074 -0.4676480
vn -0.3546869 -0.4697204 -0.8084305
vn 0.3435782 -0.8144074 -0.4676480
vn 0.3546869 -0.4697204 -0.8084305
vn 0.1140874 -0.9830937 -0.1432162
vn -0.1226385 -0.9811085 0.1496191
vn 0.1702486 -0.9764260 -0.1326938
vn -0.1871141 -0.9734988 0.1314855
vn 0.0090038 -0.9881750 -0.1530659
vn -0.0090208 -0.9877776 0.1556087
vn 0.0344595 -0.9878378 -0.1516216
vn -0.0369791 -0.9868804 0.1571612
vn 0.2963223 0.9550880 0.0000000
vn -0.2963223 0.9550880 0.0000000
vn 0.2369473 0.9679548 -0.0831836
vn -0.2548459 0.9633177 0.0840991
vn 0.1702486 -0.9764260 -0.1326938
vn -0.1871141 -0.9734988 0.1314855
vn 0.2464080 -0.9653100 -0.0863698
vn -0.2614653 -0.9612699 0.0871551
vn 0.2226339 0.0000000 -0.9749021
vn 0.0600574 0.0000000 -0.9981949
vn 0.2226339 0.0000000 -0.9749021
vn 0.0600574 0.0000000 -0.9981949
vn -0.3140017 -0.9494224 0.0000000
vn 0.3140017 -0.9494224 0.0000000
vn -0.2464080 -0.9653100 -0.0863698
vn 0.2614654 -0.9612699 0.0871551
vn 0.0344595 -0.9878378 -0.1516216
vn -0.0369791 -0.9868804 0.1571612
vn 0.0684181 -0.9861645 -0.1509917
vn -0.1226385 -0.9811085 0.1496191
vn 0.1140874 -0.9830937 -0.1432162
vn -0.0761376 -0.9850305 0.1546545
vn -0.3140017 -0.9494224 0.0000000
vn 0.3140017 -0.9494224 0.0000000
vn -0.3140017 -0.9494224 0.0000000
vn 0.3140017 -0.9494224 0.0000000
vn -0.1140874 -0.9830937 -0.1432161
vn 0.1226385 -0.9811085 0.1496191
vn -0.0684181 -0.9861645 -0.1509917
vn 0.0761376 -0.9850305 0.1546545
vn -0.0344595 -0.9878378 -0.1516216
vn 0.0369791 -0.9868804 0.1571612
vn -0.0090039 -0.9881750 -0.1530658
vn 0.0090208 -0.9877776 0.1556088
vn -0.2369473 0.9679548 -0.0831836
vn 0.2548459 0.9633177 0.0840991
vn -0.2963223 0.9550880 0.0000000
vn 0.2963223 0.9550880 0.0000000
vn -0.2963223 0.9550880 0.0000000
vn 0.2963223 0.9550880 0.0000000
vn 0.2464080 -0.9653100 -0.0863698
vn -0.2614653 -0.9612699 0.0871551
vn 0.3140017 -0.9494224 0.0000000
vn -0.3140017 -0.9494224 0.0000000
vn 0.3140017 -0.9494224 0.0000000
vn -0.3140017 -0.9494224 0.0000000
vn -0.2464080 -0.9653100 -0.0863698
vn 0.2614654 -0.9612699 0.0871551
vn -0.1702486 -0.9764260 -0.1326938
vn 0.1871141 -0.9734988 0.1314855
vn -0.1140874 -0.9830937 -0.1432161
vn 0.1226385 -0.9811085 0.1496191
vn 0.9999981 0.0000000 -0.0019608
vn 0.9474359 0.0000000 -0.3199456
vn 0.9999981 0.0000000 -0.0019608
vn 0.9474359 0.0000000 -0.3199456
vn -0.8000000 0.0000000 -0.6000000
vn -0.9474359 0.0000000 -0.3199456
vn -0.8000000 0.0000000 -0.6000000
vn -0.9474359 0.0000000 -0.3199456
vn -0.2093530 0.9279431 -0.3083714
vn -0.2963223 0.9550880 0.0000000
vn 0.2093531 0.9279431 -0.3083714
vn 0.2963223 0.9550880 0.0000000
vn -0.2226339 0.0000000 -0.9749021
vn -0.4273022 0.0000000 -0.9041088
vn -0.2226339 0.0000000 -0.9749021
vn -0.4273022 0.0000000 -0.9041088
vn -0.4273022 0.0000000 -0.9041088
vn -0.6243595 0.0000000 -0.7811371
vn -0.4273022 0.0000000 -0.9041088
vn -0.6243595 0.0000000 -0.7811371
vn -0.6243595 0.0000000 -0.7811371
vn -0.8000000 0.0000000 -0.6000000
vn -0.6243595 0.0000000 -0.7811371
vn -0.8000000 0.0000000 -0.6000000
vn -0.7563262 -0.6541946 0.0000000
vn -0.9999981 0.0000000 -0.0019608
vn -0.7563262 -0.6541946 0.0000000
vn -1.0000000 0.0000000 0.0000000
vn -0.7563262 -0.6541946 0.0000000
vn -0.7322700 -0.5890704 -0.3417260
vn -1.0000000 0.0000000 0.0000000
vn -1.0000000 0.0000000 0.0000000
vn -1.0000000 0.0000000 0.0000000
vn -0.7248613 0.0000000 -0.6888949
vn -0.7248613 0.0000000 -0.6888949
vn -1.0000000 0.0000000 0.0000000
vn -1.0000000 0.0000000 0.0000000
vn -1.0000000 0.0000000 0.0000000
vn -1.0000000 0.0000000 0.0000000
vn -0.7727233 0.6347370 -0.0027597
vn -0.7727233 0.6347370 -0.0027597
vn -0.9999981 0.0000000 -0.0019608
vn 0.7727234 0.6347369 -0.0027597
vn 0.9999981 0.0000000 -0.0019608
vn 0.7727234 0.6347369 -0.0027597
vn 1.0000000 0.0000000 0.0000000
vn 1.0000000 0.0000000 0.0000000
vn 1.0000000 0.0000000 0.0000000
vn 0.7248613 0.0000000 -0.6888949
vn 1.0000000 0.0000000 0.0000000
vn 0.7248613 0.0000000 -0.6888949
vn 1.0000000 0.0000000 0.0000000
vn 1.0000000 0.0000000 0.0000000
vn 1.0000000 0.0000000 0.0000000
vn 0.7563262 -0.6541946 0.0000000
vn 1.0000000 0.0000000 0.0000000
vn 0.7563262 -0.6541946 0.0000000
vn 0.9999981 0.0000000 -0.0019608
vn -0.9474359 0.0000000 -0.3199456
vn -0.9999981 0.0000000 -0.0019608
vn -0.9474359 0.0000000 -0.3199456
vn -0.9999981 0.0000000 -0.0019608
vn 0.9474359 0.0000000 -0.3199456
vn 0.8000000 0.0000000 -0.6000000
vn 0.9474359 0.0000000 -0.3199456
vn 0.8000000 0.0000000 -0.6000000
vn 0.8000000 0.0000000 -0.6000000
vn 0.6243595 0.0000000 -0.7811371
vn 0.8000000 0.0000000 -0.6000000
vn 0.6243595 0.0000000 -0.7811371
vn 0.6243595 0.0000000 -0.7811371
vn 0.4273021 0.0000000 -0.9041089
vn 0.6243595 0.0000000 -0.7811371
vn 0.4273021 0.0000000 -0.9041089
vn -0.0600574 0.0000000 -0.9981949
vn 0.0600574 0.0000000 -0.9981949
vn -0.0600574 0.0000000 -0.9981949
vn 0.0600574 0.0000000 -0.9981949
vn -0.0600574 0.0000000 -0.9981949
vn -0.2226339 0.0000000 -0.9749021
vn -0.0600574 0.0000000 -0.9981949
vn -0.2226339 0.0000000 -0.9749021
vn 0.0397182 0.7518070 -0.6581859
vn 0.0089871 0.9885644 -0.1505314
vn -0.0397180 0.7518070 -0.6581859
vn -0.0089870 0.9885644 -0.1505314
vn -0.0090208 0.9877776 0.1556087
vn 0.0090209 0.9877776 0.1556088
vn -0.0089870 0.9885644 -0.1505314
vn 0.0090209 0.9877776 0.1556088
vn -0.0343933 0.9882332 -0.1490375
vn 0.0369082 0.9872948 0.1545531
vn -0.0682833 0.9865763 -0.1483396
vn 0.0735989 0.9852758 0.1543203
vn -0.0682833 0.9865763 -0.1483396
vn 0.0735989 0.9852758 0.1543203
vn -0.1114245 0.9834430 -0.1429142
vn 0.1223885 0.9815556 0.1468662
vn -0.1114245 0.9834430 -0.1429142
vn 0.1223885 0.9815556 0.1468662
vn -0.1667002 0.9778086 -0.1268912
vn 0.1838267 0.9745329 0.1284268
vn -0.2369473 0.9679548 -0.0831836
vn 0.2548459 0.9633177 0.0840991
vn 0.2963223 0.9550880 0.0000000
vn -0.2963223 0.9550880 0.0000000
vn 0.2963223 0.9550880 0.0000000
vn -0.2963223 0.9550880 0.0000000
vn 0.2369473 0.9679548 -0.0831836
vn -0.2548459 0.9633177 0.0840991
vn 0.1667003 0.9778086 -0.1268912
vn -0.1838267 0.9745329 0.1284268
vn 0.1667003 0.9778086 -0.1268912
vn -0.1838267 0.9745329 0.1284268
vn 0.1114246 0.9834430 -0.1429142
vn -0.1223885 0.9815556 0.1468662
vn 0.1114246 0.9834430 -0.1429142
vn -0.1223885 0.9815556 0.1468662
vn 0.0682833 0.9865763 -0.1483396
vn -0.0735989 0.9852758 0.1543203
vn 0.0682833 0.9865763 -0.1483396
vn -0.0735989 0.9852758 0.1543203
vn 0.0343933 0.9882332 -0.1490375
vn -0.0369082 0.9872948 0.1545531
vn -0.0684181 -0.9861645 -0.1509917
vn 0.0761376 -0.9850305 0.1546545
vn -0.0344595 -0.9878378 -0.1516216
vn 0.0369791 -0.9868804 0.1571612
f 219/219/219 220/220/220 221/221/221
f 220/220/220 222/222/222 221/221/221
f 223/223/223 224/224/224 225/225/225
f 224/224/224 226/226/226 225/225/225
f 227/227/227 228/228/228 229/229/229
f 228/228/228 230/230/230 229/229/229
f 231/231/231 232/232/232 233/233/233
f 232/232/232 234/234/234 233/233/233
f 235/235/235 236/236/236 237/237/237
f 236/236/236 238/238/238 237/237/237
f 239/239/239 240/240/240 241/241/241
f 240/240/240 242/242/242 241/241/241
f 243/243/243 244/244/244 245/245/245
f 244/244/244 246/246/246 245/245/245
f 247/247/247 248/248/248 249/249/249
f 248/248/248 250/250/250 249/249/249
f 251/251/251 252/252/252 253/253/253
f 252/252/252 254/254/254 253/253/253
f 255/255/255 256/256/256 257/257/257
f 256/256/256 258/258/258 257/257/257
f 259/259/259 260/260/260 261/261/261
f 260/260/260 262/262/262 261/261/261
f 263/263/263 264/264/264 265/265/265
f 264/264/264 266/266/266 265/265/265
f 267/267/267 268/268/268 269/269/269
f 268/268/268 270/270/270 269/269/269
f 271/271/271 272/272/272 273/273/273
f 272/272/272 274/274/274 273/273/273
f 275/275/275 276/276/276 277/277/277
f 276/276/276 278/278/278 277/277/277
f 279/279/279 280/280/280 281/281/281
f 280/280/280 282/282/282 281/281/281
f 283/283/283 284/284/284 285/285/285
f 284/284/284 286/286/286 285/285/285
f 287/287/287 288/288/288 289/289/289
f 288/288/288 290/290/290 289/289/289
f 291/291/291 292/292/292 293/293/293
f 292/292/292 294/294/294 293/293/293
f 295/295/295 296/296/296 297/297/297
f 296/296/296 298/298/298 297/297/297
f 299/299/299 300/300/300 301/301/301
f 300/300/300 302/302/302 301/301/301
f 303/303/303 304/304/304 305/305/305
f 304/304/304 306/306/306 305/305/305
f 307/307/307 308/308/308 309/309/309
f 308/308/308 310/310/310 309/309/309
f 311/311/311 312/312/312 313/313/313
f 312/312/312 314/314/314 313/313/313
f 315/315/315 316/316/316 317/317/317
f 316/316/316 318/318/318 317/317/317
f 319/319/319 320/320/320 321/321/321
f 320/320/320 322/322/322 321/321/321
f 323/323/323 324/324/324 325/325/325
f 324/324/324 326/326/326 325/325/325
f 327/327/327 328/328/328 329/329/329
f 328/328/328 330/330/330 329/329/329
f 331/331/331 332/332/332 333/333/333
f 332/332/332 334/334/334 333/333/333
f 335/335/335 336/336/336 337/337/337
f 336/336/336 338/338/338 337/337/337
f 339/339/339 340/340/340 341/341/341
f 340/340/340 342/342/342 341/341/341
f 343/343/343 344/344/344 345/345/345
f 344/344/344 346/346/346 345/345/345
f 347/347/347 348/348/348 349/349/349
f 348/348/348 350/350/350 349/349/349
f 351/351/351 352/352/352 353/353/353
f 352/352/352 354/354/354 353/353/353
f 355/355/355 356/356/356 357/357/357
f 356/356/356 358/358/358 357/357/357
f 359/359/359 360/360/360 361/361/361
f 360/360/360 362/362/362 361/361/361
f 363/363/363 364/364/364 365/365/365
f 364/364/364 366/366/366 365/365/365
f 367/367/367 368/368/368 369/369/369
f 368/368/368 370/370/370 369/369/369
f 371/371/371 372/372/372 373/373/373
f 372/372/372 374/374/374 373/373/373
f 375/375/375 376/376/376 377/377/377
f 376/376/376 378/378/378 377/377/377
f 379/379/379 380/380/380 381/381/381
f 380/380/380 382/382/382 381/381/381
f 383/383/383 384/384/384 385/385/385
f 384/384/384 386/386/386 385/385/385
f 387/387/387 388/388/388 389/389/389
f 388/388/388 390/390/390 389/389/389
f 391/391/391 392/392/392 393/393/393
f 392/392/392 394/394/394 393/393/393
f 395/395/395 396/396/396 397/397/397
f 396/396/396 398/398/398 397/397/397
f 399/399/399 400/400/400 401/401/401
f 400/400/400 402/402/402 401/401/401
f 403/403/403 404/404/404 405/405/405
f 404/404/404 406/406/406 405/405/405
f 407/407/407 408/408/408 409/409/409
f 408/408/408 410/410/410 409/409/409
f 411/411/411 412/412/412 413/413/413
f 412/412/412 414/414/414 413/413/413
f 415/415/415 416/416/416 417/417/417
f 416/416/416 418/418/418 417/417/417
f 419/419/419 420/420/420 421/421/421
f 420/420/420 422/422/422 421/421/421
f 423/423/423 424/424/424 425/425/425
f 424/424/424 426/426/426 425/425/425
f 427/427/427 428/428/428 429/429/429
f 428/428/428 430/430/430 429/429/429
f 431/431/431 432/432/432 433/433/433
f 432/432/432 434/434/434 433/433/433
f 435/435/435 436/436/436 437/437/437
f 436/436/436 438/438/438 437/437/437
f 439/439/439 440/440/440 441/441/441
f 440/440/440 442/442/442 441/441/441
f 443/443/443 444/444/444 445/445/445
f 444/444/444 446/446/446 445/445/445
f 447/447/447 448/448/448 449/449/449
f 448/448/448 450/450/450 449/449/449
f 451/451/451 452/452/452 453/453/453
f 452/452/452 454/454/454 453/453/453
f 455/455/455 456/456/456 457/457/457
f 456/456/456 458/458/458 457/457/457
f 459/459/459 460/460/460 461/461/461
f 460/460/460 462/462/462 461/461/461
f 463/463/463 464/464/464 465/465/465
f 464/464/464 466/466/466 465/465/465
f 467/467/467 468/468/468 469/469/469
f 468/468/468 470/470/470 469/469/469
f 471/471/471 472/472/472 473/473/473
f 472/472/472 474/474/474 473/473/473
f 475/475/475 476/476/476 477/477/477
f 476/476/476 478/478/478 477/477/477
f 479/479/479 480/480/480 481/481/481
f 480/480/480 482/482/482 481/481/481
f 483/483/483 484/484/484 485/485/485
f 484/484/484 486/486/486 485/485/485
f 487/487/487 488/488/488 489/489/489
f 488/488/488 490/490/490 489/489/489
f 491/491/491 492/492/492 493/493/493
f 492/492/492 494/494/494 493/493/493
f 495/495/495 496/496/496 497/497/497
f 496/496/496 498/498/498 497/497/497
f 499/499/499 500/500/500 501/501/501
f 500/500/500 502/502/502 501/501/501
f 503/503/503 504/504/504 505/505/505
f 504/504/504 506/506/506 505/505/505
f 507/507/507 508/508/508 509/509/509
f 508/508/508 510/510/510 509/509/509
f 511/511/511 512/512/512 513/513/513
f 512/512/512 514/514/514 513/513/513
f 515/515/515 516/516/516 517/517/517
f 516/516/516 518/518/518 517/517/517
f 519/519/519 520/520/520 521/521/521
f 520/520/520 522/522/522 521/521/521
f 523/523/523 524/524/524 525/525/525
f 524/524/524 526/526/526 525/525/525
f 527/527/527 528/528/528 529/529/529
f 528/528/528 530/530/530 529/529/529
f 531/531/531 532/532/532 533/533/533
f 532/532/532 534/534/534 533/533/533
f 535/535/535 536/536/536 537/537/537
f 536/536/536 538/538/538 537/537/537
f 539/539/539 540/540/540 541/541/541
f 540/540/540 542/542/542 541/541/541
f 543/543/543 544/544/544 545/545/545
f 544/544/544 546/546/546 545/545/545
f 547/547/547 548/548/548 549/549/549
f 548/548/548 550/550/550 549/549/549
f 551/551/551 552/552/552 553/553/553
f 552/552/552 554/554/554 553/553/553
f 555/555/555 556/556/556 557/557/557
f 556/556/556 558/558/558 557/557/557
f 559/559/559 560/560/560 561/561/561
f 560/560/560 562/562/562 561/561/561
f 563/563/563 564/564/564 565/565/565
f 564/564/564 566/566/566 565/565/565
f 567/567/567 568/568/568 569/569/569
f 568/568/568 570/570/570 569/569/569
f 571/571/571 572/572/572 573/573/573
f 572/572/572 574/574/574 573/573/573
f 575/575/575 576/576/576 577/577/577
f 576/576/576 578/578/578 577/577/577
f 579/579/579 580/580/580 581/581/581
f 580/580/580 582/582/582 581/581/581
f 583/583/583 584/584/584 585/585/585
f 584/584/584 586/586/586 585/585/585
f 587/587/587 588/588/588 589/589/589
f 588/588/588 590/590/590 589/589/589
f 591/591/591 592/592/592 593/593/593
f 592/592/592 594/594/594 593/593/593
f 595/595/595 596/596/596 597/597/597
f 596/596/596 598/598/598 597/597/597
f 599/599/599 600/600/600 601/601/601
f 600/600/600 602/602/602 601/601/601
f 603/603/603 604/604/604 605/605/605
f 604/604/604 606/606/606 605/605/605
f 607/607/607 608/608/608 609/609/609
f 608/608/608 610/610/610 609/609/609
f 611/611/611 612/612/612 613/613/613
f 612/612/612 614/614/614 613/613/613
f 615/615/615 616/616/616 617/617/617
f 616/616/616 618/618/618 617/617/617
f 619/619/619 620/620/620 621/621/621
f 620/620/620 622/622/622 621/621/621
f 623/623/623 624/624/624 625/625/625
f 624/624/624 626/626/626 625/625/625
f 627/627/627 628/628/628 629/629/629
f 628/628/628 630/630/630 629/629/629
f 631/631/631 632/632/632 633/633/633
f 632/632/632 634/634/634 633/633/633
f 635/635/635 636/636/636 637/637/637
f 636/636/636 638/638/638 637/637/637
f 639/639/639 640/640/640 641/641/641
f 640/640/640 642/642/642 641/641/641
f 643/643/643 644/644/644 645/645/645
f 644/644/644 646/646/646 645/645/645
f 647/647/647 648/648/648 649/649/649
f 648/648/648 650/650/650 649/649/649
f 651/651/651 652/652/652 653/653/653
f 652/652/652 654/654/654 653/653/653
f 655/655/655 656/656/656 657/657/657
f 656/656/656 658/658/658 657/657/657
f 659/659/659 660/660/660 661/661/661
f 660/660/660 662/662/662 661/661/661
f 663/663/663 664/664/664 665/665/665
f 664/664/664 666/666/666 665/665/665
f 667/667/667 668/668/668 669/669/669
f 668/668/668 670/670/670 669/669/669
f 671/671/671 672/672/672 673/673/673
f 672/672/672 674/674/674 673/673/673
f 675/675/675 676/676/676 677/677/677
f 676/676/676 678/678/678 677/677/677
f 679/679/679 680/680/680 681/681/681
f 680/680/680 682/682/682 681/681/681
f 683/683/683 684/684/684 685/685/685
f 684/684/684 686/686/686 685/685/685
f 687/687/687 688/688/688 689/689/689
f 688/688/688 690/690/690 689/689/689
f 691/691/691 692/692/692 693/693/693
f 692/692/692 694/694/694 693/693/693
f 695/695/695 696/696/696 697/697/697
f 696/696/696 698/698/698 697/697/697
f 699/699/699 700/700/700 701/701/701
f 700/700/700 702/702/702 701/701/701
f 703/703/703 704/704/704 705/705/705
f 704/704/704 706/706/706 705/705/705
f 707/707/707 708/708/708 709/709/709
f 708/708/708 710/710/710 709/709/709
f 709/709/709 710/710/710 711/711/711
f 710/710/710 712/712/712 711/711/711
f 713/713/713 714/714/714 715/715/715
f 714/714/714 716/716/716 715/715/715
f 717/717/717 718/718/718 719/719/719
f 718/718/718 720/720/720 719/719/719
f 719/719/719 720/720/720 721/721/721
f 720/720/720 722/722/722 721/721/721
f 723/723/723 724/724/724 725/725/725
f 724/724/724 726/726/726 725/725/725
f 727/727/727 728/728/728 729/729/729
f 728/728/728 730/730/730 729/729/729
f 731/731/731 729/729/729 732/732/732
f 729/729/729 730/730/730 732/732/732
f 733/733/733 734/734/734 735/735/735
f 734/734/734 736/736/736 735/735/735
f 737/737/737 738/738/738 739/739/739
f 738/738/738 740/740/740 739/739/739
f 741/741/741 742/742/742 743/743/743
f 742/742/742 744/744/744 743/743/743
f 743/743/743 744/744/744 745/745/745
f 744/744/744 746/746/746 745/745/745
f 747/747/747 748/748/748 749/749/749
f 748/748/748 750/750/750 749/749/749
f 751/751/751 752/752/752 753/753/753
f 752/752/752 754/754/754 753/753/753
f 755/755/755 756/756/756 757/757/757
f 756/756/756 758/758/758 757/757/757
f 759/759/759 760/760/760 761/761/761
f 760/760/760 762/762/762 761/761/761
f 763/763/763 764/764/764 765/765/765
f 764/764/764 766/766/766 765/765/765
f 767/767/767 768/768/768 769/769/769
f 768/768/768 770/770/770 769/769/769
f 771/771/771 772/772/772 773/773/773
f 772/772/772 774/774/774 773/773/773
f 775/775/775 776/776/776 777/777/777
f 778/778/778 777/777/777 779/779/779
f 779/779/779 777/777/777 780/780/780
f 777/777/777 776/776/776 780/780/780
f 781/781/781 782/782/782 783/783/783
f 783/783/783 782/782/782 784/784/784
f 784/784/784 782/782/782 785/785/785
f 782/782/782 786/786/786 785/785/785
f 787/787/787 788/788/788 789/789/789
f 788/788/788 790/790/790 789/789/789
f 791/791/791 792/792/792 793/793/793
f 793/793/793 792/792/792 794/794/794
f 794/794/794 792/792/792 795/795/795
f 796/796/796 795/795/795 797/797/797
f 797/797/797 795/795/795 798/798/798
f 795/795/795 792/792/792 798/798/798
f 799/799/799 800/800/800 801/801/801
f 800/800/800 802/802/802 801/801/801
f 803/803/803 804/804/804 805/805/805
f 805/805/805 804/804/804 806/806/806
f 807/807/807 806/806/806 808/808/808
f 806/806/806 804/804/804 808/808/808
f 809/809/809 810/810/810 811/811/811
f 810/810/810 812/812/812 811/811/811
f 813/813/813 814/814/814 815/815/815
f 814/814/814 816/816/816 815/815/815
f 817/817/817 818/818/818 819/819/819
f 818/818/818 820/820/820 819/819/819
f 821/821/821 822/822/822 823/823/823
f 822/822/822 824/824/824 823/823/823
f 825/825/825 826/826/826 827/827/827
f 826/826/826 828/828/828 827/827/827
f 829/829/829 830/830/830 831/831/831
f 830/830/830 832/832/832 831/831/831
f 833/833/833 834/834/834 835/835/835
f 834/834/834 836/836/836 835/835/835
f 837/837/837 838/838/838 839/839/839
f 838/838/838 840/840/840 839/839/839
f 841/841/841 842/842/842 843/843/843
f 844/844/844 845/845/845 846/846/846
f 845/845/845 843/843/843 846/846/846
f 843/843/843 842/842/842 846/846/846
f 847/847/847 848/848/848 849/849/849
f 848/848/848 850/850/850 849/849/849
f 851/851/851 852/852/852 853/853/853
f 852/852/852 854/854/854 853/853/853
f 855/855/855 856/856/856 857/857/857
f 856/856/856 858/858/858 857/857/857
f 859/859/859 860/860/860 861/861/861
f 862/862/862 863/863/863 864/864/864
f 863/863/863 861/861/861 864/864/864
f 861/861/861 860/860/860 864/864/864
f 865/865/865 866/866/866 867/867/867
f 866/866/866 868/868/868 867/867/867
f 867/867/867 868/868/868 869/869/869
f 868/868/868 870/870/870 869/869/869
f 871/871/871 872/872/872 873/873/873
f 872/872/872 874/874/874 873/873/873
f 873/873/873 874/874/874 875/875/875
f 874/874/874 876/876/876 875/875/875
f 877/877/877 878/878/878 879/879/879
f 878/878/878 880/880/880 879/879/879
f 881/881/881 882/882/882 883/883/883
f 882/882/882 884/884/884 883/883/883
f 885/885/885 886/886/886 887/887/887
f 886/886/886 888/888/888 887/887/887
f 889/889/889 890/890/890 891/891/891
f 890/890/890 892/892/892 891/891/891
f 893/893/893 894/894/894 895/895/895
f 894/894/894 896/896/896 895/895/895
f 897/897/897 898/898/898 899/899/899
f 898/898/898 900/900/900 899/899/899
f 901/901/901 902/902/902 903/903/903
f 903/903/903 902/902/902 904/904/904
f 905/905/905 904/904/904 906/906/906
f 906/906/906 904/904/904 907/907/907
f 904/904/904 902/902/902 907/907/907
f 908/908/908 907/907/907 909/909/909
f 910/910/910 909/909/909 911/911/911
f 911/911/911 909/909/909 912/912/912
f 912/912/912 909/909/909 913/913/913
f 909/909/909 907/907/907 913/913/913
f 907/907/907 902/902/902 913/913/913
f 914/914/914 913/913/913 915/915/915
f 913/913/913 902/902/902 915/915/915
f 916/916/916 915/915/915 917/917/917
f 917/917/917 915/915/915 918/918/918
f 915/915/915 902/902/902 918/918/918
f 919/919/919 920/920/920 921/921/921
f 921/921/921 920/920/920 922/922/922
f 923/923/923 922/922/922 924/924/924
f 925/925/925 926/926/926 927/927/927
f 927/927/927 926/926/926 928/928/928
f 926/926/926 924/924/924 928/928/928
f 929/929/929 928/928/928 930/930/930
f 928/928/928 924/924/924 930/930/930
f 924/924/924 922/922/922 930/930/930
f 931/931/931 932/932/932 933/933/933
f 933/933/933 932/932/932 934/934/934
f 932/932/932 930/930/930 934/934/934
f 930/930/930 922/922/922 934/934/934
f 922/922/922 920/920/920 934/934/934
f 935/935/935 936/936/936 937/937/937
f 936/936/936 938/938/938 937/937/937
f 939/939/939 940/940/940 941/941/941
f 940/940/940 942/942/942 941/941/941
f 943/943/943 944/944/944 945/945/945
f 944/944/944 946/946/946 945/945/945
f 947/947/947 948/948/948 949/949/949
f 948/948/948 950/950/950 949/949/949
f 951/951/951 952/952/952 953/953/953
f 952/952/952 954/954/954 953/953/953
f 955/955/955 956/956/956 957/957/957
f 956/956/956 958/958/958 957/957/957
f 959/959/959 960/960/960 961/961/961
f 961/961/961 960/960/960 962/962/962
f 960/960/960 963/963/963 962/962/962
f 963/963/963 964/964/964 962/962/962
f 965/965/965 966/966/966 967/967/967
f 966/966/966 968/968/968 967/967/967
f 967/967/967 968/968/968 969/969/969
f 968/968/968 970/970/970 969/969/969
f 971/971/971 972/972/972 973/973/973
f 972/972/972 974/974/974 973/973/973
f 975/975/975 976/976/976 977/977/977
f 976/976/976 978/978/978 977/977/977
f 977/977/977 978/978/978 979/979/979
f 978/978/978 980/980/980 979/979/979
f 981/981/981 982/982/982 983/983/983
f 982/982/982 984/984/984 983/983/983
f 985/985/985 986/986/986 987/987/987
f 986/986/986 988/988/988 987/987/987
f 989/989/989 990/990/990 991/991/991
f 990/990/990 992/992/992 991/991/991
f 993/993/993 994/994/994 995/995/995
f 994/994/994 996/996/996 995/995/995
f 997/997/997 998/998/998 999/999/999
f 998/998/998 1000/1000/1000 999/999/999
f 1001/1001/1001 1002/1002/1002 1003/1003/1003
f 1002/1002/1002 1004/1004/1004 1003/1003/1003
v -0.3183123 0.0193720 -0.3553967
v -0.3183123 0.0187440 -0.3537980
v -0.3767786 0.0193720 -0.3553967
v -0.3767786 0.0187440 -0.3537980
v -0.3183123 0.9541483 -0.3537980
v -0.3183123 0.9535202 -0.3553967
v -0.3767786 0.9541483 -0.3537980
v -0.3767786 0.9535202 -0.3553967
v -0.3183123 0.9535202 -0.3553967
v -0.3183123 0.9519215 -0.3560248
v -0.3767786 0.9535202 -0.3553967
v -0.3767786 0.9519215 -0.3560248
v -0.3182552 0.9541483 0.2994948
v -0.3183123 0.9541483 -0.3537980
v -0.3195113 0.9541483 0.3072028
v -0.3228228 0.9541483 0.3130266
v -0.3274476 0.9541483 0.3177084
v -0.3327576 0.9541483 0.3210200
v -0.3384672 0.9541483 0.3229613
v -0.3444622 0.9541483 0.3237035
v -0.3506286 0.9541483 0.3237035
v -0.3566237 0.9541483 0.3229613
v -0.3623333 0.9541483 0.3210200
v -0.3677003 0.9541483 0.3177084
v -0.3722680 0.9541483 0.3130266
v -0.3755796 0.9541483 0.3072028
v -0.3768357 0.9541483 0.2994948
v -0.3767786 0.9541483 -0.3537980
v -0.3767786 0.9519215 -0.3560248
v -0.3183123 0.9519215 -0.3560248
v -0.3767786 0.0209707 -0.3560248
v -0.3767786 0.0193720 -0.3553967
v -0.3183123 0.0193720 -0.3553967
v -0.3183123 0.0209707 -0.3560248
v -0.3755796 0.0187440 0.3072028
v -0.3768357 0.0187440 0.2994948
v -0.3722680 0.0187440 0.3130266
v -0.3677003 0.0187440 0.3177084
v -0.3623333 0.0187440 0.3210200
v -0.3566237 0.0187440 0.3229613
v -0.3506286 0.0187440 0.3237035
v -0.3444622 0.0187440 0.3237035
v -0.3384672 0.0187440 0.3229613
v -0.3327576 0.0187440 0.3210200
v -0.3274476 0.0187440 0.3177084
v -0.3228228 0.0187440 0.3130266
v -0.3195113 0.0187440 0.3072028
v -0.3182552 0.0187440 0.2994948
v -0.3183123 0.0187440 -0.3537980
v -0.3767786 0.0187440 -0.3537980
vt 0.7752998 0.7549985
vt 0.7752998 0.7525618
vt 0.7393181 0.7549985
vt 0.7393181 0.7525618
vt 0.7031741 0.7525618
vt 0.7031741 0.7549985
vt 0.7391557 0.7525618
vt 0.7391557 0.7549985
vt 0.7030928 0.9989101
vt 0.7030928 0.9964734
vt 0.6670300 0.9989101
vt 0.6670300 0.9964734
vt 0.7030928 0.0278934
vt 0.7031741 0.7525618
vt 0.7039051 0.0193651
vt 0.7059356 0.0127860
vt 0.7087784 0.0076690
vt 0.7120273 0.0040139
vt 0.7156011 0.0018210
vt 0.7192561 0.0010899
vt 0.7230736 0.0010899
vt 0.7267286 0.0018210
vt 0.7303024 0.0040139
vt 0.7335513 0.0076690
vt 0.7363941 0.0127860
vt 0.7384247 0.0193651
vt 0.7392369 0.0278934
vt 0.7391557 0.7525618
vt 0.6670300 0.9964734
vt 0.7030928 0.9964734
vt 0.6670300 0.0035266
vt 0.6670300 0.0010899
vt 0.7030928 0.0010899
vt 0.7030928 0.0035266
vt 0.7400491 0.0193651
vt 0.7392369 0.0278934
vt 0.7420797 0.0127860
vt 0.7449225 0.0076690
vt 0.7481714 0.0040139
vt 0.7517452 0.0018210
vt 0.7554002 0.0010899
vt 0.7592177 0.0010899
vt 0.7628727 0.0018210
vt 0.7664465 0.0040139
vt 0.7696954 0.0076690
vt 0.7725382 0.0127860
vt 0.7745688 0.0193651
vt 0.7753810 0.0278934
vt 0.7752998 0.7525618
vt 0.7393181 0.7525618
vn 0.0000000 -0.7057216 -0.7084892
vn 0.0000000 -0.9999981 -0.0019608
vn 0.0000000 -0.7057216 -0.7084892
vn 0.0000000 -0.9999981 -0.0019608
vn 0.0000000 0.9999981 -0.0019608
vn 0.0000000 0.7084892 -0.7057216
vn 0.0000000 0.9999981 -0.0019608
vn 0.0000000 0.7084892 -0.7057216
vn 0.0000000 0.7084892 -0.7057216
vn 0.0000000 0.0000000 -1.0000000
vn 0.0000000 0.7084892 -0.7057216
vn 0.0000000 0.0000000 -1.0000000
vn 0.0000000 1.0000000 0.0000000
vn 0.0000000 0.9999981 -0.0019608
vn 0.0000000 1.0000000 0.0000000
vn 0.0000000 1.0000000 0.0000000
vn 0.0000000 1.0000000 0.0000000
vn 0.0000000 1.0000000 0.0000000
vn 0.0000000 1.0000000 0.0000000
vn 0.0000000 1.0000000 0.0000000
vn 0.0000000 1.0000000 0.0000000
vn 0.0000000 1.0000000 0.0000000
vn 0.0000000 1.0000000 0.0000000
vn 0.0000000 1.0000000 0.0000000
vn 0.0000000 1.0000000 0.0000000
vn 0.0000000 1.0000000 0.0000000
vn 0.0000000 1.0000000 0.0000000
vn 0.0000000 0.9999981 -0.0019608
vn 0.0000000 0.0000000 -1.0000000
vn 0.0000000 0.0000000 -1.0000000
vn 0.0000000 0.0000000 -1.0000000
vn 0.0000000 -0.7057216 -0.7084892
vn 0.0000000 -0.7057216 -0.7084892
vn 0.0000000 0.0000000 -1.0000000
vn 0.0000000 -1.0000000 0.0000000
vn 0.0000000 -1.0000000 0.0000000
vn 0.0000000 -1.0000000 0.0000000
vn 0.0000000 -1.0000000 0.0000000
vn 0.0000000 -1.0000000 0.0000000
vn 0.0000000 -1.0000000 0.0000000
vn 0.0000000 -1.0000000 0.0000000
vn 0.0000000 -1.0000000 0.0000000
vn 0.0000000 -1.0000000 0.0000000
vn 0.0000000 -1.0000000 0.0000000
vn 0.0000000 -1.0000000 0.0000000
vn 0.0000000 -1.0000000 0.0000000
vn 0.0000000 -1.0000000 0.0000000
vn 0.0000000 -1.0000000 0.0000000
vn 0.0000000 -1.0000000 0.0000000
vn 0.0000000 -1.0000000 0.0000000
f 1005/1005/1005 1006/1006/1006 1007/1007/1007
f 1006/1006/1006 1008/1008/1008 1007/1007/1007
f 1009/1009/1009 1010/1010/1010 1011/1011/1011
f 1010/1010/1010 1012/1012/1012 1011/1011/1011
f 1013/1013/1013 1014/1014/1014 1015/1015/1015
f 1014/1014/1014 1016/1016/1016 1015/1015/1015
f 1017/1017/1017 1018/1018/1018 1019/1019/1019
f 1020/1020/1020 1019/1019/1019 1021/1021/1021
f 1019/1019/1019 1018/1018/1018 1021/1021/1021
f 1022/1022/1022 1021/1021/1021 1023/1023/1023
f 1024/1024/1024 1023/1023/1023 1025/1025/1025
f 1023/1023/1023 1021/1021/1021 1025/1025/1025
f 1021/1021/1021 1018/1018/1018 1025/1025/1025
f 1026/1026/1026 1025/1025/1025 1027/1027/1027
f 1028/1028/1028 1027/1027/1027 1029/1029/1029
f 1027/1027/1027 1025/1025/1025 1029/1029/1029
f 1025/1025/1025 1018/1018/1018 1029/1029/1029
f 1030/1030/1030 1029/1029/1029 1031/1031/1031
f 1029/1029/1029 1018/1018/1018 1031/1031/1031
f 1018/1018/1018 1032/1032/1032 1031/1031/1031
f 1033/1033/1033 1034/1034/1034 1035/1035/1035
f 1036/1036/1036 1035/1035/1035 1037/1037/1037
f 1037/1037/1037 1035/1035/1035 1038/1038/1038
f 1035/1035/1035 1034/1034/1034 1038/1038/1038
f 1039/1039/1039 1040/1040/1040 1041/1041/1041
f 1042/1042/1042 1041/1041/1041 1043/1043/1043
f 1041/1041/1041 1040/1040/1040 1043/1043/1043
f 1044/1044/1044 1043/1043/1043 1045/1045/1045
f 1046/1046/1046 1045/1045/1045 1047/1047/1047
f 1045/1045/1045 1043/1043/1043 1047/1047/1047
f 1043/1043/1043 1040/1040/1040 1047/1047/1047
f 1048/1048/1048 1047/1047/1047 1049/1049/1049
f 1050/1050/1050 1049/1049/1049 1051/1051/1051
f 1049/1049/1049 1047/1047/1047 1051/1051/1051
f 1047/1047/1047 1040/1040/1040 1051/1051/1051
f 1052/1052/1052 1051/1051/1051 1053/1053/1053
f 1051/1051/1051 1040/1040/1040 1053/1053/1053
f 1040/1040/1040 1054/1054/1054 1053/1053/1053
v -0.1982033 0.0029910 0.3424804
v -0.1991169 0.0008784 0.3423662
v -0.1982033 0.0029910 -0.3136378
v -0.1991169 0.0008784 -0.3139233
v -0.1982033 0.9342096 -0.3136378
v -0.1991169 0.9363222 -0.3139233
v -0.1982033 0.9342096 0.3424804
v -0.1991169 0.9363222 0.3423662
v -0.3106872 0.0029910 -0.3136378
v -0.3098307 0.0008784 -0.3139233
v -0.3106872 0.0029910 0.3424804
v -0.3097736 0.0008784 0.3423662
v -0.3106872 0.9342096 0.3424804
v -0.3097736 0.9363222 0.3423662
v -0.3106872 0.9342096 -0.3136378
v -0.3098307 0.9363222 -0.3139233
v -0.1991169 0.9329534 -0.3197474
v -0.1982033 0.9319257 -0.3178631
v -0.1991169 0.9295846 -0.3206610
v -0.1982033 0.9292991 -0.3185483
v -0.1991169 0.9353515 -0.3173492
v -0.1982033 0.9335244 -0.3162644
v -0.1991169 0.9329534 -0.3197474
v -0.1982033 0.9319257 -0.3178631
v -0.1991169 0.9363222 -0.3139233
v -0.1982033 0.9342096 -0.3136378
v -0.1991169 0.9353515 -0.3173492
v -0.1982033 0.9335244 -0.3162644
v -0.3098307 0.0008784 -0.3139233
v -0.3106872 0.0029910 -0.3136378
v -0.3098307 0.0018491 -0.3173492
v -0.3106872 0.0036762 -0.3162644
v -0.3098307 0.9295846 -0.3206610
v -0.3106872 0.9292991 -0.3185483
v -0.3098307 0.9329534 -0.3197474
v -0.3106872 0.9319257 -0.3178631
v -0.3098307 0.9329534 -0.3197474
v -0.3106872 0.9319257 -0.3178631
v -0.3098307 0.9353515 -0.3173492
v -0.3106872 0.9335244 -0.3162644
v -0.1991169 0.0076160 -0.3206610
v -0.1982033 0.0079015 -0.3185483
v -0.1991169 0.0042472 -0.3197474
v -0.1982033 0.0052750 -0.3178631
v -0.2598125 0.9363222 0.3722858
v -0.2598696 0.9342096 0.3731422
v -0.2490780 0.9363222 0.3722858
v -0.2490780 0.9342096 0.3731422
v -0.2490780 0.0008784 0.3722858
v -0.2490780 0.0029910 0.3731422
v -0.2598125 0.0008784 0.3722858
v -0.2598696 0.0029910 0.3731422
v -0.2384006 0.0008784 0.3714864
v -0.2382864 0.0029910 0.3724000
v -0.2490780 0.0008784 0.3722858
v -0.2490780 0.0029910 0.3731422
v -0.2490780 0.9363222 0.3722858
v -0.2490780 0.9342096 0.3731422
v -0.2384006 0.9363222 0.3714864
v -0.2382864 0.9342096 0.3724000
v -0.2280087 0.0008784 0.3693737
v -0.2277232 0.0029910 0.3702302
v -0.2384006 0.0008784 0.3714864
v -0.2382864 0.0029910 0.3724000
v -0.2384006 0.9363222 0.3714864
v -0.2382864 0.9342096 0.3724000
v -0.2280087 0.9363222 0.3693737
v -0.2277232 0.9342096 0.3702302
v -0.2180164 0.0008784 0.3656624
v -0.2176168 0.0029910 0.3664617
v -0.2280087 0.0008784 0.3693737
v -0.2277232 0.0029910 0.3702302
v -0.2280087 0.9363222 0.3693737
v -0.2277232 0.9342096 0.3702302
v -0.2180164 0.9363222 0.3656624
v -0.2176168 0.9342096 0.3664617
v -0.2090520 0.0008784 0.3601238
v -0.2084810 0.0029910 0.3608090
v -0.2180164 0.0008784 0.3656624
v -0.2176168 0.0029910 0.3664617
v -0.2180164 0.9363222 0.3656624
v -0.2176168 0.9342096 0.3664617
v -0.2090520 0.9363222 0.3601238
v -0.2084810 0.9342096 0.3608090
v -0.2019718 0.0008784 0.3523584
v -0.2011724 0.0029910 0.3528152
v -0.2090520 0.0008784 0.3601238
v -0.2084810 0.0029910 0.3608090
v -0.1991169 0.0008784 0.3423662
v -0.1982033 0.0029910 0.3424804
v -0.2019718 0.0008784 0.3523584
v -0.2011724 0.0029910 0.3528152
v -0.2019718 0.9363222 0.3523584
v -0.2011724 0.9342096 0.3528152
v -0.1991169 0.9363222 0.3423662
v -0.1982033 0.9342096 0.3424804
v -0.2998956 0.0008784 0.3601238
v -0.3004666 0.0029910 0.3608090
v -0.3069187 0.0008784 0.3523584
v -0.3077181 0.0029910 0.3528152
v -0.3069187 0.9363222 0.3523584
v -0.3077181 0.9342096 0.3528152
v -0.2998956 0.9363222 0.3601238
v -0.3004666 0.9342096 0.3608090
v -0.2908741 0.0008784 0.3656624
v -0.2912738 0.0029910 0.3664617
v -0.2998956 0.0008784 0.3601238
v -0.3004666 0.0029910 0.3608090
v -0.2998956 0.9363222 0.3601238
v -0.3004666 0.9342096 0.3608090
v -0.2908741 0.9363222 0.3656624
v -0.2912738 0.9342096 0.3664617
v -0.2809389 0.0008784 0.3693737
v -0.2811673 0.0029910 0.3702302
v -0.2908741 0.0008784 0.3656624
v -0.2912738 0.0029910 0.3664617
v -0.2908741 0.9363222 0.3656624
v -0.2912738 0.9342096 0.3664617
v -0.2809389 0.9363222 0.3693737
v -0.2811673 0.9342096 0.3702302
v -0.2704899 0.0008784 0.3714864
v -0.2706041 0.0029910 0.3724000
v -0.2809389 0.0008784 0.3693737
v -0.2811673 0.0029910 0.3702302
v -0.2809389 0.9363222 0.3693737
v -0.2811673 0.9342096 0.3702302
v -0.2704899 0.9363222 0.3714864
v -0.2706041 0.9342096 0.3724000
v -0.2598125 0.0008784 0.3722858
v -0.2598696 0.0029910 0.3731422
v -0.2704899 0.0008784 0.3714864
v -0.2706041 0.0029910 0.3724000
v -0.2704899 0.9363222 0.3714864
v -0.2706041 0.9342096 0.3724000
v -0.2598125 0.9363222 0.3722858
v -0.2598696 0.9342096 0.3731422
v -0.3097736 0.9363222 0.3423662
v -0.3106872 0.9342096 0.3424804
v -0.3069187 0.9363222 0.3523584
v -0.3077181 0.9342096 0.3528152
v -0.3069187 0.0008784 0.3523584
v -0.3077181 0.0029910 0.3528152
v -0.3097736 0.0008784 0.3423662
v -0.3106872 0.0029910 0.3424804
v -0.2176168 0.0029910 0.3664617
v -0.2176168 0.9342096 0.3664617
v -0.2277232 0.0029910 0.3702302
v -0.2277232 0.9342096 0.3702302
v -0.3004666 0.0029910 0.3608090
v -0.3004666 0.9342096 0.3608090
v -0.3077181 0.0029910 0.3528152
v -0.3077181 0.9342096 0.3528152
v -0.2084810 0.0029910 0.3608090
v -0.2084810 0.9342096 0.3608090
v -0.2176168 0.0029910 0.3664617
v -0.2176168 0.9342096 0.3664617
v -0.2912738 0.0029910 0.3664617
v -0.2912738 0.9342096 0.3664617
v -0.3004666 0.0029910 0.3608090
v -0.3004666 0.9342096 0.3608090
v -0.2811673 0.0029910 0.3702302
v -0.2811673 0.9342096 0.3702302
v -0.2912738 0.0029910 0.3664617
v -0.2912738 0.9342096 0.3664617
v -0.2090520 0.9363222 0.3601238
v -0.2084810 0.9342096 0.3608090
v -0.2019718 0.9363222 0.3523584
v -0.2011724 0.9342096 0.3528152
v -0.2011724 0.0029910 0.3528152
v -0.2084810 0.0029910 0.3608090
v -0.1982033 0.9335244 -0.3162644
v -0.1982033 0.9342096 -0.3136378
v -0.1982033 0.9319257 -0.3178631
v -0.1991169 0.9295846 -0.3206610
v -0.1982033 0.9292991 -0.3185483
v -0.1991169 0.0076160 -0.3206610
v -0.1982033 0.0079015 -0.3185483
v -0.1991169 0.0042472 -0.3197474
v -0.1982033 0.0052750 -0.3178631
v -0.1991169 0.0018491 -0.3173492
v -0.1982033 0.0036762 -0.3162644
v -0.1991169 0.0018491 -0.3173492
v -0.1991169 0.0008784 -0.3139233
v -0.1982033 0.0029910 -0.3136378
v -0.1982033 0.0029910 0.3424804
v -0.2011724 0.9342096 0.3528152
v -0.2011724 0.0029910 0.3528152
v -0.1982033 0.9342096 0.3424804
v -0.2811673 0.9342096 0.3702302
v -0.2811673 0.0029910 0.3702302
v -0.2706041 0.9342096 0.3724000
v -0.2706041 0.0029910 0.3724000
v -0.2598696 0.9342096 0.3731422
v -0.2598696 0.0029910 0.3731422
v -0.2490780 0.9342096 0.3731422
v -0.2277232 0.0029910 0.3702302
v -0.2277232 0.9342096 0.3702302
v -0.2382864 0.0029910 0.3724000
v -0.2382864 0.9342096 0.3724000
v -0.2490780 0.0029910 0.3731422
v -0.3106872 0.0029910 -0.3136378
v -0.3106872 0.0029910 0.3424804
v -0.3106872 0.0036762 -0.3162644
v -0.3098307 0.0018491 -0.3173492
v -0.3098307 0.0042472 -0.3197474
v -0.3106872 0.0052750 -0.3178631
v -0.3098307 0.0042472 -0.3197474
v -0.3098307 0.0076160 -0.3206610
v -0.3106872 0.0079015 -0.3185483
v -0.3098307 0.0076160 -0.3206610
v -0.3098307 0.9295846 -0.3206610
v -0.3106872 0.9292991 -0.3185483
v -0.3106872 0.9319257 -0.3178631
v -0.3098307 0.9353515 -0.3173492
v -0.3106872 0.9335244 -0.3162644
v -0.3098307 0.9363222 -0.3139233
v -0.3106872 0.9342096 -0.3136378
v -0.3106872 0.9342096 0.3424804
vt 0.2567759 0.5068894
vt 0.2567759 0.5062544
vt 0.3057270 0.5068100
vt 0.3057800 0.5062544
vt 0.3057270 0.7033554
vt 0.3057800 0.7039110
vt 0.2567759 0.7032760
vt 0.2567759 0.7039110
vt 0.1982992 0.5068100
vt 0.1982198 0.5062544
vt 0.2515633 0.5068894
vt 0.2515633 0.5062544
vt 0.2515633 0.7032760
vt 0.2515633 0.7039110
vt 0.1982992 0.7033554
vt 0.1982198 0.7039110
vt 0.3061239 0.7033554
vt 0.3059652 0.7030378
vt 0.3061769 0.7028791
vt 0.3059916 0.7026409
vt 0.3059916 0.7037522
vt 0.3058593 0.7032760
vt 0.3061239 0.7034347
vt 0.3059652 0.7030378
vt 0.3058064 0.7039110
vt 0.3057270 0.7033554
vt 0.3059652 0.7037522
vt 0.3058593 0.7032760
vt 0.1981934 0.5062544
vt 0.1982992 0.5068100
vt 0.1980346 0.5063337
vt 0.1981404 0.5068894
vt 0.1978229 0.7028791
vt 0.1980346 0.7026409
vt 0.1978758 0.7033554
vt 0.1980611 0.7030378
vt 0.1978758 0.7034347
vt 0.1980611 0.7030378
vt 0.1980081 0.7037522
vt 0.1981404 0.7032760
vt 0.3061769 0.5072069
vt 0.3059916 0.5075244
vt 0.3061239 0.5068100
vt 0.3059652 0.5070482
vt 0.2539712 0.7039110
vt 0.2539712 0.7032760
vt 0.2543681 0.7039110
vt 0.2543681 0.7032760
vt 0.2543681 0.5062544
vt 0.2543681 0.5068894
vt 0.2539712 0.5062544
vt 0.2539712 0.5068894
vt 0.2547650 0.5062544
vt 0.2547650 0.5068894
vt 0.2543681 0.5062544
vt 0.2543681 0.5068894
vt 0.2543681 0.7039110
vt 0.2543681 0.7032760
vt 0.2547650 0.7039110
vt 0.2547650 0.7032760
vt 0.2551619 0.5062544
vt 0.2551619 0.5068894
vt 0.2547650 0.5062544
vt 0.2547650 0.5068894
vt 0.2547650 0.7039110
vt 0.2547650 0.7032760
vt 0.2551619 0.7039110
vt 0.2551619 0.7032760
vt 0.2555588 0.5062544
vt 0.2555588 0.5068894
vt 0.2551619 0.5062544
vt 0.2551619 0.5068894
vt 0.2551619 0.7039110
vt 0.2551619 0.7032760
vt 0.2555588 0.7039110
vt 0.2555588 0.7032760
vt 0.2559557 0.5062544
vt 0.2559557 0.5068894
vt 0.2555588 0.5062544
vt 0.2555588 0.5068894
vt 0.2555588 0.7039110
vt 0.2555588 0.7032760
vt 0.2559557 0.7039110
vt 0.2559557 0.7032760
vt 0.2563526 0.5062544
vt 0.2563790 0.5068894
vt 0.2559821 0.5062544
vt 0.2559557 0.5068894
vt 0.2567495 0.5062544
vt 0.2567759 0.5068894
vt 0.2563790 0.5062544
vt 0.2563790 0.5068894
vt 0.2563790 0.7039110
vt 0.2563790 0.7032760
vt 0.2567495 0.7039110
vt 0.2567759 0.7032760
vt 0.2523571 0.5062544
vt 0.2523571 0.5068894
vt 0.2519602 0.5062544
vt 0.2519602 0.5068894
vt 0.2519602 0.7039110
vt 0.2519602 0.7032760
vt 0.2523571 0.7039110
vt 0.2523571 0.7032760
vt 0.2527540 0.5062544
vt 0.2527540 0.5068894
vt 0.2523571 0.5062544
vt 0.2523571 0.5068894
vt 0.2523571 0.7039110
vt 0.2523571 0.7032760
vt 0.2527540 0.7039110
vt 0.2527540 0.7032760
vt 0.2531509 0.5062544
vt 0.2531509 0.5068894
vt 0.2527540 0.5062544
vt 0.2527540 0.5068894
vt 0.2527540 0.7039110
vt 0.2527540 0.7032760
vt 0.2531509 0.7039110
vt 0.2531509 0.7032760
vt 0.2535743 0.5062544
vt 0.2535743 0.5068894
vt 0.2531774 0.5062544
vt 0.2531509 0.5068894
vt 0.2531774 0.7039110
vt 0.2531509 0.7032760
vt 0.2535743 0.7039110
vt 0.2535743 0.7032760
vt 0.2539712 0.5062544
vt 0.2539712 0.5068894
vt 0.2535743 0.5062544
vt 0.2535743 0.5068894
vt 0.2535743 0.7039110
vt 0.2535743 0.7032760
vt 0.2539712 0.7039110
vt 0.2539712 0.7032760
vt 0.2515633 0.7039110
vt 0.2515633 0.7032760
vt 0.2519602 0.7039110
vt 0.2519602 0.7032760
vt 0.2519602 0.5062544
vt 0.2519602 0.5068894
vt 0.2515633 0.5062544
vt 0.2515633 0.5068894
vt 0.2555588 0.5068894
vt 0.2555588 0.7032760
vt 0.2551619 0.5068894
vt 0.2551619 0.7032760
vt 0.2523571 0.5068894
vt 0.2523571 0.7032760
vt 0.2519602 0.5068894
vt 0.2519602 0.7032760
vt 0.2559557 0.5068894
vt 0.2559557 0.7032760
vt 0.2555588 0.5068894
vt 0.2555588 0.7032760
vt 0.2527540 0.5068894
vt 0.2527540 0.7032760
vt 0.2523571 0.5068894
vt 0.2523571 0.7032760
vt 0.2531509 0.5068894
vt 0.2531509 0.7032760
vt 0.2527540 0.5068894
vt 0.2527540 0.7032760
vt 0.2559821 0.7039110
vt 0.2559557 0.7032760
vt 0.2563526 0.7039110
vt 0.2563790 0.7032760
vt 0.2563790 0.5068894
vt 0.2559557 0.5068894
vt 0.3058593 0.7032760
vt 0.3057270 0.7033554
vt 0.3059652 0.7030378
vt 0.3061769 0.7028791
vt 0.3059916 0.7026409
vt 0.3061769 0.5072863
vt 0.3059916 0.5075244
vt 0.3061239 0.5067307
vt 0.3059652 0.5070482
vt 0.3059916 0.5064131
vt 0.3058593 0.5068894
vt 0.3059652 0.5063337
vt 0.3058064 0.5062544
vt 0.3057270 0.5068100
vt 0.2567759 0.5068894
vt 0.2563790 0.7032760
vt 0.2563790 0.5068894
vt 0.2567759 0.7032760
vt 0.2531509 0.7032760
vt 0.2531509 0.5068894
vt 0.2535743 0.7032760
vt 0.2535743 0.5068894
vt 0.2539712 0.7032760
vt 0.2539712 0.5068894
vt 0.2543681 0.7032760
vt 0.2551619 0.5068894
vt 0.2551619 0.7032760
vt 0.2547650 0.5068894
vt 0.2547650 0.7032760
vt 0.2543681 0.5068894
vt 0.1982992 0.5068100
vt 0.2515633 0.5068894
vt 0.1981404 0.5068894
vt 0.1980081 0.5064131
vt 0.1978758 0.5067307
vt 0.1980611 0.5070482
vt 0.1978758 0.5068100
vt 0.1978229 0.5072069
vt 0.1980346 0.5075244
vt 0.1978229 0.5072863
vt 0.1978229 0.7028791
vt 0.1980346 0.7026409
vt 0.1980611 0.7030378
vt 0.1980346 0.7037522
vt 0.1981404 0.7032760
vt 0.1981934 0.7039110
vt 0.1982992 0.7033554
vt 0.2515633 0.7032760
vn 0.9999903 -0.0019685 0.0039370
vn 0.7071041 -0.7071041 0.0027729
vn 0.9999981 -0.0019608 0.0000000
vn 0.7071041 -0.7071041 -0.0027729
vn 0.9999981 0.0019608 0.0000000
vn 0.7071041 0.7071041 -0.0027729
vn 0.9999903 0.0019685 0.0039370
vn 0.7071041 0.7071041 0.0027729
vn -0.9999981 -0.0019608 0.0000000
vn -0.7071041 -0.7071041 -0.0027729
vn -0.9999903 -0.0019685 0.0039370
vn -0.7071041 -0.7071041 0.0027729
vn -0.9999903 0.0019685 0.0039370
vn -0.7071041 0.7071041 0.0027729
vn -0.9999981 0.0019608 0.0000000
vn -0.7071041 0.7071041 -0.0027729
vn 0.6898012 0.3613245 -0.6273906
vn 1.0000000 0.0000000 0.0000000
vn 0.7057216 0.0000000 -0.7084892
vn 0.9999981 0.0000000 -0.0019608
vn 0.6898012 0.6273906 -0.3613245
vn 1.0000000 0.0000000 0.0000000
vn 0.6898012 0.3613245 -0.6273906
vn 1.0000000 0.0000000 0.0000000
vn 0.7071041 0.7071041 -0.0027729
vn 0.9999981 0.0019608 0.0000000
vn 0.6898012 0.6273906 -0.3613245
vn 1.0000000 0.0000000 0.0000000
vn -0.7071041 -0.7071041 -0.0027729
vn -0.9999981 -0.0019608 0.0000000
vn -0.6898012 -0.6273906 -0.3613245
vn -1.0000000 0.0000000 0.0000000
vn -0.7057216 0.0000000 -0.7084892
vn -0.9999981 0.0000000 -0.0019608
vn -0.6898012 0.3613245 -0.6273906
vn -1.0000000 0.0000000 0.0000000
vn -0.6898012 0.3613245 -0.6273906
vn -1.0000000 0.0000000 0.0000000
vn -0.6898012 0.6273906 -0.3613245
vn -1.0000000 0.0000000 0.0000000
vn 0.7057216 0.0000000 -0.7084892
vn 0.9999981 0.0000000 -0.0019608
vn 0.6898012 -0.3613245 -0.6273906
vn 1.0000000 0.0000000 0.0000000
vn -0.0253460 0.7040578 0.7096902
vn -0.0364868 0.0000000 0.9993341
vn 0.0253460 0.7040578 0.7096902
vn 0.0364868 0.0000000 0.9993341
vn 0.0253461 -0.7040577 0.7096903
vn 0.0364868 0.0000000 0.9993341
vn -0.0253460 -0.7040578 0.7096902
vn -0.0364868 0.0000000 0.9993341
vn 0.0971711 -0.7066989 0.7008098
vn 0.1367867 0.0000000 0.9906005
vn 0.0253461 -0.7040577 0.7096903
vn 0.0364868 0.0000000 0.9993341
vn 0.0253460 0.7040578 0.7096902
vn 0.0364868 0.0000000 0.9993341
vn 0.0971711 0.7066989 0.7008098
vn 0.1367867 0.0000000 0.9906005
vn 0.1950239 -0.7058012 0.6810362
vn 0.2759999 0.0000000 0.9611577
vn 0.0971711 -0.7066989 0.7008098
vn 0.1367867 0.0000000 0.9906005
vn 0.0971711 0.7066989 0.7008098
vn 0.1367867 0.0000000 0.9906005
vn 0.1950240 0.7058011 0.6810363
vn 0.2759999 0.0000000 0.9611577
vn 0.3105691 -0.7052505 0.6373135
vn 0.4367227 0.0000000 0.8995962
vn 0.1950239 -0.7058012 0.6810362
vn 0.2759999 0.0000000 0.9611577
vn 0.1950240 0.7058011 0.6810363
vn 0.2759999 0.0000000 0.9611577
vn 0.3105690 0.7052506 0.6373135
vn 0.4367227 0.0000000 0.8995962
vn 0.4535527 -0.7036735 0.5469310
vn 0.6363831 0.0000000 0.7713732
vn 0.3105691 -0.7052505 0.6373135
vn 0.4367227 0.0000000 0.8995962
vn 0.3105690 0.7052506 0.6373135
vn 0.4367227 0.0000000 0.8995962
vn 0.4535527 0.7036735 0.5469310
vn 0.6363831 0.0000000 0.7713732
vn 0.6169919 -0.7083979 0.3427731
vn 0.8715044 0.0000000 0.4903877
vn 0.4535527 -0.7036735 0.5469310
vn 0.6363831 0.0000000 0.7713732
vn 0.7071041 -0.7071041 0.0027729
vn 0.9999826 0.0000000 0.0059054
vn 0.6169919 -0.7083979 0.3427731
vn 0.8715044 0.0000000 0.4903877
vn 0.6169918 0.7083980 0.3427731
vn 0.8715044 0.0000000 0.4903877
vn 0.7071041 0.7071041 0.0027729
vn 0.9999826 0.0000000 0.0059054
vn -0.4535527 -0.7036735 0.5469310
vn -0.6363829 0.0000000 0.7713733
vn -0.6169917 -0.7083980 0.3427732
vn -0.8715043 0.0000000 0.4903879
vn -0.6169916 0.7083981 0.3427733
vn -0.8715043 0.0000000 0.4903879
vn -0.4535527 0.7036735 0.5469310
vn -0.6363829 0.0000000 0.7713733
vn -0.3105690 -0.7052506 0.6373135
vn -0.4367225 0.0000000 0.8995963
vn -0.4535527 -0.7036735 0.5469310
vn -0.6363829 0.0000000 0.7713733
vn -0.4535527 0.7036735 0.5469310
vn -0.6363829 0.0000000 0.7713733
vn -0.3105690 0.7052506 0.6373135
vn -0.4367225 0.0000000 0.8995963
vn -0.1950240 -0.7058011 0.6810363
vn -0.2759999 0.0000000 0.9611577
vn -0.3105690 -0.7052506 0.6373135
vn -0.4367225 0.0000000 0.8995963
vn -0.3105690 0.7052506 0.6373135
vn -0.4367225 0.0000000 0.8995963
vn -0.1950240 0.7058011 0.6810363
vn -0.2759999 0.0000000 0.9611577
vn -0.0971711 -0.7066989 0.7008098
vn -0.1367867 0.0000000 0.9906005
vn -0.1950240 -0.7058011 0.6810363
vn -0.2759999 0.0000000 0.9611577
vn -0.1950240 0.7058011 0.6810363
vn -0.2759999 0.0000000 0.9611577
vn -0.0971711 0.7066989 0.7008098
vn -0.1367867 0.0000000 0.9906005
vn -0.0253460 -0.7040578 0.7096902
vn -0.0364868 0.0000000 0.9993341
vn -0.0971711 -0.7066989 0.7008098
vn -0.1367867 0.0000000 0.9906005
vn -0.0971711 0.7066989 0.7008098
vn -0.1367867 0.0000000 0.9906005
vn -0.0253460 0.7040578 0.7096902
vn -0.0364868 0.0000000 0.9993341
vn -0.7071041 0.7071041 0.0027729
vn -0.9999826 0.0000000 0.0059054
vn -0.6169916 0.7083981 0.3427733
vn -0.8715043 0.0000000 0.4903879
vn -0.6169917 -0.7083980 0.3427732
vn -0.8715043 0.0000000 0.4903879
vn -0.7071041 -0.7071041 0.0027729
vn -0.9999826 0.0000000 0.0059054
vn 0.4367227 0.0000000 0.8995962
vn 0.4367227 0.0000000 0.8995962
vn 0.2759999 0.0000000 0.9611577
vn 0.2759999 0.0000000 0.9611577
vn -0.6363829 0.0000000 0.7713733
vn -0.6363829 0.0000000 0.7713733
vn -0.8715043 0.0000000 0.4903879
vn -0.8715043 0.0000000 0.4903879
vn 0.6363831 0.0000000 0.7713732
vn 0.6363831 0.0000000 0.7713732
vn 0.4367227 0.0000000 0.8995962
vn 0.4367227 0.0000000 0.8995962
vn -0.4367225 0.0000000 0.8995963
vn -0.4367225 0.0000000 0.8995963
vn -0.6363829 0.0000000 0.7713733
vn -0.6363829 0.0000000 0.7713733
vn -0.2759999 0.0000000 0.9611577
vn -0.2759999 0.0000000 0.9611577
vn -0.4367225 0.0000000 0.8995963
vn -0.4367225 0.0000000 0.8995963
vn 0.4535527 0.7036735 0.5469310
vn 0.6363831 0.0000000 0.7713732
vn 0.6169918 0.7083980 0.3427731
vn 0.8715044 0.0000000 0.4903877
vn 0.8715044 0.0000000 0.4903877
vn 0.6363831 0.0000000 0.7713732
vn 1.0000000 0.0000000 0.0000000
vn 0.9999981 0.0019608 0.0000000
vn 1.0000000 0.0000000 0.0000000
vn 0.7057216 0.0000000 -0.7084892
vn 0.9999981 0.0000000 -0.0019608
vn 0.7057216 0.0000000 -0.7084892
vn 0.9999981 0.0000000 -0.0019608
vn 0.6898012 -0.3613245 -0.6273906
vn 1.0000000 0.0000000 0.0000000
vn 0.6898012 -0.6273906 -0.3613245
vn 1.0000000 0.0000000 0.0000000
vn 0.6898012 -0.6273906 -0.3613245
vn 0.7071041 -0.7071041 -0.0027729
vn 0.9999981 -0.0019608 0.0000000
vn 0.9999826 0.0000000 0.0059054
vn 0.8715044 0.0000000 0.4903877
vn 0.8715044 0.0000000 0.4903877
vn 0.9999826 0.0000000 0.0059054
vn -0.2759999 0.0000000 0.9611577
vn -0.2759999 0.0000000 0.9611577
vn -0.1367867 0.0000000 0.9906005
vn -0.1367867 0.0000000 0.9906005
vn -0.0364868 0.0000000 0.9993341
vn -0.0364868 0.0000000 0.9993341
vn 0.0364868 0.0000000 0.9993341
vn 0.2759999 0.0000000 0.9611577
vn 0.2759999 0.0000000 0.9611577
vn 0.1367867 0.0000000 0.9906005
vn 0.1367867 0.0000000 0.9906005
vn 0.0364868 0.0000000 0.9993341
vn -0.9999981 -0.0019608 0.0000000
vn -0.9999826 0.0000000 0.0059054
vn -1.0000000 0.0000000 0.0000000
vn -0.6898012 -0.6273906 -0.3613245
vn -0.6898012 -0.3613245 -0.6273906
vn -1.0000000 0.0000000 0.0000000
vn -0.6898012 -0.3613245 -0.6273906
vn -0.7057216 0.0000000 -0.7084892
vn -0.9999981 0.0000000 -0.0019608
vn -0.7057216 0.0000000 -0.7084892
vn -0.7057216 0.0000000 -0.7084892
vn -0.9999981 0.0000000 -0.0019608
vn -1.0000000 0.0000000 0.0000000
vn -0.6898012 0.6273906 -0.3613245
vn -1.0000000 0.0000000 0.0000000
vn -0.7071041 0.7071041 -0.0027729
vn -0.9999981 0.0019608 0.0000000
vn -0.9999826 0.0000000 0.0059054
f 1055/1055/1055 1056/1056/1056 1057/1057/1057
f 1056/1056/1056 1058/1058/1058 1057/1057/1057
f 1059/1059/1059 1060/1060/1060 1061/1061/1061
f 1060/1060/1060 1062/1062/1062 1061/1061/1061
f 1063/1063/1063 1064/1064/1064 1065/1065/1065
f 1064/1064/1064 1066/1066/1066 1065/1065/1065
f 1067/1067/1067 1068/1068/1068 1069/1069/1069
f 1068/1068/1068 1070/1070/1070 1069/1069/1069
f 1071/1071/1071 1072/1072/1072 1073/1073/1073
f 1072/1072/1072 1074/1074/1074 1073/1073/1073
f 1075/1075/1075 1076/1076/1076 1077/1077/1077
f 1076/1076/1076 1078/1078/1078 1077/1077/1077
f 1079/1079/1079 1080/1080/1080 1081/1081/1081
f 1080/1080/1080 1082/1082/1082 1081/1081/1081
f 1083/1083/1083 1084/1084/1084 1085/1085/1085
f 1084/1084/1084 1086/1086/1086 1085/1085/1085
f 1087/1087/1087 1088/1088/1088 1089/1089/1089
f 1088/1088/1088 1090/1090/1090 1089/1089/1089
f 1091/1091/1091 1092/1092/1092 1093/1093/1093
f 1092/1092/1092 1094/1094/1094 1093/1093/1093
f 1095/1095/1095 1096/1096/1096 1097/1097/1097
f 1096/1096/1096 1098/1098/1098 1097/1097/1097
f 1099/1099/1099 1100/1100/1100 1101/1101/1101
f 1100/1100/1100 1102/1102/1102 1101/1101/1101
f 1103/1103/1103 1104/1104/1104 1105/1105/1105
f 1104/1104/1104 1106/1106/1106 1105/1105/1105
f 1107/1107/1107 1108/1108/1108 1109/1109/1109
f 1108/1108/1108 1110/1110/1110 1109/1109/1109
f 1111/1111/1111 1112/1112/1112 1113/1113/1113
f 1112/1112/1112 1114/1114/1114 1113/1113/1113
f 1115/1115/1115 1116/1116/1116 1117/1117/1117
f 1116/1116/1116 1118/1118/1118 1117/1117/1117
f 1119/1119/1119 1120/1120/1120 1121/1121/1121
f 1120/1120/1120 1122/1122/1122 1121/1121/1121
f 1123/1123/1123 1124/1124/1124 1125/1125/1125
f 1124/1124/1124 1126/1126/1126 1125/1125/1125
f 1127/1127/1127 1128/1128/1128 1129/1129/1129
f 1128/1128/1128 1130/1130/1130 1129/1129/1129
f 1131/1131/1131 1132/1132/1132 1133/1133/1133
f 1132/1132/1132 1134/1134/1134 1133/1133/1133
f 1135/1135/1135 1136/1136/1136 1137/1137/1137
f 1136/1136/1136 1138/1138/1138 1137/1137/1137
f 1139/1139/1139 1140/1140/1140 1141/1141/1141
f 1140/1140/1140 1142/1142/1142 1141/1141/1141
f 1143/1143/1143 1144/1144/1144 1145/1145/1145
f 1144/1144/1144 1146/1146/1146 1145/1145/1145
f 1147/1147/1147 1148/1148/1148 1149/1149/1149
f 1148/1148/1148 1150/1150/1150 1149/1149/1149
f 1151/1151/1151 1152/1152/1152 1153/1153/1153
f 1152/1152/1152 1154/1154/1154 1153/1153/1153
f 1155/1155/1155 1156/1156/1156 1157/1157/1157
f 1156/1156/1156 1158/1158/1158 1157/1157/1157
f 1159/1159/1159 1160/1160/1160 1161/1161/1161
f 1160/1160/1160 1162/1162/1162 1161/1161/1161
f 1163/1163/1163 1164/1164/1164 1165/1165/1165
f 1164/1164/1164 1166/1166/1166 1165/1165/1165
f 1167/1167/1167 1168/1168/1168 1169/1169/1169
f 1168/1168/1168 1170/1170/1170 1169/1169/1169
f 1171/1171/1171 1172/1172/1172 1173/1173/1173
f 1172/1172/1172 1174/1174/1174 1173/1173/1173
f 1175/1175/1175 1176/1176/1176 1177/1177/1177
f 1176/1176/1176 1178/1178/1178 1177/1177/1177
f 1179/1179/1179 1180/1180/1180 1181/1181/1181
f 1180/1180/1180 1182/1182/1182 1181/1181/1181
f 1183/1183/1183 1184/1184/1184 1185/1185/1185
f 1184/1184/1184 1186/1186/1186 1185/1185/1185
f 1187/1187/1187 1188/1188/1188 1189/1189/1189
f 1188/1188/1188 1190/1190/1190 1189/1189/1189
f 1191/1191/1191 1192/1192/1192 1193/1193/1193
f 1193/1193/1193 1192/1192/1192 1194/1194/1194
f 1195/1195/1195 1196/1196/1196 1197/1197/1197
f 1197/1197/1197 1196/1196/1196 1198/1198/1198
f 1196/1196/1196 1194/1194/1194 1198/1198/1198
f 1194/1194/1194 1192/1192/1192 1198/1198/1198
f 1199/1199/1199 1200/1200/1200 1201/1201/1201
f 1200/1200/1200 1202/1202/1202 1201/1201/1201
f 1203/1203/1203 1204/1204/1204 1205/1205/1205
f 1204/1204/1204 1206/1206/1206 1205/1205/1205
f 1207/1207/1207 1208/1208/1208 1209/1209/1209
f 1208/1208/1208 1210/1210/1210 1209/1209/1209
f 1211/1211/1211 1212/1212/1212 1213/1213/1213
f 1212/1212/1212 1214/1214/1214 1213/1213/1213
f 1215/1215/1215 1216/1216/1216 1217/1217/1217
f 1216/1216/1216 1218/1218/1218 1217/1217/1217
f 1219/1219/1219 1220/1220/1220 1221/1221/1221
f 1221/1221/1221 1220/1220/1220 1222/1222/1222
f 1223/1223/1223 1222/1222/1222 1224/1224/1224
f 1222/1222/1222 1220/1220/1220 1224/1224/1224
f 1225/1225/1225 1226/1226/1226 1227/1227/1227
f 1228/1228/1228 1229/1229/1229 1230/1230/1230
f 1230/1230/1230 1229/1229/1229 1231/1231/1231
f 1229/1229/1229 1227/1227/1227 1231/1231/1231
f 1232/1232/1232 1233/1233/1233 1234/1234/1234
f 1234/1234/1234 1233/1233/1233 1235/1235/1235
f 1233/1233/1233 1231/1231/1231 1235/1235/1235
f 1231/1231/1231 1227/1227/1227 1235/1235/1235
f 1227/1227/1227 1226/1226/1226 1235/1235/1235
f 1236/1236/1236 1235/1235/1235 1237/1237/1237
f 1237/1237/1237 1235/1235/1235 1238/1238/1238
f 1238/1238/1238 1235/1235/1235 1239/1239/1239
f 1235/1235/1235 1226/1226/1226 1239/1239/1239
f 1240/1240/1240 1241/1241/1241 1242/1242/1242
f 1241/1241/1241 1239/1239/1239 1242/1242/1242
f 1239/1239/1239 1226/1226/1226 1242/1242/1242
f 1243/1243/1243 1244/1244/1244 1245/1245/1245
f 1244/1244/1244 1246/1246/1246 1245/1245/1245
f 1245/1245/1245 1246/1246/1246 1247/1247/1247
f 1246/1246/1246 1248/1248/1248 1247/1247/1247
f 1247/1247/1247 1248/1248/1248 1249/1249/1249
f 1250/1250/1250 1251/1251/1251 1252/1252/1252
f 1251/1251/1251 1253/1253/1253 1252/1252/1252
f 1252/1252/1252 1253/1253/1253 1254/1254/1254
f 1253/1253/1253 1249/1249/1249 1254/1254/1254
f 1249/1249/1249 1248/1248/1248 1254/1254/1254
f 1255/1255/1255 1256/1256/1256 1257/1257/1257
f 1258/1258/1258 1257/1257/1257 1259/1259/1259
f 1259/1259/1259 1257/1257/1257 1260/1260/1260
f 1261/1261/1261 1260/1260/1260 1262/1262/1262
f 1262/1262/1262 1260/1260/1260 1263/1263/1263
f 1260/1260/1260 1257/1257/1257 1263/1263/1263
f 1264/1264/1264 1263/1263/1263 1265/1265/1265
f 1265/1265/1265 1263/1263/1263 1266/1266/1266
f 1266/1266/1266 1263/1263/1263 1267/1267/1267
f 1263/1263/1263 1257/1257/1257 1267/1267/1267
f 1257/1257/1257 1256/1256/1256 1267/1267/1267
f 1268/1268/1268 1269/1269/1269 1270/1270/1270
f 1270/1270/1270 1269/1269/1269 1271/1271/1271
f 1269/1269/1269 1267/1267/1267 1271/1271/1271
f 1267/1267/1267 1256/1256/1256 1271/1271/1271
f 1256/1256/1256 1272/1272/1272 1271/1271/1271
v -0.2699937 0.9372007 0.3679502
v -0.2701653 0.9372007 0.3693803
v -0.2596966 0.9372007 0.3686366
v -0.2597538 0.9372007 0.3701812
v -0.2048364 0.9362854 -0.3139416
v -0.2056945 0.9342260 -0.3136555
v -0.2047792 0.9363426 0.3415784
v -0.2056373 0.9342260 0.3414639
v -0.2026626 0.0000000 0.3418644
v -0.2047792 0.0008581 0.3415784
v -0.2027198 0.0000000 -0.3140560
v -0.2048364 0.0009153 -0.3139416
v -0.2047792 0.0008581 0.3415784
v -0.2056373 0.0029747 0.3414639
v -0.2048364 0.0009153 -0.3139416
v -0.2056945 0.0029747 -0.3136555
v -0.1991158 0.0008581 0.3423792
v -0.2012324 0.0000000 0.3420932
v -0.1991158 0.0009153 -0.3139416
v -0.2012324 0.0000000 -0.3140560
v -0.1991158 0.9362854 -0.3139416
v -0.2012324 0.9372007 -0.3140560
v -0.1991158 0.9363426 0.3423792
v -0.2012324 0.9372007 0.3420932
v -0.2012324 0.9297067 -0.3215499
v -0.1991158 0.9295923 -0.3206346
v -0.2012324 0.0074939 -0.3215499
v -0.1991158 0.0076084 -0.3206346
v -0.3062049 0.0000000 -0.3140560
v -0.3040883 0.0009153 -0.3139416
v -0.3062621 0.0000000 0.3418644
v -0.3041455 0.0008581 0.3415784
v -0.3041455 0.9363426 0.3415784
v -0.3032874 0.9342260 0.3414639
v -0.3040883 0.9362854 -0.3139416
v -0.3031730 0.9342260 -0.3136555
v -0.3098088 0.0009153 -0.3139416
v -0.3076922 0.0000000 -0.3140560
v -0.3098088 0.0008581 0.3423792
v -0.3076922 0.0000000 0.3420932
v -0.3098088 0.9363426 0.3423792
v -0.3076922 0.9372007 0.3420932
v -0.3098088 0.9362854 -0.3139416
v -0.3076922 0.9372007 -0.3140560
v -0.3076922 0.0074939 -0.3215499
v -0.3098088 0.0076084 -0.3206346
v -0.3076922 0.9297067 -0.3215499
v -0.3098088 0.9295923 -0.3206346
v -0.2012324 0.9334252 -0.3205202
v -0.1991158 0.9329675 -0.3197194
v -0.2012324 0.9297067 -0.3215499
v -0.1991158 0.9295923 -0.3206346
v -0.2027198 0.9297067 -0.3215499
v -0.2048364 0.9295923 -0.3206346
v -0.2027198 0.9334252 -0.3205202
v -0.2048364 0.9329675 -0.3197194
v -0.2048364 0.9295923 -0.3206346
v -0.2056945 0.9293063 -0.3185752
v -0.2048364 0.9329675 -0.3197194
v -0.2056945 0.9318806 -0.3178316
v -0.2012324 0.9361710 -0.3177743
v -0.1991158 0.9353701 -0.3173167
v -0.2012324 0.9334252 -0.3205202
v -0.1991158 0.9329675 -0.3197194
v -0.2027198 0.9334252 -0.3205202
v -0.2048364 0.9329675 -0.3197194
v -0.2027198 0.9361710 -0.3177743
v -0.2048364 0.9353701 -0.3173167
v -0.2012324 0.9372007 -0.3140560
v -0.1991158 0.9362854 -0.3139416
v -0.2012324 0.9361710 -0.3177743
v -0.1991158 0.9353701 -0.3173167
v -0.2027198 0.9361710 -0.3177743
v -0.2048364 0.9353701 -0.3173167
v -0.2027198 0.9372007 -0.3140560
v -0.2048364 0.9362854 -0.3139416
v -0.2048364 0.9353701 -0.3173167
v -0.2056945 0.9334824 -0.3162298
v -0.2048364 0.9362854 -0.3139416
v -0.2056945 0.9342260 -0.3136555
v -0.3076922 0.0037756 -0.3205202
v -0.3098088 0.0042332 -0.3197194
v -0.3076922 0.0074939 -0.3215499
v -0.3098088 0.0076084 -0.3206346
v -0.3062049 0.0037756 -0.3205202
v -0.3040883 0.0042332 -0.3197194
v -0.3062049 0.0010297 -0.3177743
v -0.3040883 0.0018306 -0.3173167
v -0.3040883 0.0042332 -0.3197194
v -0.3031730 0.0053201 -0.3178316
v -0.3040883 0.0018306 -0.3173167
v -0.3031730 0.0037184 -0.3162298
v -0.3076922 0.0000000 -0.3140560
v -0.3098088 0.0009153 -0.3139416
v -0.3076922 0.0010297 -0.3177743
v -0.3098088 0.0018306 -0.3173167
v -0.3062049 0.0010297 -0.3177743
v -0.3040883 0.0018306 -0.3173167
v -0.3062049 0.0000000 -0.3140560
v -0.3040883 0.0009153 -0.3139416
v -0.3040883 0.0018306 -0.3173167
v -0.3031730 0.0037184 -0.3162298
v -0.3040883 0.0009153 -0.3139416
v -0.3031730 0.0029747 -0.3136555
v -0.3062049 0.9334252 -0.3205202
v -0.3040883 0.9329675 -0.3197194
v -0.3062049 0.9297067 -0.3215499
v -0.3040883 0.9295923 -0.3206346
v -0.3076922 0.9297067 -0.3215499
v -0.3098088 0.9295923 -0.3206346
v -0.3076922 0.9334252 -0.3205202
v -0.3098088 0.9329675 -0.3197194
v -0.3062049 0.9361710 -0.3177743
v -0.3040883 0.9353701 -0.3173167
v -0.3062049 0.9334252 -0.3205202
v -0.3040883 0.9329675 -0.3197194
v -0.3076922 0.9334252 -0.3205202
v -0.3098088 0.9329675 -0.3197194
v -0.3076922 0.9361710 -0.3177743
v -0.3098088 0.9353701 -0.3173167
v -0.3062049 0.9372007 -0.3140560
v -0.3040883 0.9362854 -0.3139416
v -0.3062049 0.9361710 -0.3177743
v -0.3040883 0.9353701 -0.3173167
v -0.3040883 0.9362854 -0.3139416
v -0.3031730 0.9342260 -0.3136555
v -0.3040883 0.9353701 -0.3173167
v -0.3031730 0.9334824 -0.3162298
v -0.3076922 0.9361710 -0.3177743
v -0.3098088 0.9353701 -0.3173167
v -0.3076922 0.9372007 -0.3140560
v -0.3098088 0.9362854 -0.3139416
v -0.2012324 0.0010297 -0.3177743
v -0.1991158 0.0018306 -0.3173167
v -0.2012324 0.0000000 -0.3140560
v -0.1991158 0.0009153 -0.3139416
v -0.2027198 0.0000000 -0.3140560
v -0.2048364 0.0009153 -0.3139416
v -0.2027198 0.0010297 -0.3177743
v -0.2048364 0.0018306 -0.3173167
v -0.2048364 0.0009153 -0.3139416
v -0.2056945 0.0029747 -0.3136555
v -0.2048364 0.0018306 -0.3173167
v -0.2056945 0.0037184 -0.3162298
v -0.2012324 0.0037756 -0.3205202
v -0.1991158 0.0042332 -0.3197194
v -0.2012324 0.0010297 -0.3177743
v -0.1991158 0.0018306 -0.3173167
v -0.2027198 0.0010297 -0.3177743
v -0.2048364 0.0018306 -0.3173167
v -0.2027198 0.0037756 -0.3205202
v -0.2048364 0.0042332 -0.3197194
v -0.2012324 0.0074939 -0.3215499
v -0.1991158 0.0076084 -0.3206346
v -0.2012324 0.0037756 -0.3205202
v -0.1991158 0.0042332 -0.3197194
v -0.2027198 0.0037756 -0.3205202
v -0.2048364 0.0042332 -0.3197194
v -0.2027198 0.0074939 -0.3215499
v -0.2048364 0.0076084 -0.3206346
v -0.2595822 0.9342260 0.3656620
v -0.2595822 0.9363426 0.3665200
v -0.2493424 0.9342260 0.3656620
v -0.2492852 0.9363426 0.3665200
v -0.2595822 0.9363426 0.3665200
v -0.2596966 0.9372007 0.3686366
v -0.2492852 0.9363426 0.3665200
v -0.2492280 0.9372007 0.3686366
v -0.2493424 0.0029747 0.3656620
v -0.2492852 0.0008581 0.3665200
v -0.2595822 0.0029747 0.3656620
v -0.2595822 0.0008581 0.3665200
v -0.2492852 0.0008581 0.3665200
v -0.2492280 0.0000000 0.3686366
v -0.2595822 0.0008581 0.3665200
v -0.2596966 0.0000000 0.3686366
v -0.2493424 0.9342260 0.3656620
v -0.2492852 0.9363426 0.3665200
v -0.2393314 0.9342260 0.3649755
v -0.2392170 0.9363426 0.3658336
v -0.2492852 0.9363426 0.3665200
v -0.2492280 0.9372007 0.3686366
v -0.2392170 0.9363426 0.3658336
v -0.2389310 0.9372007 0.3679502
v -0.2298353 0.0029747 0.3629733
v -0.2295492 0.0008581 0.3638314
v -0.2393314 0.0029747 0.3649755
v -0.2492852 0.0008581 0.3665200
v -0.2493424 0.0029747 0.3656620
v -0.2392170 0.0008581 0.3658336
v -0.2295492 0.0008581 0.3638314
v -0.2289772 0.0000000 0.3658908
v -0.2392170 0.0008581 0.3658336
v -0.2492280 0.0000000 0.3686366
v -0.2492852 0.0008581 0.3665200
v -0.2389310 0.0000000 0.3679502
v -0.2393314 0.9342260 0.3649755
v -0.2392170 0.9363426 0.3658336
v -0.2298353 0.9342260 0.3629733
v -0.2295492 0.9363426 0.3638314
v -0.2392170 0.9363426 0.3658336
v -0.2389310 0.9372007 0.3679502
v -0.2295492 0.9363426 0.3638314
v -0.2289772 0.9372007 0.3658908
v -0.2209112 0.0029747 0.3597126
v -0.2205107 0.0008581 0.3605134
v -0.2298353 0.0029747 0.3629733
v -0.2295492 0.0008581 0.3638314
v -0.2205107 0.0008581 0.3605134
v -0.2195955 0.0000000 0.3624012
v -0.2295492 0.0008581 0.3638314
v -0.2289772 0.0000000 0.3658908
v -0.2298353 0.9342260 0.3629733
v -0.2295492 0.9363426 0.3638314
v -0.2209112 0.9342260 0.3597126
v -0.2205107 0.9363426 0.3605134
v -0.2295492 0.9363426 0.3638314
v -0.2289772 0.9372007 0.3658908
v -0.2205107 0.9363426 0.3605134
v -0.2195955 0.9372007 0.3624012
v -0.2132456 0.0029747 0.3550217
v -0.2126736 0.0008581 0.3557082
v -0.2209112 0.0029747 0.3597126
v -0.2205107 0.0008581 0.3605134
v -0.2126736 0.0008581 0.3557082
v -0.2113006 0.0000000 0.3573671
v -0.2205107 0.0008581 0.3605134
v -0.2195955 0.0000000 0.3624012
v -0.2209112 0.9342260 0.3597126
v -0.2205107 0.9363426 0.3605134
v -0.2132456 0.9342260 0.3550217
v -0.2126736 0.9363426 0.3557082
v -0.2205107 0.9363426 0.3605134
v -0.2195955 0.9372007 0.3624012
v -0.2126736 0.9363426 0.3557082
v -0.2113006 0.9372007 0.3573671
v -0.2076967 0.0029747 0.3491295
v -0.2068958 0.0008581 0.3495872
v -0.2132456 0.0029747 0.3550217
v -0.2126736 0.0008581 0.3557082
v -0.2068958 0.0008581 0.3495872
v -0.2050080 0.0000000 0.3506741
v -0.2126736 0.0008581 0.3557082
v -0.2113006 0.0000000 0.3573671
v -0.2132456 0.9342260 0.3550217
v -0.2126736 0.9363426 0.3557082
v -0.2076967 0.9342260 0.3491295
v -0.2068958 0.9363426 0.3495872
v -0.2126736 0.9363426 0.3557082
v -0.2113006 0.9372007 0.3573671
v -0.2068958 0.9363426 0.3495872
v -0.2050080 0.9372007 0.3506741
v -0.2056373 0.0029747 0.3414639
v -0.2047792 0.0008581 0.3415784
v -0.2076967 0.0029747 0.3491295
v -0.2068958 0.0008581 0.3495872
v -0.2047792 0.0008581 0.3415784
v -0.2026626 0.0000000 0.3418644
v -0.2068958 0.0008581 0.3495872
v -0.2050080 0.0000000 0.3506741
v -0.2076967 0.9342260 0.3491295
v -0.2068958 0.9363426 0.3495872
v -0.2056373 0.9342260 0.3414639
v -0.2047792 0.9363426 0.3415784
v -0.2068958 0.9363426 0.3495872
v -0.2050080 0.9372007 0.3506741
v -0.2047792 0.9363426 0.3415784
v -0.2027198 0.9372007 -0.3140560
v -0.2048364 0.9362854 -0.3139416
v -0.2026626 0.9372007 0.3418644
v -0.3011708 0.0029747 0.3491295
v -0.3020288 0.0008581 0.3495872
v -0.3032874 0.0029747 0.3414639
v -0.3040883 0.0009153 -0.3139416
v -0.3031730 0.0029747 -0.3136555
v -0.3041455 0.0008581 0.3415784
v -0.3020288 0.0008581 0.3495872
v -0.3039166 0.0000000 0.3506741
v -0.3041455 0.0008581 0.3415784
v -0.3062621 0.0000000 0.3418644
v -0.3032874 0.9342260 0.3414639
v -0.3041455 0.9363426 0.3415784
v -0.3011708 0.9342260 0.3491295
v -0.3020288 0.9363426 0.3495872
v -0.3040883 0.9362854 -0.3139416
v -0.3062049 0.9372007 -0.3140560
v -0.3041455 0.9363426 0.3415784
v -0.3062621 0.9372007 0.3418644
v -0.3020288 0.9363426 0.3495872
v -0.3039166 0.9372007 0.3506741
v -0.2956790 0.0029747 0.3550217
v -0.2962511 0.0008581 0.3557082
v -0.3011708 0.0029747 0.3491295
v -0.3020288 0.0008581 0.3495872
v -0.3011708 0.9342260 0.3491295
v -0.3020288 0.9363426 0.3495872
v -0.2956790 0.9342260 0.3550217
v -0.2962511 0.9363426 0.3557082
v -0.3020288 0.9363426 0.3495872
v -0.3039166 0.9372007 0.3506741
v -0.2962511 0.9363426 0.3557082
v -0.2976240 0.9372007 0.3573671
v -0.2880135 0.0029747 0.3597126
v -0.2884139 0.0008581 0.3605134
v -0.2956790 0.0029747 0.3550217
v -0.2962511 0.0008581 0.3557082
v -0.2956790 0.9342260 0.3550217
v -0.2962511 0.9363426 0.3557082
v -0.2880135 0.9342260 0.3597126
v -0.2884139 0.9363426 0.3605134
v -0.2962511 0.9363426 0.3557082
v -0.2976240 0.9372007 0.3573671
v -0.2884139 0.9363426 0.3605134
v -0.2893292 0.9372007 0.3624012
v -0.2790894 0.0029747 0.3629733
v -0.2793182 0.0008581 0.3638314
v -0.2880135 0.0029747 0.3597126
v -0.2884139 0.0008581 0.3605134
v -0.2880135 0.9342260 0.3597126
v -0.2884139 0.9363426 0.3605134
v -0.2790894 0.9342260 0.3629733
v -0.2793182 0.9363426 0.3638314
v -0.2884139 0.9363426 0.3605134
v -0.2893292 0.9372007 0.3624012
v -0.2793182 0.9363426 0.3638314
v -0.2799475 0.9372007 0.3658908
v -0.2695932 0.0029747 0.3649755
v -0.2697076 0.0008581 0.3658336
v -0.2790894 0.0029747 0.3629733
v -0.2793182 0.0008581 0.3638314
v -0.2790894 0.9342260 0.3629733
v -0.2793182 0.9363426 0.3638314
v -0.2695932 0.9342260 0.3649755
v -0.2697076 0.9363426 0.3658336
v -0.2793182 0.9363426 0.3638314
v -0.2799475 0.9372007 0.3658908
v -0.2697076 0.9363426 0.3658336
v -0.2699937 0.9372007 0.3679502
v -0.2595822 0.0029747 0.3656620
v -0.2595822 0.0008581 0.3665200
v -0.2695932 0.0029747 0.3649755
v -0.2697076 0.0008581 0.3658336
v -0.2595822 0.0008581 0.3665200
v -0.2596966 0.0000000 0.3686366
v -0.2697076 0.0008581 0.3658336
v -0.2893292 0.0000000 0.3624012
v -0.2884139 0.0008581 0.3605134
v -0.2799475 0.0000000 0.3658908
v -0.2793182 0.0008581 0.3638314
v -0.2699937 0.0000000 0.3679502
v -0.2695932 0.9342260 0.3649755
v -0.2697076 0.9363426 0.3658336
v -0.2595822 0.9342260 0.3656620
v -0.2595822 0.9363426 0.3665200
v -0.2697076 0.9363426 0.3658336
v -0.2699937 0.9372007 0.3679502
v -0.2595822 0.9363426 0.3665200
v -0.2596966 0.9372007 0.3686366
v -0.2597538 0.9372007 0.3701812
v -0.2598111 0.9363426 0.3722978
v -0.2491708 0.9372007 0.3701812
v -0.2491136 0.9363426 0.3722978
v -0.2491708 0.0000000 0.3701812
v -0.2491136 0.0008581 0.3722978
v -0.2597538 0.0000000 0.3701812
v -0.2598111 0.0008581 0.3722978
v -0.2387022 0.0000000 0.3693803
v -0.2384161 0.0008581 0.3714969
v -0.2491708 0.0000000 0.3701812
v -0.2491136 0.0008581 0.3722978
v -0.2491708 0.9372007 0.3701812
v -0.2491136 0.9363426 0.3722978
v -0.2387022 0.9372007 0.3693803
v -0.2384161 0.9363426 0.3714969
v -0.2285767 0.0000000 0.3673209
v -0.2280047 0.0008581 0.3693803
v -0.2387022 0.0000000 0.3693803
v -0.2384161 0.0008581 0.3714969
v -0.2387022 0.9372007 0.3693803
v -0.2384161 0.9363426 0.3714969
v -0.2285767 0.9372007 0.3673209
v -0.2280047 0.9363426 0.3693803
v -0.2189662 0.0000000 0.3637170
v -0.2179937 0.0008581 0.3656620
v -0.2285767 0.0000000 0.3673209
v -0.2280047 0.0008581 0.3693803
v -0.2285767 0.9372007 0.3673209
v -0.2280047 0.9363426 0.3693803
v -0.2189662 0.9372007 0.3637170
v -0.2179937 0.9363426 0.3656620
v -0.2103853 0.0000000 0.3584541
v -0.2090124 0.0008581 0.3601130
v -0.2189662 0.0000000 0.3637170
v -0.2179937 0.0008581 0.3656620
v -0.2189662 0.9372007 0.3637170
v -0.2179937 0.9363426 0.3656620
v -0.2103853 0.9372007 0.3584541
v -0.2090124 0.9363426 0.3601130
v -0.2038639 0.0000000 0.3513033
v -0.2019761 0.0008581 0.3523330
v -0.2103853 0.0000000 0.3584541
v -0.2090124 0.0008581 0.3601130
v -0.2103853 0.9372007 0.3584541
v -0.2090124 0.9363426 0.3601130
v -0.2038639 0.9372007 0.3513033
v -0.2019761 0.9363426 0.3523330
v -0.2012324 0.0000000 0.3420932
v -0.1991158 0.0008581 0.3423792
v -0.2038639 0.0000000 0.3513033
v -0.2019761 0.0008581 0.3523330
v -0.2038639 0.9372007 0.3513033
v -0.2019761 0.9363426 0.3523330
v -0.2012324 0.9372007 0.3420932
v -0.1991158 0.9363426 0.3423792
v -0.3050607 0.0000000 0.3513033
v -0.3069485 0.0008581 0.3523330
v -0.3076922 0.0000000 0.3420932
v -0.3098088 0.0008581 0.3423792
v -0.3076922 0.9372007 0.3420932
v -0.3098088 0.9363426 0.3423792
v -0.3050607 0.9372007 0.3513033
v -0.3069485 0.9363426 0.3523330
v -0.2985393 0.0000000 0.3584541
v -0.2998550 0.0008581 0.3601130
v -0.3050607 0.0000000 0.3513033
v -0.3069485 0.0008581 0.3523330
v -0.3050607 0.9372007 0.3513033
v -0.3069485 0.9363426 0.3523330
v -0.2985393 0.9372007 0.3584541
v -0.2998550 0.9363426 0.3601130
v -0.2899584 0.0000000 0.3637170
v -0.2908737 0.0008581 0.3656620
v -0.2985393 0.0000000 0.3584541
v -0.2998550 0.0008581 0.3601130
v -0.2985393 0.9372007 0.3584541
v -0.2998550 0.9363426 0.3601130
v -0.2899584 0.9372007 0.3637170
v -0.2908737 0.9363426 0.3656620
v -0.2803479 0.0000000 0.3673209
v -0.2809199 0.0008581 0.3693803
v -0.2899584 0.0000000 0.3637170
v -0.2908737 0.0008581 0.3656620
v -0.2899584 0.9372007 0.3637170
v -0.2908737 0.9363426 0.3656620
v -0.2803479 0.9372007 0.3673209
v -0.2809199 0.9363426 0.3693803
v -0.2701653 0.0000000 0.3693803
v -0.2705085 0.0008581 0.3714969
v -0.2803479 0.0000000 0.3673209
v -0.2809199 0.0008581 0.3693803
v -0.2803479 0.9372007 0.3673209
v -0.2809199 0.9363426 0.3693803
v -0.2701653 0.9372007 0.3693803
v -0.2705085 0.9363426 0.3714969
v -0.2597538 0.0000000 0.3701812
v -0.2598111 0.0008581 0.3722978
v -0.2701653 0.0000000 0.3693803
v -0.2705085 0.0008581 0.3714969
v -0.2701653 0.9372007 0.3693803
v -0.2705085 0.9363426 0.3714969
v -0.2597538 0.9372007 0.3701812
v -0.2598111 0.9363426 0.3722978
v -0.3076922 0.9334252 -0.3205202
v -0.3076922 0.9361710 -0.3177743
v -0.3062049 0.9334252 -0.3205202
v -0.3062049 0.9361710 -0.3177743
v -0.2027198 0.9361710 -0.3177743
v -0.2027198 0.9372007 -0.3140560
v -0.2012324 0.9361710 -0.3177743
v -0.2012324 0.9372007 -0.3140560
v -0.2027198 0.9334252 -0.3205202
v -0.2027198 0.9361710 -0.3177743
v -0.2012324 0.9334252 -0.3205202
v -0.2012324 0.9361710 -0.3177743
v -0.3062049 0.0010297 -0.3177743
v -0.3062049 0.0000000 -0.3140560
v -0.3076922 0.0010297 -0.3177743
v -0.3076922 0.0000000 -0.3140560
v -0.2027198 0.0000000 -0.3140560
v -0.2027198 0.0010297 -0.3177743
v -0.2012324 0.0000000 -0.3140560
v -0.2012324 0.0010297 -0.3177743
v -0.3062049 0.0037756 -0.3205202
v -0.3062049 0.0010297 -0.3177743
v -0.3076922 0.0037756 -0.3205202
v -0.3098088 0.0042332 -0.3197194
v -0.3098088 0.0018306 -0.3173167
v -0.3076922 0.0010297 -0.3177743
v -0.3040883 0.0076084 -0.3206346
v -0.3062049 0.0074939 -0.3215499
v -0.3040883 0.9295923 -0.3206346
v -0.3062049 0.9297067 -0.3215499
v -0.3076922 0.0074939 -0.3215499
v -0.3076922 0.9297067 -0.3215499
v -0.3040883 0.0042332 -0.3197194
v -0.3062049 0.0037756 -0.3205202
v -0.3040883 0.0076084 -0.3206346
v -0.3062049 0.0074939 -0.3215499
v -0.3076922 0.0074939 -0.3215499
v -0.3076922 0.0037756 -0.3205202
v -0.3076922 0.9297067 -0.3215499
v -0.3076922 0.9334252 -0.3205202
v -0.3062049 0.9297067 -0.3215499
v -0.3062049 0.9334252 -0.3205202
v -0.2027198 0.0037756 -0.3205202
v -0.2027198 0.0074939 -0.3215499
v -0.2012324 0.0037756 -0.3205202
v -0.2012324 0.0074939 -0.3215499
v -0.2027198 0.9297067 -0.3215499
v -0.2027198 0.9334252 -0.3205202
v -0.2012324 0.9297067 -0.3215499
v -0.2012324 0.9334252 -0.3205202
v -0.2048364 0.9295923 -0.3206346
v -0.2027198 0.9297067 -0.3215499
v -0.2048364 0.0076084 -0.3206346
v -0.2027198 0.0074939 -0.3215499
v -0.2012324 0.9297067 -0.3215499
v -0.2012324 0.0074939 -0.3215499
v -0.2492280 0.0000000 0.3686366
v -0.2491708 0.0000000 0.3701812
v -0.2596966 0.0000000 0.3686366
v -0.2597538 0.0000000 0.3701812
v -0.2790894 0.9342260 0.3629733
v -0.2695932 0.9342260 0.3649755
v -0.2790894 0.0029747 0.3629733
v -0.2695932 0.0029747 0.3649755
v -0.2027198 0.0010297 -0.3177743
v -0.2027198 0.0037756 -0.3205202
v -0.2012324 0.0010297 -0.3177743
v -0.2012324 0.0037756 -0.3205202
v -0.2884139 0.0008581 0.3605134
v -0.2893292 0.0000000 0.3624012
v -0.2962511 0.0008581 0.3557082
v -0.3039166 0.0000000 0.3506741
v -0.3020288 0.0008581 0.3495872
v -0.2976240 0.0000000 0.3573671
v -0.2899584 0.0000000 0.3637170
v -0.2985393 0.0000000 0.3584541
v -0.2596966 0.0000000 0.3686366
v -0.2597538 0.0000000 0.3701812
v -0.2699937 0.0000000 0.3679502
v -0.2701653 0.0000000 0.3693803
v -0.3039166 0.0000000 0.3506741
v -0.3050607 0.0000000 0.3513033
v -0.3062621 0.0000000 0.3418644
v -0.3076922 0.0000000 0.3420932
v -0.2492280 0.9372007 0.3686366
v -0.2491708 0.9372007 0.3701812
v -0.2389310 0.9372007 0.3679502
v -0.2387022 0.9372007 0.3693803
v -0.3062621 0.9372007 0.3418644
v -0.3076922 0.9372007 0.3420932
v -0.3039166 0.9372007 0.3506741
v -0.3050607 0.9372007 0.3513033
v -0.2976240 0.0000000 0.3573671
v -0.2985393 0.0000000 0.3584541
v -0.3039166 0.0000000 0.3506741
v -0.3050607 0.0000000 0.3513033
v -0.2695932 0.9342260 0.3649755
v -0.2595822 0.9342260 0.3656620
v -0.2695932 0.0029747 0.3649755
v -0.2595822 0.0029747 0.3656620
v -0.2026626 0.0000000 0.3418644
v -0.2012324 0.0000000 0.3420932
v -0.2050080 0.0000000 0.3506741
v -0.2038639 0.0000000 0.3513033
v -0.2699937 0.0000000 0.3679502
v -0.2701653 0.0000000 0.3693803
v -0.2799475 0.0000000 0.3658908
v -0.2899584 0.0000000 0.3637170
v -0.2893292 0.0000000 0.3624012
v -0.2803479 0.0000000 0.3673209
v -0.2027198 0.0000000 -0.3140560
v -0.2012324 0.0000000 -0.3140560
v -0.2026626 0.0000000 0.3418644
v -0.2012324 0.0000000 0.3420932
v -0.2195955 0.0000000 0.3624012
v -0.2189662 0.0000000 0.3637170
v -0.2289772 0.0000000 0.3658908
v -0.2285767 0.0000000 0.3673209
v -0.2026626 0.9372007 0.3418644
v -0.2012324 0.9372007 0.3420932
v -0.2027198 0.9372007 -0.3140560
v -0.2012324 0.9372007 -0.3140560
v -0.2389310 0.0000000 0.3679502
v -0.2387022 0.0000000 0.3693803
v -0.2492280 0.0000000 0.3686366
v -0.2491708 0.0000000 0.3701812
v -0.2050080 0.9372007 0.3506741
v -0.2038639 0.9372007 0.3513033
v -0.2026626 0.9372007 0.3418644
v -0.2012324 0.9372007 0.3420932
v -0.3062621 0.0000000 0.3418644
v -0.3076922 0.0000000 0.3420932
v -0.3062049 0.0000000 -0.3140560
v -0.3076922 0.0000000 -0.3140560
v -0.2050080 0.0000000 0.3506741
v -0.2038639 0.0000000 0.3513033
v -0.2113006 0.0000000 0.3573671
v -0.2103853 0.0000000 0.3584541
v -0.2195955 0.0000000 0.3624012
v -0.2189662 0.0000000 0.3637170
v -0.3032874 0.9342260 0.3414639
v -0.3011708 0.9342260 0.3491295
v -0.3032874 0.0029747 0.3414639
v -0.3011708 0.0029747 0.3491295
v -0.2132456 0.9342260 0.3550217
v -0.2076967 0.9342260 0.3491295
v -0.2132456 0.0029747 0.3550217
v -0.2076967 0.0029747 0.3491295
v -0.3076922 0.9361710 -0.3177743
v -0.3076922 0.9372007 -0.3140560
v -0.3062049 0.9361710 -0.3177743
v -0.3062049 0.9372007 -0.3140560
v -0.2393314 0.9342260 0.3649755
v -0.2298353 0.9342260 0.3629733
v -0.2393314 0.0029747 0.3649755
v -0.2298353 0.0029747 0.3629733
v -0.2298353 0.9342260 0.3629733
v -0.2209112 0.9342260 0.3597126
v -0.2298353 0.0029747 0.3629733
v -0.2209112 0.0029747 0.3597126
v -0.2209112 0.9342260 0.3597126
v -0.2132456 0.9342260 0.3550217
v -0.2209112 0.0029747 0.3597126
v -0.2132456 0.0029747 0.3550217
v -0.2056945 0.0029747 -0.3136555
v -0.2056373 0.0029747 0.3414639
v -0.2056945 0.0037184 -0.3162298
v -0.2048364 0.0018306 -0.3173167
v -0.2048364 0.0042332 -0.3197194
v -0.2056945 0.0053201 -0.3178316
v -0.2048364 0.0042332 -0.3197194
v -0.2048364 0.0076084 -0.3206346
v -0.2056945 0.0078944 -0.3185752
v -0.2048364 0.0076084 -0.3206346
v -0.2048364 0.9295923 -0.3206346
v -0.2056945 0.9293063 -0.3185752
v -0.2056945 0.9318806 -0.3178316
v -0.2048364 0.9329675 -0.3197194
v -0.2048364 0.9353701 -0.3173167
v -0.2056945 0.9334824 -0.3162298
v -0.2056945 0.9342260 -0.3136555
v -0.2056373 0.9342260 0.3414639
v -0.3040883 0.9353701 -0.3173167
v -0.3031730 0.9334824 -0.3162298
v -0.3040883 0.9329675 -0.3197194
v -0.3031730 0.9318806 -0.3178316
v -0.3031730 0.9342260 -0.3136555
v -0.3040883 0.9329675 -0.3197194
v -0.3040883 0.9295923 -0.3206346
v -0.3031730 0.9293063 -0.3185752
v -0.3040883 0.9295923 -0.3206346
v -0.3040883 0.0076084 -0.3206346
v -0.3031730 0.0078944 -0.3185752
v -0.3040883 0.0076084 -0.3206346
v -0.3040883 0.0042332 -0.3197194
v -0.3031730 0.0053201 -0.3178316
v -0.3031730 0.0037184 -0.3162298
v -0.3031730 0.0029747 -0.3136555
v -0.3032874 0.0029747 0.3414639
v -0.3032874 0.9342260 0.3414639
v -0.2076967 0.9342260 0.3491295
v -0.2056373 0.9342260 0.3414639
v -0.2076967 0.0029747 0.3491295
v -0.2056373 0.0029747 0.3414639
v -0.3011708 0.9342260 0.3491295
v -0.2956790 0.9342260 0.3550217
v -0.3011708 0.0029747 0.3491295
v -0.2956790 0.0029747 0.3550217
v -0.2956790 0.9342260 0.3550217
v -0.2880135 0.9342260 0.3597126
v -0.2956790 0.0029747 0.3550217
v -0.2880135 0.0029747 0.3597126
v -0.2880135 0.9342260 0.3597126
v -0.2790894 0.9342260 0.3629733
v -0.2880135 0.0029747 0.3597126
v -0.2790894 0.0029747 0.3629733
v -0.2493424 0.0029747 0.3656620
v -0.2595822 0.0029747 0.3656620
v -0.2493424 0.9342260 0.3656620
v -0.2595822 0.9342260 0.3656620
v -0.2493424 0.9342260 0.3656620
v -0.2393314 0.9342260 0.3649755
v -0.2493424 0.0029747 0.3656620
v -0.2393314 0.0029747 0.3649755
v -0.2596966 0.9372007 0.3686366
v -0.2597538 0.9372007 0.3701812
v -0.2492280 0.9372007 0.3686366
v -0.2491708 0.9372007 0.3701812
v -0.2389310 0.9372007 0.3679502
v -0.2387022 0.9372007 0.3693803
v -0.2289772 0.9372007 0.3658908
v -0.2285767 0.9372007 0.3673209
v -0.2289772 0.9372007 0.3658908
v -0.2285767 0.9372007 0.3673209
v -0.2195955 0.9372007 0.3624012
v -0.2189662 0.9372007 0.3637170
v -0.2195955 0.9372007 0.3624012
v -0.2189662 0.9372007 0.3637170
v -0.2113006 0.9372007 0.3573671
v -0.2103853 0.9372007 0.3584541
v -0.2113006 0.9372007 0.3573671
v -0.2103853 0.9372007 0.3584541
v -0.2050080 0.9372007 0.3506741
v -0.2038639 0.9372007 0.3513033
v -0.3062049 0.9372007 -0.3140560
v -0.3076922 0.9372007 -0.3140560
v -0.3062621 0.9372007 0.3418644
v -0.3076922 0.9372007 0.3420932
v -0.3039166 0.9372007 0.3506741
v -0.3050607 0.9372007 0.3513033
v -0.2976240 0.9372007 0.3573671
v -0.2985393 0.9372007 0.3584541
v -0.2976240 0.9372007 0.3573671
v -0.2985393 0.9372007 0.3584541
v -0.2893292 0.9372007 0.3624012
v -0.2899584 0.9372007 0.3637170
v -0.2893292 0.9372007 0.3624012
v -0.2899584 0.9372007 0.3637170
v -0.2799475 0.9372007 0.3658908
v -0.2803479 0.9372007 0.3673209
v -0.2799475 0.9372007 0.3658908
v -0.2803479 0.9372007 0.3673209
v -0.2699937 0.9372007 0.3679502
v -0.2701653 0.9372007 0.3693803
v -0.2289772 0.0000000 0.3658908
v -0.2285767 0.0000000 0.3673209
v -0.2389310 0.0000000 0.3679502
v -0.2387022 0.0000000 0.3693803
vt 0.4827403 0.4177625
vt 0.4828215 0.4187371
vt 0.4813595 0.4182498
vt 0.4814407 0.4192245
vt 0.3487235 0.0057220
vt 0.3491297 0.0059656
vt 0.3487235 0.4063101
vt 0.3491297 0.4063101
vt 0.3342660 0.0200983
vt 0.3346721 0.0203419
vt 0.3342660 0.4211738
vt 0.3346721 0.4209301
vt 0.4731560 0.4063101
vt 0.4727499 0.4063101
vt 0.4731560 0.0057220
vt 0.4727499 0.0059656
vt 0.3336974 0.0198546
vt 0.3341035 0.0200983
vt 0.3336974 0.4209301
vt 0.3341035 0.4211738
vt 0.4732373 0.0010923
vt 0.4736434 0.0010923
vt 0.4732373 0.4021678
vt 0.4736434 0.4021678
vt 0.3341035 0.9918414
vt 0.3336974 0.9918414
vt 0.3341035 0.4282402
vt 0.3336974 0.4282402
vt 0.3480738 0.4211738
vt 0.3476677 0.4209301
vt 0.3480738 0.0200983
vt 0.3476677 0.0203419
vt 0.3487235 0.4789228
vt 0.3491297 0.4789228
vt 0.3487235 0.8795110
vt 0.3491297 0.8792674
vt 0.3486423 0.4209301
vt 0.3482362 0.4211738
vt 0.3486423 0.0198546
vt 0.3482362 0.0200983
vt 0.4881822 0.4021678
vt 0.4877761 0.4021678
vt 0.4881822 0.0010923
vt 0.4877761 0.0010923
vt 0.3482362 0.4282402
vt 0.3486423 0.4282402
vt 0.3482362 0.9918414
vt 0.3486423 0.9918414
vt 0.3341035 0.9942781
vt 0.3336974 0.9940344
vt 0.3341035 0.9918414
vt 0.3336974 0.9918414
vt 0.3342660 0.9918414
vt 0.3346721 0.9918414
vt 0.3342660 0.9942781
vt 0.3346721 0.9940344
vt 0.3496982 0.0010923
vt 0.3497794 0.0030416
vt 0.3492109 0.0015796
vt 0.3493733 0.0032853
vt 0.3341035 0.9964711
vt 0.3336974 0.9964711
vt 0.3341035 0.9942781
vt 0.3336974 0.9942781
vt 0.3342660 0.9942781
vt 0.3346721 0.9942781
vt 0.3342660 0.9964711
vt 0.3346721 0.9964711
vt 0.3341035 0.9989077
vt 0.3336974 0.9989077
vt 0.3341035 0.9964711
vt 0.3336974 0.9967147
vt 0.3342660 0.9964711
vt 0.3346721 0.9967147
vt 0.3342660 0.9989077
vt 0.3346721 0.9989077
vt 0.3488048 0.0035290
vt 0.3492109 0.0042599
vt 0.3487235 0.0057220
vt 0.3491297 0.0059656
vt 0.3482362 0.4258035
vt 0.3486423 0.4260471
vt 0.3482362 0.4282402
vt 0.3486423 0.4282402
vt 0.3480738 0.4258035
vt 0.3476677 0.4255598
vt 0.3480738 0.4233668
vt 0.3476677 0.4236105
vt 0.4726687 0.8834097
vt 0.4725063 0.8817040
vt 0.4729936 0.8819477
vt 0.4726687 0.8807293
vt 0.3482362 0.4211738
vt 0.3486423 0.4211738
vt 0.3482362 0.4233668
vt 0.3486423 0.4233668
vt 0.3480738 0.4233668
vt 0.3476677 0.4233668
vt 0.3480738 0.4211738
vt 0.3476677 0.4211738
vt 0.4730748 0.8817040
vt 0.4726687 0.8807293
vt 0.4731560 0.8795110
vt 0.4727499 0.8792674
vt 0.3480738 0.9942781
vt 0.3476677 0.9940344
vt 0.3480738 0.9918414
vt 0.3476677 0.9918414
vt 0.3482362 0.9918414
vt 0.3486423 0.9918414
vt 0.3482362 0.9942781
vt 0.3486423 0.9940344
vt 0.3480738 0.9964711
vt 0.3476677 0.9964711
vt 0.3480738 0.9942781
vt 0.3476677 0.9942781
vt 0.3482362 0.9942781
vt 0.3486423 0.9942781
vt 0.3482362 0.9964711
vt 0.3486423 0.9964711
vt 0.3480738 0.9989077
vt 0.3476677 0.9989077
vt 0.3480738 0.9964711
vt 0.3476677 0.9967147
vt 0.3487235 0.8795110
vt 0.3491297 0.8792674
vt 0.3488048 0.8817040
vt 0.3492109 0.8807293
vt 0.3482362 0.9964711
vt 0.3486423 0.9967147
vt 0.3482362 0.9989077
vt 0.3486423 0.9989077
vt 0.3341035 0.4233668
vt 0.3336974 0.4233668
vt 0.3341035 0.4211738
vt 0.3336974 0.4211738
vt 0.3342660 0.4211738
vt 0.3346721 0.4211738
vt 0.3342660 0.4233668
vt 0.3346721 0.4233668
vt 0.4731560 0.0057220
vt 0.4727499 0.0059656
vt 0.4730748 0.0035290
vt 0.4726687 0.0042599
vt 0.3341035 0.4258035
vt 0.3336974 0.4255598
vt 0.3341035 0.4233668
vt 0.3336974 0.4236105
vt 0.3342660 0.4233668
vt 0.3346721 0.4236105
vt 0.3342660 0.4258035
vt 0.3346721 0.4255598
vt 0.3341035 0.4282402
vt 0.3336974 0.4282402
vt 0.3341035 0.4258035
vt 0.3336974 0.4260471
vt 0.3342660 0.4258035
vt 0.3346721 0.4260471
vt 0.3342660 0.4282402
vt 0.3346721 0.4282402
vt 0.3491297 0.4457841
vt 0.3487235 0.4457841
vt 0.3491297 0.4394488
vt 0.3487235 0.4394488
vt 0.4813595 0.4165441
vt 0.4813595 0.4182498
vt 0.4800599 0.4165441
vt 0.4799787 0.4182498
vt 0.4727499 0.4394488
vt 0.4731560 0.4394488
vt 0.4727499 0.4457841
vt 0.4731560 0.4457841
vt 0.3405201 0.0057220
vt 0.3404389 0.0037726
vt 0.3418197 0.0057220
vt 0.3419009 0.0037726
vt 0.3491297 0.4394488
vt 0.3487235 0.4394488
vt 0.3491297 0.4333572
vt 0.3487235 0.4333572
vt 0.4800599 0.4165441
vt 0.4799787 0.4182498
vt 0.4786792 0.4160568
vt 0.4785979 0.4177625
vt 0.4727499 0.4272655
vt 0.4731560 0.4272655
vt 0.4727499 0.4333572
vt 0.4731560 0.4394488
vt 0.4727499 0.4394488
vt 0.4731560 0.4333572
vt 0.3379210 0.0071839
vt 0.3377585 0.0054783
vt 0.3391393 0.0062093
vt 0.3404389 0.0037726
vt 0.3405201 0.0057220
vt 0.3391393 0.0042599
vt 0.3491297 0.4333572
vt 0.3487235 0.4333572
vt 0.3491297 0.4272655
vt 0.3487235 0.4272655
vt 0.4786792 0.4160568
vt 0.4785979 0.4177625
vt 0.4774608 0.4148384
vt 0.4772984 0.4165441
vt 0.4727499 0.4216611
vt 0.4731560 0.4216611
vt 0.4727499 0.4272655
vt 0.4731560 0.4272655
vt 0.3367026 0.0093769
vt 0.3365402 0.0076713
vt 0.3379210 0.0071839
vt 0.3377585 0.0054783
vt 0.3491297 0.4272655
vt 0.3487235 0.4272655
vt 0.3491297 0.4216611
vt 0.3487235 0.4216611
vt 0.4774608 0.4148384
vt 0.4772984 0.4165441
vt 0.4762425 0.4128891
vt 0.4760801 0.4145948
vt 0.4727499 0.4160568
vt 0.4731560 0.4160568
vt 0.4727499 0.4216611
vt 0.4731560 0.4216611
vt 0.3357280 0.0120573
vt 0.3354031 0.0108390
vt 0.3367026 0.0093769
vt 0.3365402 0.0076713
vt 0.3491297 0.4216611
vt 0.3487235 0.4216611
vt 0.3491297 0.4160568
vt 0.3487235 0.4160568
vt 0.4762425 0.4128891
vt 0.4760801 0.4145948
vt 0.4751866 0.4099651
vt 0.4749429 0.4114271
vt 0.4727499 0.4111835
vt 0.4731560 0.4111835
vt 0.4727499 0.4160568
vt 0.4731560 0.4160568
vt 0.3349970 0.0157123
vt 0.3345909 0.0147376
vt 0.3357280 0.0120573
vt 0.3354031 0.0108390
vt 0.3491297 0.4160568
vt 0.3487235 0.4160568
vt 0.3491297 0.4111835
vt 0.3487235 0.4111835
vt 0.4751866 0.4099651
vt 0.4749429 0.4114271
vt 0.4744556 0.4063101
vt 0.4741307 0.4072848
vt 0.4727499 0.4063101
vt 0.4731560 0.4063101
vt 0.4727499 0.4111835
vt 0.4731560 0.4111835
vt 0.3346721 0.0203419
vt 0.3342660 0.0200983
vt 0.3349970 0.0157123
vt 0.3345909 0.0147376
vt 0.3491297 0.4111835
vt 0.3487235 0.4111835
vt 0.3491297 0.4063101
vt 0.3487235 0.4063101
vt 0.4744556 0.4063101
vt 0.4741307 0.4072848
vt 0.4742119 0.4016804
vt 0.4738058 0.0010923
vt 0.4742119 0.0010923
vt 0.4738058 0.4019241
vt 0.4727499 0.4740495
vt 0.4731560 0.4740495
vt 0.4727499 0.4789228
vt 0.4731560 0.8795110
vt 0.4727499 0.8792674
vt 0.4731560 0.4789228
vt 0.3473428 0.0157123
vt 0.3477489 0.0147376
vt 0.3476677 0.0203419
vt 0.3480738 0.0200983
vt 0.3491297 0.4789228
vt 0.3487235 0.4789228
vt 0.3491297 0.4740495
vt 0.3487235 0.4740495
vt 0.4872075 0.0010923
vt 0.4875324 0.0010923
vt 0.4872075 0.4016804
vt 0.4876136 0.4019241
vt 0.4868826 0.4063101
vt 0.4872887 0.4072848
vt 0.4727499 0.4691761
vt 0.4731560 0.4691761
vt 0.4727499 0.4740495
vt 0.4731560 0.4740495
vt 0.3491297 0.4740495
vt 0.3487235 0.4740495
vt 0.3491297 0.4691761
vt 0.3487235 0.4691761
vt 0.4868826 0.4063101
vt 0.4872887 0.4072848
vt 0.4861516 0.4099651
vt 0.4863953 0.4114271
vt 0.4727499 0.4635718
vt 0.4731560 0.4635718
vt 0.4727499 0.4691761
vt 0.4731560 0.4691761
vt 0.3491297 0.4691761
vt 0.3487235 0.4691761
vt 0.3491297 0.4635718
vt 0.3487235 0.4635718
vt 0.4861516 0.4099651
vt 0.4863953 0.4114271
vt 0.4851769 0.4128891
vt 0.4853394 0.4145948
vt 0.4727499 0.4577238
vt 0.4731560 0.4577238
vt 0.4727499 0.4635718
vt 0.4731560 0.4635718
vt 0.3491297 0.4635718
vt 0.3487235 0.4635718
vt 0.3491297 0.4577238
vt 0.3487235 0.4577238
vt 0.4851769 0.4128891
vt 0.4853394 0.4145948
vt 0.4839586 0.4148384
vt 0.4841211 0.4165441
vt 0.4727499 0.4518758
vt 0.4731560 0.4518758
vt 0.4727499 0.4577238
vt 0.4731560 0.4577238
vt 0.3491297 0.4577238
vt 0.3487235 0.4577238
vt 0.3491297 0.4518758
vt 0.3487235 0.4518758
vt 0.4839586 0.4148384
vt 0.4841211 0.4165441
vt 0.4827403 0.4160568
vt 0.4827403 0.4177625
vt 0.4727499 0.4457841
vt 0.4731560 0.4457841
vt 0.4727499 0.4518758
vt 0.4731560 0.4518758
vt 0.3418197 0.0057220
vt 0.3419009 0.0037726
vt 0.3432004 0.0062093
vt 0.3457995 0.0076713
vt 0.3456371 0.0093769
vt 0.3445812 0.0054783
vt 0.3444188 0.0071839
vt 0.3432004 0.0042599
vt 0.3491297 0.4518758
vt 0.3487235 0.4518758
vt 0.3491297 0.4457841
vt 0.3487235 0.4457841
vt 0.4827403 0.4160568
vt 0.4827403 0.4177625
vt 0.4813595 0.4165441
vt 0.4813595 0.4182498
vt 0.4814407 0.4192245
vt 0.4814407 0.4211738
vt 0.4799787 0.4192245
vt 0.4799787 0.4211738
vt 0.3404389 0.0030416
vt 0.3404389 0.0010923
vt 0.3419009 0.0030416
vt 0.3419009 0.0010923
vt 0.3390581 0.0032853
vt 0.3390581 0.0015796
vt 0.3404389 0.0030416
vt 0.3404389 0.0010923
vt 0.4799787 0.4192245
vt 0.4799787 0.4211738
vt 0.4785979 0.4187371
vt 0.4785979 0.4206865
vt 0.3377585 0.0047473
vt 0.3375961 0.0027979
vt 0.3390581 0.0032853
vt 0.3389769 0.0015796
vt 0.4785979 0.4187371
vt 0.4785167 0.4206865
vt 0.4772984 0.4175188
vt 0.4771359 0.4192245
vt 0.3364590 0.0069403
vt 0.3362965 0.0052346
vt 0.3377585 0.0047473
vt 0.3375961 0.0027979
vt 0.4772984 0.4175188
vt 0.4771359 0.4192245
vt 0.4759988 0.4153258
vt 0.4758364 0.4170314
vt 0.3353219 0.0101079
vt 0.3350782 0.0086460
vt 0.3364590 0.0069403
vt 0.3362965 0.0052346
vt 0.4759988 0.4153258
vt 0.4758364 0.4170314
vt 0.4748617 0.4121582
vt 0.4746181 0.4136201
vt 0.3344284 0.0144940
vt 0.3341035 0.0135193
vt 0.3353219 0.0101079
vt 0.3350782 0.0086460
vt 0.4748617 0.4121582
vt 0.4746181 0.4133765
vt 0.4739683 0.4077721
vt 0.4736434 0.4087468
vt 0.3341035 0.0200983
vt 0.3336974 0.0198546
vt 0.3344284 0.0144940
vt 0.3341035 0.0137630
vt 0.4739683 0.4077721
vt 0.4736434 0.4085031
vt 0.4736434 0.4021678
vt 0.4732373 0.4024115
vt 0.3479113 0.0144940
vt 0.3482362 0.0137630
vt 0.3482362 0.0200983
vt 0.3486423 0.0198546
vt 0.4877761 0.4021678
vt 0.4881822 0.4024115
vt 0.4874512 0.4077721
vt 0.4877761 0.4085031
vt 0.3470179 0.0101079
vt 0.3472615 0.0086460
vt 0.3479113 0.0144940
vt 0.3482362 0.0135193
vt 0.4874512 0.4077721
vt 0.4877761 0.4087468
vt 0.4865577 0.4121582
vt 0.4868014 0.4133765
vt 0.3458808 0.0069403
vt 0.3460432 0.0052346
vt 0.3470179 0.0101079
vt 0.3472615 0.0086460
vt 0.4865577 0.4121582
vt 0.4868014 0.4136201
vt 0.4854206 0.4153258
vt 0.4855831 0.4170314
vt 0.3445812 0.0047473
vt 0.3447437 0.0027979
vt 0.3458808 0.0069403
vt 0.3460432 0.0052346
vt 0.4854206 0.4153258
vt 0.4855831 0.4170314
vt 0.4841211 0.4175188
vt 0.4842835 0.4192245
vt 0.3432817 0.0032853
vt 0.3432817 0.0015796
vt 0.3445812 0.0047473
vt 0.3447437 0.0027979
vt 0.4841211 0.4175188
vt 0.4842023 0.4192245
vt 0.4828215 0.4187371
vt 0.4828215 0.4206865
vt 0.3419009 0.0030416
vt 0.3419009 0.0010923
vt 0.3432817 0.0032853
vt 0.3432817 0.0015796
vt 0.4828215 0.4187371
vt 0.4828215 0.4206865
vt 0.4814407 0.4192245
vt 0.4814407 0.4211738
vt 0.3482362 0.9942781
vt 0.3482362 0.9964711
vt 0.3480738 0.9942781
vt 0.3480738 0.9964711
vt 0.3342660 0.9964711
vt 0.3342660 0.9989077
vt 0.3341035 0.9964711
vt 0.3341035 0.9989077
vt 0.3342660 0.9942781
vt 0.3342660 0.9964711
vt 0.3341035 0.9942781
vt 0.3341035 0.9964711
vt 0.3480738 0.4233668
vt 0.3480738 0.4211738
vt 0.3482362 0.4233668
vt 0.3482362 0.4211738
vt 0.3342660 0.4211738
vt 0.3342660 0.4233668
vt 0.3341035 0.4211738
vt 0.3341035 0.4233668
vt 0.3480738 0.4258035
vt 0.3480738 0.4233668
vt 0.3482362 0.4258035
vt 0.3486423 0.4255598
vt 0.3486423 0.4236105
vt 0.3482362 0.4233668
vt 0.3476677 0.4282402
vt 0.3480738 0.4282402
vt 0.3476677 0.9918414
vt 0.3480738 0.9918414
vt 0.3482362 0.4282402
vt 0.3482362 0.9918414
vt 0.3476677 0.4260471
vt 0.3480738 0.4258035
vt 0.3476677 0.4282402
vt 0.3480738 0.4282402
vt 0.3482362 0.4282402
vt 0.3482362 0.4258035
vt 0.3482362 0.9918414
vt 0.3482362 0.9942781
vt 0.3480738 0.9918414
vt 0.3480738 0.9942781
vt 0.3342660 0.4258035
vt 0.3342660 0.4282402
vt 0.3341035 0.4258035
vt 0.3341035 0.4282402
vt 0.3342660 0.9918414
vt 0.3342660 0.9942781
vt 0.3341035 0.9918414
vt 0.3341035 0.9942781
vt 0.3346721 0.9918414
vt 0.3342660 0.9918414
vt 0.3346721 0.4282402
vt 0.3342660 0.4282402
vt 0.3341035 0.9918414
vt 0.3341035 0.4282402
vt 0.3404389 0.0037726
vt 0.3404389 0.0030416
vt 0.3419009 0.0037726
vt 0.3419009 0.0030416
vt 0.3491297 0.4577238
vt 0.3491297 0.4518758
vt 0.4727499 0.4577238
vt 0.4727499 0.4518758
vt 0.3342660 0.4233668
vt 0.3342660 0.4258035
vt 0.3341035 0.4233668
vt 0.3341035 0.4258035
vt 0.3456371 0.0093769
vt 0.3457995 0.0076713
vt 0.3466118 0.0120573
vt 0.3477489 0.0147376
vt 0.3473428 0.0157123
vt 0.3469367 0.0108390
vt 0.3458808 0.0069403
vt 0.3470179 0.0101079
vt 0.3419009 0.0037726
vt 0.3419009 0.0030416
vt 0.3432004 0.0042599
vt 0.3432817 0.0032853
vt 0.3477489 0.0147376
vt 0.3479113 0.0144940
vt 0.3480738 0.0200983
vt 0.3482362 0.0200983
vt 0.4799787 0.4182498
vt 0.4799787 0.4192245
vt 0.4785979 0.4177625
vt 0.4785979 0.4187371
vt 0.4876136 0.4019241
vt 0.4877761 0.4021678
vt 0.4872887 0.4072848
vt 0.4874512 0.4077721
vt 0.3469367 0.0108390
vt 0.3470179 0.0101079
vt 0.3477489 0.0147376
vt 0.3479113 0.0144940
vt 0.3491297 0.4518758
vt 0.3491297 0.4457841
vt 0.4727499 0.4518758
vt 0.4727499 0.4457841
vt 0.3342660 0.0200983
vt 0.3341035 0.0200983
vt 0.3345909 0.0147376
vt 0.3344284 0.0144940
vt 0.3432004 0.0042599
vt 0.3432817 0.0032853
vt 0.3445812 0.0054783
vt 0.3458808 0.0069403
vt 0.3457995 0.0076713
vt 0.3445812 0.0047473
vt 0.3342660 0.4211738
vt 0.3341035 0.4211738
vt 0.3342660 0.0200983
vt 0.3341035 0.0200983
vt 0.3365402 0.0076713
vt 0.3364590 0.0069403
vt 0.3377585 0.0054783
vt 0.3377585 0.0047473
vt 0.4738058 0.4019241
vt 0.4736434 0.4021678
vt 0.4738058 0.0010923
vt 0.4736434 0.0010923
vt 0.3391393 0.0042599
vt 0.3390581 0.0032853
vt 0.3404389 0.0037726
vt 0.3404389 0.0030416
vt 0.4741307 0.4072848
vt 0.4739683 0.4077721
vt 0.4738058 0.4019241
vt 0.4736434 0.4021678
vt 0.3480738 0.0200983
vt 0.3482362 0.0200983
vt 0.3480738 0.4211738
vt 0.3482362 0.4211738
vt 0.3345909 0.0147376
vt 0.3344284 0.0144940
vt 0.3354031 0.0108390
vt 0.3353219 0.0101079
vt 0.3365402 0.0076713
vt 0.3364590 0.0069403
vt 0.3491297 0.4789228
vt 0.3491297 0.4740495
vt 0.4727499 0.4789228
vt 0.4727499 0.4740495
vt 0.3491297 0.4160568
vt 0.3491297 0.4111835
vt 0.4727499 0.4160568
vt 0.4727499 0.4111835
vt 0.3482362 0.9964711
vt 0.3482362 0.9989077
vt 0.3480738 0.9964711
vt 0.3480738 0.9989077
vt 0.3491297 0.4333572
vt 0.3491297 0.4272655
vt 0.4727499 0.4333572
vt 0.4727499 0.4272655
vt 0.3491297 0.4272655
vt 0.3491297 0.4216611
vt 0.4727499 0.4272655
vt 0.4727499 0.4216611
vt 0.3491297 0.4216611
vt 0.3491297 0.4160568
vt 0.4727499 0.4216611
vt 0.4727499 0.4160568
vt 0.4727499 0.0059656
vt 0.4727499 0.4063101
vt 0.4726687 0.0042599
vt 0.4729936 0.0032853
vt 0.4726687 0.0018233
vt 0.4725063 0.0032853
vt 0.4726687 0.0015796
vt 0.4721814 0.0010923
vt 0.4721002 0.0030416
vt 0.4721814 0.0010923
vt 0.3496982 0.0010923
vt 0.3497794 0.0030416
vt 0.3493733 0.0032853
vt 0.3492109 0.0018233
vt 0.3488860 0.0032853
vt 0.3492109 0.0042599
vt 0.3491297 0.0059656
vt 0.3491297 0.4063101
vt 0.3488860 0.8819477
vt 0.3492109 0.8807293
vt 0.3492109 0.8834097
vt 0.3493733 0.8817040
vt 0.3491297 0.8792674
vt 0.3492109 0.8834097
vt 0.3496982 0.8841407
vt 0.3497794 0.8821914
vt 0.3496982 0.8841407
vt 0.4721814 0.8841407
vt 0.4721002 0.8821914
vt 0.4721814 0.8841407
vt 0.4726687 0.8834097
vt 0.4725063 0.8817040
vt 0.4726687 0.8807293
vt 0.4727499 0.8792674
vt 0.4727499 0.4789228
vt 0.3491297 0.4789228
vt 0.3491297 0.4111835
vt 0.3491297 0.4063101
vt 0.4727499 0.4111835
vt 0.4727499 0.4063101
vt 0.3491297 0.4740495
vt 0.3491297 0.4691761
vt 0.4727499 0.4740495
vt 0.4727499 0.4691761
vt 0.3491297 0.4691761
vt 0.3491297 0.4635718
vt 0.4727499 0.4691761
vt 0.4727499 0.4635718
vt 0.3491297 0.4635718
vt 0.3491297 0.4577238
vt 0.4727499 0.4635718
vt 0.4727499 0.4577238
vt 0.4727499 0.4394488
vt 0.4727499 0.4457841
vt 0.3491297 0.4394488
vt 0.3491297 0.4457841
vt 0.3491297 0.4394488
vt 0.3491297 0.4333572
vt 0.4727499 0.4394488
vt 0.4727499 0.4333572
vt 0.4813595 0.4182498
vt 0.4814407 0.4192245
vt 0.4799787 0.4182498
vt 0.4799787 0.4192245
vt 0.4785979 0.4177625
vt 0.4785979 0.4187371
vt 0.4772984 0.4165441
vt 0.4772984 0.4175188
vt 0.4772984 0.4165441
vt 0.4772984 0.4175188
vt 0.4760801 0.4145948
vt 0.4759988 0.4153258
vt 0.4760801 0.4145948
vt 0.4759988 0.4153258
vt 0.4749429 0.4114271
vt 0.4748617 0.4121582
vt 0.4749429 0.4114271
vt 0.4748617 0.4121582
vt 0.4741307 0.4072848
vt 0.4739683 0.4077721
vt 0.4875324 0.0010923
vt 0.4877761 0.0010923
vt 0.4876136 0.4019241
vt 0.4877761 0.4021678
vt 0.4872887 0.4072848
vt 0.4874512 0.4077721
vt 0.4863953 0.4114271
vt 0.4865577 0.4121582
vt 0.4863953 0.4114271
vt 0.4865577 0.4121582
vt 0.4853394 0.4145948
vt 0.4854206 0.4153258
vt 0.4853394 0.4145948
vt 0.4854206 0.4153258
vt 0.4841211 0.4165441
vt 0.4841211 0.4175188
vt 0.4841211 0.4165441
vt 0.4841211 0.4175188
vt 0.4827403 0.4177625
vt 0.4828215 0.4187371
vt 0.3377585 0.0054783
vt 0.3377585 0.0047473
vt 0.3391393 0.0042599
vt 0.3390581 0.0032853
vn 0.0314383 0.9721694 -0.2321599
vn -0.0315507 0.9707909 0.2378437
vn 0.0095103 0.9724296 -0.2330027
vn -0.0095270 0.9717564 0.2357938
vn -0.7071041 0.7071041 -0.0027729
vn -0.9999981 0.0019608 0.0000000
vn -0.7071041 0.7071041 -0.0027729
vn -0.9999961 0.0019646 -0.0019646
vn -0.2391908 -0.9709726 0.0000000
vn -0.7071041 -0.7071041 -0.0027729
vn -0.2397414 -0.9708339 -0.0023737
vn -0.7071041 -0.7071041 -0.0027729
vn -0.7071041 -0.7071041 -0.0027729
vn -0.9999961 -0.0019646 -0.0019646
vn -0.7071041 -0.7071041 -0.0027729
vn -0.9999981 -0.0019608 0.0000000
vn 0.7071041 -0.7071041 0.0027729
vn 0.2397414 -0.9708339 0.0023737
vn 0.7071041 -0.7071041 -0.0027729
vn 0.2397414 -0.9708339 -0.0023737
vn 0.7071041 0.7071041 -0.0027729
vn 0.2397413 0.9708339 -0.0023737
vn 0.7071041 0.7071041 0.0027729
vn 0.2397413 0.9708339 0.0023737
vn 0.2391908 0.0000000 -0.9709726
vn 0.7057216 0.0000000 -0.7084892
vn 0.2391908 0.0000000 -0.9709726
vn 0.7057216 0.0000000 -0.7084892
vn 0.2397414 -0.9708339 -0.0023737
vn 0.7071041 -0.7071041 -0.0027729
vn 0.2391908 -0.9709726 0.0000000
vn 0.7071041 -0.7071041 -0.0027729
vn 0.7071041 0.7071041 -0.0027729
vn 0.9999961 0.0019646 -0.0019646
vn 0.7071041 0.7071041 -0.0027729
vn 0.9999981 0.0019608 0.0000000
vn -0.7071041 -0.7071041 -0.0027729
vn -0.2397414 -0.9708339 -0.0023737
vn -0.7071041 -0.7071041 0.0027729
vn -0.2397413 -0.9708339 0.0023737
vn -0.7071041 0.7071041 0.0027729
vn -0.2397413 0.9708339 0.0023737
vn -0.7071041 0.7071041 -0.0027729
vn -0.2397414 0.9708339 -0.0023737
vn -0.2391908 0.0000000 -0.9709726
vn -0.7057216 0.0000000 -0.7084892
vn -0.2391908 0.0000000 -0.9709726
vn -0.7057216 0.0000000 -0.7084892
vn 0.2458422 0.4855383 -0.8389364
vn 0.6898012 0.3613245 -0.6273906
vn 0.2391908 0.0000000 -0.9709726
vn 0.7057216 0.0000000 -0.7084892
vn -0.2391908 0.0000000 -0.9709726
vn -0.7057216 0.0000000 -0.7084892
vn -0.2458422 0.4855383 -0.8389364
vn -0.6898012 0.3613245 -0.6273906
vn -0.7057216 0.0000000 -0.7084892
vn -0.9999981 0.0000000 -0.0019608
vn -0.6898012 0.3613245 -0.6273906
vn -1.0000000 0.0000000 0.0000000
vn 0.2458422 0.8389364 -0.4855383
vn 0.6898012 0.6273906 -0.3613245
vn 0.2458422 0.4855383 -0.8389364
vn 0.6898012 0.3613245 -0.6273906
vn -0.2458422 0.4855383 -0.8389364
vn -0.6898012 0.3613245 -0.6273906
vn -0.2458422 0.8389364 -0.4855383
vn -0.6898012 0.6273906 -0.3613245
vn 0.2397413 0.9708339 -0.0023737
vn 0.7071041 0.7071041 -0.0027729
vn 0.2458422 0.8389364 -0.4855383
vn 0.6898012 0.6273906 -0.3613245
vn -0.2458422 0.8389364 -0.4855383
vn -0.6898012 0.6273906 -0.3613245
vn -0.2397414 0.9708339 -0.0023737
vn -0.7071041 0.7071041 -0.0027729
vn -0.6898012 0.6273906 -0.3613245
vn -1.0000000 0.0000000 0.0000000
vn -0.7071041 0.7071041 -0.0027729
vn -0.9999981 0.0019608 0.0000000
vn -0.2458422 -0.4855383 -0.8389364
vn -0.6898012 -0.3613245 -0.6273906
vn -0.2391908 0.0000000 -0.9709726
vn -0.7057216 0.0000000 -0.7084892
vn 0.2458422 -0.4855383 -0.8389364
vn 0.6898012 -0.3613245 -0.6273906
vn 0.2458422 -0.8389364 -0.4855383
vn 0.6898012 -0.6273906 -0.3613245
vn 0.6898012 -0.3613245 -0.6273906
vn 1.0000000 0.0000000 0.0000000
vn 0.6898012 -0.6273906 -0.3613245
vn 1.0000000 0.0000000 0.0000000
vn -0.2397414 -0.9708339 -0.0023737
vn -0.7071041 -0.7071041 -0.0027729
vn -0.2458422 -0.8389364 -0.4855383
vn -0.6898012 -0.6273906 -0.3613245
vn 0.2458422 -0.8389364 -0.4855383
vn 0.6898012 -0.6273906 -0.3613245
vn 0.2397414 -0.9708339 -0.0023737
vn 0.7071041 -0.7071041 -0.0027729
vn 0.6898012 -0.6273906 -0.3613245
vn 1.0000000 0.0000000 0.0000000
vn 0.7071041 -0.7071041 -0.0027729
vn 0.9999981 -0.0019608 0.0000000
vn 0.2458422 0.4855383 -0.8389364
vn 0.6898012 0.3613245 -0.6273906
vn 0.2391908 0.0000000 -0.9709726
vn 0.7057216 0.0000000 -0.7084892
vn -0.2391908 0.0000000 -0.9709726
vn -0.7057216 0.0000000 -0.7084892
vn -0.2458422 0.4855383 -0.8389364
vn -0.6898012 0.3613245 -0.6273906
vn 0.2458422 0.8389364 -0.4855383
vn 0.6898012 0.6273906 -0.3613245
vn 0.2458422 0.4855383 -0.8389364
vn 0.6898012 0.3613245 -0.6273906
vn -0.2458422 0.4855383 -0.8389364
vn -0.6898012 0.3613245 -0.6273906
vn -0.2458422 0.8389364 -0.4855383
vn -0.6898012 0.6273906 -0.3613245
vn 0.2397413 0.9708339 -0.0023737
vn 0.7071041 0.7071041 -0.0027729
vn 0.2458422 0.8389364 -0.4855383
vn 0.6898012 0.6273906 -0.3613245
vn 0.7071041 0.7071041 -0.0027729
vn 0.9999981 0.0019608 0.0000000
vn 0.6898012 0.6273906 -0.3613245
vn 1.0000000 0.0000000 0.0000000
vn -0.2458422 0.8389364 -0.4855383
vn -0.6898012 0.6273906 -0.3613245
vn -0.2397414 0.9708339 -0.0023737
vn -0.7071041 0.7071041 -0.0027729
vn 0.2458422 -0.8389364 -0.4855383
vn 0.6898012 -0.6273906 -0.3613245
vn 0.2397414 -0.9708339 -0.0023737
vn 0.7071041 -0.7071041 -0.0027729
vn -0.2397414 -0.9708339 -0.0023737
vn -0.7071041 -0.7071041 -0.0027729
vn -0.2458422 -0.8389364 -0.4855383
vn -0.6898012 -0.6273906 -0.3613245
vn -0.7071041 -0.7071041 -0.0027729
vn -0.9999981 -0.0019608 0.0000000
vn -0.6898012 -0.6273906 -0.3613245
vn -1.0000000 0.0000000 0.0000000
vn 0.2458422 -0.4855383 -0.8389364
vn 0.6898012 -0.3613245 -0.6273906
vn 0.2458422 -0.8389364 -0.4855383
vn 0.6898012 -0.6273906 -0.3613245
vn -0.2458422 -0.8389364 -0.4855383
vn -0.6898012 -0.6273906 -0.3613245
vn -0.2458422 -0.4855383 -0.8389364
vn -0.6898012 -0.3613245 -0.6273906
vn 0.2391908 0.0000000 -0.9709726
vn 0.7057216 0.0000000 -0.7084892
vn 0.2458422 -0.4855383 -0.8389364
vn 0.6898012 -0.3613245 -0.6273906
vn -0.2458422 -0.4855383 -0.8389364
vn -0.6898012 -0.3613245 -0.6273906
vn -0.2391908 0.0000000 -0.9709726
vn -0.7057216 0.0000000 -0.7084892
vn 0.0364868 0.0000000 -0.9993341
vn 0.0253461 0.7096903 -0.7040577
vn -0.0364868 0.0000000 -0.9993341
vn -0.0253460 0.7096902 -0.7040578
vn 0.0253461 0.7096903 -0.7040577
vn 0.0071289 0.9719078 -0.2352539
vn -0.0253460 0.7096902 -0.7040578
vn -0.0071290 0.9719078 -0.2352539
vn -0.0364868 0.0000000 -0.9993341
vn -0.0253461 -0.7096903 -0.7040577
vn 0.0364868 0.0000000 -0.9993341
vn 0.0253461 -0.7096903 -0.7040577
vn -0.0253461 -0.7096903 -0.7040577
vn -0.0071290 -0.9719078 -0.2352539
vn 0.0253461 -0.7096903 -0.7040577
vn 0.0071290 -0.9719078 -0.2352539
vn -0.0364868 0.0000000 -0.9993341
vn -0.0253460 0.7096902 -0.7040578
vn -0.1343270 0.0000000 -0.9909371
vn -0.0940570 0.7083671 -0.6995493
vn -0.0253460 0.7096902 -0.7040578
vn -0.0095103 0.9724296 -0.2330027
vn -0.0940570 0.7083671 -0.6995493
vn -0.0314383 0.9721694 -0.2321599
vn -0.2731246 0.0000000 -0.9619787
vn -0.1916054 -0.7107946 -0.6768001
vn -0.1343270 0.0000000 -0.9909371
vn -0.0253461 -0.7096903 -0.7040577
vn -0.0364868 0.0000000 -0.9993341
vn -0.0940570 -0.7083671 -0.6995493
vn -0.1916054 -0.7107946 -0.6768001
vn -0.0641647 -0.9723417 -0.2245764
vn -0.0940570 -0.7083671 -0.6995493
vn -0.0095103 -0.9724296 -0.2330027
vn -0.0253461 -0.7096903 -0.7040577
vn -0.0314383 -0.9721694 -0.2321599
vn -0.1343270 0.0000000 -0.9909371
vn -0.0940570 0.7083671 -0.6995493
vn -0.2731246 0.0000000 -0.9619787
vn -0.1916054 0.7107946 -0.6768001
vn -0.0940570 0.7083671 -0.6995493
vn -0.0314383 0.9721694 -0.2321599
vn -0.1916054 0.7107946 -0.6768001
vn -0.0641647 0.9723417 -0.2245764
vn -0.4335800 0.0000000 -0.9011151
vn -0.3032369 -0.7129292 -0.6322810
vn -0.2731246 0.0000000 -0.9619787
vn -0.1916054 -0.7107946 -0.6768001
vn -0.3032369 -0.7129292 -0.6322810
vn -0.1004959 -0.9722974 -0.2110413
vn -0.1916054 -0.7107946 -0.6768001
vn -0.0641647 -0.9723417 -0.2245764
vn -0.2731246 0.0000000 -0.9619787
vn -0.1916054 0.7107946 -0.6768001
vn -0.4335800 0.0000000 -0.9011151
vn -0.3032369 0.7129292 -0.6322810
vn -0.1916054 0.7107946 -0.6768001
vn -0.0641647 0.9723417 -0.2245764
vn -0.3032369 0.7129292 -0.6322810
vn -0.1004959 0.9722974 -0.2110413
vn -0.6243595 0.0000000 -0.7811371
vn -0.4349473 -0.7171648 -0.5445140
vn -0.4335800 0.0000000 -0.9011151
vn -0.3032369 -0.7129292 -0.6322810
vn -0.4349473 -0.7171648 -0.5445140
vn -0.1479375 -0.9717965 -0.1836466
vn -0.3032369 -0.7129292 -0.6322810
vn -0.1004959 -0.9722974 -0.2110413
vn -0.4335800 0.0000000 -0.9011151
vn -0.3032369 0.7129292 -0.6322810
vn -0.6243595 0.0000000 -0.7811371
vn -0.4349473 0.7171648 -0.5445140
vn -0.3032369 0.7129292 -0.6322810
vn -0.1004959 0.9722974 -0.2110413
vn -0.4349473 0.7171648 -0.5445140
vn -0.1479374 0.9717965 -0.1836467
vn -0.8715044 0.0000000 -0.4903878
vn -0.5981060 -0.7281291 -0.3348093
vn -0.6243595 0.0000000 -0.7811371
vn -0.4349473 -0.7171648 -0.5445140
vn -0.5981060 -0.7281291 -0.3348093
vn -0.2045487 -0.9722377 -0.1136382
vn -0.4349473 -0.7171648 -0.5445140
vn -0.1479375 -0.9717965 -0.1836466
vn -0.6243595 0.0000000 -0.7811371
vn -0.4349473 0.7171648 -0.5445140
vn -0.8715044 0.0000000 -0.4903878
vn -0.5981059 0.7281291 -0.3348095
vn -0.4349473 0.7171648 -0.5445140
vn -0.1479374 0.9717965 -0.1836467
vn -0.5981059 0.7281291 -0.3348095
vn -0.2045487 0.9722377 -0.1136382
vn -0.9999961 -0.0019646 -0.0019646
vn -0.7071041 -0.7071041 -0.0027729
vn -0.8715044 0.0000000 -0.4903878
vn -0.5981060 -0.7281291 -0.3348093
vn -0.7071041 -0.7071041 -0.0027729
vn -0.2391908 -0.9709726 0.0000000
vn -0.5981060 -0.7281291 -0.3348093
vn -0.2045487 -0.9722377 -0.1136382
vn -0.8715044 0.0000000 -0.4903878
vn -0.5981059 0.7281291 -0.3348095
vn -0.9999923 0.0000000 -0.0039292
vn -0.7071041 0.7071041 -0.0027729
vn -0.5981059 0.7281291 -0.3348095
vn -0.2045487 0.9722377 -0.1136382
vn -0.7071041 0.7071041 -0.0027729
vn -0.2397414 0.9708339 -0.0023737
vn -0.7071041 0.7071041 -0.0027729
vn -0.2391908 0.9709726 0.0000000
vn 0.8715044 0.0000000 -0.4903878
vn 0.5981060 -0.7281291 -0.3348093
vn 0.9999961 -0.0019646 -0.0019646
vn 0.7071041 -0.7071041 -0.0027729
vn 0.9999981 -0.0019608 0.0000000
vn 0.7071041 -0.7071041 -0.0027729
vn 0.5981060 -0.7281291 -0.3348093
vn 0.2045487 -0.9722377 -0.1136382
vn 0.7071041 -0.7071041 -0.0027729
vn 0.2391908 -0.9709726 0.0000000
vn 0.9999923 0.0000000 -0.0039292
vn 0.7071041 0.7071041 -0.0027729
vn 0.8715044 0.0000000 -0.4903878
vn 0.5981060 0.7281291 -0.3348093
vn 0.7071041 0.7071041 -0.0027729
vn 0.2397413 0.9708339 -0.0023737
vn 0.7071041 0.7071041 -0.0027729
vn 0.2391908 0.9709726 0.0000000
vn 0.5981060 0.7281291 -0.3348093
vn 0.2045487 0.9722377 -0.1136382
vn 0.6243595 0.0000000 -0.7811371
vn 0.4349472 -0.7171648 -0.5445141
vn 0.8715044 0.0000000 -0.4903878
vn 0.5981060 -0.7281291 -0.3348093
vn 0.8715044 0.0000000 -0.4903878
vn 0.5981060 0.7281291 -0.3348093
vn 0.6243595 0.0000000 -0.7811371
vn 0.4349473 0.7171648 -0.5445141
vn 0.5981060 0.7281291 -0.3348093
vn 0.2045487 0.9722377 -0.1136382
vn 0.4349473 0.7171648 -0.5445141
vn 0.1479375 0.9717965 -0.1836466
vn 0.4335800 0.0000000 -0.9011151
vn 0.3032368 -0.7129292 -0.6322811
vn 0.6243595 0.0000000 -0.7811371
vn 0.4349472 -0.7171648 -0.5445141
vn 0.6243595 0.0000000 -0.7811371
vn 0.4349473 0.7171648 -0.5445141
vn 0.4335800 0.0000000 -0.9011151
vn 0.3032368 0.7129292 -0.6322811
vn 0.4349473 0.7171648 -0.5445141
vn 0.1479375 0.9717965 -0.1836466
vn 0.3032368 0.7129292 -0.6322811
vn 0.1004958 0.9722974 -0.2110413
vn 0.2731246 0.0000000 -0.9619787
vn 0.1916054 -0.7107946 -0.6768001
vn 0.4335800 0.0000000 -0.9011151
vn 0.3032368 -0.7129292 -0.6322811
vn 0.4335800 0.0000000 -0.9011151
vn 0.3032368 0.7129292 -0.6322811
vn 0.2731246 0.0000000 -0.9619787
vn 0.1916055 0.7107945 -0.6768002
vn 0.3032368 0.7129292 -0.6322811
vn 0.1004958 0.9722974 -0.2110413
vn 0.1916055 0.7107945 -0.6768002
vn 0.0641646 0.9723417 -0.2245764
vn 0.1343270 0.0000000 -0.9909371
vn 0.0940570 -0.7083671 -0.6995493
vn 0.2731246 0.0000000 -0.9619787
vn 0.1916054 -0.7107946 -0.6768001
vn 0.2731246 0.0000000 -0.9619787
vn 0.1916055 0.7107945 -0.6768002
vn 0.1343270 0.0000000 -0.9909371
vn 0.0940570 0.7083671 -0.6995493
vn 0.1916055 0.7107945 -0.6768002
vn 0.0641646 0.9723417 -0.2245764
vn 0.0940570 0.7083671 -0.6995493
vn 0.0314383 0.9721694 -0.2321599
vn 0.0364868 0.0000000 -0.9993341
vn 0.0253461 -0.7096903 -0.7040577
vn 0.1343270 0.0000000 -0.9909371
vn 0.0940570 -0.7083671 -0.6995493
vn 0.0253461 -0.7096903 -0.7040577
vn 0.0095103 -0.9724296 -0.2330027
vn 0.0940570 -0.7083671 -0.6995493
vn 0.1004958 -0.9722974 -0.2110413
vn 0.3032368 -0.7129292 -0.6322811
vn 0.0641646 -0.9723417 -0.2245764
vn 0.1916054 -0.7107946 -0.6768001
vn 0.0314383 -0.9721694 -0.2321599
vn 0.1343270 0.0000000 -0.9909371
vn 0.0940570 0.7083671 -0.6995493
vn 0.0364868 0.0000000 -0.9993341
vn 0.0253461 0.7096903 -0.7040577
vn 0.0940570 0.7083671 -0.6995493
vn 0.0314383 0.9721694 -0.2321599
vn 0.0253461 0.7096903 -0.7040577
vn 0.0095103 0.9724296 -0.2330027
vn -0.0095270 0.9717564 0.2357938
vn -0.0253460 0.7040578 0.7096902
vn 0.0095271 0.9717564 0.2357938
vn 0.0253460 0.7040578 0.7096902
vn 0.0095271 -0.9717564 0.2357938
vn 0.0253461 -0.7040577 0.7096903
vn -0.0095270 -0.9717564 0.2357938
vn -0.0253460 -0.7040578 0.7096902
vn 0.0315507 -0.9707909 0.2378437
vn 0.0971711 -0.7066989 0.7008098
vn 0.0095271 -0.9717564 0.2357938
vn 0.0253461 -0.7040577 0.7096903
vn 0.0095271 0.9717564 0.2357938
vn 0.0253460 0.7040578 0.7096902
vn 0.0315507 0.9707909 0.2378437
vn 0.0971711 0.7066989 0.7008098
vn 0.0669053 -0.9713659 0.2279737
vn 0.1950239 -0.7058012 0.6810362
vn 0.0315507 -0.9707909 0.2378437
vn 0.0971711 -0.7066989 0.7008098
vn 0.0315507 0.9707909 0.2378437
vn 0.0971711 0.7066989 0.7008098
vn 0.0669054 0.9713659 0.2279737
vn 0.1950240 0.7058011 0.6810363
vn 0.1061863 -0.9708461 0.2149008
vn 0.3105691 -0.7052505 0.6373135
vn 0.0669053 -0.9713659 0.2279737
vn 0.1950239 -0.7058012 0.6810362
vn 0.0669054 0.9713659 0.2279737
vn 0.1950240 0.7058011 0.6810363
vn 0.1061863 0.9708461 0.2149008
vn 0.3105690 0.7052506 0.6373135
vn 0.1568861 -0.9696067 0.1877487
vn 0.4535527 -0.7036735 0.5469310
vn 0.1061863 -0.9708461 0.2149008
vn 0.3105691 -0.7052505 0.6373135
vn 0.1061863 0.9708461 0.2149008
vn 0.3105690 0.7052506 0.6373135
vn 0.1568860 0.9696067 0.1877487
vn 0.4535527 0.7036735 0.5469310
vn 0.2142850 -0.9693846 0.1198976
vn 0.6169919 -0.7083979 0.3427731
vn 0.1568861 -0.9696067 0.1877487
vn 0.4535527 -0.7036735 0.5469310
vn 0.1568860 0.9696067 0.1877487
vn 0.4535527 0.7036735 0.5469310
vn 0.2142850 0.9693846 0.1198976
vn 0.6142707 0.7090255 0.3463443
vn 0.2397414 -0.9708339 0.0023737
vn 0.7071041 -0.7071041 0.0027729
vn 0.2142850 -0.9693846 0.1198976
vn 0.6169919 -0.7083979 0.3427731
vn 0.2142850 0.9693846 0.1198976
vn 0.6169918 0.7083980 0.3427731
vn 0.2397413 0.9708339 0.0023737
vn 0.7071041 0.7071041 0.0027729
vn -0.2142850 -0.9693846 0.1198976
vn -0.6169917 -0.7083980 0.3427732
vn -0.2397413 -0.9708339 0.0023737
vn -0.7071041 -0.7071041 0.0027729
vn -0.2397413 0.9708339 0.0023737
vn -0.7071041 0.7071041 0.0027729
vn -0.2142850 0.9693846 0.1198976
vn -0.6169916 0.7083981 0.3427733
vn -0.1568859 -0.9696067 0.1877488
vn -0.4535527 -0.7036735 0.5469310
vn -0.2142850 -0.9693846 0.1198976
vn -0.6142708 -0.7090255 0.3463442
vn -0.2142850 0.9693846 0.1198976
vn -0.6169916 0.7083981 0.3427733
vn -0.1568858 0.9696067 0.1877488
vn -0.4535527 0.7036735 0.5469310
vn -0.1061863 -0.9708461 0.2149008
vn -0.3105690 -0.7052506 0.6373135
vn -0.1568859 -0.9696067 0.1877488
vn -0.4535527 -0.7036735 0.5469310
vn -0.1568858 0.9696067 0.1877488
vn -0.4535527 0.7036735 0.5469310
vn -0.1061863 0.9708461 0.2149008
vn -0.3105690 0.7052506 0.6373135
vn -0.0669052 -0.9713659 0.2279736
vn -0.1950240 -0.7058011 0.6810363
vn -0.1061863 -0.9708461 0.2149008
vn -0.3105690 -0.7052506 0.6373135
vn -0.1061863 0.9708461 0.2149008
vn -0.3105690 0.7052506 0.6373135
vn -0.0669052 0.9713659 0.2279736
vn -0.1950240 0.7058011 0.6810363
vn -0.0315507 -0.9707909 0.2378437
vn -0.0971711 -0.7066989 0.7008098
vn -0.0669052 -0.9713659 0.2279736
vn -0.1950240 -0.7058011 0.6810363
vn -0.0669052 0.9713659 0.2279736
vn -0.1950240 0.7058011 0.6810363
vn -0.0315507 0.9707909 0.2378437
vn -0.0971711 0.7066989 0.7008098
vn -0.0095270 -0.9717564 0.2357938
vn -0.0253460 -0.7040578 0.7096902
vn -0.0315507 -0.9707909 0.2378437
vn -0.0971711 -0.7066989 0.7008098
vn -0.0315507 0.9707909 0.2378437
vn -0.0971711 0.7066989 0.7008098
vn -0.0095270 0.9717564 0.2357938
vn -0.0253460 0.7040578 0.7096902
vn -0.2458422 0.4855383 -0.8389364
vn -0.2458422 0.8389364 -0.4855383
vn 0.2458422 0.4855383 -0.8389364
vn 0.2458422 0.8389364 -0.4855383
vn -0.2458422 0.8389364 -0.4855383
vn -0.2397414 0.9708339 -0.0023737
vn 0.2458422 0.8389364 -0.4855383
vn 0.2397413 0.9708339 -0.0023737
vn -0.2458422 0.4855383 -0.8389364
vn -0.2458422 0.8389364 -0.4855383
vn 0.2458422 0.4855383 -0.8389364
vn 0.2458422 0.8389364 -0.4855383
vn 0.2458422 -0.8389364 -0.4855383
vn 0.2397414 -0.9708339 -0.0023737
vn -0.2458422 -0.8389364 -0.4855383
vn -0.2397414 -0.9708339 -0.0023737
vn -0.2397414 -0.9708339 -0.0023737
vn -0.2458422 -0.8389364 -0.4855383
vn 0.2397414 -0.9708339 -0.0023737
vn 0.2458422 -0.8389364 -0.4855383
vn 0.2458422 -0.4855383 -0.8389364
vn 0.2458422 -0.8389364 -0.4855383
vn -0.2458422 -0.4855383 -0.8389364
vn -0.6898012 -0.3613245 -0.6273906
vn -0.6898012 -0.6273906 -0.3613245
vn -0.2458422 -0.8389364 -0.4855383
vn 0.7057216 0.0000000 -0.7084892
vn 0.2391908 0.0000000 -0.9709726
vn 0.7057216 0.0000000 -0.7084892
vn 0.2391908 0.0000000 -0.9709726
vn -0.2391908 0.0000000 -0.9709726
vn -0.2391908 0.0000000 -0.9709726
vn 0.6898012 -0.3613245 -0.6273906
vn 0.2458422 -0.4855383 -0.8389364
vn 0.7057216 0.0000000 -0.7084892
vn 0.2391908 0.0000000 -0.9709726
vn -0.2391908 0.0000000 -0.9709726
vn -0.2458422 -0.4855383 -0.8389364
vn -0.2391908 0.0000000 -0.9709726
vn -0.2458422 0.4855383 -0.8389364
vn 0.2391908 0.0000000 -0.9709726
vn 0.2458422 0.4855383 -0.8389364
vn -0.2458422 -0.4855383 -0.8389364
vn -0.2391908 0.0000000 -0.9709726
vn 0.2458422 -0.4855383 -0.8389364
vn 0.2391908 0.0000000 -0.9709726
vn -0.2391908 0.0000000 -0.9709726
vn -0.2458422 0.4855383 -0.8389364
vn 0.2391908 0.0000000 -0.9709726
vn 0.2458422 0.4855383 -0.8389364
vn -0.7057216 0.0000000 -0.7084892
vn -0.2391908 0.0000000 -0.9709726
vn -0.7057216 0.0000000 -0.7084892
vn -0.2391908 0.0000000 -0.9709726
vn 0.2391908 0.0000000 -0.9709726
vn 0.2391908 0.0000000 -0.9709726
vn -0.0095103 -0.9724296 -0.2330027
vn 0.0095271 -0.9717564 0.2357938
vn 0.0071290 -0.9719078 -0.2352539
vn -0.0095270 -0.9717564 0.2357938
vn 0.2731246 0.0000000 -0.9619787
vn 0.1343270 0.0000000 -0.9909371
vn 0.2731246 0.0000000 -0.9619787
vn 0.1343270 0.0000000 -0.9909371
vn -0.2458422 -0.8389364 -0.4855383
vn -0.2458422 -0.4855383 -0.8389364
vn 0.2458422 -0.8389364 -0.4855383
vn 0.2458422 -0.4855383 -0.8389364
vn 0.3032368 -0.7129292 -0.6322811
vn 0.1004958 -0.9722974 -0.2110413
vn 0.4349472 -0.7171648 -0.5445141
vn 0.2045487 -0.9722377 -0.1136382
vn 0.5981060 -0.7281291 -0.3348093
vn 0.1479375 -0.9717965 -0.1836466
vn -0.1061863 -0.9708461 0.2149008
vn -0.1568859 -0.9696067 0.1877488
vn 0.0095103 -0.9724296 -0.2330027
vn -0.0095270 -0.9717564 0.2357938
vn 0.0314383 -0.9721694 -0.2321599
vn -0.0315507 -0.9707909 0.2378437
vn 0.2045487 -0.9722377 -0.1136382
vn -0.2142850 -0.9693846 0.1198976
vn 0.2391908 -0.9709726 0.0000000
vn -0.2397413 -0.9708339 0.0023737
vn -0.0095103 0.9724296 -0.2330027
vn 0.0095271 0.9717564 0.2357938
vn -0.0314383 0.9721694 -0.2321599
vn 0.0315507 0.9707909 0.2378437
vn 0.2391908 0.9709726 0.0000000
vn -0.2397413 0.9708339 0.0023737
vn 0.2045487 0.9722377 -0.1136382
vn -0.2142850 0.9693846 0.1198976
vn 0.1479375 -0.9717965 -0.1836466
vn -0.1568859 -0.9696067 0.1877488
vn 0.2045487 -0.9722377 -0.1136382
vn -0.2142850 -0.9693846 0.1198976
vn 0.1343270 0.0000000 -0.9909371
vn 0.0364868 0.0000000 -0.9993341
vn 0.1343270 0.0000000 -0.9909371
vn 0.0364868 0.0000000 -0.9993341
vn -0.2391908 -0.9709726 0.0000000
vn 0.2397414 -0.9708339 0.0023737
vn -0.2045487 -0.9722377 -0.1136382
vn 0.2142850 -0.9693846 0.1198976
vn 0.0314383 -0.9721694 -0.2321599
vn -0.0315507 -0.9707909 0.2378437
vn 0.0641646 -0.9723417 -0.2245764
vn -0.1061863 -0.9708461 0.2149008
vn 0.1004958 -0.9722974 -0.2110413
vn -0.0669052 -0.9713659 0.2279736
vn -0.2397414 -0.9708339 -0.0023737
vn 0.2397414 -0.9708339 -0.0023737
vn -0.2391908 -0.9709726 0.0000000
vn 0.2397414 -0.9708339 0.0023737
vn -0.1004959 -0.9722974 -0.2110413
vn 0.1061863 -0.9708461 0.2149008
vn -0.0641647 -0.9723417 -0.2245764
vn 0.0669053 -0.9713659 0.2279737
vn -0.2391908 0.9709726 0.0000000
vn 0.2397413 0.9708339 0.0023737
vn -0.2397414 0.9708339 -0.0023737
vn 0.2397413 0.9708339 -0.0023737
vn -0.0314383 -0.9721694 -0.2321599
vn 0.0315507 -0.9707909 0.2378437
vn -0.0071290 -0.9719078 -0.2352539
vn 0.0095271 -0.9717564 0.2357938
vn -0.2045487 0.9722377 -0.1136382
vn 0.2142850 0.9693846 0.1198976
vn -0.2391908 0.9709726 0.0000000
vn 0.2397413 0.9708339 0.0023737
vn 0.2391908 -0.9709726 0.0000000
vn -0.2397413 -0.9708339 0.0023737
vn 0.2397414 -0.9708339 -0.0023737
vn -0.2397414 -0.9708339 -0.0023737
vn -0.2045487 -0.9722377 -0.1136382
vn 0.2142850 -0.9693846 0.1198976
vn -0.1479375 -0.9717965 -0.1836466
vn 0.1568861 -0.9696067 0.1877487
vn -0.1004959 -0.9722974 -0.2110413
vn 0.1061863 -0.9708461 0.2149008
vn 0.9999923 0.0000000 -0.0039292
vn 0.8715044 0.0000000 -0.4903878
vn 0.9999923 0.0000000 -0.0039292
vn 0.8732767 0.0000000 -0.4872245
vn -0.6243595 0.0000000 -0.7811371
vn -0.8715044 0.0000000 -0.4903878
vn -0.6243595 0.0000000 -0.7811371
vn -0.8732767 0.0000000 -0.4872245
vn -0.2458422 0.8389364 -0.4855383
vn -0.2397414 0.9708339 -0.0023737
vn 0.2458422 0.8389364 -0.4855383
vn 0.2397413 0.9708339 -0.0023737
vn -0.1343270 0.0000000 -0.9909371
vn -0.2731246 0.0000000 -0.9619787
vn -0.1343270 0.0000000 -0.9909371
vn -0.2731246 0.0000000 -0.9619787
vn -0.2731246 0.0000000 -0.9619787
vn -0.4335800 0.0000000 -0.9011151
vn -0.2731246 0.0000000 -0.9619787
vn -0.4335800 0.0000000 -0.9011151
vn -0.4335800 0.0000000 -0.9011151
vn -0.6243595 0.0000000 -0.7811371
vn -0.4335800 0.0000000 -0.9011151
vn -0.6243595 0.0000000 -0.7811371
vn -0.9999981 0.0000000 0.0019608
vn -0.9999923 0.0000000 -0.0039292
vn -1.0000000 0.0000000 0.0000000
vn -0.6898012 -0.6273906 -0.3613245
vn -0.6898012 -0.3613245 -0.6273906
vn -1.0000000 0.0000000 0.0000000
vn -0.6898012 -0.3613245 -0.6273906
vn -0.7057216 0.0000000 -0.7084892
vn -0.9999981 0.0000000 -0.0019608
vn -0.7057216 0.0000000 -0.7084892
vn -0.7057216 0.0000000 -0.7084892
vn -0.9999981 0.0000000 -0.0019608
vn -1.0000000 0.0000000 0.0000000
vn -0.6898012 0.3613245 -0.6273906
vn -0.6898012 0.6273906 -0.3613245
vn -1.0000000 0.0000000 0.0000000
vn -0.9999981 0.0000000 0.0019608
vn -0.9999923 0.0000000 -0.0039292
vn 0.6898012 0.6273906 -0.3613245
vn 1.0000000 0.0000000 0.0000000
vn 0.6898012 0.3613245 -0.6273906
vn 1.0000000 0.0000000 0.0000000
vn 0.9999981 0.0000000 0.0019608
vn 0.6898012 0.3613245 -0.6273906
vn 0.7057216 0.0000000 -0.7084892
vn 0.9999981 0.0000000 -0.0019608
vn 0.7057216 0.0000000 -0.7084892
vn 0.7057216 0.0000000 -0.7084892
vn 0.9999981 0.0000000 -0.0019608
vn 0.7057216 0.0000000 -0.7084892
vn 0.6898012 -0.3613245 -0.6273906
vn 1.0000000 0.0000000 0.0000000
vn 1.0000000 0.0000000 0.0000000
vn 0.9999981 0.0000000 0.0019608
vn 0.9999923 0.0000000 -0.0039292
vn 0.9999923 0.0000000 -0.0039292
vn -0.8732767 0.0000000 -0.4872245
vn -0.9999923 0.0000000 -0.0039292
vn -0.8715044 0.0000000 -0.4903878
vn -0.9999923 0.0000000 -0.0039292
vn 0.8732767 0.0000000 -0.4872245
vn 0.6243595 0.0000000 -0.7811371
vn 0.8715044 0.0000000 -0.4903878
vn 0.6243595 0.0000000 -0.7811371
vn 0.6243595 0.0000000 -0.7811371
vn 0.4335800 0.0000000 -0.9011151
vn 0.6243595 0.0000000 -0.7811371
vn 0.4335800 0.0000000 -0.9011151
vn 0.4335800 0.0000000 -0.9011151
vn 0.2731246 0.0000000 -0.9619787
vn 0.4335800 0.0000000 -0.9011151
vn 0.2731246 0.0000000 -0.9619787
vn -0.0364868 0.0000000 -0.9993341
vn 0.0364868 0.0000000 -0.9993341
vn -0.0364868 0.0000000 -0.9993341
vn 0.0364868 0.0000000 -0.9993341
vn -0.0364868 0.0000000 -0.9993341
vn -0.1343270 0.0000000 -0.9909371
vn -0.0364868 0.0000000 -0.9993341
vn -0.1343270 0.0000000 -0.9909371
vn 0.0095103 0.9724296 -0.2330027
vn -0.0095270 0.9717564 0.2357938
vn -0.0095103 0.9724296 -0.2330027
vn 0.0095271 0.9717564 0.2357938
vn -0.0314383 0.9721694 -0.2321599
vn 0.0315507 0.9707909 0.2378437
vn -0.0641647 0.9723417 -0.2245764
vn 0.0669054 0.9713659 0.2279737
vn -0.0641647 0.9723417 -0.2245764
vn 0.0669054 0.9713659 0.2279737
vn -0.1004959 0.9722974 -0.2110413
vn 0.1061863 0.9708461 0.2149008
vn -0.1004959 0.9722974 -0.2110413
vn 0.1061863 0.9708461 0.2149008
vn -0.1479374 0.9717965 -0.1836467
vn 0.1568860 0.9696067 0.1877487
vn -0.1479374 0.9717965 -0.1836467
vn 0.1568860 0.9696067 0.1877487
vn -0.2045487 0.9722377 -0.1136382
vn 0.2142850 0.9693846 0.1198976
vn 0.2397413 0.9708339 -0.0023737
vn -0.2397414 0.9708339 -0.0023737
vn 0.2391908 0.9709726 0.0000000
vn -0.2397413 0.9708339 0.0023737
vn 0.2045487 0.9722377 -0.1136382
vn -0.2142850 0.9693846 0.1198976
vn 0.1479375 0.9717965 -0.1836466
vn -0.1568858 0.9696067 0.1877488
vn 0.1479375 0.9717965 -0.1836466
vn -0.1568858 0.9696067 0.1877488
vn 0.1004958 0.9722974 -0.2110413
vn -0.1061863 0.9708461 0.2149008
vn 0.1004958 0.9722974 -0.2110413
vn -0.1061863 0.9708461 0.2149008
vn 0.0641646 0.9723417 -0.2245764
vn -0.0669052 0.9713659 0.2279736
vn 0.0641646 0.9723417 -0.2245764
vn -0.0669052 0.9713659 0.2279736
vn 0.0314383 0.9721694 -0.2321599
vn -0.0315507 0.9707909 0.2378437
vn -0.0641647 -0.9723417 -0.2245764
vn 0.0669053 -0.9713659 0.2279737
vn -0.0314383 -0.9721694 -0.2321599
vn 0.0315507 -0.9707909 0.2378437
f 1273/1273/1273 1274/1274/1274 1275/1275/1275
f 1274/1274/1274 1276/1276/1276 1275/1275/1275
f 1277/1277/1277 1278/1278/1278 1279/1279/1279
f 1278/1278/1278 1280/1280/1280 1279/1279/1279
f 1281/1281/1281 1282/1282/1282 1283/1283/1283
f 1282/1282/1282 1284/1284/1284 1283/1283/1283
f 1285/1285/1285 1286/1286/1286 1287/1287/1287
f 1286/1286/1286 1288/1288/1288 1287/1287/1287
f 1289/1289/1289 1290/1290/1290 1291/1291/1291
f 1290/1290/1290 1292/1292/1292 1291/1291/1291
f 1293/1293/1293 1294/1294/1294 1295/1295/1295
f 1294/1294/1294 1296/1296/1296 1295/1295/1295
f 1297/1297/1297 1298/1298/1298 1299/1299/1299
f 1298/1298/1298 1300/1300/1300 1299/1299/1299
f 1301/1301/1301 1302/1302/1302 1303/1303/1303
f 1302/1302/1302 1304/1304/1304 1303/1303/1303
f 1305/1305/1305 1306/1306/1306 1307/1307/1307
f 1306/1306/1306 1308/1308/1308 1307/1307/1307
f 1309/1309/1309 1310/1310/1310 1311/1311/1311
f 1310/1310/1310 1312/1312/1312 1311/1311/1311
f 1313/1313/1313 1314/1314/1314 1315/1315/1315
f 1314/1314/1314 1316/1316/1316 1315/1315/1315
f 1317/1317/1317 1318/1318/1318 1319/1319/1319
f 1318/1318/1318 1320/1320/1320 1319/1319/1319
f 1321/1321/1321 1322/1322/1322 1323/1323/1323
f 1322/1322/1322 1324/1324/1324 1323/1323/1323
f 1325/1325/1325 1326/1326/1326 1327/1327/1327
f 1326/1326/1326 1328/1328/1328 1327/1327/1327
f 1329/1329/1329 1330/1330/1330 1331/1331/1331
f 1330/1330/1330 1332/1332/1332 1331/1331/1331
f 1333/1333/1333 1334/1334/1334 1335/1335/1335
f 1334/1334/1334 1336/1336/1336 1335/1335/1335
f 1337/1337/1337 1338/1338/1338 1339/1339/1339
f 1338/1338/1338 1340/1340/1340 1339/1339/1339
f 1341/1341/1341 1342/1342/1342 1343/1343/1343
f 1342/1342/1342 1344/1344/1344 1343/1343/1343
f 1345/1345/1345 1346/1346/1346 1347/1347/1347
f 1346/1346/1346 1348/1348/1348 1347/1347/1347
f 1349/1349/1349 1350/1350/1350 1351/1351/1351
f 1350/1350/1350 1352/1352/1352 1351/1351/1351
f 1353/1353/1353 1354/1354/1354 1355/1355/1355
f 1354/1354/1354 1356/1356/1356 1355/1355/1355
f 1357/1357/1357 1358/1358/1358 1359/1359/1359
f 1358/1358/1358 1360/1360/1360 1359/1359/1359
f 1361/1361/1361 1362/1362/1362 1363/1363/1363
f 1362/1362/1362 1364/1364/1364 1363/1363/1363
f 1365/1365/1365 1366/1366/1366 1367/1367/1367
f 1366/1366/1366 1368/1368/1368 1367/1367/1367
f 1369/1369/1369 1370/1370/1370 1371/1371/1371
f 1370/1370/1370 1372/1372/1372 1371/1371/1371
f 1373/1373/1373 1374/1374/1374 1375/1375/1375
f 1374/1374/1374 1376/1376/1376 1375/1375/1375
f 1377/1377/1377 1378/1378/1378 1379/1379/1379
f 1378/1378/1378 1380/1380/1380 1379/1379/1379
f 1381/1381/1381 1382/1382/1382 1383/1383/1383
f 1382/1382/1382 1384/1384/1384 1383/1383/1383
f 1385/1385/1385 1386/1386/1386 1387/1387/1387
f 1386/1386/1386 1388/1388/1388 1387/1387/1387
f 1389/1389/1389 1390/1390/1390 1391/1391/1391
f 1390/1390/1390 1392/1392/1392 1391/1391/1391
f 1393/1393/1393 1394/1394/1394 1395/1395/1395
f 1394/1394/1394 1396/1396/1396 1395/1395/1395
f 1397/1397/1397 1398/1398/1398 1399/1399/1399
f 1398/1398/1398 1400/1400/1400 1399/1399/1399
f 1401/1401/1401 1402/1402/1402 1403/1403/1403
f 1402/1402/1402 1404/1404/1404 1403/1403/1403
f 1405/1405/1405 1406/1406/1406 1407/1407/1407
f 1406/1406/1406 1408/1408/1408 1407/1407/1407
f 1409/1409/1409 1410/1410/1410 1411/1411/1411
f 1410/1410/1410 1412/1412/1412 1411/1411/1411
f 1413/1413/1413 1414/1414/1414 1415/1415/1415
f 1414/1414/1414 1416/1416/1416 1415/1415/1415
f 1417/1417/1417 1418/1418/1418 1419/1419/1419
f 1418/1418/1418 1420/1420/1420 1419/1419/1419
f 1421/1421/1421 1422/1422/1422 1423/1423/1423
f 1422/1422/1422 1424/1424/1424 1423/1423/1423
f 1425/1425/1425 1426/1426/1426 1427/1427/1427
f 1426/1426/1426 1428/1428/1428 1427/1427/1427
f 1429/1429/1429 1430/1430/1430 1431/1431/1431
f 1430/1430/1430 1432/1432/1432 1431/1431/1431
f 1433/1433/1433 1434/1434/1434 1435/1435/1435
f 1434/1434/1434 1436/1436/1436 1435/1435/1435
f 1437/1437/1437 1438/1438/1438 1439/1439/1439
f 1438/1438/1438 1440/1440/1440 1439/1439/1439
f 1441/1441/1441 1442/1442/1442 1443/1443/1443
f 1442/1442/1442 1444/1444/1444 1443/1443/1443
f 1445/1445/1445 1446/1446/1446 1447/1447/1447
f 1446/1446/1446 1448/1448/1448 1447/1447/1447
f 1449/1449/1449 1450/1450/1450 1451/1451/1451
f 1450/1450/1450 1452/1452/1452 1451/1451/1451
f 1453/1453/1453 1454/1454/1454 1455/1455/1455
f 1454/1454/1454 1456/1456/1456 1455/1455/1455
f 1457/1457/1457 1458/1458/1458 1459/1459/1459
f 1460/1460/1460 1461/1461/1461 1462/1462/1462
f 1461/1461/1461 1459/1459/1459 1462/1462/1462
f 1459/1459/1459 1458/1458/1458 1462/1462/1462
f 1463/1463/1463 1464/1464/1464 1465/1465/1465
f 1466/1466/1466 1467/1467/1467 1468/1468/1468
f 1467/1467/1467 1465/1465/1465 1468/1468/1468
f 1465/1465/1465 1464/1464/1464 1468/1468/1468
f 1469/1469/1469 1470/1470/1470 1471/1471/1471
f 1470/1470/1470 1472/1472/1472 1471/1471/1471
f 1473/1473/1473 1474/1474/1474 1475/1475/1475
f 1474/1474/1474 1476/1476/1476 1475/1475/1475
f 1477/1477/1477 1478/1478/1478 1479/1479/1479
f 1478/1478/1478 1480/1480/1480 1479/1479/1479
f 1481/1481/1481 1482/1482/1482 1483/1483/1483
f 1482/1482/1482 1484/1484/1484 1483/1483/1483
f 1485/1485/1485 1486/1486/1486 1487/1487/1487
f 1486/1486/1486 1488/1488/1488 1487/1487/1487
f 1489/1489/1489 1490/1490/1490 1491/1491/1491
f 1490/1490/1490 1492/1492/1492 1491/1491/1491
f 1493/1493/1493 1494/1494/1494 1495/1495/1495
f 1494/1494/1494 1496/1496/1496 1495/1495/1495
f 1497/1497/1497 1498/1498/1498 1499/1499/1499
f 1498/1498/1498 1500/1500/1500 1499/1499/1499
f 1501/1501/1501 1502/1502/1502 1503/1503/1503
f 1502/1502/1502 1504/1504/1504 1503/1503/1503
f 1505/1505/1505 1506/1506/1506 1507/1507/1507
f 1506/1506/1506 1508/1508/1508 1507/1507/1507
f 1509/1509/1509 1510/1510/1510 1511/1511/1511
f 1510/1510/1510 1512/1512/1512 1511/1511/1511
f 1513/1513/1513 1514/1514/1514 1515/1515/1515
f 1514/1514/1514 1516/1516/1516 1515/1515/1515
f 1517/1517/1517 1518/1518/1518 1519/1519/1519
f 1518/1518/1518 1520/1520/1520 1519/1519/1519
f 1521/1521/1521 1522/1522/1522 1523/1523/1523
f 1522/1522/1522 1524/1524/1524 1523/1523/1523
f 1525/1525/1525 1526/1526/1526 1527/1527/1527
f 1526/1526/1526 1528/1528/1528 1527/1527/1527
f 1529/1529/1529 1530/1530/1530 1531/1531/1531
f 1530/1530/1530 1532/1532/1532 1531/1531/1531
f 1533/1533/1533 1534/1534/1534 1535/1535/1535
f 1534/1534/1534 1536/1536/1536 1535/1535/1535
f 1537/1537/1537 1538/1538/1538 1539/1539/1539
f 1540/1540/1540 1541/1541/1541 1542/1542/1542
f 1541/1541/1541 1539/1539/1539 1542/1542/1542
f 1539/1539/1539 1538/1538/1538 1542/1542/1542
f 1543/1543/1543 1544/1544/1544 1545/1545/1545
f 1546/1546/1546 1547/1547/1547 1548/1548/1548
f 1547/1547/1547 1545/1545/1545 1548/1548/1548
f 1545/1545/1545 1544/1544/1544 1548/1548/1548
f 1549/1549/1549 1550/1550/1550 1551/1551/1551
f 1550/1550/1550 1552/1552/1552 1551/1551/1551
f 1553/1553/1553 1554/1554/1554 1555/1555/1555
f 1554/1554/1554 1556/1556/1556 1555/1555/1555
f 1557/1557/1557 1558/1558/1558 1559/1559/1559
f 1558/1558/1558 1560/1560/1560 1559/1559/1559
f 1559/1559/1559 1560/1560/1560 1561/1561/1561
f 1560/1560/1560 1562/1562/1562 1561/1561/1561
f 1563/1563/1563 1564/1564/1564 1565/1565/1565
f 1564/1564/1564 1566/1566/1566 1565/1565/1565
f 1567/1567/1567 1568/1568/1568 1569/1569/1569
f 1568/1568/1568 1570/1570/1570 1569/1569/1569
f 1571/1571/1571 1572/1572/1572 1573/1573/1573
f 1572/1572/1572 1574/1574/1574 1573/1573/1573
f 1575/1575/1575 1576/1576/1576 1577/1577/1577
f 1576/1576/1576 1578/1578/1578 1577/1577/1577
f 1579/1579/1579 1580/1580/1580 1581/1581/1581
f 1580/1580/1580 1582/1582/1582 1581/1581/1581
f 1583/1583/1583 1584/1584/1584 1585/1585/1585
f 1584/1584/1584 1586/1586/1586 1585/1585/1585
f 1587/1587/1587 1588/1588/1588 1589/1589/1589
f 1588/1588/1588 1590/1590/1590 1589/1589/1589
f 1591/1591/1591 1592/1592/1592 1593/1593/1593
f 1592/1592/1592 1594/1594/1594 1593/1593/1593
f 1595/1595/1595 1596/1596/1596 1597/1597/1597
f 1596/1596/1596 1598/1598/1598 1597/1597/1597
f 1599/1599/1599 1600/1600/1600 1601/1601/1601
f 1600/1600/1600 1602/1602/1602 1601/1601/1601
f 1603/1603/1603 1604/1604/1604 1605/1605/1605
f 1604/1604/1604 1606/1606/1606 1605/1605/1605
f 1607/1607/1607 1608/1608/1608 1609/1609/1609
f 1608/1608/1608 1610/1610/1610 1609/1609/1609
f 1611/1611/1611 1612/1612/1612 1613/1613/1613
f 1612/1612/1612 1614/1614/1614 1613/1613/1613
f 1615/1615/1615 1616/1616/1616 1617/1617/1617
f 1618/1618/1618 1619/1619/1619 1620/1620/1620
f 1619/1619/1619 1621/1621/1621 1620/1620/1620
f 1620/1620/1620 1621/1621/1621 1622/1622/1622
f 1621/1621/1621 1617/1617/1617 1622/1622/1622
f 1617/1617/1617 1616/1616/1616 1622/1622/1622
f 1623/1623/1623 1624/1624/1624 1625/1625/1625
f 1624/1624/1624 1626/1626/1626 1625/1625/1625
f 1627/1627/1627 1628/1628/1628 1629/1629/1629
f 1628/1628/1628 1630/1630/1630 1629/1629/1629
f 1631/1631/1631 1632/1632/1632 1633/1633/1633
f 1632/1632/1632 1634/1634/1634 1633/1633/1633
f 1635/1635/1635 1636/1636/1636 1637/1637/1637
f 1636/1636/1636 1638/1638/1638 1637/1637/1637
f 1639/1639/1639 1640/1640/1640 1641/1641/1641
f 1640/1640/1640 1642/1642/1642 1641/1641/1641
f 1643/1643/1643 1644/1644/1644 1645/1645/1645
f 1644/1644/1644 1646/1646/1646 1645/1645/1645
f 1647/1647/1647 1648/1648/1648 1649/1649/1649
f 1648/1648/1648 1650/1650/1650 1649/1649/1649
f 1651/1651/1651 1652/1652/1652 1653/1653/1653
f 1652/1652/1652 1654/1654/1654 1653/1653/1653
f 1655/1655/1655 1656/1656/1656 1657/1657/1657
f 1656/1656/1656 1658/1658/1658 1657/1657/1657
f 1659/1659/1659 1660/1660/1660 1661/1661/1661
f 1660/1660/1660 1662/1662/1662 1661/1661/1661
f 1663/1663/1663 1664/1664/1664 1665/1665/1665
f 1664/1664/1664 1666/1666/1666 1665/1665/1665
f 1667/1667/1667 1668/1668/1668 1669/1669/1669
f 1668/1668/1668 1670/1670/1670 1669/1669/1669
f 1671/1671/1671 1672/1672/1672 1673/1673/1673
f 1672/1672/1672 1674/1674/1674 1673/1673/1673
f 1675/1675/1675 1676/1676/1676 1677/1677/1677
f 1676/1676/1676 1678/1678/1678 1677/1677/1677
f 1679/1679/1679 1680/1680/1680 1681/1681/1681
f 1680/1680/1680 1682/1682/1682 1681/1681/1681
f 1683/1683/1683 1684/1684/1684 1685/1685/1685
f 1684/1684/1684 1686/1686/1686 1685/1685/1685
f 1687/1687/1687 1688/1688/1688 1689/1689/1689
f 1688/1688/1688 1690/1690/1690 1689/1689/1689
f 1691/1691/1691 1692/1692/1692 1693/1693/1693
f 1692/1692/1692 1694/1694/1694 1693/1693/1693
f 1695/1695/1695 1696/1696/1696 1697/1697/1697
f 1696/1696/1696 1698/1698/1698 1697/1697/1697
f 1699/1699/1699 1700/1700/1700 1701/1701/1701
f 1700/1700/1700 1702/1702/1702 1701/1701/1701
f 1703/1703/1703 1704/1704/1704 1705/1705/1705
f 1704/1704/1704 1706/1706/1706 1705/1705/1705
f 1707/1707/1707 1708/1708/1708 1709/1709/1709
f 1708/1708/1708 1710/1710/1710 1709/1709/1709
f 1711/1711/1711 1712/1712/1712 1713/1713/1713
f 1712/1712/1712 1714/1714/1714 1713/1713/1713
f 1715/1715/1715 1716/1716/1716 1717/1717/1717
f 1716/1716/1716 1718/1718/1718 1717/1717/1717
f 1719/1719/1719 1720/1720/1720 1721/1721/1721
f 1720/1720/1720 1722/1722/1722 1721/1721/1721
f 1723/1723/1723 1724/1724/1724 1725/1725/1725
f 1724/1724/1724 1726/1726/1726 1725/1725/1725
f 1727/1727/1727 1728/1728/1728 1729/1729/1729
f 1728/1728/1728 1730/1730/1730 1729/1729/1729
f 1731/1731/1731 1732/1732/1732 1733/1733/1733
f 1732/1732/1732 1734/1734/1734 1733/1733/1733
f 1735/1735/1735 1736/1736/1736 1737/1737/1737
f 1736/1736/1736 1738/1738/1738 1737/1737/1737
f 1739/1739/1739 1740/1740/1740 1741/1741/1741
f 1740/1740/1740 1742/1742/1742 1741/1741/1741
f 1743/1743/1743 1744/1744/1744 1745/1745/1745
f 1744/1744/1744 1746/1746/1746 1745/1745/1745
f 1747/1747/1747 1748/1748/1748 1749/1749/1749
f 1748/1748/1748 1750/1750/1750 1749/1749/1749
f 1751/1751/1751 1752/1752/1752 1753/1753/1753
f 1752/1752/1752 1754/1754/1754 1753/1753/1753
f 1755/1755/1755 1756/1756/1756 1757/1757/1757
f 1758/1758/1758 1757/1757/1757 1759/1759/1759
f 1759/1759/1759 1757/1757/1757 1760/1760/1760
f 1757/1757/1757 1756/1756/1756 1760/1760/1760
f 1761/1761/1761 1762/1762/1762 1763/1763/1763
f 1763/1763/1763 1762/1762/1762 1764/1764/1764
f 1762/1762/1762 1765/1765/1765 1764/1764/1764
f 1765/1765/1765 1766/1766/1766 1764/1764/1764
f 1767/1767/1767 1768/1768/1768 1769/1769/1769
f 1769/1769/1769 1768/1768/1768 1770/1770/1770
f 1770/1770/1770 1768/1768/1768 1771/1771/1771
f 1768/1768/1768 1772/1772/1772 1771/1771/1771
f 1773/1773/1773 1774/1774/1774 1775/1775/1775
f 1774/1774/1774 1776/1776/1776 1775/1775/1775
f 1777/1777/1777 1778/1778/1778 1779/1779/1779
f 1778/1778/1778 1780/1780/1780 1779/1779/1779
f 1781/1781/1781 1782/1782/1782 1783/1783/1783
f 1782/1782/1782 1784/1784/1784 1783/1783/1783
f 1785/1785/1785 1786/1786/1786 1787/1787/1787
f 1787/1787/1787 1786/1786/1786 1788/1788/1788
f 1786/1786/1786 1789/1789/1789 1788/1788/1788
f 1789/1789/1789 1790/1790/1790 1788/1788/1788
f 1791/1791/1791 1792/1792/1792 1793/1793/1793
f 1792/1792/1792 1794/1794/1794 1793/1793/1793
f 1795/1795/1795 1796/1796/1796 1797/1797/1797
f 1796/1796/1796 1798/1798/1798 1797/1797/1797
f 1799/1799/1799 1800/1800/1800 1801/1801/1801
f 1800/1800/1800 1802/1802/1802 1801/1801/1801
f 1803/1803/1803 1804/1804/1804 1805/1805/1805
f 1806/1806/1806 1807/1807/1807 1808/1808/1808
f 1807/1807/1807 1805/1805/1805 1808/1808/1808
f 1805/1805/1805 1804/1804/1804 1808/1808/1808
f 1804/1804/1804 1809/1809/1809 1808/1808/1808
f 1809/1809/1809 1810/1810/1810 1808/1808/1808
f 1811/1811/1811 1812/1812/1812 1813/1813/1813
f 1812/1812/1812 1814/1814/1814 1813/1813/1813
f 1815/1815/1815 1816/1816/1816 1817/1817/1817
f 1816/1816/1816 1818/1818/1818 1817/1817/1817
f 1819/1819/1819 1820/1820/1820 1821/1821/1821
f 1820/1820/1820 1822/1822/1822 1821/1821/1821
f 1823/1823/1823 1824/1824/1824 1825/1825/1825
f 1824/1824/1824 1826/1826/1826 1825/1825/1825
f 1827/1827/1827 1828/1828/1828 1829/1829/1829
f 1828/1828/1828 1830/1830/1830 1829/1829/1829
f 1831/1831/1831 1832/1832/1832 1833/1833/1833
f 1832/1832/1832 1834/1834/1834 1833/1833/1833
f 1835/1835/1835 1836/1836/1836 1837/1837/1837
f 1836/1836/1836 1838/1838/1838 1837/1837/1837
f 1839/1839/1839 1840/1840/1840 1841/1841/1841
f 1842/1842/1842 1843/1843/1843 1844/1844/1844
f 1843/1843/1843 1841/1841/1841 1844/1844/1844
f 1841/1841/1841 1840/1840/1840 1844/1844/1844
f 1845/1845/1845 1846/1846/1846 1847/1847/1847
f 1846/1846/1846 1848/1848/1848 1847/1847/1847
f 1849/1849/1849 1850/1850/1850 1851/1851/1851
f 1850/1850/1850 1852/1852/1852 1851/1851/1851
f 1853/1853/1853 1854/1854/1854 1855/1855/1855
f 1854/1854/1854 1856/1856/1856 1855/1855/1855
f 1857/1857/1857 1858/1858/1858 1859/1859/1859
f 1858/1858/1858 1860/1860/1860 1859/1859/1859
f 1861/1861/1861 1862/1862/1862 1863/1863/1863
f 1862/1862/1862 1864/1864/1864 1863/1863/1863
f 1865/1865/1865 1866/1866/1866 1867/1867/1867
f 1866/1866/1866 1868/1868/1868 1867/1867/1867
f 1869/1869/1869 1870/1870/1870 1871/1871/1871
f 1870/1870/1870 1872/1872/1872 1871/1871/1871
f 1871/1871/1871 1872/1872/1872 1873/1873/1873
f 1872/1872/1872 1874/1874/1874 1873/1873/1873
f 1875/1875/1875 1876/1876/1876 1877/1877/1877
f 1876/1876/1876 1878/1878/1878 1877/1877/1877
f 1879/1879/1879 1880/1880/1880 1881/1881/1881
f 1880/1880/1880 1882/1882/1882 1881/1881/1881
f 1883/1883/1883 1884/1884/1884 1885/1885/1885
f 1884/1884/1884 1886/1886/1886 1885/1885/1885
f 1887/1887/1887 1888/1888/1888 1889/1889/1889
f 1888/1888/1888 1890/1890/1890 1889/1889/1889
f 1891/1891/1891 1892/1892/1892 1893/1893/1893
f 1892/1892/1892 1894/1894/1894 1893/1893/1893
f 1895/1895/1895 1896/1896/1896 1897/1897/1897
f 1896/1896/1896 1898/1898/1898 1897/1897/1897
f 1899/1899/1899 1900/1900/1900 1901/1901/1901
f 1902/1902/1902 1901/1901/1901 1903/1903/1903
f 1903/1903/1903 1901/1901/1901 1904/1904/1904
f 1905/1905/1905 1904/1904/1904 1906/1906/1906
f 1906/1906/1906 1904/1904/1904 1907/1907/1907
f 1904/1904/1904 1901/1901/1901 1907/1907/1907
f 1908/1908/1908 1907/1907/1907 1909/1909/1909
f 1909/1909/1909 1907/1907/1907 1910/1910/1910
f 1910/1910/1910 1907/1907/1907 1911/1911/1911
f 1907/1907/1907 1901/1901/1901 1911/1911/1911
f 1901/1901/1901 1900/1900/1900 1911/1911/1911
f 1912/1912/1912 1911/1911/1911 1913/1913/1913
f 1913/1913/1913 1911/1911/1911 1914/1914/1914
f 1914/1914/1914 1911/1911/1911 1915/1915/1915
f 1911/1911/1911 1900/1900/1900 1915/1915/1915
f 1900/1900/1900 1916/1916/1916 1915/1915/1915
f 1917/1917/1917 1918/1918/1918 1919/1919/1919
f 1919/1919/1919 1918/1918/1918 1920/1920/1920
f 1918/1918/1918 1921/1921/1921 1920/1920/1920
f 1922/1922/1922 1920/1920/1920 1923/1923/1923
f 1923/1923/1923 1920/1920/1920 1924/1924/1924
f 1925/1925/1925 1924/1924/1924 1926/1926/1926
f 1926/1926/1926 1924/1924/1924 1927/1927/1927
f 1924/1924/1924 1920/1920/1920 1927/1927/1927
f 1928/1928/1928 1927/1927/1927 1929/1929/1929
f 1929/1929/1929 1927/1927/1927 1930/1930/1930
f 1930/1930/1930 1927/1927/1927 1931/1931/1931
f 1927/1927/1927 1920/1920/1920 1931/1931/1931
f 1920/1920/1920 1921/1921/1921 1931/1931/1931
f 1932/1932/1932 1931/1931/1931 1933/1933/1933
f 1931/1931/1931 1921/1921/1921 1933/1933/1933
f 1921/1921/1921 1934/1934/1934 1933/1933/1933
f 1935/1935/1935 1936/1936/1936 1937/1937/1937
f 1936/1936/1936 1938/1938/1938 1937/1937/1937
f 1939/1939/1939 1940/1940/1940 1941/1941/1941
f 1940/1940/1940 1942/1942/1942 1941/1941/1941
f 1943/1943/1943 1944/1944/1944 1945/1945/1945
f 1944/1944/1944 1946/1946/1946 1945/1945/1945
f 1947/1947/1947 1948/1948/1948 1949/1949/1949
f 1948/1948/1948 1950/1950/1950 1949/1949/1949
f 1951/1951/1951 1952/1952/1952 1953/1953/1953
f 1952/1952/1952 1954/1954/1954 1953/1953/1953
f 1955/1955/1955 1956/1956/1956 1957/1957/1957
f 1956/1956/1956 1958/1958/1958 1957/1957/1957
f 1959/1959/1959 1960/1960/1960 1961/1961/1961
f 1960/1960/1960 1962/1962/1962 1961/1961/1961
f 1963/1963/1963 1964/1964/1964 1965/1965/1965
f 1964/1964/1964 1966/1966/1966 1965/1965/1965
f 1967/1967/1967 1968/1968/1968 1969/1969/1969
f 1968/1968/1968 1970/1970/1970 1969/1969/1969
f 1971/1971/1971 1972/1972/1972 1973/1973/1973
f 1972/1972/1972 1974/1974/1974 1973/1973/1973
f 1975/1975/1975 1976/1976/1976 1977/1977/1977
f 1976/1976/1976 1978/1978/1978 1977/1977/1977
f 1979/1979/1979 1980/1980/1980 1981/1981/1981
f 1980/1980/1980 1982/1982/1982 1981/1981/1981
f 1983/1983/1983 1984/1984/1984 1985/1985/1985
f 1984/1984/1984 1986/1986/1986 1985/1985/1985
f 1987/1987/1987 1988/1988/1988 1989/1989/1989
f 1988/1988/1988 1990/1990/1990 1989/1989/1989
f 1991/1991/1991 1992/1992/1992 1993/1993/1993
f 1992/1992/1992 1994/1994/1994 1993/1993/1993
f 1995/1995/1995 1996/1996/1996 1997/1997/1997
f 1996/1996/1996 1998/1998/1998 1997/1997/1997
f 1999/1999/1999 2000/2000/2000 2001/2001/2001
f 2000/2000/2000 2002/2002/2002 2001/2001/2001
v -0.2057287 0.0217644 -0.3140524
v -0.2057287 0.0196226 -0.3131737
v -0.3032072 0.0217644 -0.3140524
v -0.3032072 0.0196226 -0.3131737
v -0.2057287 0.0196226 -0.3131737
v -0.2057287 0.0187440 -0.3110319
v -0.3032072 0.0196226 -0.3131737
v -0.3032072 0.0187440 -0.3110319
v -0.2057287 0.9184568 -0.3110319
v -0.2057287 0.9175781 -0.3131737
v -0.3032072 0.9184568 -0.3110319
v -0.3032072 0.9175781 -0.3131737
v -0.2057287 0.9175781 -0.3131737
v -0.2057287 0.9154363 -0.3140524
v -0.3032072 0.9175781 -0.3131737
v -0.3032072 0.9154363 -0.3140524
v -0.2056738 0.9184568 0.3414425
v -0.2057287 0.9184568 -0.3110319
v -0.2077058 0.9184568 0.3491309
v -0.2132524 0.9184568 0.3550071
v -0.2208859 0.9184568 0.3596751
v -0.2298375 0.9184568 0.3630250
v -0.2393382 0.9184568 0.3649472
v -0.2493332 0.9184568 0.3656611
v -0.2595478 0.9184568 0.3656611
v -0.2695977 0.9184568 0.3649472
v -0.2790985 0.9184568 0.3630250
v -0.2879951 0.9184568 0.3596751
v -0.2956835 0.9184568 0.3550071
v -0.3011753 0.9184568 0.3491309
v -0.3032621 0.9184568 0.3414425
v -0.3032072 0.9184568 -0.3110319
v -0.3032072 0.9154363 -0.3140524
v -0.2057287 0.9154363 -0.3140524
v -0.3032072 0.0217644 -0.3140524
v -0.2057287 0.0217644 -0.3140524
v -0.3011753 0.0187440 0.3491309
v -0.3032621 0.0187440 0.3414425
v -0.2956835 0.0187440 0.3550071
v -0.2879951 0.0187440 0.3596751
v -0.2790985 0.0187440 0.3630250
v -0.2695977 0.0187440 0.3649472
v -0.2595478 0.0187440 0.3656611
v -0.2493332 0.0187440 0.3656611
v -0.2393382 0.0187440 0.3649472
v -0.2298375 0.0187440 0.3630250
v -0.2208859 0.0187440 0.3596751
v -0.2132524 0.0187440 0.3550071
v -0.2077058 0.0187440 0.3491309
v -0.2056738 0.0187440 0.3414425
v -0.2057287 0.0187440 -0.3110319
v -0.3032072 0.0187440 -0.3110319
vt 0.7030928 0.0045013
vt 0.7030928 0.0010899
vt 0.6670300 0.0045013
vt 0.6670300 0.0010899
vt 0.7752998 0.7549985
vt 0.7752998 0.7515871
vt 0.7393181 0.7549985
vt 0.7393181 0.7515871
vt 0.7031741 0.7515871
vt 0.7031741 0.7549985
vt 0.7391557 0.7515871
vt 0.7391557 0.7549985
vt 0.7030928 0.9989101
vt 0.7030928 0.9954987
vt 0.6670300 0.9989101
vt 0.6670300 0.9954987
vt 0.7030928 0.0278934
vt 0.7031741 0.7515871
vt 0.7039051 0.0193651
vt 0.7059356 0.0127860
vt 0.7087784 0.0076690
vt 0.7120273 0.0040139
vt 0.7156011 0.0018210
vt 0.7192561 0.0010899
vt 0.7230736 0.0010899
vt 0.7267286 0.0018210
vt 0.7303024 0.0040139
vt 0.7335513 0.0076690
vt 0.7363941 0.0127860
vt 0.7384247 0.0193651
vt 0.7392369 0.0278934
vt 0.7391557 0.7515871
vt 0.6670300 0.9954987
vt 0.7030928 0.9954987
vt 0.6670300 0.0045013
vt 0.7030928 0.0045013
vt 0.7400491 0.0193651
vt 0.7392369 0.0278934
vt 0.7420797 0.0127860
vt 0.7449225 0.0076690
vt 0.7481714 0.0040139
vt 0.7517452 0.0018210
vt 0.7554002 0.0010899
vt 0.7592177 0.0010899
vt 0.7628727 0.0018210
vt 0.7664465 0.0040139
vt 0.7696954 0.0076690
vt 0.7725382 0.0127860
vt 0.7745688 0.0193651
vt 0.7753810 0.0278934
vt 0.7752998 0.7515871
vt 0.7393181 0.7515871
vn 0.0000000 -0.0019608 -0.9999981
vn 0.0000000 -0.7057216 -0.7084892
vn 0.0000000 -0.0019608 -0.9999981
vn 0.0000000 -0.7057216 -0.7084892
vn 0.0000000 -0.7057216 -0.7084892
vn 0.0000000 -0.9999981 -0.0019608
vn 0.0000000 -0.7057216 -0.7084892
vn 0.0000000 -0.9999981 -0.0019608
vn 0.0000000 0.9999981 -0.0019608
vn 0.0000000 0.7084892 -0.7057216
vn 0.0000000 0.9999981 -0.0019608
vn 0.0000000 0.7084892 -0.7057216
vn 0.0000000 0.7084892 -0.7057216
vn 0.0000000 0.0019608 -0.9999981
vn 0.0000000 0.7084892 -0.7057216
vn 0.0000000 0.0019608 -0.9999981
vn 0.0000000 1.0000000 0.0000000
vn 0.0000000 0.9999981 -0.0019608
vn 0.0000000 1.0000000 0.0000000
vn 0.0000000 1.0000000 0.0000000
vn 0.0000000 1.0000000 0.0000000
vn 0.0000000 1.0000000 0.0000000
vn 0.0000000 1.0000000 0.0000000
vn 0.0000000 1.0000000 0.0000000
vn 0.0000000 1.0000000 0.0000000
vn 0.0000000 1.0000000 0.0000000
vn 0.0000000 1.0000000 0.0000000
vn 0.0000000 1.0000000 0.0000000
vn 0.0000000 1.0000000 0.0000000
vn 0.0000000 1.0000000 0.0000000
vn 0.0000000 1.0000000 0.0000000
vn 0.0000000 0.9999981 -0.0019608
vn 0.0000000 0.0000000 -1.0000000
vn 0.0000000 0.0000000 -1.0000000
vn 0.0000000 0.0000000 -1.0000000
vn 0.0000000 0.0000000 -1.0000000
vn 0.0000000 -1.0000000 0.0000000
vn 0.0000000 -1.0000000 0.0000000
vn 0.0000000 -1.0000000 0.0000000
vn 0.0000000 -1.0000000 0.0000000
vn 0.0000000 -1.0000000 0.0000000
vn 0.0000000 -1.0000000 0.0000000
vn 0.0000000 -1.0000000 0.0000000
vn 0.0000000 -1.0000000 0.0000000
vn 0.0000000 -1.0000000 0.0000000
vn 0.0000000 -1.0000000 0.0000000
vn 0.0000000 -1.0000000 0.0000000
vn 0.0000000 -1.0000000 0.0000000
vn 0.0000000 -1.0000000 0.0000000
vn 0.0000000 -1.0000000 0.0000000
vn 0.0000000 -0.9999981 -0.0019608
vn 0.0000000 -0.9999981 -0.0019608
f 2003/2003/2003 2004/2004/2004 2005/2005/2005
f 2004/2004/2004 2006/2006/2006 2005/2005/2005
f 2007/2007/2007 2008/2008/2008 2009/2009/2009
f 2008/2008/2008 2010/2010/2010 2009/2009/2009
f 2011/2011/2011 2012/2012/2012 2013/2013/2013
f 2012/2012/2012 2014/2014/2014 2013/2013/2013
f 2015/2015/2015 2016/2016/2016 2017/2017/2017
f 2016/2016/2016 2018/2018/2018 2017/2017/2017
f 2019/2019/2019 2020/2020/2020 2021/2021/2021
f 2022/2022/2022 2021/2021/2021 2023/2023/2023
f 2021/2021/2021 2020/2020/2020 2023/2023/2023
f 2024/2024/2024 2023/2023/2023 2025/2025/2025
f 2026/2026/2026 2025/2025/2025 2027/2027/2027
f 2025/2025/2025 2023/2023/2023 2027/2027/2027
f 2023/2023/2023 2020/2020/2020 2027/2027/2027
f 2028/2028/2028 2027/2027/2027 2029/2029/2029
f 2030/2030/2030 2029/2029/2029 2031/2031/2031
f 2029/2029/2029 2027/2027/2027 2031/2031/2031
f 2027/2027/2027 2020/2020/2020 2031/2031/2031
f 2032/2032/2032 2031/2031/2031 2033/2033/2033
f 2031/2031/2031 2020/2020/2020 2033/2033/2033
f 2020/2020/2020 2034/2034/2034 2033/2033/2033
f 2035/2035/2035 2036/2036/2036 2037/2037/2037
f 2036/2036/2036 2038/2038/2038 2037/2037/2037
f 2039/2039/2039 2040/2040/2040 2041/2041/2041
f 2042/2042/2042 2041/2041/2041 2043/2043/2043
f 2041/2041/2041 2040/2040/2040 2043/2043/2043
f 2044/2044/2044 2043/2043/2043 2045/2045/2045
f 2046/2046/2046 2045/2045/2045 2047/2047/2047
f 2045/2045/2045 2043/2043/2043 2047/2047/2047
f 2043/2043/2043 2040/2040/2040 2047/2047/2047
f 2048/2048/2048 2047/2047/2047 2049/2049/2049
f 2050/2050/2050 2049/2049/2049 2051/2051/2051
f 2049/2049/2049 2047/2047/2047 2051/2051/2051
f 2047/2047/2047 2040/2040/2040 2051/2051/2051
f 2052/2052/2052 2051/2051/2051 2053/2053/2053
f 2051/2051/2051 2040/2040/2040 2053/2053/2053
f 2040/2040/2040 2054/2054/2054 2053/2053/2053
v -0.1196700 0.0022262 0.2633437
v -0.1202148 0.0006524 0.2631621
v -0.1196700 0.0022262 -0.3928815
v -0.1202754 0.0006524 -0.3931236
v -0.1196700 0.9907709 -0.3928815
v -0.1202148 0.9923448 -0.3931236
v -0.1196700 0.9907709 0.2633437
v -0.1202148 0.9923448 0.2631621
v -0.1871630 0.9907709 0.2633437
v -0.1866182 0.9923448 0.2631621
v -0.1871630 0.9907709 -0.3928815
v -0.1866182 0.9923448 -0.3931236
v -0.1865577 0.0076136 -0.4000242
v -0.1871630 0.0077952 -0.3984504
v -0.1865577 0.9853836 -0.4000242
v -0.1871630 0.9852020 -0.3984504
v -0.1202148 0.9923448 -0.3931236
v -0.1196700 0.9907709 -0.3928815
v -0.1202754 0.9913762 -0.3965739
v -0.1196700 0.9899841 -0.3957870
v -0.1865577 0.0016209 -0.3965739
v -0.1871630 0.0030132 -0.3957870
v -0.1865577 0.0041027 -0.3990557
v -0.1871630 0.0048896 -0.3976635
v -0.1866182 0.9913762 -0.3965739
v -0.1871630 0.9899841 -0.3957870
v -0.1866182 0.9923448 -0.3931236
v -0.1871630 0.9907709 -0.3928815
v -0.1202754 0.0041027 -0.3990557
v -0.1196700 0.0048896 -0.3976635
v -0.1202754 0.0016209 -0.3965739
v -0.1196700 0.0030132 -0.3957870
v -0.1501781 0.9923448 0.2933069
v -0.1501781 0.9907709 0.2940333
v -0.1437617 0.9923448 0.2924595
v -0.1437617 0.9907709 0.2932464
v -0.1374059 0.0006524 0.2902803
v -0.1374059 0.0022262 0.2910673
v -0.1437617 0.0006524 0.2924595
v -0.1437617 0.0022262 0.2932464
v -0.1437617 0.9923448 0.2924595
v -0.1437617 0.9907709 0.2932464
v -0.1374059 0.9923448 0.2902803
v -0.1374059 0.9907709 0.2910673
v -0.1314132 0.0006524 0.2864668
v -0.1313527 0.0022262 0.2873143
v -0.1374059 0.0006524 0.2902803
v -0.1374059 0.0022262 0.2910673
v -0.1374059 0.9923448 0.2902803
v -0.1374059 0.9907709 0.2910673
v -0.1314132 0.9923448 0.2864668
v -0.1313527 0.9907709 0.2873143
v -0.1260259 0.0006524 0.2808374
v -0.1258443 0.0022262 0.2816848
v -0.1314132 0.0006524 0.2864668
v -0.1313527 0.0022262 0.2873143
v -0.1314132 0.9923448 0.2864668
v -0.1313527 0.9907709 0.2873143
v -0.1260259 0.9923448 0.2808374
v -0.1258443 0.9907709 0.2816848
v -0.1218492 0.0006524 0.2730288
v -0.1214255 0.0022262 0.2736946
v -0.1260259 0.0006524 0.2808374
v -0.1258443 0.0022262 0.2816848
v -0.1260259 0.9923448 0.2808374
v -0.1258443 0.9907709 0.2816848
v -0.1218492 0.9923448 0.2730288
v -0.1214255 0.9907709 0.2736946
v -0.1202148 0.0006524 0.2631621
v -0.1196700 0.0022262 0.2633437
v -0.1218492 0.0006524 0.2730288
v -0.1214255 0.0022262 0.2736946
v -0.1218492 0.9923448 0.2730288
v -0.1214255 0.9907709 0.2736946
v -0.1202148 0.9923448 0.2631621
v -0.1196700 0.9907709 0.2633437
v -0.1849839 0.0006524 0.2730288
v -0.1854076 0.0022262 0.2736946
v -0.1866182 0.0006524 0.2631621
v -0.1871630 0.0022262 0.2633437
v -0.1866182 0.9923448 0.2631621
v -0.1871630 0.9907709 0.2633437
v -0.1849839 0.9923448 0.2730288
v -0.1854076 0.9907709 0.2736946
v -0.1808072 0.0006524 0.2808374
v -0.1810493 0.0022262 0.2816848
v -0.1849839 0.0006524 0.2730288
v -0.1854076 0.0022262 0.2736946
v -0.1849839 0.9923448 0.2730288
v -0.1854076 0.9907709 0.2736946
v -0.1808072 0.9923448 0.2808374
v -0.1810493 0.9907709 0.2816848
v -0.1754804 0.0006524 0.2864668
v -0.1755409 0.0022262 0.2873143
v -0.1808072 0.0006524 0.2808374
v -0.1810493 0.0022262 0.2816848
v -0.1808072 0.9923448 0.2808374
v -0.1810493 0.9907709 0.2816848
v -0.1754804 0.9923448 0.2864668
v -0.1755409 0.9907709 0.2873143
v -0.1694272 0.0006524 0.2902803
v -0.1694272 0.0022262 0.2910673
v -0.1754804 0.0006524 0.2864668
v -0.1755409 0.0022262 0.2873143
v -0.1754804 0.9923448 0.2864668
v -0.1755409 0.9907709 0.2873143
v -0.1694272 0.9923448 0.2902803
v -0.1694272 0.9907709 0.2910673
v -0.1631319 0.0006524 0.2924595
v -0.1631319 0.0022262 0.2932464
v -0.1694272 0.0006524 0.2902803
v -0.1694272 0.0022262 0.2910673
v -0.1694272 0.9923448 0.2902803
v -0.1694272 0.9907709 0.2910673
v -0.1631319 0.9923448 0.2924595
v -0.1631319 0.9907709 0.2932464
v -0.1631319 0.9923448 0.2924595
v -0.1631319 0.9907709 0.2932464
v -0.1566550 0.9923448 0.2933069
v -0.1566550 0.9907709 0.2940333
v -0.1865577 0.9876838 -0.3994189
v -0.1871630 0.9881076 -0.3976635
v -0.1863155 0.9889550 -0.3991162
v -0.1865577 0.9898024 -0.3982083
v -0.1854076 0.0022262 0.2736946
v -0.1854076 0.9907709 0.2736946
v -0.1871630 0.0022262 0.2633437
v -0.1871630 0.9907709 0.2633437
v -0.1374059 0.0022262 0.2910673
v -0.1374059 0.9907709 0.2910673
v -0.1437617 0.0022262 0.2932464
v -0.1437617 0.9907709 0.2932464
v -0.1566550 0.0006524 0.2932464
v -0.1566550 0.0022262 0.2940333
v -0.1631319 0.0006524 0.2924595
v -0.1631319 0.0022262 0.2932464
v -0.1566550 0.9907709 0.2940333
v -0.1631319 0.9907709 0.2932464
v -0.1313527 0.0022262 0.2873143
v -0.1313527 0.9907709 0.2873143
v -0.1374059 0.0022262 0.2910673
v -0.1374059 0.9907709 0.2910673
v -0.1810493 0.0022262 0.2816848
v -0.1810493 0.9907709 0.2816848
v -0.1854076 0.0022262 0.2736946
v -0.1854076 0.9907709 0.2736946
v -0.1755409 0.0022262 0.2873143
v -0.1755409 0.9907709 0.2873143
v -0.1810493 0.0022262 0.2816848
v -0.1810493 0.9907709 0.2816848
v -0.1631319 0.0022262 0.2932464
v -0.1631319 0.9907709 0.2932464
v -0.1694272 0.0022262 0.2910673
v -0.1694272 0.9907709 0.2910673
v -0.1755409 0.0022262 0.2873143
v -0.1755409 0.9907709 0.2873143
v -0.1196700 0.0022262 0.2633437
v -0.1196700 0.9907709 0.2633437
v -0.1214255 0.0022262 0.2736946
v -0.1214255 0.9907709 0.2736946
v -0.1214255 0.0022262 0.2736946
v -0.1214255 0.9907709 0.2736946
v -0.1258443 0.0022262 0.2816848
v -0.1313527 0.9907709 0.2873143
v -0.1313527 0.0022262 0.2873143
v -0.1258443 0.9907709 0.2816848
v -0.1196700 0.9907709 -0.3928815
v -0.1196700 0.9881076 -0.3976635
v -0.1196700 0.9899841 -0.3957870
v -0.1202754 0.9913762 -0.3965739
v -0.1202754 0.9898024 -0.3982083
v -0.1205175 0.9889550 -0.3991162
v -0.1202754 0.9876838 -0.3994189
v -0.1202754 0.9853836 -0.4000242
v -0.1196700 0.9852020 -0.3984504
v -0.1202754 0.9853836 -0.4000242
v -0.1202754 0.0076136 -0.4000242
v -0.1196700 0.0077952 -0.3984504
v -0.1202754 0.0076136 -0.4000242
v -0.1202754 0.0041027 -0.3990557
v -0.1196700 0.0048896 -0.3976635
v -0.1196700 0.0030132 -0.3957870
v -0.1202754 0.0016209 -0.3965739
v -0.1202754 0.0006524 -0.3931236
v -0.1196700 0.0022262 -0.3928815
v -0.1196700 0.0022262 0.2633437
v -0.1196700 0.9907709 0.2633437
v -0.1566550 0.9923448 0.2933069
v -0.1566550 0.9907709 0.2940333
v -0.1501781 0.9923448 0.2933069
v -0.1501781 0.9907709 0.2940333
v -0.1566550 0.0022262 0.2940333
v -0.1437617 0.0006524 0.2924595
v -0.1437617 0.0022262 0.2932464
v -0.1501781 0.0006524 0.2932464
v -0.1501781 0.0022262 0.2940333
v -0.1437617 0.9907709 0.2932464
v -0.1501781 0.0006524 0.2932464
v -0.1566550 0.0006524 0.2932464
v -0.1866182 0.0006524 0.2631621
v -0.1871630 0.0022262 0.2633437
v -0.1865577 0.0006524 -0.3931236
v -0.1871630 0.0022262 -0.3928815
v -0.1865577 0.0006524 -0.3931236
v -0.1865577 0.0016209 -0.3965739
v -0.1871630 0.0030132 -0.3957870
v -0.1865577 0.0041027 -0.3990557
v -0.1871630 0.0048896 -0.3976635
v -0.1865577 0.0076136 -0.4000242
v -0.1871630 0.0077952 -0.3984504
v -0.1865577 0.9853836 -0.4000242
v -0.1871630 0.9852020 -0.3984504
v -0.1865577 0.9876838 -0.3994189
v -0.1871630 0.9881076 -0.3976635
v -0.1865577 0.9898024 -0.3982083
v -0.1866182 0.9913762 -0.3965739
v -0.1871630 0.9899841 -0.3957870
v -0.1871630 0.9907709 -0.3928815
v -0.1871630 0.9907709 0.2633437
vt 0.2567759 0.2945606
vt 0.2567759 0.2941637
vt 0.3057270 0.2945606
vt 0.3057800 0.2941637
vt 0.3057270 0.4914234
vt 0.3057800 0.4918203
vt 0.2567759 0.4913440
vt 0.2567759 0.4918203
vt 0.2515633 0.4913440
vt 0.2515368 0.4918203
vt 0.1982727 0.4914234
vt 0.1982198 0.4918203
vt 0.1978229 0.2951956
vt 0.1979817 0.2953544
vt 0.1978229 0.4907884
vt 0.1979817 0.4906296
vt 0.3058064 0.4918203
vt 0.3057270 0.4914234
vt 0.3059652 0.4916616
vt 0.3059123 0.4913440
vt 0.1980081 0.2943224
vt 0.1981140 0.2946400
vt 0.1978758 0.2946400
vt 0.1980081 0.2948781
vt 0.1980346 0.4916616
vt 0.1981140 0.4913440
vt 0.1981934 0.4918203
vt 0.1982727 0.4914234
vt 0.3061239 0.2946400
vt 0.3059916 0.2948781
vt 0.3059916 0.2943224
vt 0.3059123 0.2946400
vt 0.2543681 0.4918203
vt 0.2543681 0.4913440
vt 0.2547650 0.4918203
vt 0.2547650 0.4913440
vt 0.2551619 0.2941637
vt 0.2551619 0.2945606
vt 0.2547914 0.2941637
vt 0.2547650 0.2945606
vt 0.2547914 0.4918203
vt 0.2547650 0.4913440
vt 0.2551619 0.4918203
vt 0.2551619 0.4913440
vt 0.2555588 0.2941637
vt 0.2555588 0.2945606
vt 0.2551883 0.2941637
vt 0.2551619 0.2945606
vt 0.2551883 0.4918203
vt 0.2551619 0.4913440
vt 0.2555588 0.4918203
vt 0.2555588 0.4913440
vt 0.2559557 0.2941637
vt 0.2559557 0.2945606
vt 0.2555852 0.2941637
vt 0.2555588 0.2945606
vt 0.2555852 0.4918203
vt 0.2555588 0.4913440
vt 0.2559557 0.4918203
vt 0.2559557 0.4913440
vt 0.2563790 0.2941637
vt 0.2563790 0.2945606
vt 0.2559821 0.2941637
vt 0.2559557 0.2945606
vt 0.2559821 0.4918203
vt 0.2559557 0.4913440
vt 0.2563790 0.4918203
vt 0.2563790 0.4913440
vt 0.2567759 0.2941637
vt 0.2567759 0.2945606
vt 0.2563790 0.2941637
vt 0.2563790 0.2945606
vt 0.2563790 0.4918203
vt 0.2563790 0.4913440
vt 0.2567759 0.4918203
vt 0.2567759 0.4913440
vt 0.2519337 0.2941637
vt 0.2519602 0.2945606
vt 0.2515633 0.2941637
vt 0.2515633 0.2945606
vt 0.2515633 0.4918203
vt 0.2515633 0.4913440
vt 0.2519337 0.4918203
vt 0.2519602 0.4913440
vt 0.2523307 0.2941637
vt 0.2523571 0.2945606
vt 0.2519602 0.2941637
vt 0.2519602 0.2945606
vt 0.2519602 0.4918203
vt 0.2519602 0.4913440
vt 0.2523307 0.4918203
vt 0.2523571 0.4913440
vt 0.2527275 0.2941637
vt 0.2527540 0.2945606
vt 0.2523571 0.2941637
vt 0.2523571 0.2945606
vt 0.2523571 0.4918203
vt 0.2523571 0.4913440
vt 0.2527275 0.4918203
vt 0.2527540 0.4913440
vt 0.2531509 0.2941637
vt 0.2531509 0.2945606
vt 0.2527540 0.2941637
vt 0.2527540 0.2945606
vt 0.2527540 0.4918203
vt 0.2527540 0.4913440
vt 0.2531509 0.4918203
vt 0.2531509 0.4913440
vt 0.2535478 0.2941637
vt 0.2535743 0.2945606
vt 0.2531509 0.2941637
vt 0.2531509 0.2945606
vt 0.2531509 0.4918203
vt 0.2531509 0.4913440
vt 0.2535478 0.4918203
vt 0.2535743 0.4913440
vt 0.2535743 0.4918203
vt 0.2535743 0.4913440
vt 0.2539712 0.4918203
vt 0.2539712 0.4913440
vt 0.1978494 0.4911059
vt 0.1980081 0.4911059
vt 0.1978758 0.4913440
vt 0.1979288 0.4914234
vt 0.2519602 0.2945606
vt 0.2519602 0.4913440
vt 0.2515633 0.2945606
vt 0.2515633 0.4913440
vt 0.2551619 0.2945606
vt 0.2551619 0.4913440
vt 0.2547650 0.2945606
vt 0.2547650 0.4913440
vt 0.2539712 0.2941637
vt 0.2539712 0.2945606
vt 0.2535743 0.2941637
vt 0.2535743 0.2945606
vt 0.2539712 0.4913440
vt 0.2535743 0.4913440
vt 0.2555588 0.2945606
vt 0.2555588 0.4913440
vt 0.2551619 0.2945606
vt 0.2551619 0.4913440
vt 0.2523571 0.2945606
vt 0.2523571 0.4913440
vt 0.2519602 0.2945606
vt 0.2519602 0.4913440
vt 0.2527540 0.2945606
vt 0.2527540 0.4913440
vt 0.2523571 0.2945606
vt 0.2523571 0.4913440
vt 0.2535743 0.2945606
vt 0.2535743 0.4913440
vt 0.2531509 0.2945606
vt 0.2531509 0.4913440
vt 0.2527540 0.2945606
vt 0.2527540 0.4913440
vt 0.2567759 0.2945606
vt 0.2567759 0.4913440
vt 0.2563790 0.2945606
vt 0.2563790 0.4913440
vt 0.2563790 0.2945606
vt 0.2563790 0.4913440
vt 0.2559557 0.2945606
vt 0.2555588 0.4913440
vt 0.2555588 0.2945606
vt 0.2559557 0.4913440
vt 0.3057270 0.4914234
vt 0.3059916 0.4911059
vt 0.3059123 0.4913440
vt 0.3059916 0.4916616
vt 0.3060710 0.4914234
vt 0.3061239 0.4912647
vt 0.3061504 0.4911059
vt 0.3061769 0.4907884
vt 0.3060446 0.4906296
vt 0.3061769 0.4907884
vt 0.3061769 0.2951956
vt 0.3060446 0.2953544
vt 0.3061769 0.2951162
vt 0.3061239 0.2946400
vt 0.3059916 0.2948781
vt 0.3059123 0.2946400
vt 0.3059652 0.2942431
vt 0.3058064 0.2941637
vt 0.3057270 0.2945606
vt 0.2567759 0.2945606
vt 0.2567759 0.4913440
vt 0.2539712 0.4918203
vt 0.2539712 0.4913440
vt 0.2543681 0.4918203
vt 0.2543681 0.4913440
vt 0.2539712 0.2945606
vt 0.2547650 0.2941637
vt 0.2547650 0.2945606
vt 0.2543681 0.2941637
vt 0.2543681 0.2945606
vt 0.2547650 0.4913440
vt 0.2543681 0.2941637
vt 0.2539712 0.2941637
vt 0.2515368 0.2941637
vt 0.2515633 0.2945606
vt 0.1982198 0.2941637
vt 0.1982727 0.2945606
vt 0.1981934 0.2941637
vt 0.1980346 0.2942431
vt 0.1981140 0.2946400
vt 0.1978758 0.2946400
vt 0.1980081 0.2948781
vt 0.1978229 0.2951162
vt 0.1979817 0.2953544
vt 0.1978229 0.4907884
vt 0.1979817 0.4906296
vt 0.1978494 0.4911059
vt 0.1980081 0.4911059
vt 0.1979288 0.4914234
vt 0.1980081 0.4916616
vt 0.1981140 0.4913440
vt 0.1982727 0.4914234
vt 0.2515633 0.4913440
vn 0.9999923 0.0000000 0.0039292
vn 0.7563262 -0.6541946 0.0000000
vn 1.0000000 0.0000000 0.0000000
vn 0.7563262 -0.6541946 0.0000000
vn 1.0000000 0.0000000 0.0000000
vn 0.7652665 0.6437077 -0.0027627
vn 0.9999923 0.0000000 0.0039292
vn 0.7652665 0.6437077 0.0027627
vn -0.9999923 0.0000000 0.0039292
vn -0.7652663 0.6437079 0.0027627
vn -1.0000000 0.0000000 0.0000000
vn -0.7652664 0.6437078 -0.0027627
vn -0.7275499 0.0000000 -0.6860547
vn -0.9999981 0.0000000 -0.0019608
vn -0.7275499 0.0000000 -0.6860547
vn -0.9999981 0.0000000 -0.0019608
vn 0.7652665 0.6437077 -0.0027627
vn 1.0000000 0.0000000 0.0000000
vn 0.7668668 0.5759455 -0.2831997
vn 1.0000000 0.0000000 0.0000000
vn -0.7328524 -0.5862818 -0.3452549
vn -1.0000000 0.0000000 0.0000000
vn -0.7257993 -0.3384894 -0.5988658
vn -1.0000000 0.0000000 0.0000000
vn -0.7668668 0.5759455 -0.2831999
vn -1.0000000 0.0000000 0.0000000
vn -0.7652664 0.6437078 -0.0027627
vn -1.0000000 0.0000000 0.0000000
vn 0.7257993 -0.3384894 -0.5988658
vn 1.0000000 0.0000000 0.0000000
vn 0.7328523 -0.5862820 -0.3452549
vn 1.0000000 0.0000000 0.0000000
vn 0.0397183 0.7518071 0.6581858
vn 0.0600574 0.0000000 0.9981949
vn 0.1511874 0.7498883 0.6440574
vn 0.2253738 0.0000000 0.9742724
vn 0.2915094 -0.7431890 0.6022394
vn 0.4304398 0.0000000 0.9026193
vn 0.1511375 -0.7526644 0.6408227
vn 0.2253738 0.0000000 0.9742724
vn 0.1511874 0.7498883 0.6440574
vn 0.2253738 0.0000000 0.9742724
vn 0.2916383 0.7403123 0.6057102
vn 0.4304398 0.0000000 0.9026193
vn 0.4378911 -0.7231837 0.5340944
vn 0.6303853 0.0000000 0.7762824
vn 0.2915094 -0.7431890 0.6022394
vn 0.4304398 0.0000000 0.9026193
vn 0.2916383 0.7403123 0.6057102
vn 0.4304398 0.0000000 0.9026193
vn 0.4416216 0.7205407 0.5345947
vn 0.6303853 0.0000000 0.7762824
vn 0.5849372 -0.6946129 0.4187619
vn 0.8090906 0.0000000 0.5876839
vn 0.4378911 -0.7231837 0.5340944
vn 0.6303853 0.0000000 0.7762824
vn 0.4416216 0.7205407 0.5345947
vn 0.6303853 0.0000000 0.7762824
vn 0.5889963 0.6888262 0.4226132
vn 0.8090906 0.0000000 0.5876839
vn 0.7148587 -0.6581738 0.2361869
vn 0.9474359 0.0000000 0.3199456
vn 0.5849372 -0.6946129 0.4187619
vn 0.8090906 0.0000000 0.5876839
vn 0.5889963 0.6888262 0.4226132
vn 0.8090906 0.0000000 0.5876839
vn 0.7188138 0.6526073 0.2396047
vn 0.9474359 0.0000000 0.3199456
vn 0.7563262 -0.6541946 0.0000000
vn 0.9999923 0.0000000 0.0039292
vn 0.7148587 -0.6581738 0.2361869
vn 0.9474359 0.0000000 0.3199456
vn 0.7188138 0.6526073 0.2396047
vn 0.9474359 0.0000000 0.3199456
vn 0.7652665 0.6437077 0.0027627
vn 0.9999923 0.0000000 0.0039292
vn -0.7148587 -0.6581738 0.2361869
vn -0.9474359 0.0000000 0.3199456
vn -0.7563262 -0.6541946 0.0000000
vn -0.9999923 0.0000000 0.0039292
vn -0.7652663 0.6437079 0.0027627
vn -0.9999923 0.0000000 0.0039292
vn -0.7188138 0.6526073 0.2396047
vn -0.9474359 0.0000000 0.3199456
vn -0.5849372 -0.6946129 0.4187619
vn -0.8090905 0.0000000 0.5876841
vn -0.7148587 -0.6581738 0.2361869
vn -0.9474359 0.0000000 0.3199456
vn -0.7188138 0.6526073 0.2396047
vn -0.9474359 0.0000000 0.3199456
vn -0.5889963 0.6888262 0.4226132
vn -0.8090905 0.0000000 0.5876841
vn -0.4378910 -0.7231838 0.5340943
vn -0.6303853 0.0000000 0.7762824
vn -0.5849372 -0.6946129 0.4187619
vn -0.8090905 0.0000000 0.5876841
vn -0.5889963 0.6888262 0.4226132
vn -0.8090905 0.0000000 0.5876841
vn -0.4416216 0.7205407 0.5345947
vn -0.6303853 0.0000000 0.7762824
vn -0.2915093 -0.7431891 0.6022394
vn -0.4304398 0.0000000 0.9026193
vn -0.4378910 -0.7231838 0.5340943
vn -0.6303853 0.0000000 0.7762824
vn -0.4416216 0.7205407 0.5345947
vn -0.6303853 0.0000000 0.7762824
vn -0.2916380 0.7403124 0.6057101
vn -0.4304398 0.0000000 0.9026193
vn -0.1511374 -0.7526645 0.6408226
vn -0.2253738 0.0000000 0.9742724
vn -0.2915093 -0.7431891 0.6022394
vn -0.4304398 0.0000000 0.9026193
vn -0.2916380 0.7403124 0.6057101
vn -0.4304398 0.0000000 0.9026193
vn -0.1511872 0.7498884 0.6440573
vn -0.2253738 0.0000000 0.9742724
vn -0.1511872 0.7498884 0.6440573
vn -0.2253738 0.0000000 0.9742724
vn -0.0397180 0.7518071 0.6581858
vn -0.0600574 0.0000000 0.9981949
vn -0.6995639 0.2363393 -0.6743546
vn -1.0000000 0.0000000 0.0000000
vn -0.5879968 0.3930991 -0.7069178
vn -0.7151941 0.4490754 -0.5355639
vn -0.9474359 0.0000000 0.3199456
vn -0.9474359 0.0000000 0.3199456
vn -0.9999923 0.0000000 0.0039292
vn -0.9999923 0.0000000 0.0039292
vn 0.4304398 0.0000000 0.9026193
vn 0.4304398 0.0000000 0.9026193
vn 0.2253738 0.0000000 0.9742724
vn 0.2253738 0.0000000 0.9742724
vn -0.0397180 -0.7518071 0.6581858
vn -0.0600574 0.0000000 0.9981949
vn -0.1511374 -0.7526645 0.6408226
vn -0.2253738 0.0000000 0.9742724
vn -0.0600574 0.0000000 0.9981949
vn -0.2253738 0.0000000 0.9742724
vn 0.6303853 0.0000000 0.7762824
vn 0.6303853 0.0000000 0.7762824
vn 0.4304398 0.0000000 0.9026193
vn 0.4304398 0.0000000 0.9026193
vn -0.8090905 0.0000000 0.5876841
vn -0.8090905 0.0000000 0.5876841
vn -0.9474359 0.0000000 0.3199456
vn -0.9474359 0.0000000 0.3199456
vn -0.6303853 0.0000000 0.7762824
vn -0.6303853 0.0000000 0.7762824
vn -0.8090905 0.0000000 0.5876841
vn -0.8090905 0.0000000 0.5876841
vn -0.2253738 0.0000000 0.9742724
vn -0.2253738 0.0000000 0.9742724
vn -0.4304398 0.0000000 0.9026193
vn -0.4304398 0.0000000 0.9026193
vn -0.6303853 0.0000000 0.7762824
vn -0.6303853 0.0000000 0.7762824
vn 0.9999923 0.0000000 0.0039292
vn 0.9999923 0.0000000 0.0039292
vn 0.9474359 0.0000000 0.3199456
vn 0.9474359 0.0000000 0.3199456
vn 0.9474359 0.0000000 0.3199456
vn 0.9474359 0.0000000 0.3199456
vn 0.8090906 0.0000000 0.5876839
vn 0.6303853 0.0000000 0.7762824
vn 0.6303853 0.0000000 0.7762824
vn 0.8090906 0.0000000 0.5876839
vn 1.0000000 0.0000000 0.0000000
vn 1.0000000 0.0000000 0.0000000
vn 1.0000000 0.0000000 0.0000000
vn 0.7668668 0.5759455 -0.2831997
vn 0.7151942 0.4490752 -0.5355639
vn 0.5879970 0.3930990 -0.7069177
vn 0.6995640 0.2363392 -0.6743545
vn 0.7275499 0.0000000 -0.6860547
vn 1.0000000 0.0000000 0.0000000
vn 0.7275499 0.0000000 -0.6860547
vn 0.7275499 0.0000000 -0.6860547
vn 1.0000000 0.0000000 0.0000000
vn 0.7275499 0.0000000 -0.6860547
vn 0.7257993 -0.3384894 -0.5988658
vn 1.0000000 0.0000000 0.0000000
vn 1.0000000 0.0000000 0.0000000
vn 0.7328523 -0.5862820 -0.3452549
vn 0.7563262 -0.6541946 0.0000000
vn 1.0000000 0.0000000 0.0000000
vn 0.9999923 0.0000000 0.0039292
vn 0.9999923 0.0000000 0.0039292
vn -0.0397180 0.7518071 0.6581858
vn -0.0600574 0.0000000 0.9981949
vn 0.0397183 0.7518071 0.6581858
vn 0.0600574 0.0000000 0.9981949
vn -0.0600574 0.0000000 0.9981949
vn 0.1511375 -0.7526644 0.6408227
vn 0.2253738 0.0000000 0.9742724
vn 0.0397182 -0.7518071 0.6581858
vn 0.0600574 0.0000000 0.9981949
vn 0.2253738 0.0000000 0.9742724
vn 0.0397182 -0.7518071 0.6581858
vn -0.0397180 -0.7518071 0.6581858
vn -0.7563262 -0.6541946 0.0000000
vn -0.9999923 0.0000000 0.0039292
vn -0.7563262 -0.6541946 0.0000000
vn -1.0000000 0.0000000 0.0000000
vn -0.7563262 -0.6541946 0.0000000
vn -0.7328524 -0.5862818 -0.3452549
vn -1.0000000 0.0000000 0.0000000
vn -0.7257993 -0.3384894 -0.5988658
vn -1.0000000 0.0000000 0.0000000
vn -0.7275499 0.0000000 -0.6860547
vn -1.0000000 0.0000000 0.0000000
vn -0.7275499 0.0000000 -0.6860547
vn -1.0000000 0.0000000 0.0000000
vn -0.6995639 0.2363393 -0.6743546
vn -1.0000000 0.0000000 0.0000000
vn -0.7151941 0.4490754 -0.5355639
vn -0.7668668 0.5759455 -0.2831999
vn -1.0000000 0.0000000 0.0000000
vn -1.0000000 0.0000000 0.0000000
vn -0.9999923 0.0000000 0.0039292
f 2055/2055/2055 2056/2056/2056 2057/2057/2057
f 2056/2056/2056 2058/2058/2058 2057/2057/2057
f 2059/2059/2059 2060/2060/2060 2061/2061/2061
f 2060/2060/2060 2062/2062/2062 2061/2061/2061
f 2063/2063/2063 2064/2064/2064 2065/2065/2065
f 2064/2064/2064 2066/2066/2066 2065/2065/2065
f 2067/2067/2067 2068/2068/2068 2069/2069/2069
f 2068/2068/2068 2070/2070/2070 2069/2069/2069
f 2071/2071/2071 2072/2072/2072 2073/2073/2073
f 2072/2072/2072 2074/2074/2074 2073/2073/2073
f 2075/2075/2075 2076/2076/2076 2077/2077/2077
f 2076/2076/2076 2078/2078/2078 2077/2077/2077
f 2079/2079/2079 2080/2080/2080 2081/2081/2081
f 2080/2080/2080 2082/2082/2082 2081/2081/2081
f 2083/2083/2083 2084/2084/2084 2085/2085/2085
f 2084/2084/2084 2086/2086/2086 2085/2085/2085
f 2087/2087/2087 2088/2088/2088 2089/2089/2089
f 2088/2088/2088 2090/2090/2090 2089/2089/2089
f 2091/2091/2091 2092/2092/2092 2093/2093/2093
f 2092/2092/2092 2094/2094/2094 2093/2093/2093
f 2095/2095/2095 2096/2096/2096 2097/2097/2097
f 2096/2096/2096 2098/2098/2098 2097/2097/2097
f 2099/2099/2099 2100/2100/2100 2101/2101/2101
f 2100/2100/2100 2102/2102/2102 2101/2101/2101
f 2103/2103/2103 2104/2104/2104 2105/2105/2105
f 2104/2104/2104 2106/2106/2106 2105/2105/2105
f 2107/2107/2107 2108/2108/2108 2109/2109/2109
f 2108/2108/2108 2110/2110/2110 2109/2109/2109
f 2111/2111/2111 2112/2112/2112 2113/2113/2113
f 2112/2112/2112 2114/2114/2114 2113/2113/2113
f 2115/2115/2115 2116/2116/2116 2117/2117/2117
f 2116/2116/2116 2118/2118/2118 2117/2117/2117
f 2119/2119/2119 2120/2120/2120 2121/2121/2121
f 2120/2120/2120 2122/2122/2122 2121/2121/2121
f 2123/2123/2123 2124/2124/2124 2125/2125/2125
f 2124/2124/2124 2126/2126/2126 2125/2125/2125
f 2127/2127/2127 2128/2128/2128 2129/2129/2129
f 2128/2128/2128 2130/2130/2130 2129/2129/2129
f 2131/2131/2131 2132/2132/2132 2133/2133/2133
f 2132/2132/2132 2134/2134/2134 2133/2133/2133
f 2135/2135/2135 2136/2136/2136 2137/2137/2137
f 2136/2136/2136 2138/2138/2138 2137/2137/2137
f 2139/2139/2139 2140/2140/2140 2141/2141/2141
f 2140/2140/2140 2142/2142/2142 2141/2141/2141
f 2143/2143/2143 2144/2144/2144 2145/2145/2145
f 2144/2144/2144 2146/2146/2146 2145/2145/2145
f 2147/2147/2147 2148/2148/2148 2149/2149/2149
f 2148/2148/2148 2150/2150/2150 2149/2149/2149
f 2151/2151/2151 2152/2152/2152 2153/2153/2153
f 2152/2152/2152 2154/2154/2154 2153/2153/2153
f 2155/2155/2155 2156/2156/2156 2157/2157/2157
f 2156/2156/2156 2158/2158/2158 2157/2157/2157
f 2159/2159/2159 2160/2160/2160 2161/2161/2161
f 2160/2160/2160 2162/2162/2162 2161/2161/2161
f 2163/2163/2163 2164/2164/2164 2165/2165/2165
f 2164/2164/2164 2166/2166/2166 2165/2165/2165
f 2167/2167/2167 2168/2168/2168 2169/2169/2169
f 2168/2168/2168 2170/2170/2170 2169/2169/2169
f 2171/2171/2171 2172/2172/2172 2173/2173/2173
f 2172/2172/2172 2174/2174/2174 2173/2173/2173
f 2175/2175/2175 2176/2176/2176 2177/2177/2177
f 2176/2176/2176 2178/2178/2178 2177/2177/2177
f 2179/2179/2179 2180/2180/2180 2181/2181/2181
f 2180/2180/2180 2182/2182/2182 2181/2181/2181
f 2183/2183/2183 2184/2184/2184 2185/2185/2185
f 2184/2184/2184 2186/2186/2186 2185/2185/2185
f 2187/2187/2187 2188/2188/2188 2189/2189/2189
f 2189/2189/2189 2188/2188/2188 2190/2190/2190
f 2188/2188/2188 2191/2191/2191 2190/2190/2190
f 2191/2191/2191 2192/2192/2192 2190/2190/2190
f 2193/2193/2193 2194/2194/2194 2195/2195/2195
f 2194/2194/2194 2196/2196/2196 2195/2195/2195
f 2197/2197/2197 2198/2198/2198 2199/2199/2199
f 2198/2198/2198 2200/2200/2200 2199/2199/2199
f 2201/2201/2201 2202/2202/2202 2203/2203/2203
f 2202/2202/2202 2204/2204/2204 2203/2203/2203
f 2205/2205/2205 2206/2206/2206 2207/2207/2207
f 2206/2206/2206 2208/2208/2208 2207/2207/2207
f 2207/2207/2207 2208/2208/2208 2209/2209/2209
f 2208/2208/2208 2210/2210/2210 2209/2209/2209
f 2211/2211/2211 2212/2212/2212 2213/2213/2213
f 2212/2212/2212 2214/2214/2214 2213/2213/2213
f 2215/2215/2215 2216/2216/2216 2217/2217/2217
f 2218/2218/2218 2219/2219/2219 2220/2220/2220
f 2219/2219/2219 2217/2217/2217 2220/2220/2220
f 2217/2217/2217 2216/2216/2216 2220/2220/2220
f 2221/2221/2221 2222/2222/2222 2223/2223/2223
f 2224/2224/2224 2223/2223/2223 2225/2225/2225
f 2223/2223/2223 2222/2222/2222 2225/2225/2225
f 2225/2225/2225 2222/2222/2222 2226/2226/2226
f 2226/2226/2226 2222/2222/2222 2227/2227/2227
f 2227/2227/2227 2222/2222/2222 2228/2228/2228
f 2228/2228/2228 2222/2222/2222 2229/2229/2229
f 2230/2230/2230 2229/2229/2229 2231/2231/2231
f 2231/2231/2231 2229/2229/2229 2232/2232/2232
f 2229/2229/2229 2222/2222/2222 2232/2232/2232
f 2233/2233/2233 2232/2232/2232 2234/2234/2234
f 2234/2234/2234 2232/2232/2232 2235/2235/2235
f 2235/2235/2235 2232/2232/2232 2236/2236/2236
f 2232/2232/2232 2222/2222/2222 2236/2236/2236
f 2222/2222/2222 2221/2221/2221 2236/2236/2236
f 2237/2237/2237 2236/2236/2236 2238/2238/2238
f 2238/2238/2238 2236/2236/2236 2239/2239/2239
f 2239/2239/2239 2236/2236/2236 2240/2240/2240
f 2236/2236/2236 2221/2221/2221 2240/2240/2240
f 2221/2221/2221 2241/2241/2241 2240/2240/2240
f 2242/2242/2242 2243/2243/2243 2244/2244/2244
f 2244/2244/2244 2243/2243/2243 2245/2245/2245
f 2243/2243/2243 2246/2246/2246 2245/2245/2245
f 2247/2247/2247 2248/2248/2248 2249/2249/2249
f 2249/2249/2249 2248/2248/2248 2250/2250/2250
f 2248/2248/2248 2251/2251/2251 2250/2250/2250
f 2251/2251/2251 2245/2245/2245 2250/2250/2250
f 2245/2245/2245 2246/2246/2246 2250/2250/2250
f 2252/2252/2252 2250/2250/2250 2253/2253/2253
f 2250/2250/2250 2246/2246/2246 2253/2253/2253
f 2254/2254/2254 2255/2255/2255 2256/2256/2256
f 2256/2256/2256 2255/2255/2255 2257/2257/2257
f 2258/2258/2258 2257/2257/2257 2259/2259/2259
f 2259/2259/2259 2257/2257/2257 2260/2260/2260
f 2257/2257/2257 2255/2255/2255 2260/2260/2260
f 2261/2261/2261 2262/2262/2262 2263/2263/2263
f 2263/2263/2263 2262/2262/2262 2264/2264/2264
f 2262/2262/2262 2260/2260/2260 2264/2264/2264
f 2265/2265/2265 2266/2266/2266 2267/2267/2267
f 2267/2267/2267 2266/2266/2266 2268/2268/2268
f 2266/2266/2266 2264/2264/2264 2268/2268/2268
f 2264/2264/2264 2260/2260/2260 2268/2268/2268
f 2260/2260/2260 2255/2255/2255 2268/2268/2268
f 2269/2269/2269 2268/2268/2268 2270/2270/2270
f 2270/2270/2270 2268/2268/2268 2271/2271/2271
f 2271/2271/2271 2268/2268/2268 2272/2272/2272
f 2268/2268/2268 2255/2255/2255 2272/2272/2272
f 2255/2255/2255 2273/2273/2273 2272/2272/2272
v -0.1626830 0.9929972 0.2883469
v -0.1629254 0.9929972 0.2907107
v -0.1565612 0.9929972 0.2890742
v -0.1566218 0.9929972 0.2914986
v -0.1222551 0.9929972 -0.3931682
v -0.1236492 0.9923306 -0.3931076
v -0.1223157 0.9929972 0.2627688
v -0.1235886 0.9923306 0.2625264
v -0.1236492 0.9923306 -0.3931076
v -0.1241947 0.9907546 -0.3928652
v -0.1235886 0.9923306 0.2625264
v -0.1241341 0.9907546 0.2623446
v -0.1222551 0.0000000 0.2627688
v -0.1235886 0.0006667 0.2625264
v -0.1221945 0.0000000 -0.3931682
v -0.1235886 0.0006667 -0.3931076
v -0.1202550 0.0006667 0.2631931
v -0.1215884 0.0000000 0.2629507
v -0.1202550 0.0006667 -0.3931076
v -0.1216490 0.0000000 -0.3931682
v -0.1202550 0.9923306 -0.3931076
v -0.1215884 0.9929972 -0.3931682
v -0.1201943 0.9923306 0.2631931
v -0.1215278 0.9929972 0.2629507
v -0.1217702 0.9854814 -0.4006840
v -0.1203156 0.9854208 -0.4000173
v -0.1217702 0.0075158 -0.4006840
v -0.1203156 0.0075764 -0.4000173
v -0.1846243 0.0000000 -0.3931682
v -0.1832302 0.0006667 -0.3931076
v -0.1845637 0.0000000 0.2627688
v -0.1832302 0.0006667 0.2625264
v -0.1832302 0.0006667 -0.3931076
v -0.1826847 0.0022426 -0.3928652
v -0.1832302 0.0006667 0.2625264
v -0.1826847 0.0022426 0.2623446
v -0.1845637 0.9929972 0.2627688
v -0.1832302 0.9923306 0.2625264
v -0.1845637 0.9929972 -0.3931682
v -0.1832302 0.9923306 -0.3931076
v -0.1832302 0.9923306 0.2625264
v -0.1826847 0.9907546 0.2623446
v -0.1832302 0.9923306 -0.3931076
v -0.1826847 0.9907546 -0.3928652
v -0.1865639 0.0006667 -0.3931076
v -0.1851698 0.0000000 -0.3931682
v -0.1866245 0.0006667 0.2631931
v -0.1852910 0.0000000 0.2629507
v -0.1866245 0.9923306 0.2631931
v -0.1852910 0.9929972 0.2629507
v -0.1866245 0.9923306 -0.3931076
v -0.1852304 0.9929972 -0.3931682
v -0.1850486 0.0075158 -0.4006840
v -0.1865639 0.0075764 -0.4000173
v -0.1850486 0.9854814 -0.4006840
v -0.1865639 0.9854208 -0.4000173
v -0.1220733 0.9854814 -0.4006840
v -0.1235886 0.9854208 -0.4000173
v -0.1220733 0.9871179 -0.4002598
v -0.1235886 0.9877241 -0.3994112
v -0.1235886 0.9854208 -0.4000173
v -0.1241947 0.9851784 -0.3984414
v -0.1235886 0.9877241 -0.3994112
v -0.1241947 0.9880878 -0.3976535
v -0.1216490 0.9908153 -0.3980777
v -0.1217096 0.9890575 -0.3994112
v -0.1222551 0.9908153 -0.3980777
v -0.1221339 0.9890575 -0.3994112
v -0.1222551 0.9908153 -0.3980777
v -0.1235886 0.9898455 -0.3981989
v -0.1222551 0.9919669 -0.3969261
v -0.1235886 0.9913608 -0.3965625
v -0.1235886 0.9898455 -0.3981989
v -0.1241947 0.9880878 -0.3976535
v -0.1235886 0.9913608 -0.3965625
v -0.1241947 0.9899667 -0.3957745
v -0.1215884 0.9929972 -0.3931682
v -0.1202550 0.9923306 -0.3931076
v -0.1216490 0.9919669 -0.3969261
v -0.1202550 0.9913608 -0.3965625
v -0.1222551 0.9919669 -0.3969261
v -0.1235886 0.9913608 -0.3965625
v -0.1222551 0.9929972 -0.3931682
v -0.1236492 0.9923306 -0.3931076
v -0.1235886 0.9913608 -0.3965625
v -0.1241947 0.9899667 -0.3957745
v -0.1236492 0.9923306 -0.3931076
v -0.1241947 0.9907546 -0.3928652
v -0.1851092 0.0037579 -0.3996536
v -0.1865639 0.0041216 -0.3990475
v -0.1850486 0.0075158 -0.4006840
v -0.1865639 0.0075764 -0.4000173
v -0.1847455 0.0075158 -0.4006840
v -0.1832909 0.0075764 -0.4000173
v -0.1847455 0.0037579 -0.3996536
v -0.1832909 0.0041216 -0.3990475
v -0.1832909 0.0075764 -0.4000173
v -0.1826847 0.0078189 -0.3984414
v -0.1832909 0.0041216 -0.3990475
v -0.1826847 0.0049095 -0.3976535
v -0.1851698 0.0010304 -0.3969261
v -0.1865639 0.0016365 -0.3965625
v -0.1851092 0.0037579 -0.3996536
v -0.1865639 0.0041216 -0.3990475
v -0.1832909 0.0041216 -0.3990475
v -0.1826847 0.0049095 -0.3976535
v -0.1832302 0.0016365 -0.3965625
v -0.1826847 0.0030306 -0.3957745
v -0.1851698 0.0000000 -0.3931682
v -0.1865639 0.0006667 -0.3931076
v -0.1851698 0.0010304 -0.3969261
v -0.1865639 0.0016365 -0.3965625
v -0.1846849 0.0010304 -0.3969261
v -0.1832302 0.0016365 -0.3965625
v -0.1846243 0.0000000 -0.3931682
v -0.1832302 0.0006667 -0.3931076
v -0.1832302 0.0016365 -0.3965625
v -0.1826847 0.0030306 -0.3957745
v -0.1832302 0.0006667 -0.3931076
v -0.1826847 0.0022426 -0.3928652
v -0.1832909 0.9877241 -0.3994112
v -0.1826847 0.9880878 -0.3976535
v -0.1832909 0.9854208 -0.4000173
v -0.1826847 0.9851784 -0.3984414
v -0.1850486 0.9854814 -0.4006840
v -0.1865639 0.9854208 -0.4000173
v -0.1850486 0.9871179 -0.4002598
v -0.1865639 0.9877241 -0.3994112
v -0.1846243 0.9908153 -0.3980777
v -0.1846849 0.9890575 -0.3994112
v -0.1852304 0.9908153 -0.3980777
v -0.1851092 0.9890575 -0.3994112
v -0.1846849 0.9890575 -0.3994112
v -0.1847455 0.9871179 -0.4002598
v -0.1851092 0.9890575 -0.3994112
v -0.1850486 0.9871179 -0.4002598
v -0.1846243 0.9919669 -0.3969261
v -0.1832302 0.9913608 -0.3965625
v -0.1846243 0.9908153 -0.3980777
v -0.1832302 0.9898455 -0.3981989
v -0.1832302 0.9913608 -0.3965625
v -0.1826847 0.9899667 -0.3957745
v -0.1832302 0.9898455 -0.3981989
v -0.1826847 0.9880878 -0.3976535
v -0.1852304 0.9908153 -0.3980777
v -0.1865639 0.9898455 -0.3981989
v -0.1852304 0.9919669 -0.3969261
v -0.1866245 0.9913608 -0.3965625
v -0.1852304 0.9919669 -0.3969261
v -0.1866245 0.9913608 -0.3965625
v -0.1852304 0.9929972 -0.3931682
v -0.1866245 0.9923306 -0.3931076
v -0.1217096 0.0010304 -0.3969261
v -0.1202550 0.0016365 -0.3965625
v -0.1216490 0.0000000 -0.3931682
v -0.1202550 0.0006667 -0.3931076
v -0.1221945 0.0000000 -0.3931682
v -0.1235886 0.0006667 -0.3931076
v -0.1221339 0.0010304 -0.3969261
v -0.1235886 0.0016365 -0.3965625
v -0.1235886 0.0006667 -0.3931076
v -0.1241947 0.0022426 -0.3928652
v -0.1235886 0.0016365 -0.3965625
v -0.1241947 0.0030306 -0.3957745
v -0.1217702 0.0037579 -0.3996536
v -0.1203156 0.0041216 -0.3990475
v -0.1217096 0.0010304 -0.3969261
v -0.1202550 0.0016365 -0.3965625
v -0.1221339 0.0010304 -0.3969261
v -0.1235886 0.0016365 -0.3965625
v -0.1221339 0.0037579 -0.3996536
v -0.1235886 0.0041216 -0.3990475
v -0.1235886 0.0016365 -0.3965625
v -0.1241947 0.0030306 -0.3957745
v -0.1235886 0.0041216 -0.3990475
v -0.1241947 0.0049095 -0.3976535
v -0.1217702 0.0075158 -0.4006840
v -0.1203156 0.0075764 -0.4000173
v -0.1217702 0.0037579 -0.3996536
v -0.1203156 0.0041216 -0.3990475
v -0.1221339 0.0037579 -0.3996536
v -0.1235886 0.0041216 -0.3990475
v -0.1220733 0.0075158 -0.4006840
v -0.1235886 0.0075764 -0.4000173
v -0.1235886 0.0041216 -0.3990475
v -0.1241947 0.0049095 -0.3976535
v -0.1235886 0.0075764 -0.4000173
v -0.1241947 0.0078189 -0.3984414
v -0.1565006 0.9907546 0.2865285
v -0.1565006 0.9923306 0.2872559
v -0.1503788 0.9907546 0.2865285
v -0.1503788 0.9923306 0.2872559
v -0.1565006 0.9923306 0.2872559
v -0.1565612 0.9929972 0.2890742
v -0.1503788 0.9923306 0.2872559
v -0.1503182 0.9929972 0.2890742
v -0.1503788 0.0006667 0.2872559
v -0.1503182 0.0000000 0.2890742
v -0.1565006 0.0006667 0.2872559
v -0.1565612 0.0000000 0.2890742
v -0.1443783 0.0022426 0.2858012
v -0.1443783 0.0006667 0.2865892
v -0.1503788 0.0022426 0.2865285
v -0.1565006 0.0006667 0.2872559
v -0.1565006 0.0022426 0.2865285
v -0.1503788 0.0006667 0.2872559
v -0.1443783 0.0006667 0.2865892
v -0.1441359 0.0000000 0.2884075
v -0.1503788 0.0006667 0.2872559
v -0.1503182 0.0000000 0.2890742
v -0.1503788 0.9907546 0.2865285
v -0.1503788 0.9923306 0.2872559
v -0.1443783 0.9907546 0.2858012
v -0.1443783 0.9923306 0.2865892
v -0.1503788 0.9923306 0.2872559
v -0.1503182 0.9929972 0.2890742
v -0.1443783 0.9923306 0.2865892
v -0.1441359 0.9929972 0.2883469
v -0.1386202 0.0022426 0.2838616
v -0.1386202 0.0006667 0.2846496
v -0.1443783 0.0022426 0.2858012
v -0.1443783 0.0006667 0.2865892
v -0.1386202 0.0006667 0.2846496
v -0.1381959 0.0000000 0.2864073
v -0.1443783 0.0006667 0.2865892
v -0.1441359 0.0000000 0.2884075
v -0.1443783 0.9907546 0.2858012
v -0.1443783 0.9923306 0.2865892
v -0.1386202 0.9907546 0.2838616
v -0.1386202 0.9923306 0.2846496
v -0.1443783 0.9923306 0.2865892
v -0.1441359 0.9929972 0.2883469
v -0.1386202 0.9923306 0.2846496
v -0.1381959 0.9929972 0.2864073
v -0.1332864 0.0022426 0.2805886
v -0.1332258 0.0006667 0.2814372
v -0.1386202 0.0022426 0.2838616
v -0.1386202 0.0006667 0.2846496
v -0.1332258 0.0006667 0.2814372
v -0.1325591 0.0000000 0.2830131
v -0.1386202 0.0006667 0.2846496
v -0.1381959 0.0000000 0.2864073
v -0.1386202 0.9907546 0.2838616
v -0.1386202 0.9923306 0.2846496
v -0.1332864 0.9907546 0.2805886
v -0.1332258 0.9923306 0.2813766
v -0.1386202 0.9923306 0.2846496
v -0.1381959 0.9929972 0.2864073
v -0.1332258 0.9923306 0.2813766
v -0.1325591 0.9929972 0.2830131
v -0.1286799 0.0022426 0.2758609
v -0.1284981 0.0006667 0.2767095
v -0.1332864 0.0022426 0.2805886
v -0.1332258 0.0006667 0.2814372
v -0.1284981 0.0006667 0.2767095
v -0.1275889 0.0000000 0.2781035
v -0.1332258 0.0006667 0.2814372
v -0.1325591 0.0000000 0.2830131
v -0.1332864 0.9907546 0.2805886
v -0.1332258 0.9923306 0.2813766
v -0.1286799 0.9907546 0.2758609
v -0.1284981 0.9923306 0.2767095
v -0.1332258 0.9923306 0.2813766
v -0.1325591 0.9929972 0.2830131
v -0.1284981 0.9923306 0.2767095
v -0.1275889 0.9929972 0.2780429
v -0.1254069 0.0022426 0.2700422
v -0.1249827 0.0006667 0.2706483
v -0.1286799 0.0022426 0.2758609
v -0.1284981 0.0006667 0.2767095
v -0.1249827 0.0006667 0.2706483
v -0.1237704 0.0000000 0.2714969
v -0.1284981 0.0006667 0.2767095
v -0.1275889 0.0000000 0.2781035
v -0.1286799 0.9907546 0.2758609
v -0.1284981 0.9923306 0.2767095
v -0.1254069 0.9907546 0.2700422
v -0.1249827 0.9923306 0.2706483
v -0.1284981 0.9923306 0.2767095
v -0.1275889 0.9929972 0.2780429
v -0.1249827 0.9923306 0.2706483
v -0.1237704 0.9929972 0.2714969
v -0.1241341 0.0022426 0.2623446
v -0.1235886 0.0006667 0.2625264
v -0.1254069 0.0022426 0.2700422
v -0.1249827 0.0006667 0.2706483
v -0.1235886 0.0006667 0.2625264
v -0.1222551 0.0000000 0.2627688
v -0.1249827 0.0006667 0.2706483
v -0.1237704 0.0000000 0.2714969
v -0.1254069 0.9907546 0.2700422
v -0.1249827 0.9923306 0.2706483
v -0.1241341 0.9907546 0.2623446
v -0.1235886 0.9923306 0.2625264
v -0.1249827 0.9923306 0.2706483
v -0.1237704 0.9929972 0.2714969
v -0.1235886 0.9923306 0.2625264
v -0.1223157 0.9929972 0.2627688
v -0.1814725 0.0022426 0.2700422
v -0.1818968 0.0006667 0.2706483
v -0.1826847 0.0022426 0.2623446
v -0.1832302 0.0006667 0.2625264
v -0.1818968 0.0006667 0.2706483
v -0.1831090 0.0000000 0.2714969
v -0.1832302 0.0006667 0.2625264
v -0.1845637 0.0000000 0.2627688
v -0.1826847 0.9907546 0.2623446
v -0.1832302 0.9923306 0.2625264
v -0.1814725 0.9907546 0.2700422
v -0.1818968 0.9923306 0.2706483
v -0.1832302 0.9923306 0.2625264
v -0.1845637 0.9929972 0.2627688
v -0.1818968 0.9923306 0.2706483
v -0.1830484 0.9929972 0.2714969
v -0.1781389 0.0022426 0.2758609
v -0.1783207 0.0006667 0.2767095
v -0.1814725 0.0022426 0.2700422
v -0.1818968 0.0006667 0.2706483
v -0.1783207 0.0006667 0.2767095
v -0.1792299 0.0000000 0.2781035
v -0.1818968 0.0006667 0.2706483
v -0.1831090 0.0000000 0.2714969
v -0.1814725 0.9907546 0.2700422
v -0.1818968 0.9923306 0.2706483
v -0.1781389 0.9907546 0.2758609
v -0.1783207 0.9923306 0.2767095
v -0.1818968 0.9923306 0.2706483
v -0.1830484 0.9929972 0.2714969
v -0.1783207 0.9923306 0.2767095
v -0.1792299 0.9929972 0.2780429
v -0.1735324 0.0022426 0.2805886
v -0.1735930 0.0006667 0.2814372
v -0.1781389 0.0022426 0.2758609
v -0.1783207 0.0006667 0.2767095
v -0.1735930 0.0006667 0.2814372
v -0.1742598 0.0000000 0.2830131
v -0.1783207 0.0006667 0.2767095
v -0.1792299 0.0000000 0.2781035
v -0.1781389 0.9907546 0.2758609
v -0.1783207 0.9923306 0.2767095
v -0.1735324 0.9907546 0.2805886
v -0.1735930 0.9923306 0.2813766
v -0.1783207 0.9923306 0.2767095
v -0.1792299 0.9929972 0.2780429
v -0.1735930 0.9923306 0.2813766
v -0.1742598 0.9929972 0.2830131
v -0.1681986 0.0022426 0.2838616
v -0.1681986 0.0006667 0.2846496
v -0.1735324 0.0022426 0.2805886
v -0.1735930 0.0006667 0.2814372
v -0.1681986 0.0006667 0.2846496
v -0.1686229 0.0000000 0.2864073
v -0.1735930 0.0006667 0.2814372
v -0.1742598 0.0000000 0.2830131
v -0.1735324 0.9907546 0.2805886
v -0.1735930 0.9923306 0.2813766
v -0.1681986 0.9907546 0.2838616
v -0.1681986 0.9923306 0.2846496
v -0.1735930 0.9923306 0.2813766
v -0.1742598 0.9929972 0.2830131
v -0.1681986 0.9923306 0.2846496
v -0.1686229 0.9929972 0.2864073
v -0.1625011 0.0022426 0.2858012
v -0.1625011 0.0006667 0.2865892
v -0.1681986 0.0022426 0.2838616
v -0.1681986 0.0006667 0.2846496
v -0.1625011 0.0006667 0.2865892
v -0.1626830 0.0000000 0.2884075
v -0.1681986 0.0006667 0.2846496
v -0.1686229 0.0000000 0.2864073
v -0.1681986 0.9907546 0.2838616
v -0.1681986 0.9923306 0.2846496
v -0.1625011 0.9907546 0.2858012
v -0.1625011 0.9923306 0.2865892
v -0.1681986 0.9923306 0.2846496
v -0.1686229 0.9929972 0.2864073
v -0.1625011 0.9923306 0.2865892
v -0.1626830 0.9929972 0.2883469
v -0.1565006 0.0022426 0.2865285
v -0.1565006 0.0006667 0.2872559
v -0.1625011 0.0022426 0.2858012
v -0.1625011 0.0006667 0.2865892
v -0.1565006 0.0006667 0.2872559
v -0.1565612 0.0000000 0.2890742
v -0.1625011 0.0006667 0.2865892
v -0.1626830 0.0000000 0.2884075
v -0.1625011 0.9907546 0.2858012
v -0.1625011 0.9923306 0.2865892
v -0.1565006 0.9907546 0.2865285
v -0.1565006 0.9923306 0.2872559
v -0.1625011 0.9923306 0.2865892
v -0.1626830 0.9929972 0.2883469
v -0.1565006 0.9923306 0.2872559
v -0.1565612 0.9929972 0.2890742
v -0.1566218 0.9929972 0.2914986
v -0.1566824 0.9923306 0.2932564
v -0.1502576 0.9929972 0.2914986
v -0.1501970 0.9923306 0.2932564
v -0.1502576 0.0000000 0.2914986
v -0.1501970 0.0006667 0.2932564
v -0.1566218 0.0000000 0.2914986
v -0.1566824 0.0006667 0.2932564
v -0.1439540 0.0000000 0.2906501
v -0.1437116 0.0006667 0.2924685
v -0.1502576 0.0000000 0.2914986
v -0.1501970 0.0006667 0.2932564
v -0.1502576 0.9929972 0.2914986
v -0.1501970 0.9923306 0.2932564
v -0.1439540 0.9929972 0.2907107
v -0.1437116 0.9923306 0.2924685
v -0.1378323 0.0000000 0.2885287
v -0.1374080 0.0006667 0.2902865
v -0.1439540 0.0000000 0.2906501
v -0.1437116 0.0006667 0.2924685
v -0.1439540 0.9929972 0.2907107
v -0.1437116 0.9923306 0.2924685
v -0.1378323 0.9929972 0.2885287
v -0.1374080 0.9923306 0.2902865
v -0.1320742 0.0000000 0.2848314
v -0.1314075 0.0006667 0.2864679
v -0.1378323 0.0000000 0.2885287
v -0.1374080 0.0006667 0.2902865
v -0.1378323 0.9929972 0.2885287
v -0.1374080 0.9923306 0.2902865
v -0.1320136 0.9929972 0.2848920
v -0.1314075 0.9923306 0.2864679
v -0.1269222 0.0000000 0.2794370
v -0.1260130 0.0006667 0.2808310
v -0.1320742 0.0000000 0.2848314
v -0.1314075 0.0006667 0.2864679
v -0.1320136 0.9929972 0.2848920
v -0.1314075 0.9923306 0.2864679
v -0.1269222 0.9929972 0.2794976
v -0.1260130 0.9923306 0.2808310
v -0.1230431 0.0000000 0.2721636
v -0.1218915 0.0006667 0.2730122
v -0.1269222 0.0000000 0.2794370
v -0.1260130 0.0006667 0.2808310
v -0.1269222 0.9929972 0.2794976
v -0.1260130 0.9923306 0.2808310
v -0.1230431 0.9929972 0.2722242
v -0.1218309 0.9923306 0.2730122
v -0.1215884 0.0000000 0.2629507
v -0.1202550 0.0006667 0.2631931
v -0.1230431 0.0000000 0.2721636
v -0.1218915 0.0006667 0.2730122
v -0.1230431 0.9929972 0.2722242
v -0.1218309 0.9923306 0.2730122
v -0.1215278 0.9929972 0.2629507
v -0.1201943 0.9923306 0.2631931
v -0.1837758 0.0000000 0.2721636
v -0.1849880 0.0006667 0.2730122
v -0.1852910 0.0000000 0.2629507
v -0.1866245 0.0006667 0.2631931
v -0.1852910 0.9929972 0.2629507
v -0.1866245 0.9923306 0.2631931
v -0.1838364 0.9929972 0.2722242
v -0.1849880 0.9923306 0.2730122
v -0.1798966 0.0000000 0.2794370
v -0.1808058 0.0006667 0.2808310
v -0.1837758 0.0000000 0.2721636
v -0.1849880 0.0006667 0.2730122
v -0.1838364 0.9929972 0.2722242
v -0.1849880 0.9923306 0.2730122
v -0.1799572 0.9929972 0.2794976
v -0.1808058 0.9923306 0.2808310
v -0.1748053 0.0000000 0.2848314
v -0.1754720 0.0006667 0.2864679
v -0.1798966 0.0000000 0.2794370
v -0.1808058 0.0006667 0.2808310
v -0.1799572 0.9929972 0.2794976
v -0.1808058 0.9923306 0.2808310
v -0.1748053 0.9929972 0.2848920
v -0.1754720 0.9923306 0.2864679
v -0.1689866 0.0000000 0.2885287
v -0.1694108 0.0006667 0.2902865
v -0.1748053 0.0000000 0.2848314
v -0.1754720 0.0006667 0.2864679
v -0.1748053 0.9929972 0.2848920
v -0.1754720 0.9923306 0.2864679
v -0.1689866 0.9929972 0.2885287
v -0.1694108 0.9923306 0.2902865
v -0.1629254 0.0000000 0.2906501
v -0.1631072 0.0006667 0.2924685
v -0.1689866 0.0000000 0.2885287
v -0.1694108 0.0006667 0.2902865
v -0.1689866 0.9929972 0.2885287
v -0.1694108 0.9923306 0.2902865
v -0.1629254 0.9929972 0.2907107
v -0.1631072 0.9923306 0.2924685
v -0.1566218 0.0000000 0.2914986
v -0.1566824 0.0006667 0.2932564
v -0.1629254 0.0000000 0.2906501
v -0.1631072 0.0006667 0.2924685
v -0.1629254 0.9929972 0.2907107
v -0.1631072 0.9923306 0.2924685
v -0.1566218 0.9929972 0.2914986
v -0.1566824 0.9923306 0.2932564
v -0.1221339 0.9890575 -0.3994112
v -0.1220733 0.9871179 -0.4002598
v -0.1233461 0.9889363 -0.3991081
v -0.1235886 0.9877241 -0.3994112
v -0.1235886 0.9898455 -0.3981989
v -0.1222551 0.9908153 -0.3980777
v -0.1233461 0.9889363 -0.3991081
v -0.1221339 0.9890575 -0.3994112
v -0.1235886 0.9877241 -0.3994112
v -0.1241947 0.9880878 -0.3976535
v -0.1233461 0.9889363 -0.3991081
v -0.1235886 0.9898455 -0.3981989
v -0.1846849 0.9890575 -0.3994112
v -0.1846243 0.9908153 -0.3980777
v -0.1835333 0.9889363 -0.3991081
v -0.1832302 0.9898455 -0.3981989
v -0.1832909 0.9854208 -0.4000173
v -0.1847455 0.9854814 -0.4006840
v -0.1832909 0.9877241 -0.3994112
v -0.1847455 0.9871179 -0.4002598
v -0.1835333 0.9889363 -0.3991081
v -0.1846849 0.9890575 -0.3994112
v -0.1832302 0.9898455 -0.3981989
v -0.1826847 0.9880878 -0.3976535
v -0.1835333 0.9889363 -0.3991081
v -0.1832909 0.9877241 -0.3994112
v -0.1203156 0.9854208 -0.4000173
v -0.1217702 0.9854814 -0.4006840
v -0.1203156 0.9877241 -0.3994112
v -0.1217702 0.9871179 -0.4002598
v -0.1205580 0.9889363 -0.3991081
v -0.1217096 0.9890575 -0.3994112
v -0.1851092 0.9890575 -0.3994112
v -0.1850486 0.9871179 -0.4002598
v -0.1863214 0.9889363 -0.3991081
v -0.1865639 0.9877241 -0.3994112
v -0.1865639 0.9898455 -0.3981989
v -0.1852304 0.9908153 -0.3980777
v -0.1863214 0.9889363 -0.3991081
v -0.1851092 0.9890575 -0.3994112
v -0.1852304 0.9908153 -0.3980777
v -0.1852304 0.9919669 -0.3969261
v -0.1846243 0.9908153 -0.3980777
v -0.1846243 0.9919669 -0.3969261
v -0.1222551 0.9919669 -0.3969261
v -0.1222551 0.9929972 -0.3931682
v -0.1216490 0.9919669 -0.3969261
v -0.1215884 0.9929972 -0.3931682
v -0.1222551 0.9908153 -0.3980777
v -0.1222551 0.9919669 -0.3969261
v -0.1216490 0.9908153 -0.3980777
v -0.1217096 0.9890575 -0.3994112
v -0.1205580 0.9889363 -0.3991081
v -0.1202550 0.9898455 -0.3981989
v -0.1202550 0.9913608 -0.3965625
v -0.1216490 0.9919669 -0.3969261
v -0.1221945 0.0000000 -0.3931682
v -0.1221339 0.0010304 -0.3969261
v -0.1216490 0.0000000 -0.3931682
v -0.1217096 0.0010304 -0.3969261
v -0.1832302 0.0016365 -0.3965625
v -0.1846849 0.0010304 -0.3969261
v -0.1832909 0.0041216 -0.3990475
v -0.1847455 0.0037579 -0.3996536
v -0.1851092 0.0037579 -0.3996536
v -0.1851698 0.0010304 -0.3969261
v -0.1847455 0.0075158 -0.4006840
v -0.1847455 0.0037579 -0.3996536
v -0.1850486 0.0075158 -0.4006840
v -0.1851092 0.0037579 -0.3996536
v -0.1832909 0.0075764 -0.4000173
v -0.1847455 0.0075158 -0.4006840
v -0.1832909 0.9854208 -0.4000173
v -0.1847455 0.9854814 -0.4006840
v -0.1850486 0.0075158 -0.4006840
v -0.1850486 0.9854814 -0.4006840
v -0.1850486 0.9871179 -0.4002598
v -0.1847455 0.9871179 -0.4002598
v -0.1221339 0.0037579 -0.3996536
v -0.1220733 0.0075158 -0.4006840
v -0.1217702 0.0037579 -0.3996536
v -0.1217702 0.0075158 -0.4006840
v -0.1217096 0.9890575 -0.3994112
v -0.1217702 0.9871179 -0.4002598
v -0.1221339 0.9890575 -0.3994112
v -0.1220733 0.9871179 -0.4002598
v -0.1220733 0.9854814 -0.4006840
v -0.1217702 0.9854814 -0.4006840
v -0.1235886 0.9854208 -0.4000173
v -0.1220733 0.9854814 -0.4006840
v -0.1235886 0.0075764 -0.4000173
v -0.1220733 0.0075158 -0.4006840
v -0.1217702 0.9854814 -0.4006840
v -0.1217702 0.0075158 -0.4006840
v -0.1681986 0.9907546 0.2838616
v -0.1625011 0.9907546 0.2858012
v -0.1681986 0.0022426 0.2838616
v -0.1625011 0.0022426 0.2858012
v -0.1221339 0.0010304 -0.3969261
v -0.1221339 0.0037579 -0.3996536
v -0.1217096 0.0010304 -0.3969261
v -0.1217702 0.0037579 -0.3996536
v -0.1742598 0.0000000 0.2830131
v -0.1748053 0.0000000 0.2848314
v -0.1792299 0.0000000 0.2781035
v -0.1798966 0.0000000 0.2794370
v -0.1237704 0.0000000 0.2714969
v -0.1230431 0.0000000 0.2721636
v -0.1275889 0.0000000 0.2781035
v -0.1269222 0.0000000 0.2794370
v -0.1792299 0.0000000 0.2781035
v -0.1798966 0.0000000 0.2794370
v -0.1831090 0.0000000 0.2714969
v -0.1852910 0.0000000 0.2629507
v -0.1845637 0.0000000 0.2627688
v -0.1837758 0.0000000 0.2721636
v -0.1686229 0.0000000 0.2864073
v -0.1689866 0.0000000 0.2885287
v -0.1742598 0.0000000 0.2830131
v -0.1748053 0.0000000 0.2848314
v -0.1625011 0.9907546 0.2858012
v -0.1565006 0.9907546 0.2865285
v -0.1625011 0.0022426 0.2858012
v -0.1565006 0.0022426 0.2865285
v -0.1222551 0.0000000 0.2627688
v -0.1215884 0.0000000 0.2629507
v -0.1237704 0.0000000 0.2714969
v -0.1230431 0.0000000 0.2721636
v -0.1626830 0.0000000 0.2884075
v -0.1629254 0.0000000 0.2906501
v -0.1686229 0.0000000 0.2864073
v -0.1689866 0.0000000 0.2885287
v -0.1221945 0.0000000 -0.3931682
v -0.1216490 0.0000000 -0.3931682
v -0.1222551 0.0000000 0.2627688
v -0.1215884 0.0000000 0.2629507
v -0.1325591 0.0000000 0.2830131
v -0.1320742 0.0000000 0.2848314
v -0.1381959 0.0000000 0.2864073
v -0.1378323 0.0000000 0.2885287
v -0.1223157 0.9929972 0.2627688
v -0.1215278 0.9929972 0.2629507
v -0.1222551 0.9929972 -0.3931682
v -0.1215884 0.9929972 -0.3931682
v -0.1237704 0.9929972 0.2714969
v -0.1230431 0.9929972 0.2722242
v -0.1223157 0.9929972 0.2627688
v -0.1215278 0.9929972 0.2629507
v -0.1845637 0.0000000 0.2627688
v -0.1852910 0.0000000 0.2629507
v -0.1846243 0.0000000 -0.3931682
v -0.1846849 0.0010304 -0.3969261
v -0.1851698 0.0010304 -0.3969261
v -0.1851698 0.0000000 -0.3931682
v -0.1275889 0.0000000 0.2781035
v -0.1269222 0.0000000 0.2794370
v -0.1325591 0.0000000 0.2830131
v -0.1320742 0.0000000 0.2848314
v -0.1826847 0.9907546 0.2623446
v -0.1814725 0.9907546 0.2700422
v -0.1826847 0.0022426 0.2623446
v -0.1814725 0.0022426 0.2700422
v -0.1286799 0.9907546 0.2758609
v -0.1254069 0.9907546 0.2700422
v -0.1286799 0.0022426 0.2758609
v -0.1254069 0.0022426 0.2700422
v -0.1852304 0.9919669 -0.3969261
v -0.1852304 0.9929972 -0.3931682
v -0.1846243 0.9919669 -0.3969261
v -0.1832302 0.9913608 -0.3965625
v -0.1832302 0.9923306 -0.3931076
v -0.1845637 0.9929972 -0.3931682
v -0.1443783 0.9907546 0.2858012
v -0.1386202 0.9907546 0.2838616
v -0.1443783 0.0022426 0.2858012
v -0.1386202 0.0022426 0.2838616
v -0.1386202 0.9907546 0.2838616
v -0.1332864 0.9907546 0.2805886
v -0.1386202 0.0022426 0.2838616
v -0.1332864 0.0022426 0.2805886
v -0.1332864 0.9907546 0.2805886
v -0.1286799 0.9907546 0.2758609
v -0.1332864 0.0022426 0.2805886
v -0.1286799 0.0022426 0.2758609
v -0.1235886 0.0006667 0.2625264
v -0.1241341 0.0022426 0.2623446
v -0.1235886 0.0006667 -0.3931076
v -0.1241947 0.0022426 -0.3928652
v -0.1241947 0.0030306 -0.3957745
v -0.1241947 0.0049095 -0.3976535
v -0.1241947 0.0078189 -0.3984414
v -0.1235886 0.0075764 -0.4000173
v -0.1235886 0.9854208 -0.4000173
v -0.1241947 0.9851784 -0.3984414
v -0.1241947 0.9880878 -0.3976535
v -0.1241947 0.9899667 -0.3957745
v -0.1241947 0.9907546 -0.3928652
v -0.1241341 0.9907546 0.2623446
v -0.1832302 0.9923306 -0.3931076
v -0.1826847 0.9907546 -0.3928652
v -0.1832302 0.9913608 -0.3965625
v -0.1826847 0.9899667 -0.3957745
v -0.1826847 0.9880878 -0.3976535
v -0.1832909 0.9854208 -0.4000173
v -0.1826847 0.9851784 -0.3984414
v -0.1832909 0.0075764 -0.4000173
v -0.1826847 0.0078189 -0.3984414
v -0.1826847 0.0049095 -0.3976535
v -0.1826847 0.0030306 -0.3957745
v -0.1826847 0.0022426 -0.3928652
v -0.1826847 0.0022426 0.2623446
v -0.1826847 0.9907546 0.2623446
v -0.1254069 0.9907546 0.2700422
v -0.1241341 0.9907546 0.2623446
v -0.1254069 0.0022426 0.2700422
v -0.1241341 0.0022426 0.2623446
v -0.1814725 0.9907546 0.2700422
v -0.1781389 0.9907546 0.2758609
v -0.1814725 0.0022426 0.2700422
v -0.1781389 0.0022426 0.2758609
v -0.1781389 0.9907546 0.2758609
v -0.1735324 0.9907546 0.2805886
v -0.1781389 0.0022426 0.2758609
v -0.1735324 0.0022426 0.2805886
v -0.1735324 0.9907546 0.2805886
v -0.1681986 0.9907546 0.2838616
v -0.1735324 0.0022426 0.2805886
v -0.1681986 0.0022426 0.2838616
v -0.1503788 0.0022426 0.2865285
v -0.1565006 0.0022426 0.2865285
v -0.1503788 0.9907546 0.2865285
v -0.1565006 0.9907546 0.2865285
v -0.1503788 0.9907546 0.2865285
v -0.1443783 0.9907546 0.2858012
v -0.1503788 0.0022426 0.2865285
v -0.1443783 0.0022426 0.2858012
v -0.1565612 0.9929972 0.2890742
v -0.1566218 0.9929972 0.2914986
v -0.1503182 0.9929972 0.2890742
v -0.1439540 0.9929972 0.2907107
v -0.1441359 0.9929972 0.2883469
v -0.1502576 0.9929972 0.2914986
v -0.1441359 0.9929972 0.2883469
v -0.1439540 0.9929972 0.2907107
v -0.1381959 0.9929972 0.2864073
v -0.1378323 0.9929972 0.2885287
v -0.1381959 0.9929972 0.2864073
v -0.1378323 0.9929972 0.2885287
v -0.1325591 0.9929972 0.2830131
v -0.1320136 0.9929972 0.2848920
v -0.1275889 0.9929972 0.2780429
v -0.1269222 0.9929972 0.2794976
v -0.1275889 0.9929972 0.2780429
v -0.1269222 0.9929972 0.2794976
v -0.1237704 0.9929972 0.2714969
v -0.1230431 0.9929972 0.2722242
v -0.1845637 0.9929972 -0.3931682
v -0.1852304 0.9929972 -0.3931682
v -0.1845637 0.9929972 0.2627688
v -0.1852910 0.9929972 0.2629507
v -0.1845637 0.9929972 0.2627688
v -0.1852910 0.9929972 0.2629507
v -0.1830484 0.9929972 0.2714969
v -0.1838364 0.9929972 0.2722242
v -0.1792299 0.9929972 0.2780429
v -0.1799572 0.9929972 0.2794976
v -0.1792299 0.9929972 0.2780429
v -0.1799572 0.9929972 0.2794976
v -0.1742598 0.9929972 0.2830131
v -0.1748053 0.9929972 0.2848920
v -0.1742598 0.9929972 0.2830131
v -0.1748053 0.9929972 0.2848920
v -0.1686229 0.9929972 0.2864073
v -0.1689866 0.9929972 0.2885287
v -0.1686229 0.9929972 0.2864073
v -0.1689866 0.9929972 0.2885287
v -0.1626830 0.9929972 0.2883469
v -0.1629254 0.9929972 0.2907107
v -0.1381959 0.0000000 0.2864073
v -0.1378323 0.0000000 0.2885287
v -0.1441359 0.0000000 0.2884075
v -0.1629254 0.0000000 0.2906501
v -0.1626830 0.0000000 0.2884075
v -0.1566218 0.0000000 0.2914986
v -0.1565612 0.0000000 0.2890742
v -0.1502576 0.0000000 0.2914986
v -0.1503182 0.0000000 0.2890742
v -0.1439540 0.0000000 0.2906501
vt 0.4827403 0.4175188
vt 0.4828215 0.4189808
vt 0.4813595 0.4180061
vt 0.4814407 0.4194681
vt 0.4738058 0.0010922
vt 0.4742120 0.0010922
vt 0.4738058 0.4019241
vt 0.4742120 0.4016804
vt 0.3487235 0.0057219
vt 0.3489672 0.0059655
vt 0.3487235 0.4063101
vt 0.3489672 0.4063101
vt 0.3342660 0.0200982
vt 0.3346721 0.0203419
vt 0.3342660 0.4211738
vt 0.3346721 0.4209301
vt 0.3336974 0.0198546
vt 0.3341035 0.0200982
vt 0.3336974 0.4209301
vt 0.3341035 0.4211738
vt 0.4732373 0.0010922
vt 0.4736434 0.0010922
vt 0.4732373 0.4021678
vt 0.4736434 0.4021678
vt 0.3341848 0.9918415
vt 0.3336974 0.9918415
vt 0.3341848 0.4282402
vt 0.3336974 0.4282402
vt 0.3480738 0.4211738
vt 0.3476677 0.4209301
vt 0.3480738 0.0200982
vt 0.3476677 0.0203419
vt 0.4731561 0.8795111
vt 0.4729124 0.8792674
vt 0.4731561 0.4789228
vt 0.4729124 0.4789228
vt 0.4876136 0.4019241
vt 0.4872075 0.4016804
vt 0.4876136 0.0010922
vt 0.4872075 0.0010922
vt 0.3487235 0.4789228
vt 0.3489672 0.4789228
vt 0.3487235 0.8795111
vt 0.3489672 0.8792674
vt 0.3486423 0.4209301
vt 0.3482362 0.4211738
vt 0.3486423 0.0198546
vt 0.3482362 0.0200982
vt 0.4881822 0.4021678
vt 0.4877761 0.4021678
vt 0.4881822 0.0010922
vt 0.4877761 0.0010922
vt 0.3481550 0.4282402
vt 0.3486423 0.4282402
vt 0.3481550 0.9918415
vt 0.3486423 0.9918415
vt 0.3342660 0.9918415
vt 0.3346721 0.9918415
vt 0.3342660 0.9928161
vt 0.3346721 0.9933035
vt 0.3496982 0.0010922
vt 0.3496982 0.0025542
vt 0.3493733 0.0015796
vt 0.3493733 0.0030415
vt 0.3341035 0.9954965
vt 0.3341848 0.9942781
vt 0.3342660 0.9954965
vt 0.3342660 0.9942781
vt 0.3342660 0.9954965
vt 0.3346721 0.9950091
vt 0.3342660 0.9964711
vt 0.3346721 0.9964711
vt 0.3490484 0.0023105
vt 0.3493733 0.0030415
vt 0.3488860 0.0032852
vt 0.3490484 0.0040162
vt 0.3341035 0.9989078
vt 0.3336974 0.9989078
vt 0.3341035 0.9964711
vt 0.3336974 0.9967148
vt 0.3342660 0.9964711
vt 0.3346721 0.9967148
vt 0.3342660 0.9989078
vt 0.3346721 0.9989078
vt 0.3488048 0.0035289
vt 0.3490484 0.0040162
vt 0.3487235 0.0057219
vt 0.3489672 0.0059655
vt 0.3481550 0.4258035
vt 0.3486423 0.4260471
vt 0.3481550 0.4282402
vt 0.3486423 0.4282402
vt 0.3480738 0.4282402
vt 0.3476677 0.4282402
vt 0.3480738 0.4258035
vt 0.3476677 0.4260471
vt 0.4721814 0.8841407
vt 0.4721814 0.8826787
vt 0.4726687 0.8834097
vt 0.4725063 0.8821914
vt 0.3481550 0.4233668
vt 0.3486423 0.4236105
vt 0.3481550 0.4258035
vt 0.3486423 0.4258035
vt 0.4726687 0.8834097
vt 0.4725063 0.8821914
vt 0.4729936 0.8819477
vt 0.4727500 0.8809731
vt 0.3482362 0.4211738
vt 0.3486423 0.4211738
vt 0.3481550 0.4233668
vt 0.3486423 0.4233668
vt 0.3480738 0.4233668
vt 0.3476677 0.4233668
vt 0.3480738 0.4211738
vt 0.3476677 0.4211738
vt 0.4730748 0.8817041
vt 0.4727500 0.8809731
vt 0.4731561 0.8795111
vt 0.4729124 0.8792674
vt 0.3493733 0.8836534
vt 0.3493733 0.8821914
vt 0.3496982 0.8841407
vt 0.3496982 0.8826787
vt 0.3481550 0.9918415
vt 0.3486423 0.9918415
vt 0.3481550 0.9928161
vt 0.3486423 0.9933035
vt 0.3480738 0.9954965
vt 0.3480738 0.9942781
vt 0.3482362 0.9954965
vt 0.3481550 0.9942781
vt 0.3480738 0.9942781
vt 0.3480738 0.9928161
vt 0.3481550 0.9942781
vt 0.3481550 0.9928161
vt 0.3480738 0.9964711
vt 0.3476677 0.9964711
vt 0.3480738 0.9954965
vt 0.3476677 0.9950091
vt 0.3488860 0.8819477
vt 0.3490484 0.8809731
vt 0.3490484 0.8829224
vt 0.3493733 0.8821914
vt 0.3482362 0.9954965
vt 0.3486423 0.9950091
vt 0.3482362 0.9964711
vt 0.3486423 0.9964711
vt 0.3482362 0.9964711
vt 0.3486423 0.9967148
vt 0.3482362 0.9989078
vt 0.3486423 0.9989078
vt 0.3341848 0.4233668
vt 0.3336974 0.4233668
vt 0.3341035 0.4211738
vt 0.3336974 0.4211738
vt 0.3342660 0.4211738
vt 0.3346721 0.4211738
vt 0.3342660 0.4233668
vt 0.3346721 0.4233668
vt 0.4731561 0.0057219
vt 0.4729124 0.0059655
vt 0.4730748 0.0035289
vt 0.4727500 0.0040162
vt 0.3341848 0.4258035
vt 0.3336974 0.4258035
vt 0.3341848 0.4233668
vt 0.3336974 0.4236105
vt 0.3342660 0.4233668
vt 0.3346721 0.4236105
vt 0.3342660 0.4258035
vt 0.3346721 0.4258035
vt 0.4729936 0.0032852
vt 0.4727500 0.0040162
vt 0.4726687 0.0018232
vt 0.4725063 0.0030415
vt 0.3341848 0.4282402
vt 0.3336974 0.4282402
vt 0.3341848 0.4258035
vt 0.3336974 0.4260471
vt 0.3342660 0.4258035
vt 0.3346721 0.4260471
vt 0.3342660 0.4282402
vt 0.3346721 0.4282402
vt 0.4726687 0.0015796
vt 0.4725063 0.0030415
vt 0.4721814 0.0010922
vt 0.4721814 0.0025542
vt 0.3489672 0.4457841
vt 0.3487235 0.4457841
vt 0.3489672 0.4394488
vt 0.3487235 0.4394488
vt 0.4813595 0.4165441
vt 0.4813595 0.4180061
vt 0.4800600 0.4165441
vt 0.4799787 0.4180061
vt 0.3405201 0.0057219
vt 0.3404389 0.0040162
vt 0.3418197 0.0057219
vt 0.3418197 0.0040162
vt 0.4729124 0.4333572
vt 0.4731561 0.4333572
vt 0.4729124 0.4394488
vt 0.4731561 0.4457841
vt 0.4729124 0.4457841
vt 0.4731561 0.4394488
vt 0.3391393 0.0062092
vt 0.3391393 0.0045036
vt 0.3405201 0.0057219
vt 0.3404389 0.0040162
vt 0.3489672 0.4394488
vt 0.3487235 0.4394488
vt 0.3489672 0.4333572
vt 0.3487235 0.4333572
vt 0.4800600 0.4165441
vt 0.4799787 0.4180061
vt 0.4786792 0.4160568
vt 0.4786792 0.4175188
vt 0.4729124 0.4272655
vt 0.4731561 0.4275091
vt 0.4729124 0.4333572
vt 0.4731561 0.4333572
vt 0.3379210 0.0071839
vt 0.3377585 0.0057219
vt 0.3391393 0.0062092
vt 0.3391393 0.0045036
vt 0.3489672 0.4333572
vt 0.3487235 0.4333572
vt 0.3489672 0.4272655
vt 0.3487235 0.4275091
vt 0.4786792 0.4160568
vt 0.4786792 0.4175188
vt 0.4774608 0.4148384
vt 0.4772984 0.4163005
vt 0.4729124 0.4216611
vt 0.4731561 0.4219048
vt 0.4729124 0.4272655
vt 0.4731561 0.4272655
vt 0.3367839 0.0091332
vt 0.3365402 0.0079149
vt 0.3379210 0.0071839
vt 0.3377585 0.0057219
vt 0.3489672 0.4272655
vt 0.3487235 0.4272655
vt 0.3489672 0.4216611
vt 0.3487235 0.4219048
vt 0.4774608 0.4148384
vt 0.4772984 0.4163005
vt 0.4763237 0.4128891
vt 0.4760801 0.4143511
vt 0.4729124 0.4160568
vt 0.4731561 0.4165441
vt 0.4729124 0.4216611
vt 0.4731561 0.4216611
vt 0.3357280 0.0120572
vt 0.3354843 0.0108389
vt 0.3367026 0.0093769
vt 0.3365402 0.0079149
vt 0.3489672 0.4216611
vt 0.3487235 0.4216611
vt 0.3489672 0.4160568
vt 0.3487235 0.4165441
vt 0.4762425 0.4128891
vt 0.4760801 0.4143511
vt 0.4752678 0.4102088
vt 0.4750242 0.4114271
vt 0.4729124 0.4111834
vt 0.4731561 0.4114271
vt 0.4729124 0.4160568
vt 0.4731561 0.4160568
vt 0.3349970 0.0154686
vt 0.3345909 0.0147376
vt 0.3357280 0.0120572
vt 0.3354843 0.0108389
vt 0.3489672 0.4160568
vt 0.3487235 0.4160568
vt 0.3489672 0.4111834
vt 0.3487235 0.4114271
vt 0.4751866 0.4099651
vt 0.4750242 0.4114271
vt 0.4745368 0.4065538
vt 0.4741307 0.4072848
vt 0.4729124 0.4063101
vt 0.4731561 0.4063101
vt 0.4729124 0.4111834
vt 0.4731561 0.4111834
vt 0.3346721 0.0203419
vt 0.3342660 0.0200982
vt 0.3349970 0.0157122
vt 0.3345909 0.0147376
vt 0.3489672 0.4111834
vt 0.3487235 0.4111834
vt 0.3489672 0.4063101
vt 0.3487235 0.4063101
vt 0.4744556 0.4063101
vt 0.4741307 0.4072848
vt 0.4742120 0.4016804
vt 0.4738058 0.4019241
vt 0.4729124 0.4740495
vt 0.4731561 0.4740495
vt 0.4729124 0.4789228
vt 0.4731561 0.4786792
vt 0.3473428 0.0157122
vt 0.3477489 0.0147376
vt 0.3476677 0.0203419
vt 0.3480738 0.0200982
vt 0.3489672 0.4789228
vt 0.3487235 0.4786792
vt 0.3489672 0.4740495
vt 0.3487235 0.4740495
vt 0.4872075 0.4016804
vt 0.4876136 0.4019241
vt 0.4868826 0.4063101
vt 0.4872887 0.4072848
vt 0.4729124 0.4691761
vt 0.4731561 0.4691761
vt 0.4729124 0.4740495
vt 0.4731561 0.4738058
vt 0.3466118 0.0120572
vt 0.3468554 0.0108389
vt 0.3473428 0.0154686
vt 0.3477489 0.0147376
vt 0.3489672 0.4740495
vt 0.3487235 0.4738058
vt 0.3489672 0.4691761
vt 0.3487235 0.4691761
vt 0.4868826 0.4065538
vt 0.4872887 0.4072848
vt 0.4861516 0.4099651
vt 0.4863953 0.4114271
vt 0.4729124 0.4635718
vt 0.4731561 0.4635718
vt 0.4729124 0.4691761
vt 0.4731561 0.4686888
vt 0.3456371 0.0093769
vt 0.3457995 0.0079149
vt 0.3465305 0.0120572
vt 0.3468554 0.0108389
vt 0.3489672 0.4691761
vt 0.3487235 0.4686888
vt 0.3489672 0.4635718
vt 0.3487235 0.4635718
vt 0.4860704 0.4102088
vt 0.4863953 0.4114271
vt 0.4851770 0.4128891
vt 0.4853394 0.4143511
vt 0.4729124 0.4577238
vt 0.4731561 0.4577238
vt 0.4729124 0.4635718
vt 0.4731561 0.4633282
vt 0.3444188 0.0071839
vt 0.3445000 0.0057219
vt 0.3455559 0.0091332
vt 0.3457995 0.0079149
vt 0.3489672 0.4635718
vt 0.3487235 0.4633282
vt 0.3489672 0.4577238
vt 0.3487235 0.4577238
vt 0.4850957 0.4128891
vt 0.4853394 0.4143511
vt 0.4839586 0.4148384
vt 0.4840398 0.4163005
vt 0.4729124 0.4518758
vt 0.4731561 0.4518758
vt 0.4729124 0.4577238
vt 0.4731561 0.4574802
vt 0.3432004 0.0062092
vt 0.3432004 0.0045036
vt 0.3444188 0.0071839
vt 0.3445000 0.0057219
vt 0.3489672 0.4577238
vt 0.3487235 0.4574802
vt 0.3489672 0.4518758
vt 0.3487235 0.4518758
vt 0.4839586 0.4148384
vt 0.4840398 0.4163005
vt 0.4827403 0.4160568
vt 0.4827403 0.4175188
vt 0.4729124 0.4457841
vt 0.4731561 0.4457841
vt 0.4729124 0.4518758
vt 0.4731561 0.4516322
vt 0.3418197 0.0057219
vt 0.3418197 0.0040162
vt 0.3431192 0.0062092
vt 0.3432004 0.0045036
vt 0.3489672 0.4518758
vt 0.3487235 0.4516322
vt 0.3489672 0.4457841
vt 0.3487235 0.4457841
vt 0.4826591 0.4160568
vt 0.4827403 0.4175188
vt 0.4813595 0.4165441
vt 0.4813595 0.4180061
vt 0.4814407 0.4194681
vt 0.4814407 0.4211738
vt 0.4799787 0.4194681
vt 0.4799787 0.4211738
vt 0.3404389 0.0025542
vt 0.3404389 0.0010922
vt 0.3419009 0.0025542
vt 0.3419009 0.0010922
vt 0.3390581 0.0030415
vt 0.3390581 0.0015796
vt 0.3404389 0.0025542
vt 0.3404389 0.0010922
vt 0.4799787 0.4194681
vt 0.4799787 0.4211738
vt 0.4785980 0.4189808
vt 0.4785167 0.4206865
vt 0.3376773 0.0045036
vt 0.3375961 0.0027979
vt 0.3390581 0.0030415
vt 0.3389769 0.0015796
vt 0.4785980 0.4189808
vt 0.4785167 0.4204428
vt 0.4772172 0.4177625
vt 0.4771360 0.4192245
vt 0.3364590 0.0066966
vt 0.3362965 0.0052345
vt 0.3376773 0.0045036
vt 0.3375149 0.0030415
vt 0.4772172 0.4177625
vt 0.4770547 0.4192245
vt 0.4759988 0.4155695
vt 0.4758364 0.4170314
vt 0.3353219 0.0101079
vt 0.3350782 0.0086459
vt 0.3364590 0.0066966
vt 0.3362153 0.0054782
vt 0.4759988 0.4155695
vt 0.4757552 0.4167878
vt 0.4748617 0.4121581
vt 0.4746181 0.4136201
vt 0.3344284 0.0144939
vt 0.3341035 0.0135192
vt 0.3353219 0.0101079
vt 0.3349970 0.0088896
vt 0.4748617 0.4121581
vt 0.4745368 0.4131328
vt 0.4739683 0.4077721
vt 0.4736434 0.4087468
vt 0.3341035 0.0200982
vt 0.3336974 0.0198546
vt 0.3344284 0.0144939
vt 0.3341035 0.0137629
vt 0.4739683 0.4077721
vt 0.4735622 0.4082595
vt 0.4736434 0.4021678
vt 0.4732373 0.4024115
vt 0.3479113 0.0144939
vt 0.3482362 0.0137629
vt 0.3482362 0.0200982
vt 0.3486423 0.0198546
vt 0.4877761 0.4021678
vt 0.4881822 0.4024115
vt 0.4874512 0.4077721
vt 0.4877761 0.4082595
vt 0.3470179 0.0101079
vt 0.3473428 0.0088896
vt 0.3479113 0.0144939
vt 0.3482362 0.0135192
vt 0.4874512 0.4077721
vt 0.4877761 0.4087468
vt 0.4865577 0.4121581
vt 0.4868826 0.4131328
vt 0.3458808 0.0066966
vt 0.3461244 0.0054782
vt 0.3470179 0.0101079
vt 0.3472615 0.0086459
vt 0.4865577 0.4121581
vt 0.4868014 0.4136201
vt 0.4854206 0.4155695
vt 0.4856643 0.4167878
vt 0.3445812 0.0045036
vt 0.3448249 0.0030415
vt 0.3458808 0.0066966
vt 0.3460432 0.0052345
vt 0.4854206 0.4155695
vt 0.4855831 0.4170314
vt 0.4841211 0.4177625
vt 0.4843647 0.4192245
vt 0.3432817 0.0030415
vt 0.3433629 0.0015796
vt 0.3445812 0.0045036
vt 0.3447437 0.0027979
vt 0.4841211 0.4177625
vt 0.4842835 0.4192245
vt 0.4828215 0.4189808
vt 0.4829027 0.4204428
vt 0.3419009 0.0025542
vt 0.3419009 0.0010922
vt 0.3432817 0.0030415
vt 0.3432817 0.0015796
vt 0.4828215 0.4189808
vt 0.4828215 0.4206865
vt 0.4814407 0.4194681
vt 0.4814407 0.4211738
vt 0.3342660 0.9942781
vt 0.3342660 0.9928161
vt 0.3346721 0.9940345
vt 0.3346721 0.9933035
vt 0.3346721 0.9950091
vt 0.3342660 0.9954965
vt 0.3345096 0.9942781
vt 0.3342660 0.9942781
vt 0.3493733 0.0015796
vt 0.3493733 0.0030415
vt 0.3492109 0.0018232
vt 0.3490484 0.0023105
vt 0.3480738 0.9942781
vt 0.3480738 0.9954965
vt 0.3476677 0.9942781
vt 0.3476677 0.9950091
vt 0.3476677 0.9918415
vt 0.3480738 0.9918415
vt 0.3476677 0.9933035
vt 0.3480738 0.9928161
vt 0.3478301 0.9942781
vt 0.3480738 0.9942781
vt 0.3490484 0.8829224
vt 0.3493733 0.8821914
vt 0.3492109 0.8834097
vt 0.3493733 0.8836534
vt 0.3336974 0.9918415
vt 0.3341848 0.9918415
vt 0.3336974 0.9933035
vt 0.3341848 0.9928161
vt 0.3338599 0.9942781
vt 0.3341848 0.9942781
vt 0.3481550 0.9942781
vt 0.3481550 0.9928161
vt 0.3486423 0.9940345
vt 0.3486423 0.9933035
vt 0.3486423 0.9950091
vt 0.3482362 0.9954965
vt 0.3484799 0.9942781
vt 0.3481550 0.9942781
vt 0.3482362 0.9954965
vt 0.3482362 0.9964711
vt 0.3480738 0.9954965
vt 0.3480738 0.9964711
vt 0.3342660 0.9964711
vt 0.3342660 0.9989078
vt 0.3341035 0.9964711
vt 0.3341035 0.9989078
vt 0.3342660 0.9954965
vt 0.3342660 0.9964711
vt 0.3341035 0.9954965
vt 0.3341848 0.9942781
vt 0.3336974 0.9942781
vt 0.3336974 0.9950091
vt 0.3336974 0.9964711
vt 0.3341035 0.9964711
vt 0.3342660 0.4211738
vt 0.3342660 0.4233668
vt 0.3341035 0.4211738
vt 0.3341848 0.4233668
vt 0.3476677 0.4236105
vt 0.3480738 0.4233668
vt 0.3476677 0.4258035
vt 0.3480738 0.4258035
vt 0.3481550 0.4258035
vt 0.3481550 0.4233668
vt 0.3480738 0.4282402
vt 0.3480738 0.4258035
vt 0.3481550 0.4282402
vt 0.3481550 0.4258035
vt 0.3476677 0.4282402
vt 0.3480738 0.4282402
vt 0.3476677 0.9918415
vt 0.3480738 0.9918415
vt 0.3481550 0.4282402
vt 0.3481550 0.9918415
vt 0.3481550 0.9928161
vt 0.3480738 0.9928161
vt 0.3342660 0.4258035
vt 0.3342660 0.4282402
vt 0.3341848 0.4258035
vt 0.3341848 0.4282402
vt 0.3341848 0.9942781
vt 0.3341848 0.9928161
vt 0.3342660 0.9942781
vt 0.3342660 0.9928161
vt 0.3342660 0.9918415
vt 0.3341848 0.9918415
vt 0.3346721 0.9918415
vt 0.3342660 0.9918415
vt 0.3346721 0.4282402
vt 0.3342660 0.4282402
vt 0.3341848 0.9918415
vt 0.3341848 0.4282402
vt 0.3489672 0.4577238
vt 0.3489672 0.4518758
vt 0.4729124 0.4577238
vt 0.4729124 0.4518758
vt 0.3342660 0.4233668
vt 0.3342660 0.4258035
vt 0.3341848 0.4233668
vt 0.3341848 0.4258035
vt 0.3457995 0.0079149
vt 0.3458808 0.0066966
vt 0.3468554 0.0108389
vt 0.3470179 0.0101079
vt 0.3345909 0.0147376
vt 0.3344284 0.0144939
vt 0.3354843 0.0108389
vt 0.3353219 0.0101079
vt 0.3468554 0.0108389
vt 0.3470179 0.0101079
vt 0.3477489 0.0147376
vt 0.3482362 0.0200982
vt 0.3480738 0.0200982
vt 0.3479113 0.0144939
vt 0.3445000 0.0057219
vt 0.3445812 0.0045036
vt 0.3457995 0.0079149
vt 0.3458808 0.0066966
vt 0.3489672 0.4518758
vt 0.3489672 0.4457841
vt 0.4729124 0.4518758
vt 0.4729124 0.4457841
vt 0.3342660 0.0200982
vt 0.3341035 0.0200982
vt 0.3345909 0.0147376
vt 0.3344284 0.0144939
vt 0.3432004 0.0045036
vt 0.3432817 0.0030415
vt 0.3445000 0.0057219
vt 0.3445812 0.0045036
vt 0.3342660 0.4211738
vt 0.3341035 0.4211738
vt 0.3342660 0.0200982
vt 0.3341035 0.0200982
vt 0.3365402 0.0079149
vt 0.3364590 0.0066966
vt 0.3377585 0.0057219
vt 0.3376773 0.0045036
vt 0.4738058 0.4019241
vt 0.4736434 0.4021678
vt 0.4738058 0.0010922
vt 0.4736434 0.0010922
vt 0.4741307 0.4072848
vt 0.4739683 0.4077721
vt 0.4738058 0.4019241
vt 0.4736434 0.4021678
vt 0.3480738 0.0200982
vt 0.3482362 0.0200982
vt 0.3480738 0.4211738
vt 0.3480738 0.4233668
vt 0.3481550 0.4233668
vt 0.3482362 0.4211738
vt 0.3354843 0.0108389
vt 0.3353219 0.0101079
vt 0.3365402 0.0079149
vt 0.3364590 0.0066966
vt 0.3489672 0.4789228
vt 0.3489672 0.4740495
vt 0.4729124 0.4789228
vt 0.4729124 0.4740495
vt 0.3489672 0.4160568
vt 0.3489672 0.4111834
vt 0.4729124 0.4160568
vt 0.4729124 0.4111834
vt 0.3482362 0.9964711
vt 0.3482362 0.9989078
vt 0.3480738 0.9964711
vt 0.3476677 0.9967148
vt 0.3476677 0.9989078
vt 0.3480738 0.9989078
vt 0.3489672 0.4333572
vt 0.3489672 0.4272655
vt 0.4729124 0.4333572
vt 0.4729124 0.4272655
vt 0.3489672 0.4272655
vt 0.3489672 0.4216611
vt 0.4729124 0.4272655
vt 0.4729124 0.4216611
vt 0.3489672 0.4216611
vt 0.3489672 0.4160568
vt 0.4729124 0.4216611
vt 0.4729124 0.4160568
vt 0.4731561 0.4063101
vt 0.4729124 0.4063101
vt 0.4731561 0.0057219
vt 0.4729124 0.0059655
vt 0.4727500 0.0040162
vt 0.4725063 0.0030415
vt 0.4721814 0.0025542
vt 0.4721814 0.0010922
vt 0.3496982 0.0010922
vt 0.3496982 0.0025542
vt 0.3493733 0.0030415
vt 0.3490484 0.0040162
vt 0.3489672 0.0059655
vt 0.3489672 0.4063101
vt 0.3487235 0.8795111
vt 0.3489672 0.8792674
vt 0.3488048 0.8817041
vt 0.3490484 0.8809731
vt 0.3493733 0.8821914
vt 0.3496982 0.8841407
vt 0.3496982 0.8826787
vt 0.4721814 0.8841407
vt 0.4721814 0.8826787
vt 0.4725063 0.8821914
vt 0.4727500 0.8809731
vt 0.4729124 0.8792674
vt 0.4729124 0.4789228
vt 0.3489672 0.4789228
vt 0.3489672 0.4111834
vt 0.3489672 0.4063101
vt 0.4729124 0.4111834
vt 0.4729124 0.4063101
vt 0.3489672 0.4740495
vt 0.3489672 0.4691761
vt 0.4729124 0.4740495
vt 0.4729124 0.4691761
vt 0.3489672 0.4691761
vt 0.3489672 0.4635718
vt 0.4729124 0.4691761
vt 0.4729124 0.4635718
vt 0.3489672 0.4635718
vt 0.3489672 0.4577238
vt 0.4729124 0.4635718
vt 0.4729124 0.4577238
vt 0.4729124 0.4394488
vt 0.4729124 0.4457841
vt 0.3489672 0.4394488
vt 0.3489672 0.4457841
vt 0.3489672 0.4394488
vt 0.3489672 0.4333572
vt 0.4729124 0.4394488
vt 0.4729124 0.4333572
vt 0.4813595 0.4180061
vt 0.4814407 0.4194681
vt 0.4799787 0.4180061
vt 0.4785980 0.4189808
vt 0.4786792 0.4175188
vt 0.4799787 0.4194681
vt 0.4786792 0.4175188
vt 0.4785980 0.4189808
vt 0.4772984 0.4163005
vt 0.4772172 0.4177625
vt 0.4772984 0.4163005
vt 0.4772172 0.4177625
vt 0.4760801 0.4143511
vt 0.4759988 0.4155695
vt 0.4750242 0.4114271
vt 0.4748617 0.4121581
vt 0.4750242 0.4114271
vt 0.4748617 0.4121581
vt 0.4741307 0.4072848
vt 0.4739683 0.4077721
vt 0.4876136 0.0010922
vt 0.4877761 0.0010922
vt 0.4876136 0.4019241
vt 0.4877761 0.4021678
vt 0.4876136 0.4019241
vt 0.4877761 0.4021678
vt 0.4872887 0.4072848
vt 0.4874512 0.4077721
vt 0.4863953 0.4114271
vt 0.4865577 0.4121581
vt 0.4863953 0.4114271
vt 0.4865577 0.4121581
vt 0.4853394 0.4143511
vt 0.4854206 0.4155695
vt 0.4853394 0.4143511
vt 0.4854206 0.4155695
vt 0.4840398 0.4163005
vt 0.4841211 0.4177625
vt 0.4840398 0.4163005
vt 0.4841211 0.4177625
vt 0.4827403 0.4175188
vt 0.4828215 0.4189808
vt 0.3377585 0.0057219
vt 0.3376773 0.0045036
vt 0.3391393 0.0045036
vt 0.3432817 0.0030415
vt 0.3432004 0.0045036
vt 0.3419009 0.0025542
vt 0.3418197 0.0040162
vt 0.3404389 0.0025542
vt 0.3404389 0.0040162
vt 0.3390581 0.0030415
vn 0.0344595 0.9878378 -0.1516216
vn -0.0369082 0.9872948 0.1545531
vn 0.0089871 0.9885644 -0.1505314
vn -0.0090208 0.9877776 0.1556087
vn -0.3051329 0.9523098 0.0000000
vn -0.7652664 0.6437078 -0.0027627
vn -0.3051329 0.9523098 0.0000000
vn -0.7652664 0.6437078 -0.0027627
vn -0.7652664 0.6437078 -0.0027627
vn -1.0000000 0.0000000 0.0000000
vn -0.7652664 0.6437078 -0.0027627
vn -0.9999981 0.0000000 -0.0019608
vn -0.3140017 -0.9494224 0.0000000
vn -0.7563262 -0.6541946 0.0000000
vn -0.3140017 -0.9494224 0.0000000
vn -0.7563262 -0.6541946 0.0000000
vn 0.7563262 -0.6541946 0.0000000
vn 0.3140017 -0.9494224 0.0000000
vn 0.7563262 -0.6541946 0.0000000
vn 0.3140017 -0.9494224 0.0000000
vn 0.7652665 0.6437077 -0.0027627
vn 0.3051329 0.9523098 0.0000000
vn 0.7652665 0.6437077 0.0027627
vn 0.3051329 0.9523098 0.0000000
vn 0.3439595 0.0000000 -0.9389845
vn 0.7275499 0.0000000 -0.6860547
vn 0.3439595 0.0000000 -0.9389845
vn 0.7275499 0.0000000 -0.6860547
vn 0.3140017 -0.9494224 0.0000000
vn 0.7563262 -0.6541946 0.0000000
vn 0.3140017 -0.9494224 0.0000000
vn 0.7563262 -0.6541946 0.0000000
vn 0.7563262 -0.6541946 0.0000000
vn 1.0000000 0.0000000 0.0000000
vn 0.7563262 -0.6541946 0.0000000
vn 0.9999981 0.0000000 -0.0019608
vn 0.3051329 0.9523098 0.0000000
vn 0.7652665 0.6437077 -0.0027627
vn 0.3051329 0.9523098 0.0000000
vn 0.7652665 0.6437077 -0.0027627
vn 0.7652665 0.6437077 -0.0027627
vn 0.9999981 0.0000000 -0.0019608
vn 0.7652665 0.6437077 -0.0027627
vn 1.0000000 0.0000000 0.0000000
vn -0.7563262 -0.6541946 0.0000000
vn -0.3140017 -0.9494224 0.0000000
vn -0.7563262 -0.6541946 0.0000000
vn -0.3140017 -0.9494224 0.0000000
vn -0.7652663 0.6437079 0.0027627
vn -0.3051329 0.9523098 0.0000000
vn -0.7652664 0.6437078 -0.0027627
vn -0.3051329 0.9523098 0.0000000
vn -0.3439595 0.0000000 -0.9389845
vn -0.7275499 0.0000000 -0.6860547
vn -0.3439595 0.0000000 -0.9389845
vn -0.7275499 0.0000000 -0.6860547
vn -0.3439595 0.0000000 -0.9389845
vn -0.7275499 0.0000000 -0.6860547
vn -0.1871647 0.3072854 -0.9330301
vn -0.6995639 0.2363393 -0.6743546
vn -0.7275499 0.0000000 -0.6860547
vn -1.0000000 0.0000000 0.0000000
vn -0.6995639 0.2363393 -0.6743546
vn -1.0000000 0.0000000 0.0000000
vn 0.2015361 0.6511166 -0.7317311
vn 0.1591316 0.4891819 -0.8575419
vn -0.2015361 0.6511166 -0.7317311
vn -0.1591315 0.4891820 -0.8575419
vn -0.2015361 0.6511166 -0.7317311
vn -0.7149805 0.4456158 -0.5387295
vn -0.2253784 0.8436462 -0.4873046
vn -0.7668668 0.5759455 -0.2831999
vn -0.7149805 0.4456158 -0.5387295
vn -1.0000000 0.0000000 0.0000000
vn -0.7668668 0.5759455 -0.2831999
vn -1.0000000 0.0000000 0.0000000
vn 0.3051329 0.9523098 0.0000000
vn 0.7652665 0.6437077 -0.0027627
vn 0.2221536 0.8429661 -0.4899550
vn 0.7668668 0.5759455 -0.2831997
vn -0.2253784 0.8436462 -0.4873046
vn -0.7668668 0.5759455 -0.2831999
vn -0.3051329 0.9523098 0.0000000
vn -0.7652664 0.6437078 -0.0027627
vn -0.7668668 0.5759455 -0.2831999
vn -1.0000000 0.0000000 0.0000000
vn -0.7652664 0.6437078 -0.0027627
vn -1.0000000 0.0000000 0.0000000
vn -0.3509795 -0.4690361 -0.8104434
vn -0.7257993 -0.3384894 -0.5988658
vn -0.3439595 0.0000000 -0.9389845
vn -0.7275499 0.0000000 -0.6860547
vn 0.3439595 0.0000000 -0.9389845
vn 0.7275499 0.0000000 -0.6860547
vn 0.3509795 -0.4690361 -0.8104434
vn 0.7257993 -0.3384894 -0.5988658
vn 0.7275499 0.0000000 -0.6860547
vn 1.0000000 0.0000000 0.0000000
vn 0.7257993 -0.3384894 -0.5988658
vn 1.0000000 0.0000000 0.0000000
vn -0.3435782 -0.8144074 -0.4676480
vn -0.7328524 -0.5862818 -0.3452549
vn -0.3509795 -0.4690361 -0.8104434
vn -0.7257993 -0.3384894 -0.5988658
vn 0.7257993 -0.3384894 -0.5988658
vn 1.0000000 0.0000000 0.0000000
vn 0.7328523 -0.5862820 -0.3452549
vn 1.0000000 0.0000000 0.0000000
vn -0.3140017 -0.9494224 0.0000000
vn -0.7563262 -0.6541946 0.0000000
vn -0.3435782 -0.8144074 -0.4676480
vn -0.7328524 -0.5862818 -0.3452549
vn 0.3435782 -0.8144074 -0.4676480
vn 0.7328523 -0.5862820 -0.3452549
vn 0.3140017 -0.9494224 0.0000000
vn 0.7563262 -0.6541946 0.0000000
vn 0.7328523 -0.5862820 -0.3452549
vn 1.0000000 0.0000000 0.0000000
vn 0.7563262 -0.6541946 0.0000000
vn 1.0000000 0.0000000 0.0000000
vn 0.6995640 0.2363392 -0.6743545
vn 1.0000000 0.0000000 0.0000000
vn 0.7275499 0.0000000 -0.6860547
vn 1.0000000 0.0000000 0.0000000
vn -0.3439595 0.0000000 -0.9389845
vn -0.7275499 0.0000000 -0.6860547
vn -0.1871647 0.3072854 -0.9330301
vn -0.6995639 0.2363393 -0.6743546
vn 0.2015361 0.6511166 -0.7317311
vn 0.1591316 0.4891819 -0.8575419
vn -0.2015361 0.6511166 -0.7317311
vn -0.1591315 0.4891820 -0.8575419
vn 0.1591316 0.4891819 -0.8575419
vn 0.1871647 0.3072854 -0.9330301
vn -0.1591315 0.4891820 -0.8575419
vn -0.1871647 0.3072854 -0.9330301
vn 0.2253785 0.8436461 -0.4873047
vn 0.7668668 0.5759455 -0.2831997
vn 0.2015361 0.6511166 -0.7317311
vn 0.7149806 0.4456157 -0.5387294
vn 0.7668668 0.5759455 -0.2831997
vn 1.0000000 0.0000000 0.0000000
vn 0.7149806 0.4456157 -0.5387294
vn 1.0000000 0.0000000 0.0000000
vn -0.2015361 0.6511166 -0.7317311
vn -0.7151941 0.4490754 -0.5355639
vn -0.2221535 0.8429661 -0.4899550
vn -0.7668668 0.5759455 -0.2831999
vn -0.2221535 0.8429661 -0.4899550
vn -0.7668668 0.5759455 -0.2831999
vn -0.3051329 0.9523098 0.0000000
vn -0.7652664 0.6437078 -0.0027627
vn 0.3435782 -0.8144074 -0.4676480
vn 0.7328523 -0.5862820 -0.3452549
vn 0.3140017 -0.9494224 0.0000000
vn 0.7563262 -0.6541946 0.0000000
vn -0.3140017 -0.9494224 0.0000000
vn -0.7563262 -0.6541946 0.0000000
vn -0.3435782 -0.8144074 -0.4676480
vn -0.7328524 -0.5862818 -0.3452549
vn -0.7563262 -0.6541946 0.0000000
vn -1.0000000 0.0000000 0.0000000
vn -0.7328524 -0.5862818 -0.3452549
vn -1.0000000 0.0000000 0.0000000
vn 0.3509795 -0.4690361 -0.8104434
vn 0.7257993 -0.3384894 -0.5988658
vn 0.3435782 -0.8144074 -0.4676480
vn 0.7328523 -0.5862820 -0.3452549
vn -0.3435782 -0.8144074 -0.4676480
vn -0.7328524 -0.5862818 -0.3452549
vn -0.3509795 -0.4690361 -0.8104434
vn -0.7257993 -0.3384894 -0.5988658
vn -0.7328524 -0.5862818 -0.3452549
vn -1.0000000 0.0000000 0.0000000
vn -0.7257993 -0.3384894 -0.5988658
vn -1.0000000 0.0000000 0.0000000
vn 0.3439595 0.0000000 -0.9389845
vn 0.7275499 0.0000000 -0.6860547
vn 0.3509795 -0.4690361 -0.8104434
vn 0.7257993 -0.3384894 -0.5988658
vn -0.3509795 -0.4690361 -0.8104434
vn -0.7257993 -0.3384894 -0.5988658
vn -0.3439595 0.0000000 -0.9389845
vn -0.7275499 0.0000000 -0.6860547
vn -0.7257993 -0.3384894 -0.5988658
vn -1.0000000 0.0000000 0.0000000
vn -0.7275499 0.0000000 -0.6860547
vn -1.0000000 0.0000000 0.0000000
vn 0.0600574 0.0000000 -0.9981949
vn 0.0368065 0.7531182 -0.6568549
vn -0.0600574 0.0000000 -0.9981949
vn -0.0368065 0.7531181 -0.6568550
vn 0.0368065 0.7531182 -0.6568549
vn 0.0089871 0.9885644 -0.1505314
vn -0.0368065 0.7531181 -0.6568550
vn -0.0089870 0.9885644 -0.1505314
vn -0.0367962 -0.7557374 -0.6538402
vn -0.0090039 -0.9881750 -0.1530658
vn 0.0367961 -0.7557374 -0.6538402
vn 0.0090038 -0.9881750 -0.1530659
vn -0.2226339 0.0000000 -0.9749021
vn -0.1445619 -0.7559384 -0.6384818
vn -0.0600574 0.0000000 -0.9981949
vn 0.0367961 -0.7557374 -0.6538402
vn 0.0600574 0.0000000 -0.9981949
vn -0.0367962 -0.7557374 -0.6538402
vn -0.1445619 -0.7559384 -0.6384818
vn -0.0344595 -0.9878378 -0.1516216
vn -0.0367962 -0.7557374 -0.6538402
vn -0.0090039 -0.9881750 -0.1530658
vn -0.0600574 0.0000000 -0.9981949
vn -0.0368065 0.7531181 -0.6568550
vn -0.2226339 0.0000000 -0.9749021
vn -0.1446119 0.7531863 -0.6417147
vn -0.0368065 0.7531181 -0.6568550
vn -0.0089870 0.9885644 -0.1505314
vn -0.1446119 0.7531863 -0.6417147
vn -0.0344595 0.9878378 -0.1516216
vn -0.4273022 0.0000000 -0.9041088
vn -0.2806577 -0.7494841 -0.5995873
vn -0.2226339 0.0000000 -0.9749021
vn -0.1445619 -0.7559384 -0.6384818
vn -0.2806577 -0.7494841 -0.5995873
vn -0.0684181 -0.9861645 -0.1509917
vn -0.1445619 -0.7559384 -0.6384818
vn -0.0344595 -0.9878378 -0.1516216
vn -0.2226339 0.0000000 -0.9749021
vn -0.1446119 0.7531863 -0.6417147
vn -0.4273022 0.0000000 -0.9041088
vn -0.2807893 0.7466441 -0.6030588
vn -0.1446119 0.7531863 -0.6417147
vn -0.0344595 0.9878378 -0.1516216
vn -0.2807893 0.7466441 -0.6030588
vn -0.0684181 0.9861645 -0.1509917
vn -0.6243595 0.0000000 -0.7811371
vn -0.4229493 -0.7335527 -0.5319909
vn -0.4273022 0.0000000 -0.9041088
vn -0.2806577 -0.7494841 -0.5995873
vn -0.4229493 -0.7335527 -0.5319909
vn -0.1140874 -0.9830937 -0.1432161
vn -0.2806577 -0.7494841 -0.5995873
vn -0.0684181 -0.9861645 -0.1509917
vn -0.4273022 0.0000000 -0.9041088
vn -0.2842696 0.7474055 -0.6004797
vn -0.6243595 0.0000000 -0.7811371
vn -0.4232266 0.7307273 -0.5356462
vn -0.2807893 0.7466441 -0.6030588
vn -0.0684181 0.9861645 -0.1509917
vn -0.4232266 0.7307273 -0.5356462
vn -0.1114245 0.9834430 -0.1429142
vn -0.8000000 0.0000000 -0.6000000
vn -0.5579548 -0.7107282 -0.4284296
vn -0.6243595 0.0000000 -0.7811371
vn -0.4229493 -0.7335527 -0.5319909
vn -0.5579548 -0.7107282 -0.4284296
vn -0.1698891 -0.9768622 -0.1299151
vn -0.4229493 -0.7335527 -0.5319909
vn -0.1140874 -0.9830937 -0.1432161
vn -0.6243595 0.0000000 -0.7811371
vn -0.4232266 0.7307273 -0.5356462
vn -0.8000000 0.0000000 -0.6000000
vn -0.5615549 0.7077583 -0.4286424
vn -0.4232266 0.7307273 -0.5356462
vn -0.1114245 0.9834430 -0.1429142
vn -0.5615549 0.7077583 -0.4286424
vn -0.1695297 0.9772887 -0.1271472
vn -0.9474359 0.0000000 -0.3199456
vn -0.6933442 -0.6807380 -0.2363674
vn -0.8000000 0.0000000 -0.6000000
vn -0.5579548 -0.7107282 -0.4284296
vn -0.6933442 -0.6807380 -0.2363674
vn -0.2464080 -0.9653100 -0.0863698
vn -0.5579548 -0.7107282 -0.4284296
vn -0.1698891 -0.9768622 -0.1299151
vn -0.8000000 0.0000000 -0.6000000
vn -0.5615549 0.7077583 -0.4286424
vn -0.9474359 0.0000000 -0.3199456
vn -0.6974246 0.6753343 -0.2398384
vn -0.5615549 0.7077583 -0.4286424
vn -0.1695297 0.9772887 -0.1271472
vn -0.6974246 0.6753343 -0.2398384
vn -0.2428793 0.9664570 -0.0834897
vn -0.9999981 0.0000000 -0.0019608
vn -0.7563262 -0.6541946 0.0000000
vn -0.9474359 0.0000000 -0.3199456
vn -0.6933442 -0.6807380 -0.2363674
vn -0.7563262 -0.6541946 0.0000000
vn -0.3140017 -0.9494224 0.0000000
vn -0.6933442 -0.6807380 -0.2363674
vn -0.2464080 -0.9653100 -0.0863698
vn -0.9474359 0.0000000 -0.3199456
vn -0.6974246 0.6753343 -0.2398384
vn -0.9999981 0.0000000 -0.0019608
vn -0.7652664 0.6437078 -0.0027627
vn -0.6974246 0.6753343 -0.2398384
vn -0.2428793 0.9664570 -0.0834897
vn -0.7652664 0.6437078 -0.0027627
vn -0.3051329 0.9523098 0.0000000
vn 0.9474359 0.0000000 -0.3199456
vn 0.6933442 -0.6807380 -0.2363674
vn 0.9999981 0.0000000 -0.0019608
vn 0.7563262 -0.6541946 0.0000000
vn 0.6933442 -0.6807380 -0.2363674
vn 0.2464080 -0.9653100 -0.0863698
vn 0.7563262 -0.6541946 0.0000000
vn 0.3140017 -0.9494224 0.0000000
vn 0.9999981 0.0000000 -0.0019608
vn 0.7652665 0.6437077 -0.0027627
vn 0.9474359 0.0000000 -0.3199456
vn 0.6974247 0.6753342 -0.2398384
vn 0.7652665 0.6437077 -0.0027627
vn 0.3051329 0.9523098 0.0000000
vn 0.6974247 0.6753342 -0.2398384
vn 0.2428793 0.9664570 -0.0834897
vn 0.8000000 0.0000000 -0.6000000
vn 0.5579548 -0.7107282 -0.4284296
vn 0.9474359 0.0000000 -0.3199456
vn 0.6933442 -0.6807380 -0.2363674
vn 0.5579548 -0.7107282 -0.4284296
vn 0.1698890 -0.9768622 -0.1299152
vn 0.6933442 -0.6807380 -0.2363674
vn 0.2464080 -0.9653100 -0.0863698
vn 0.9474359 0.0000000 -0.3199456
vn 0.6974247 0.6753342 -0.2398384
vn 0.8000000 0.0000000 -0.6000000
vn 0.5615549 0.7077583 -0.4286424
vn 0.6974247 0.6753342 -0.2398384
vn 0.2428793 0.9664570 -0.0834897
vn 0.5615549 0.7077583 -0.4286424
vn 0.1695298 0.9772887 -0.1271472
vn 0.6243595 0.0000000 -0.7811371
vn 0.4229493 -0.7335527 -0.5319909
vn 0.8000000 0.0000000 -0.6000000
vn 0.5579548 -0.7107282 -0.4284296
vn 0.4229493 -0.7335527 -0.5319909
vn 0.1140874 -0.9830937 -0.1432162
vn 0.5579548 -0.7107282 -0.4284296
vn 0.1698890 -0.9768622 -0.1299152
vn 0.8000000 0.0000000 -0.6000000
vn 0.5615549 0.7077583 -0.4286424
vn 0.6243595 0.0000000 -0.7811371
vn 0.4232266 0.7307273 -0.5356462
vn 0.5615549 0.7077583 -0.4286424
vn 0.1695298 0.9772887 -0.1271472
vn 0.4232266 0.7307273 -0.5356462
vn 0.1114246 0.9834430 -0.1429142
vn 0.4273021 0.0000000 -0.9041089
vn 0.2806577 -0.7494841 -0.5995873
vn 0.6243595 0.0000000 -0.7811371
vn 0.4229493 -0.7335527 -0.5319909
vn 0.2806577 -0.7494841 -0.5995873
vn 0.0684181 -0.9861645 -0.1509917
vn 0.4229493 -0.7335527 -0.5319909
vn 0.1140874 -0.9830937 -0.1432162
vn 0.6243595 0.0000000 -0.7811371
vn 0.4232266 0.7307273 -0.5356462
vn 0.4273021 0.0000000 -0.9041089
vn 0.2842695 0.7474055 -0.6004797
vn 0.4232266 0.7307273 -0.5356462
vn 0.1114246 0.9834430 -0.1429142
vn 0.2807891 0.7466442 -0.6030588
vn 0.0684181 0.9861645 -0.1509917
vn 0.2226339 0.0000000 -0.9749021
vn 0.1445618 -0.7559384 -0.6384818
vn 0.4273021 0.0000000 -0.9041089
vn 0.2806577 -0.7494841 -0.5995873
vn 0.1445618 -0.7559384 -0.6384818
vn 0.0344595 -0.9878378 -0.1516216
vn 0.2806577 -0.7494841 -0.5995873
vn 0.0684181 -0.9861645 -0.1509917
vn 0.4273021 0.0000000 -0.9041089
vn 0.2842695 0.7474055 -0.6004797
vn 0.2226339 0.0000000 -0.9749021
vn 0.1446117 0.7531863 -0.6417147
vn 0.2807891 0.7466442 -0.6030588
vn 0.0684181 0.9861645 -0.1509917
vn 0.1446117 0.7531863 -0.6417147
vn 0.0344595 0.9878378 -0.1516216
vn 0.0600574 0.0000000 -0.9981949
vn 0.0367961 -0.7557374 -0.6538402
vn 0.2226339 0.0000000 -0.9749021
vn 0.1445618 -0.7559384 -0.6384818
vn 0.0367961 -0.7557374 -0.6538402
vn 0.0090038 -0.9881750 -0.1530659
vn 0.1445618 -0.7559384 -0.6384818
vn 0.0344595 -0.9878378 -0.1516216
vn 0.2226339 0.0000000 -0.9749021
vn 0.1446117 0.7531863 -0.6417147
vn 0.0600574 0.0000000 -0.9981949
vn 0.0368065 0.7531182 -0.6568549
vn 0.1446117 0.7531863 -0.6417147
vn 0.0344595 0.9878378 -0.1516216
vn 0.0368065 0.7531182 -0.6568549
vn 0.0089871 0.9885644 -0.1505314
vn -0.0090208 0.9877776 0.1556087
vn -0.0397180 0.7518071 0.6581858
vn 0.0090209 0.9877776 0.1556088
vn 0.0397183 0.7518071 0.6581858
vn 0.0090208 -0.9877776 0.1556088
vn 0.0397182 -0.7518071 0.6581858
vn -0.0090208 -0.9877776 0.1556087
vn -0.0397180 -0.7518071 0.6581858
vn 0.0369791 -0.9868804 0.1571612
vn 0.1511375 -0.7526644 0.6408227
vn 0.0090208 -0.9877776 0.1556088
vn 0.0397182 -0.7518071 0.6581858
vn 0.0090209 0.9877776 0.1556088
vn 0.0397183 0.7518071 0.6581858
vn 0.0369082 0.9872948 0.1545531
vn 0.1511874 0.7498883 0.6440574
vn 0.0761376 -0.9850305 0.1546545
vn 0.2915094 -0.7431890 0.6022394
vn 0.0369791 -0.9868804 0.1571612
vn 0.1511375 -0.7526644 0.6408227
vn 0.0369082 0.9872948 0.1545531
vn 0.1511874 0.7498883 0.6440574
vn 0.0759872 0.9854591 0.1519744
vn 0.2916383 0.7403123 0.6057102
vn 0.1226385 -0.9811085 0.1496191
vn 0.4378911 -0.7231837 0.5340944
vn 0.0761376 -0.9850305 0.1546545
vn 0.2915094 -0.7431890 0.6022394
vn 0.0759872 0.9854591 0.1519744
vn 0.2916383 0.7403123 0.6057102
vn 0.1223885 0.9815556 0.1468662
vn 0.4416216 0.7205407 0.5345947
vn 0.1871141 -0.9734988 0.1314855
vn 0.5849372 -0.6946129 0.4187619
vn 0.1226385 -0.9811085 0.1496191
vn 0.4378911 -0.7231837 0.5340944
vn 0.1223885 0.9815556 0.1468662
vn 0.4416216 0.7205407 0.5345947
vn 0.1842184 0.9740862 0.1312240
vn 0.5889963 0.6888262 0.4226132
vn 0.2614654 -0.9612699 0.0871551
vn 0.7148587 -0.6581738 0.2361869
vn 0.1871141 -0.9734988 0.1314855
vn 0.5849372 -0.6946129 0.4187619
vn 0.1842184 0.9740862 0.1312240
vn 0.5889963 0.6888262 0.4226132
vn 0.2578586 0.9625023 0.0842509
vn 0.7188138 0.6526073 0.2396047
vn 0.3140017 -0.9494224 0.0000000
vn 0.7563262 -0.6541946 0.0000000
vn 0.2614654 -0.9612699 0.0871551
vn 0.7148587 -0.6581738 0.2361869
vn 0.2578586 0.9625023 0.0842509
vn 0.7188138 0.6526073 0.2396047
vn 0.3051329 0.9523098 0.0000000
vn 0.7652665 0.6437077 0.0027627
vn -0.2614653 -0.9612699 0.0871551
vn -0.7148587 -0.6581738 0.2361869
vn -0.3140017 -0.9494224 0.0000000
vn -0.7563262 -0.6541946 0.0000000
vn -0.3051329 0.9523098 0.0000000
vn -0.7652663 0.6437079 0.0027627
vn -0.2578586 0.9625023 0.0842509
vn -0.7188138 0.6526073 0.2396047
vn -0.1871141 -0.9734988 0.1314855
vn -0.5849372 -0.6946129 0.4187619
vn -0.2614653 -0.9612699 0.0871551
vn -0.7148587 -0.6581738 0.2361869
vn -0.2578586 0.9625023 0.0842509
vn -0.7188138 0.6526073 0.2396047
vn -0.1842184 0.9740862 0.1312240
vn -0.5889963 0.6888262 0.4226132
vn -0.1226385 -0.9811085 0.1496191
vn -0.4378910 -0.7231838 0.5340943
vn -0.1871141 -0.9734988 0.1314855
vn -0.5849372 -0.6946129 0.4187619
vn -0.1842184 0.9740862 0.1312240
vn -0.5889963 0.6888262 0.4226132
vn -0.1223885 0.9815556 0.1468662
vn -0.4416216 0.7205407 0.5345947
vn -0.0761376 -0.9850305 0.1546545
vn -0.2915093 -0.7431891 0.6022394
vn -0.1226385 -0.9811085 0.1496191
vn -0.4378910 -0.7231838 0.5340943
vn -0.1223885 0.9815556 0.1468662
vn -0.4416216 0.7205407 0.5345947
vn -0.0759872 0.9854591 0.1519744
vn -0.2916380 0.7403124 0.6057101
vn -0.0369791 -0.9868804 0.1571612
vn -0.1511374 -0.7526645 0.6408226
vn -0.0761376 -0.9850305 0.1546545
vn -0.2915093 -0.7431891 0.6022394
vn -0.0759872 0.9854591 0.1519744
vn -0.2916380 0.7403124 0.6057101
vn -0.0369082 0.9872948 0.1545531
vn -0.1511872 0.7498884 0.6440573
vn -0.0090208 -0.9877776 0.1556087
vn -0.0397180 -0.7518071 0.6581858
vn -0.0369791 -0.9868804 0.1571612
vn -0.1511374 -0.7526645 0.6408226
vn -0.0369082 0.9872948 0.1545531
vn -0.1511872 0.7498884 0.6440573
vn -0.0090208 0.9877776 0.1556087
vn -0.0397180 0.7518071 0.6581858
vn -0.1591315 0.4891820 -0.8575419
vn -0.1871647 0.3072854 -0.9330301
vn -0.5879968 0.3930991 -0.7069178
vn -0.6995639 0.2363393 -0.6743546
vn -0.7149805 0.4456158 -0.5387295
vn -0.2015361 0.6511166 -0.7317311
vn -0.5879968 0.3930991 -0.7069178
vn -0.1591315 0.4891820 -0.8575419
vn -0.6995639 0.2363393 -0.6743546
vn -1.0000000 0.0000000 0.0000000
vn -0.5879968 0.3930991 -0.7069178
vn -0.7149805 0.4456158 -0.5387295
vn 0.1591316 0.4891819 -0.8575419
vn 0.2015361 0.6511166 -0.7317311
vn 0.5879970 0.3930990 -0.7069177
vn 0.7149806 0.4456157 -0.5387294
vn 0.7275499 0.0000000 -0.6860547
vn 0.3439595 0.0000000 -0.9389845
vn 0.6995640 0.2363392 -0.6743545
vn 0.1871647 0.3072854 -0.9330301
vn 0.5879970 0.3930990 -0.7069177
vn 0.1591316 0.4891819 -0.8575419
vn 0.7149806 0.4456157 -0.5387294
vn 1.0000000 0.0000000 0.0000000
vn 0.5879970 0.3930990 -0.7069177
vn 0.6995640 0.2363392 -0.6743545
vn 0.7275499 0.0000000 -0.6860547
vn 0.3439595 0.0000000 -0.9389845
vn 0.6995640 0.2363392 -0.6743545
vn 0.1871647 0.3072854 -0.9330301
vn 0.5879970 0.3930990 -0.7069177
vn 0.1591316 0.4891819 -0.8575419
vn -0.1591315 0.4891820 -0.8575419
vn -0.1871647 0.3072854 -0.9330301
vn -0.5879968 0.3930991 -0.7069178
vn -0.6995639 0.2363393 -0.6743546
vn -0.7151941 0.4490754 -0.5355639
vn -0.2015361 0.6511166 -0.7317311
vn -0.5879968 0.3930991 -0.7069178
vn -0.1591315 0.4891820 -0.8575419
vn -0.2015361 0.6511166 -0.7317311
vn -0.2221535 0.8429661 -0.4899550
vn 0.2015361 0.6511166 -0.7317311
vn 0.2253785 0.8436461 -0.4873047
vn -0.2253784 0.8436462 -0.4873046
vn -0.3051329 0.9523098 0.0000000
vn 0.2221536 0.8429661 -0.4899550
vn 0.3051329 0.9523098 0.0000000
vn -0.2015361 0.6511166 -0.7317311
vn -0.2221535 0.8429661 -0.4899550
vn 0.2015361 0.6511166 -0.7317311
vn 0.1591316 0.4891819 -0.8575419
vn 0.5879970 0.3930990 -0.7069177
vn 0.7151942 0.4490752 -0.5355639
vn 0.7668668 0.5759455 -0.2831997
vn 0.2221536 0.8429661 -0.4899550
vn -0.3140017 -0.9494224 0.0000000
vn -0.3435782 -0.8144074 -0.4676480
vn 0.3140017 -0.9494224 0.0000000
vn 0.3435782 -0.8144074 -0.4676480
vn 0.7328523 -0.5862820 -0.3452549
vn 0.3435782 -0.8144074 -0.4676480
vn 0.7257993 -0.3384894 -0.5988658
vn 0.3509795 -0.4690361 -0.8104434
vn -0.3509795 -0.4690361 -0.8104434
vn -0.3435782 -0.8144074 -0.4676480
vn 0.3439595 0.0000000 -0.9389845
vn 0.3509795 -0.4690361 -0.8104434
vn -0.3439595 0.0000000 -0.9389845
vn -0.3509795 -0.4690361 -0.8104434
vn 0.7275499 0.0000000 -0.6860547
vn 0.3439595 0.0000000 -0.9389845
vn 0.7275499 0.0000000 -0.6860547
vn 0.3439595 0.0000000 -0.9389845
vn -0.3439595 0.0000000 -0.9389845
vn -0.3439595 0.0000000 -0.9389845
vn -0.1871647 0.3072854 -0.9330301
vn 0.1871647 0.3072854 -0.9330301
vn -0.3509795 -0.4690361 -0.8104434
vn -0.3439595 0.0000000 -0.9389845
vn 0.3509795 -0.4690361 -0.8104434
vn 0.3439595 0.0000000 -0.9389845
vn 0.1591316 0.4891819 -0.8575419
vn 0.1871647 0.3072854 -0.9330301
vn -0.1591315 0.4891820 -0.8575419
vn -0.1871647 0.3072854 -0.9330301
vn -0.3439595 0.0000000 -0.9389845
vn 0.3439595 0.0000000 -0.9389845
vn -0.7275499 0.0000000 -0.6860547
vn -0.3439595 0.0000000 -0.9389845
vn -0.7275499 0.0000000 -0.6860547
vn -0.3439595 0.0000000 -0.9389845
vn 0.3439595 0.0000000 -0.9389845
vn 0.3439595 0.0000000 -0.9389845
vn 0.4273021 0.0000000 -0.9041089
vn 0.2226339 0.0000000 -0.9749021
vn 0.4273021 0.0000000 -0.9041089
vn 0.2226339 0.0000000 -0.9749021
vn -0.3435782 -0.8144074 -0.4676480
vn -0.3509795 -0.4690361 -0.8104434
vn 0.3435782 -0.8144074 -0.4676480
vn 0.3509795 -0.4690361 -0.8104434
vn 0.1140874 -0.9830937 -0.1432162
vn -0.1226385 -0.9811085 0.1496191
vn 0.1698890 -0.9768622 -0.1299152
vn -0.1871141 -0.9734988 0.1314855
vn -0.2464080 -0.9653100 -0.0863698
vn 0.2614654 -0.9612699 0.0871551
vn -0.1698891 -0.9768622 -0.1299151
vn 0.1871141 -0.9734988 0.1314855
vn 0.1698890 -0.9768622 -0.1299152
vn -0.1871141 -0.9734988 0.1314855
vn 0.2464080 -0.9653100 -0.0863698
vn -0.3140017 -0.9494224 0.0000000
vn 0.3140017 -0.9494224 0.0000000
vn -0.2614653 -0.9612699 0.0871551
vn 0.0684181 -0.9861645 -0.1509917
vn -0.0761376 -0.9850305 0.1546545
vn 0.1140874 -0.9830937 -0.1432162
vn -0.1226385 -0.9811085 0.1496191
vn 0.2226339 0.0000000 -0.9749021
vn 0.0600574 0.0000000 -0.9981949
vn 0.2226339 0.0000000 -0.9749021
vn 0.0600574 0.0000000 -0.9981949
vn -0.3140017 -0.9494224 0.0000000
vn 0.3140017 -0.9494224 0.0000000
vn -0.2464080 -0.9653100 -0.0863698
vn 0.2614654 -0.9612699 0.0871551
vn 0.0344595 -0.9878378 -0.1516216
vn -0.0369791 -0.9868804 0.1571612
vn 0.0684181 -0.9861645 -0.1509917
vn -0.0761376 -0.9850305 0.1546545
vn -0.3140017 -0.9494224 0.0000000
vn 0.3140017 -0.9494224 0.0000000
vn -0.3140017 -0.9494224 0.0000000
vn 0.3140017 -0.9494224 0.0000000
vn -0.1140874 -0.9830937 -0.1432161
vn 0.1226385 -0.9811085 0.1496191
vn -0.0684181 -0.9861645 -0.1509917
vn 0.0761376 -0.9850305 0.1546545
vn -0.3051329 0.9523098 0.0000000
vn 0.3051329 0.9523098 0.0000000
vn -0.3051329 0.9523098 0.0000000
vn 0.3051329 0.9523098 0.0000000
vn -0.2428793 0.9664570 -0.0834897
vn 0.2578586 0.9625023 0.0842509
vn -0.3051329 0.9523098 0.0000000
vn 0.3051329 0.9523098 0.0000000
vn 0.3140017 -0.9494224 0.0000000
vn -0.3140017 -0.9494224 0.0000000
vn 0.3140017 -0.9494224 0.0000000
vn 0.3435782 -0.8144074 -0.4676480
vn -0.3435782 -0.8144074 -0.4676480
vn -0.3140017 -0.9494224 0.0000000
vn -0.1698891 -0.9768622 -0.1299151
vn 0.1871141 -0.9734988 0.1314855
vn -0.1140874 -0.9830937 -0.1432161
vn 0.1226385 -0.9811085 0.1496191
vn 0.9999981 0.0000000 -0.0019608
vn 0.9474359 0.0000000 -0.3199456
vn 0.9999981 0.0000000 -0.0019608
vn 0.9474359 0.0000000 -0.3199456
vn -0.8000000 0.0000000 -0.6000000
vn -0.9474359 0.0000000 -0.3199456
vn -0.8000000 0.0000000 -0.6000000
vn -0.9474359 0.0000000 -0.3199456
vn -0.2221535 0.8429661 -0.4899550
vn -0.3051329 0.9523098 0.0000000
vn 0.2253785 0.8436461 -0.4873047
vn 0.7668668 0.5759455 -0.2831997
vn 0.7652665 0.6437077 -0.0027627
vn 0.3051329 0.9523098 0.0000000
vn -0.2226339 0.0000000 -0.9749021
vn -0.4273022 0.0000000 -0.9041088
vn -0.2226339 0.0000000 -0.9749021
vn -0.4273022 0.0000000 -0.9041088
vn -0.4273022 0.0000000 -0.9041088
vn -0.6243595 0.0000000 -0.7811371
vn -0.4273022 0.0000000 -0.9041088
vn -0.6243595 0.0000000 -0.7811371
vn -0.6243595 0.0000000 -0.7811371
vn -0.8000000 0.0000000 -0.6000000
vn -0.6243595 0.0000000 -0.7811371
vn -0.8000000 0.0000000 -0.6000000
vn -0.7563262 -0.6541946 0.0000000
vn -0.9999981 0.0000000 -0.0019608
vn -0.7563262 -0.6541946 0.0000000
vn -1.0000000 0.0000000 0.0000000
vn -1.0000000 0.0000000 0.0000000
vn -1.0000000 0.0000000 0.0000000
vn -1.0000000 0.0000000 0.0000000
vn -0.7275499 0.0000000 -0.6860547
vn -0.7275499 0.0000000 -0.6860547
vn -1.0000000 0.0000000 0.0000000
vn -1.0000000 0.0000000 0.0000000
vn -1.0000000 0.0000000 0.0000000
vn -1.0000000 0.0000000 0.0000000
vn -0.9999981 0.0000000 -0.0019608
vn 0.7652665 0.6437077 -0.0027627
vn 1.0000000 0.0000000 0.0000000
vn 0.7668668 0.5759455 -0.2831997
vn 1.0000000 0.0000000 0.0000000
vn 1.0000000 0.0000000 0.0000000
vn 0.7275499 0.0000000 -0.6860547
vn 1.0000000 0.0000000 0.0000000
vn 0.7275499 0.0000000 -0.6860547
vn 1.0000000 0.0000000 0.0000000
vn 1.0000000 0.0000000 0.0000000
vn 1.0000000 0.0000000 0.0000000
vn 1.0000000 0.0000000 0.0000000
vn 0.9999981 0.0000000 -0.0019608
vn 0.9999981 0.0000000 -0.0019608
vn -0.9474359 0.0000000 -0.3199456
vn -0.9999981 0.0000000 -0.0019608
vn -0.9474359 0.0000000 -0.3199456
vn -0.9999981 0.0000000 -0.0019608
vn 0.9474359 0.0000000 -0.3199456
vn 0.8000000 0.0000000 -0.6000000
vn 0.9474359 0.0000000 -0.3199456
vn 0.8000000 0.0000000 -0.6000000
vn 0.8000000 0.0000000 -0.6000000
vn 0.6243595 0.0000000 -0.7811371
vn 0.8000000 0.0000000 -0.6000000
vn 0.6243595 0.0000000 -0.7811371
vn 0.6243595 0.0000000 -0.7811371
vn 0.4273021 0.0000000 -0.9041089
vn 0.6243595 0.0000000 -0.7811371
vn 0.4273021 0.0000000 -0.9041089
vn -0.0600574 0.0000000 -0.9981949
vn 0.0600574 0.0000000 -0.9981949
vn -0.0600574 0.0000000 -0.9981949
vn 0.0600574 0.0000000 -0.9981949
vn -0.0600574 0.0000000 -0.9981949
vn -0.2226339 0.0000000 -0.9749021
vn -0.0600574 0.0000000 -0.9981949
vn -0.2226339 0.0000000 -0.9749021
vn 0.0089871 0.9885644 -0.1505314
vn -0.0090208 0.9877776 0.1556087
vn -0.0089870 0.9885644 -0.1505314
vn 0.0369082 0.9872948 0.1545531
vn -0.0344595 0.9878378 -0.1516216
vn 0.0090209 0.9877776 0.1556088
vn -0.0344595 0.9878378 -0.1516216
vn 0.0369082 0.9872948 0.1545531
vn -0.0684181 0.9861645 -0.1509917
vn 0.0759872 0.9854591 0.1519744
vn -0.0684181 0.9861645 -0.1509917
vn 0.0759872 0.9854591 0.1519744
vn -0.1114245 0.9834430 -0.1429142
vn 0.1223885 0.9815556 0.1468662
vn -0.1695297 0.9772887 -0.1271472
vn 0.1842184 0.9740862 0.1312240
vn -0.1695297 0.9772887 -0.1271472
vn 0.1842184 0.9740862 0.1312240
vn -0.2428793 0.9664570 -0.0834897
vn 0.2578586 0.9625023 0.0842509
vn 0.3051329 0.9523098 0.0000000
vn -0.3051329 0.9523098 0.0000000
vn 0.3051329 0.9523098 0.0000000
vn -0.3051329 0.9523098 0.0000000
vn 0.3051329 0.9523098 0.0000000
vn -0.3051329 0.9523098 0.0000000
vn 0.2428793 0.9664570 -0.0834897
vn -0.2578586 0.9625023 0.0842509
vn 0.1695298 0.9772887 -0.1271472
vn -0.1842184 0.9740862 0.1312240
vn 0.1695298 0.9772887 -0.1271472
vn -0.1842184 0.9740862 0.1312240
vn 0.1114246 0.9834430 -0.1429142
vn -0.1223885 0.9815556 0.1468662
vn 0.1114246 0.9834430 -0.1429142
vn -0.1223885 0.9815556 0.1468662
vn 0.0684181 0.9861645 -0.1509917
vn -0.0759872 0.9854591 0.1519744
vn 0.0684181 0.9861645 -0.1509917
vn -0.0759872 0.9854591 0.1519744
vn 0.0344595 0.9878378 -0.1516216
vn -0.0369082 0.9872948 0.1545531
vn -0.0684181 -0.9861645 -0.1509917
vn 0.0761376 -0.9850305 0.1546545
vn -0.0344595 -0.9878378 -0.1516216
vn -0.0369791 -0.9868804 0.1571612
vn 0.0344595 -0.9878378 -0.1516216
vn -0.0090208 -0.9877776 0.1556087
vn 0.0090038 -0.9881750 -0.1530659
vn 0.0090208 -0.9877776 0.1556088
vn -0.0090039 -0.9881750 -0.1530658
vn 0.0369791 -0.9868804 0.1571612
f 2274/2274/2274 2275/2275/2275 2276/2276/2276
f 2275/2275/2275 2277/2277/2277 2276/2276/2276
f 2278/2278/2278 2279/2279/2279 2280/2280/2280
f 2279/2279/2279 2281/2281/2281 2280/2280/2280
f 2282/2282/2282 2283/2283/2283 2284/2284/2284
f 2283/2283/2283 2285/2285/2285 2284/2284/2284
f 2286/2286/2286 2287/2287/2287 2288/2288/2288
f 2287/2287/2287 2289/2289/2289 2288/2288/2288
f 2290/2290/2290 2291/2291/2291 2292/2292/2292
f 2291/2291/2291 2293/2293/2293 2292/2292/2292
f 2294/2294/2294 2295/2295/2295 2296/2296/2296
f 2295/2295/2295 2297/2297/2297 2296/2296/2296
f 2298/2298/2298 2299/2299/2299 2300/2300/2300
f 2299/2299/2299 2301/2301/2301 2300/2300/2300
f 2302/2302/2302 2303/2303/2303 2304/2304/2304
f 2303/2303/2303 2305/2305/2305 2304/2304/2304
f 2306/2306/2306 2307/2307/2307 2308/2308/2308
f 2307/2307/2307 2309/2309/2309 2308/2308/2308
f 2310/2310/2310 2311/2311/2311 2312/2312/2312
f 2311/2311/2311 2313/2313/2313 2312/2312/2312
f 2314/2314/2314 2315/2315/2315 2316/2316/2316
f 2315/2315/2315 2317/2317/2317 2316/2316/2316
f 2318/2318/2318 2319/2319/2319 2320/2320/2320
f 2319/2319/2319 2321/2321/2321 2320/2320/2320
f 2322/2322/2322 2323/2323/2323 2324/2324/2324
f 2323/2323/2323 2325/2325/2325 2324/2324/2324
f 2326/2326/2326 2327/2327/2327 2328/2328/2328
f 2327/2327/2327 2329/2329/2329 2328/2328/2328
f 2330/2330/2330 2331/2331/2331 2332/2332/2332
f 2331/2331/2331 2333/2333/2333 2332/2332/2332
f 2334/2334/2334 2335/2335/2335 2336/2336/2336
f 2335/2335/2335 2337/2337/2337 2336/2336/2336
f 2338/2338/2338 2339/2339/2339 2340/2340/2340
f 2339/2339/2339 2341/2341/2341 2340/2340/2340
f 2342/2342/2342 2343/2343/2343 2344/2344/2344
f 2343/2343/2343 2345/2345/2345 2344/2344/2344
f 2346/2346/2346 2347/2347/2347 2348/2348/2348
f 2347/2347/2347 2349/2349/2349 2348/2348/2348
f 2350/2350/2350 2351/2351/2351 2352/2352/2352
f 2351/2351/2351 2353/2353/2353 2352/2352/2352
f 2354/2354/2354 2355/2355/2355 2356/2356/2356
f 2355/2355/2355 2357/2357/2357 2356/2356/2356
f 2358/2358/2358 2359/2359/2359 2360/2360/2360
f 2359/2359/2359 2361/2361/2361 2360/2360/2360
f 2362/2362/2362 2363/2363/2363 2364/2364/2364
f 2363/2363/2363 2365/2365/2365 2364/2364/2364
f 2366/2366/2366 2367/2367/2367 2368/2368/2368
f 2367/2367/2367 2369/2369/2369 2368/2368/2368
f 2370/2370/2370 2371/2371/2371 2372/2372/2372
f 2371/2371/2371 2373/2373/2373 2372/2372/2372
f 2374/2374/2374 2375/2375/2375 2376/2376/2376
f 2375/2375/2375 2377/2377/2377 2376/2376/2376
f 2378/2378/2378 2379/2379/2379 2380/2380/2380
f 2379/2379/2379 2381/2381/2381 2380/2380/2380
f 2382/2382/2382 2383/2383/2383 2384/2384/2384
f 2383/2383/2383 2385/2385/2385 2384/2384/2384
f 2386/2386/2386 2387/2387/2387 2388/2388/2388
f 2387/2387/2387 2389/2389/2389 2388/2388/2388
f 2390/2390/2390 2391/2391/2391 2392/2392/2392
f 2391/2391/2391 2393/2393/2393 2392/2392/2392
f 2394/2394/2394 2395/2395/2395 2396/2396/2396
f 2395/2395/2395 2397/2397/2397 2396/2396/2396
f 2398/2398/2398 2399/2399/2399 2400/2400/2400
f 2399/2399/2399 2401/2401/2401 2400/2400/2400
f 2402/2402/2402 2403/2403/2403 2404/2404/2404
f 2403/2403/2403 2405/2405/2405 2404/2404/2404
f 2406/2406/2406 2407/2407/2407 2408/2408/2408
f 2407/2407/2407 2409/2409/2409 2408/2408/2408
f 2410/2410/2410 2411/2411/2411 2412/2412/2412
f 2411/2411/2411 2413/2413/2413 2412/2412/2412
f 2414/2414/2414 2415/2415/2415 2416/2416/2416
f 2415/2415/2415 2417/2417/2417 2416/2416/2416
f 2418/2418/2418 2419/2419/2419 2420/2420/2420
f 2419/2419/2419 2421/2421/2421 2420/2420/2420
f 2422/2422/2422 2423/2423/2423 2424/2424/2424
f 2423/2423/2423 2425/2425/2425 2424/2424/2424
f 2426/2426/2426 2427/2427/2427 2428/2428/2428
f 2427/2427/2427 2429/2429/2429 2428/2428/2428
f 2430/2430/2430 2431/2431/2431 2432/2432/2432
f 2431/2431/2431 2433/2433/2433 2432/2432/2432
f 2434/2434/2434 2435/2435/2435 2436/2436/2436
f 2435/2435/2435 2437/2437/2437 2436/2436/2436
f 2438/2438/2438 2439/2439/2439 2440/2440/2440
f 2439/2439/2439 2441/2441/2441 2440/2440/2440
f 2442/2442/2442 2443/2443/2443 2444/2444/2444
f 2443/2443/2443 2445/2445/2445 2444/2444/2444
f 2446/2446/2446 2447/2447/2447 2448/2448/2448
f 2447/2447/2447 2449/2449/2449 2448/2448/2448
f 2450/2450/2450 2451/2451/2451 2452/2452/2452
f 2451/2451/2451 2453/2453/2453 2452/2452/2452
f 2454/2454/2454 2455/2455/2455 2456/2456/2456
f 2455/2455/2455 2457/2457/2457 2456/2456/2456
f 2458/2458/2458 2459/2459/2459 2460/2460/2460
f 2459/2459/2459 2461/2461/2461 2460/2460/2460
f 2462/2462/2462 2463/2463/2463 2464/2464/2464
f 2463/2463/2463 2465/2465/2465 2464/2464/2464
f 2466/2466/2466 2467/2467/2467 2468/2468/2468
f 2467/2467/2467 2469/2469/2469 2468/2468/2468
f 2470/2470/2470 2471/2471/2471 2472/2472/2472
f 2471/2471/2471 2473/2473/2473 2472/2472/2472
f 2474/2474/2474 2475/2475/2475 2476/2476/2476
f 2477/2477/2477 2478/2478/2478 2479/2479/2479
f 2478/2478/2478 2476/2476/2476 2479/2479/2479
f 2476/2476/2476 2475/2475/2475 2479/2479/2479
f 2480/2480/2480 2481/2481/2481 2482/2482/2482
f 2481/2481/2481 2483/2483/2483 2482/2482/2482
f 2484/2484/2484 2485/2485/2485 2486/2486/2486
f 2485/2485/2485 2487/2487/2487 2486/2486/2486
f 2488/2488/2488 2489/2489/2489 2490/2490/2490
f 2489/2489/2489 2491/2491/2491 2490/2490/2490
f 2492/2492/2492 2493/2493/2493 2494/2494/2494
f 2493/2493/2493 2495/2495/2495 2494/2494/2494
f 2496/2496/2496 2497/2497/2497 2498/2498/2498
f 2497/2497/2497 2499/2499/2499 2498/2498/2498
f 2500/2500/2500 2501/2501/2501 2502/2502/2502
f 2501/2501/2501 2503/2503/2503 2502/2502/2502
f 2504/2504/2504 2505/2505/2505 2506/2506/2506
f 2505/2505/2505 2507/2507/2507 2506/2506/2506
f 2508/2508/2508 2509/2509/2509 2510/2510/2510
f 2509/2509/2509 2511/2511/2511 2510/2510/2510
f 2512/2512/2512 2513/2513/2513 2514/2514/2514
f 2513/2513/2513 2515/2515/2515 2514/2514/2514
f 2516/2516/2516 2517/2517/2517 2518/2518/2518
f 2517/2517/2517 2519/2519/2519 2518/2518/2518
f 2520/2520/2520 2521/2521/2521 2522/2522/2522
f 2521/2521/2521 2523/2523/2523 2522/2522/2522
f 2524/2524/2524 2525/2525/2525 2526/2526/2526
f 2525/2525/2525 2527/2527/2527 2526/2526/2526
f 2528/2528/2528 2529/2529/2529 2530/2530/2530
f 2529/2529/2529 2531/2531/2531 2530/2530/2530
f 2532/2532/2532 2533/2533/2533 2534/2534/2534
f 2533/2533/2533 2535/2535/2535 2534/2534/2534
f 2536/2536/2536 2537/2537/2537 2538/2538/2538
f 2537/2537/2537 2539/2539/2539 2538/2538/2538
f 2540/2540/2540 2541/2541/2541 2542/2542/2542
f 2541/2541/2541 2543/2543/2543 2542/2542/2542
f 2544/2544/2544 2545/2545/2545 2546/2546/2546
f 2545/2545/2545 2547/2547/2547 2546/2546/2546
f 2548/2548/2548 2549/2549/2549 2550/2550/2550
f 2549/2549/2549 2551/2551/2551 2550/2550/2550
f 2552/2552/2552 2553/2553/2553 2554/2554/2554
f 2553/2553/2553 2555/2555/2555 2554/2554/2554
f 2556/2556/2556 2557/2557/2557 2558/2558/2558
f 2557/2557/2557 2559/2559/2559 2558/2558/2558
f 2560/2560/2560 2561/2561/2561 2562/2562/2562
f 2561/2561/2561 2563/2563/2563 2562/2562/2562
f 2564/2564/2564 2565/2565/2565 2566/2566/2566
f 2565/2565/2565 2567/2567/2567 2566/2566/2566
f 2568/2568/2568 2569/2569/2569 2570/2570/2570
f 2569/2569/2569 2571/2571/2571 2570/2570/2570
f 2572/2572/2572 2573/2573/2573 2574/2574/2574
f 2573/2573/2573 2575/2575/2575 2574/2574/2574
f 2576/2576/2576 2577/2577/2577 2578/2578/2578
f 2577/2577/2577 2579/2579/2579 2578/2578/2578
f 2580/2580/2580 2581/2581/2581 2582/2582/2582
f 2581/2581/2581 2583/2583/2583 2582/2582/2582
f 2584/2584/2584 2585/2585/2585 2586/2586/2586
f 2585/2585/2585 2587/2587/2587 2586/2586/2586
f 2588/2588/2588 2589/2589/2589 2590/2590/2590
f 2589/2589/2589 2591/2591/2591 2590/2590/2590
f 2592/2592/2592 2593/2593/2593 2594/2594/2594
f 2593/2593/2593 2595/2595/2595 2594/2594/2594
f 2596/2596/2596 2597/2597/2597 2598/2598/2598
f 2597/2597/2597 2599/2599/2599 2598/2598/2598
f 2600/2600/2600 2601/2601/2601 2602/2602/2602
f 2601/2601/2601 2603/2603/2603 2602/2602/2602
f 2604/2604/2604 2605/2605/2605 2606/2606/2606
f 2605/2605/2605 2607/2607/2607 2606/2606/2606
f 2608/2608/2608 2609/2609/2609 2610/2610/2610
f 2609/2609/2609 2611/2611/2611 2610/2610/2610
f 2612/2612/2612 2613/2613/2613 2614/2614/2614
f 2613/2613/2613 2615/2615/2615 2614/2614/2614
f 2616/2616/2616 2617/2617/2617 2618/2618/2618
f 2617/2617/2617 2619/2619/2619 2618/2618/2618
f 2620/2620/2620 2621/2621/2621 2622/2622/2622
f 2621/2621/2621 2623/2623/2623 2622/2622/2622
f 2624/2624/2624 2625/2625/2625 2626/2626/2626
f 2625/2625/2625 2627/2627/2627 2626/2626/2626
f 2628/2628/2628 2629/2629/2629 2630/2630/2630
f 2629/2629/2629 2631/2631/2631 2630/2630/2630
f 2632/2632/2632 2633/2633/2633 2634/2634/2634
f 2633/2633/2633 2635/2635/2635 2634/2634/2634
f 2636/2636/2636 2637/2637/2637 2638/2638/2638
f 2637/2637/2637 2639/2639/2639 2638/2638/2638
f 2640/2640/2640 2641/2641/2641 2642/2642/2642
f 2641/2641/2641 2643/2643/2643 2642/2642/2642
f 2644/2644/2644 2645/2645/2645 2646/2646/2646
f 2645/2645/2645 2647/2647/2647 2646/2646/2646
f 2648/2648/2648 2649/2649/2649 2650/2650/2650
f 2649/2649/2649 2651/2651/2651 2650/2650/2650
f 2652/2652/2652 2653/2653/2653 2654/2654/2654
f 2653/2653/2653 2655/2655/2655 2654/2654/2654
f 2656/2656/2656 2657/2657/2657 2658/2658/2658
f 2657/2657/2657 2659/2659/2659 2658/2658/2658
f 2660/2660/2660 2661/2661/2661 2662/2662/2662
f 2661/2661/2661 2663/2663/2663 2662/2662/2662
f 2664/2664/2664 2665/2665/2665 2666/2666/2666
f 2665/2665/2665 2667/2667/2667 2666/2666/2666
f 2668/2668/2668 2669/2669/2669 2670/2670/2670
f 2669/2669/2669 2671/2671/2671 2670/2670/2670
f 2672/2672/2672 2673/2673/2673 2674/2674/2674
f 2673/2673/2673 2675/2675/2675 2674/2674/2674
f 2676/2676/2676 2677/2677/2677 2678/2678/2678
f 2677/2677/2677 2679/2679/2679 2678/2678/2678
f 2680/2680/2680 2681/2681/2681 2682/2682/2682
f 2681/2681/2681 2683/2683/2683 2682/2682/2682
f 2684/2684/2684 2685/2685/2685 2686/2686/2686
f 2685/2685/2685 2687/2687/2687 2686/2686/2686
f 2688/2688/2688 2689/2689/2689 2690/2690/2690
f 2689/2689/2689 2691/2691/2691 2690/2690/2690
f 2692/2692/2692 2693/2693/2693 2694/2694/2694
f 2693/2693/2693 2695/2695/2695 2694/2694/2694
f 2696/2696/2696 2697/2697/2697 2698/2698/2698
f 2697/2697/2697 2699/2699/2699 2698/2698/2698
f 2700/2700/2700 2701/2701/2701 2702/2702/2702
f 2701/2701/2701 2703/2703/2703 2702/2702/2702
f 2704/2704/2704 2705/2705/2705 2706/2706/2706
f 2705/2705/2705 2707/2707/2707 2706/2706/2706
f 2708/2708/2708 2709/2709/2709 2710/2710/2710
f 2709/2709/2709 2711/2711/2711 2710/2710/2710
f 2712/2712/2712 2713/2713/2713 2714/2714/2714
f 2713/2713/2713 2715/2715/2715 2714/2714/2714
f 2716/2716/2716 2717/2717/2717 2718/2718/2718
f 2717/2717/2717 2719/2719/2719 2718/2718/2718
f 2720/2720/2720 2721/2721/2721 2722/2722/2722
f 2721/2721/2721 2723/2723/2723 2722/2722/2722
f 2724/2724/2724 2725/2725/2725 2726/2726/2726
f 2725/2725/2725 2727/2727/2727 2726/2726/2726
f 2728/2728/2728 2729/2729/2729 2730/2730/2730
f 2729/2729/2729 2731/2731/2731 2730/2730/2730
f 2732/2732/2732 2733/2733/2733 2734/2734/2734
f 2733/2733/2733 2735/2735/2735 2734/2734/2734
f 2736/2736/2736 2737/2737/2737 2738/2738/2738
f 2737/2737/2737 2739/2739/2739 2738/2738/2738
f 2740/2740/2740 2741/2741/2741 2742/2742/2742
f 2741/2741/2741 2743/2743/2743 2742/2742/2742
f 2744/2744/2744 2745/2745/2745 2746/2746/2746
f 2745/2745/2745 2747/2747/2747 2746/2746/2746
f 2748/2748/2748 2749/2749/2749 2750/2750/2750
f 2749/2749/2749 2751/2751/2751 2750/2750/2750
f 2752/2752/2752 2753/2753/2753 2754/2754/2754
f 2753/2753/2753 2755/2755/2755 2754/2754/2754
f 2756/2756/2756 2757/2757/2757 2758/2758/2758
f 2757/2757/2757 2759/2759/2759 2758/2758/2758
f 2760/2760/2760 2761/2761/2761 2762/2762/2762
f 2761/2761/2761 2763/2763/2763 2762/2762/2762
f 2764/2764/2764 2765/2765/2765 2766/2766/2766
f 2765/2765/2765 2767/2767/2767 2766/2766/2766
f 2768/2768/2768 2769/2769/2769 2770/2770/2770
f 2769/2769/2769 2771/2771/2771 2770/2770/2770
f 2772/2772/2772 2773/2773/2773 2774/2774/2774
f 2773/2773/2773 2775/2775/2775 2774/2774/2774
f 2776/2776/2776 2777/2777/2777 2778/2778/2778
f 2777/2777/2777 2779/2779/2779 2778/2778/2778
f 2780/2780/2780 2781/2781/2781 2782/2782/2782
f 2781/2781/2781 2783/2783/2783 2782/2782/2782
f 2784/2784/2784 2785/2785/2785 2786/2786/2786
f 2785/2785/2785 2787/2787/2787 2786/2786/2786
f 2788/2788/2788 2789/2789/2789 2790/2790/2790
f 2789/2789/2789 2791/2791/2791 2790/2790/2790
f 2790/2790/2790 2791/2791/2791 2792/2792/2792
f 2791/2791/2791 2793/2793/2793 2792/2792/2792
f 2794/2794/2794 2795/2795/2795 2796/2796/2796
f 2795/2795/2795 2797/2797/2797 2796/2796/2796
f 2798/2798/2798 2799/2799/2799 2800/2800/2800
f 2799/2799/2799 2801/2801/2801 2800/2800/2800
f 2800/2800/2800 2801/2801/2801 2802/2802/2802
f 2801/2801/2801 2803/2803/2803 2802/2802/2802
f 2804/2804/2804 2805/2805/2805 2806/2806/2806
f 2805/2805/2805 2807/2807/2807 2806/2806/2806
f 2808/2808/2808 2809/2809/2809 2810/2810/2810
f 2809/2809/2809 2811/2811/2811 2810/2810/2810
f 2812/2812/2812 2813/2813/2813 2814/2814/2814
f 2813/2813/2813 2815/2815/2815 2814/2814/2814
f 2816/2816/2816 2817/2817/2817 2818/2818/2818
f 2817/2817/2817 2819/2819/2819 2818/2818/2818
f 2820/2820/2820 2821/2821/2821 2822/2822/2822
f 2823/2823/2823 2822/2822/2822 2824/2824/2824
f 2824/2824/2824 2822/2822/2822 2825/2825/2825
f 2825/2825/2825 2822/2822/2822 2826/2826/2826
f 2826/2826/2826 2822/2822/2822 2827/2827/2827
f 2822/2822/2822 2821/2821/2821 2827/2827/2827
f 2828/2828/2828 2829/2829/2829 2830/2830/2830
f 2829/2829/2829 2831/2831/2831 2830/2830/2830
f 2832/2832/2832 2833/2833/2833 2834/2834/2834
f 2834/2834/2834 2833/2833/2833 2835/2835/2835
f 2835/2835/2835 2833/2833/2833 2836/2836/2836
f 2833/2833/2833 2837/2837/2837 2836/2836/2836
f 2838/2838/2838 2839/2839/2839 2840/2840/2840
f 2839/2839/2839 2841/2841/2841 2840/2840/2840
f 2842/2842/2842 2843/2843/2843 2844/2844/2844
f 2844/2844/2844 2843/2843/2843 2845/2845/2845
f 2843/2843/2843 2846/2846/2846 2845/2845/2845
f 2846/2846/2846 2847/2847/2847 2845/2845/2845
f 2847/2847/2847 2848/2848/2848 2845/2845/2845
f 2848/2848/2848 2849/2849/2849 2845/2845/2845
f 2850/2850/2850 2851/2851/2851 2852/2852/2852
f 2851/2851/2851 2853/2853/2853 2852/2852/2852
f 2854/2854/2854 2855/2855/2855 2856/2856/2856
f 2856/2856/2856 2855/2855/2855 2857/2857/2857
f 2858/2858/2858 2857/2857/2857 2859/2859/2859
f 2857/2857/2857 2855/2855/2855 2859/2859/2859
f 2860/2860/2860 2861/2861/2861 2862/2862/2862
f 2862/2862/2862 2861/2861/2861 2863/2863/2863
f 2861/2861/2861 2864/2864/2864 2863/2863/2863
f 2864/2864/2864 2865/2865/2865 2863/2863/2863
f 2866/2866/2866 2867/2867/2867 2868/2868/2868
f 2867/2867/2867 2869/2869/2869 2868/2868/2868
f 2870/2870/2870 2871/2871/2871 2872/2872/2872
f 2871/2871/2871 2873/2873/2873 2872/2872/2872
f 2874/2874/2874 2875/2875/2875 2876/2876/2876
f 2875/2875/2875 2877/2877/2877 2876/2876/2876
f 2878/2878/2878 2879/2879/2879 2880/2880/2880
f 2879/2879/2879 2881/2881/2881 2880/2880/2880
f 2882/2882/2882 2883/2883/2883 2884/2884/2884
f 2885/2885/2885 2886/2886/2886 2887/2887/2887
f 2886/2886/2886 2884/2884/2884 2887/2887/2887
f 2884/2884/2884 2883/2883/2883 2887/2887/2887
f 2888/2888/2888 2889/2889/2889 2890/2890/2890
f 2889/2889/2889 2891/2891/2891 2890/2890/2890
f 2892/2892/2892 2893/2893/2893 2894/2894/2894
f 2893/2893/2893 2895/2895/2895 2894/2894/2894
f 2896/2896/2896 2897/2897/2897 2898/2898/2898
f 2897/2897/2897 2899/2899/2899 2898/2898/2898
f 2900/2900/2900 2901/2901/2901 2902/2902/2902
f 2901/2901/2901 2903/2903/2903 2902/2902/2902
f 2904/2904/2904 2905/2905/2905 2906/2906/2906
f 2905/2905/2905 2907/2907/2907 2906/2906/2906
f 2908/2908/2908 2909/2909/2909 2910/2910/2910
f 2909/2909/2909 2911/2911/2911 2910/2910/2910
f 2912/2912/2912 2913/2913/2913 2914/2914/2914
f 2913/2913/2913 2915/2915/2915 2914/2914/2914
f 2916/2916/2916 2917/2917/2917 2918/2918/2918
f 2917/2917/2917 2919/2919/2919 2918/2918/2918
f 2920/2920/2920 2921/2921/2921 2922/2922/2922
f 2923/2923/2923 2922/2922/2922 2924/2924/2924
f 2924/2924/2924 2922/2922/2922 2925/2925/2925
f 2922/2922/2922 2921/2921/2921 2925/2925/2925
f 2926/2926/2926 2927/2927/2927 2928/2928/2928
f 2927/2927/2927 2929/2929/2929 2928/2928/2928
f 2930/2930/2930 2931/2931/2931 2932/2932/2932
f 2931/2931/2931 2933/2933/2933 2932/2932/2932
f 2934/2934/2934 2935/2935/2935 2936/2936/2936
f 2935/2935/2935 2937/2937/2937 2936/2936/2936
f 2938/2938/2938 2939/2939/2939 2940/2940/2940
f 2941/2941/2941 2940/2940/2940 2942/2942/2942
f 2942/2942/2942 2940/2940/2940 2943/2943/2943
f 2940/2940/2940 2939/2939/2939 2943/2943/2943
f 2944/2944/2944 2945/2945/2945 2946/2946/2946
f 2945/2945/2945 2947/2947/2947 2946/2946/2946
f 2948/2948/2948 2949/2949/2949 2950/2950/2950
f 2949/2949/2949 2951/2951/2951 2950/2950/2950
f 2952/2952/2952 2953/2953/2953 2954/2954/2954
f 2953/2953/2953 2955/2955/2955 2954/2954/2954
f 2956/2956/2956 2957/2957/2957 2958/2958/2958
f 2958/2958/2958 2957/2957/2957 2959/2959/2959
f 2959/2959/2959 2957/2957/2957 2960/2960/2960
f 2961/2961/2961 2960/2960/2960 2962/2962/2962
f 2963/2963/2963 2962/2962/2962 2964/2964/2964
f 2964/2964/2964 2962/2962/2962 2965/2965/2965
f 2965/2965/2965 2962/2962/2962 2966/2966/2966
f 2962/2962/2962 2960/2960/2960 2966/2966/2966
f 2960/2960/2960 2957/2957/2957 2966/2966/2966
f 2967/2967/2967 2966/2966/2966 2968/2968/2968
f 2966/2966/2966 2957/2957/2957 2968/2968/2968
f 2957/2957/2957 2969/2969/2969 2968/2968/2968
f 2970/2970/2970 2971/2971/2971 2972/2972/2972
f 2972/2972/2972 2971/2971/2971 2973/2973/2973
f 2973/2973/2973 2971/2971/2971 2974/2974/2974
f 2975/2975/2975 2976/2976/2976 2977/2977/2977
f 2977/2977/2977 2976/2976/2976 2978/2978/2978
f 2976/2976/2976 2974/2974/2974 2978/2978/2978
f 2979/2979/2979 2978/2978/2978 2980/2980/2980
f 2978/2978/2978 2974/2974/2974 2980/2980/2980
f 2974/2974/2974 2971/2971/2971 2980/2980/2980
f 2981/2981/2981 2980/2980/2980 2982/2982/2982
f 2980/2980/2980 2971/2971/2971 2982/2982/2982
f 2971/2971/2971 2983/2983/2983 2982/2982/2982
f 2984/2984/2984 2985/2985/2985 2986/2986/2986
f 2985/2985/2985 2987/2987/2987 2986/2986/2986
f 2988/2988/2988 2989/2989/2989 2990/2990/2990
f 2989/2989/2989 2991/2991/2991 2990/2990/2990
f 2992/2992/2992 2993/2993/2993 2994/2994/2994
f 2993/2993/2993 2995/2995/2995 2994/2994/2994
f 2996/2996/2996 2997/2997/2997 2998/2998/2998
f 2997/2997/2997 2999/2999/2999 2998/2998/2998
f 3000/3000/3000 3001/3001/3001 3002/3002/3002
f 3001/3001/3001 3003/3003/3003 3002/3002/3002
f 3004/3004/3004 3005/3005/3005 3006/3006/3006
f 3005/3005/3005 3007/3007/3007 3006/3006/3006
f 3008/3008/3008 3009/3009/3009 3010/3010/3010
f 3011/3011/3011 3012/3012/3012 3013/3013/3013
f 3012/3012/3012 3010/3010/3010 3013/3013/3013
f 3010/3010/3010 3009/3009/3009 3013/3013/3013
f 3014/3014/3014 3015/3015/3015 3016/3016/3016
f 3015/3015/3015 3017/3017/3017 3016/3016/3016
f 3018/3018/3018 3019/3019/3019 3020/3020/3020
f 3019/3019/3019 3021/3021/3021 3020/3020/3020
f 3020/3020/3020 3021/3021/3021 3022/3022/3022
f 3021/3021/3021 3023/3023/3023 3022/3022/3022
f 3024/3024/3024 3025/3025/3025 3026/3026/3026
f 3025/3025/3025 3027/3027/3027 3026/3026/3026
f 3028/3028/3028 3029/3029/3029 3030/3030/3030
f 3029/3029/3029 3031/3031/3031 3030/3030/3030
f 3032/3032/3032 3033/3033/3033 3034/3034/3034
f 3033/3033/3033 3035/3035/3035 3034/3034/3034
f 3034/3034/3034 3035/3035/3035 3036/3036/3036
f 3035/3035/3035 3037/3037/3037 3036/3036/3036
f 3038/3038/3038 3039/3039/3039 3040/3040/3040
f 3039/3039/3039 3041/3041/3041 3040/3040/3040
f 3042/3042/3042 3043/3043/3043 3044/3044/3044
f 3043/3043/3043 3045/3045/3045 3044/3044/3044
f 3046/3046/3046 3047/3047/3047 3048/3048/3048
f 3047/3047/3047 3049/3049/3049 3048/3048/3048
f 3050/3050/3050 3051/3051/3051 3052/3052/3052
f 3053/3053/3053 3054/3054/3054 3055/3055/3055
f 3054/3054/3054 3056/3056/3056 3055/3055/3055
f 3055/3055/3055 3056/3056/3056 3057/3057/3057
f 3056/3056/3056 3058/3058/3058 3057/3057/3057
f 3057/3057/3057 3058/3058/3058 3059/3059/3059
f 3058/3058/3058 3052/3052/3052 3059/3059/3059
f 3052/3052/3052 3051/3051/3051 3059/3059/3059
v -0.1242097 0.0193855 -0.3925449
v -0.1242097 0.0187440 -0.3909702
v -0.1826496 0.0193855 -0.3925449
v -0.1826496 0.0187440 -0.3909702
v -0.1242097 0.9742533 -0.3909702
v -0.1242097 0.9736117 -0.3925449
v -0.1826496 0.9742533 -0.3909702
v -0.1826496 0.9736117 -0.3925449
v -0.1242097 0.9736117 -0.3925449
v -0.1242097 0.9720370 -0.3931865
v -0.1826496 0.9736117 -0.3925449
v -0.1826496 0.9720370 -0.3931865
v -0.1241514 0.9742533 0.2623082
v -0.1242097 0.9742533 -0.3909702
v -0.1253762 0.9742533 0.2700069
v -0.1287006 0.9742533 0.2758975
v -0.1333082 0.9742533 0.2805633
v -0.1386156 0.9742533 0.2838878
v -0.1443313 0.9742533 0.2858125
v -0.1503385 0.9742533 0.2865123
v -0.1565208 0.9742533 0.2865123
v -0.1624698 0.9742533 0.2858125
v -0.1681855 0.9742533 0.2838878
v -0.1735512 0.9742533 0.2805633
v -0.1781587 0.9742533 0.2758975
v -0.1814831 0.9742533 0.2700069
v -0.1827079 0.9742533 0.2623082
v -0.1826496 0.9742533 -0.3909702
v -0.1826496 0.9720370 -0.3931865
v -0.1242097 0.9720370 -0.3931865
v -0.1826496 0.0209602 -0.3931865
v -0.1826496 0.0193855 -0.3925449
v -0.1242097 0.0193855 -0.3925449
v -0.1242097 0.0209602 -0.3931865
v -0.1814831 0.0187440 0.2700069
v -0.1827079 0.0187440 0.2623082
v -0.1781587 0.0187440 0.2758975
v -0.1735512 0.0187440 0.2805633
v -0.1681855 0.0187440 0.2838878
v -0.1624698 0.0187440 0.2858125
v -0.1565208 0.0187440 0.2865123
v -0.1503385 0.0187440 0.2865123
v -0.1443313 0.0187440 0.2858125
v -0.1386156 0.0187440 0.2838878
v -0.1333082 0.0187440 0.2805633
v -0.1287006 0.0187440 0.2758975
v -0.1253762 0.0187440 0.2700069
v -0.1241514 0.0187440 0.2623082
v -0.1242097 0.0187440 -0.3909702
v -0.1826496 0.0187440 -0.3909702
vt 0.7752998 0.7549985
vt 0.7752998 0.7525618
vt 0.7393181 0.7549985
vt 0.7393181 0.7525618
vt 0.7031741 0.7525618
vt 0.7031741 0.7549985
vt 0.7391557 0.7525618
vt 0.7391557 0.7549985
vt 0.7030928 0.9989101
vt 0.7030928 0.9964734
vt 0.6670300 0.9989101
vt 0.6670300 0.9964734
vt 0.7030928 0.0278934
vt 0.7031741 0.7525618
vt 0.7039051 0.0193651
vt 0.7059356 0.0127860
vt 0.7087784 0.0076690
vt 0.7120273 0.0040139
vt 0.7156011 0.0018210
vt 0.7192561 0.0010899
vt 0.7230736 0.0010899
vt 0.7267286 0.0018210
vt 0.7303024 0.0040139
vt 0.7335513 0.0076690
vt 0.7363941 0.0127860
vt 0.7384247 0.0193651
vt 0.7392369 0.0278934
vt 0.7391557 0.7525618
vt 0.6670300 0.9964734
vt 0.7030928 0.9964734
vt 0.6670300 0.0035266
vt 0.6670300 0.0010899
vt 0.7030928 0.0010899
vt 0.7030928 0.0035266
vt 0.7400491 0.0193651
vt 0.7392369 0.0278934
vt 0.7420797 0.0127860
vt 0.7449225 0.0076690
vt 0.7481714 0.0040139
vt 0.7517452 0.0018210
vt 0.7554002 0.0010899
vt 0.7592177 0.0010899
vt 0.7628727 0.0018210
vt 0.7664465 0.0040139
vt 0.7696954 0.0076690
vt 0.7725382 0.0127860
vt 0.7745688 0.0193651
vt 0.7753810 0.0278934
vt 0.7752998 0.7525618
vt 0.7393181 0.7525618
vn 0.0000000 -0.7057216 -0.7084892
vn 0.0000000 -0.9999981 -0.0019608
vn 0.0000000 -0.7057216 -0.7084892
vn 0.0000000 -0.9999981 -0.0019608
vn 0.0000000 0.9999981 -0.0019608
vn 0.0000000 0.7084892 -0.7057216
vn 0.0000000 0.9999981 -0.0019608
vn 0.0000000 0.7084892 -0.7057216
vn 0.0000000 0.7084892 -0.7057216
vn 0.0000000 0.0000000 -1.0000000
vn 0.0000000 0.7084892 -0.7057216
vn 0.0000000 0.0000000 -1.0000000
vn 0.0000000 1.0000000 0.0000000
vn 0.0000000 0.9999981 -0.0019608
vn 0.0000000 1.0000000 0.0000000
vn 0.0000000 1.0000000 0.0000000
vn 0.0000000 1.0000000 0.0000000
vn 0.0000000 1.0000000 0.0000000
vn 0.0000000 1.0000000 0.0000000
vn 0.0000000 1.0000000 0.0000000
vn 0.0000000 1.0000000 0.0000000
vn 0.0000000 1.0000000 0.0000000
vn 0.0000000 1.0000000 0.0000000
vn 0.0000000 1.0000000 0.0000000
vn 0.0000000 1.0000000 0.0000000
vn 0.0000000 1.0000000 0.0000000
vn 0.0000000 1.0000000 0.0000000
vn 0.0000000 0.9999981 -0.0019608
vn 0.0000000 0.0000000 -1.0000000
vn 0.0000000 0.0000000 -1.0000000
vn 0.0000000 0.0000000 -1.0000000
vn 0.0000000 -0.7057216 -0.7084892
vn 0.0000000 -0.7057216 -0.7084892
vn 0.0000000 0.0000000 -1.0000000
vn 0.0000000 -1.0000000 0.0000000
vn 0.0000000 -1.0000000 0.0000000
vn 0.0000000 -1.0000000 0.0000000
vn 0.0000000 -1.0000000 0.0000000
vn 0.0000000 -1.0000000 0.0000000
vn 0.0000000 -1.0000000 0.0000000
vn 0.0000000 -1.0000000 0.0000000
vn 0.0000000 -1.0000000 0.0000000
vn 0.0000000 -1.0000000 0.0000000
vn 0.0000000 -1.0000000 0.0000000
vn 0.0000000 -1.0000000 0.0000000
vn 0.0000000 -1.0000000 0.0000000
vn 0.0000000 -1.0000000 0.0000000
vn 0.0000000 -1.0000000 0.0000000
vn 0.0000000 -1.0000000 0.0000000
vn 0.0000000 -1.0000000 0.0000000
f 3060/3060/3060 3061/3061/3061 3062/3062/3062
f 3061/3061/3061 3063/3063/3063 3062/3062/3062
f 3064/3064/3064 3065/3065/3065 3066/3066/3066
f 3065/3065/3065 3067/3067/3067 3066/3066/3066
f 3068/3068/3068 3069/3069/3069 3070/3070/3070
f 3069/3069/3069 3071/3071/3071 3070/3070/3070
f 3072/3072/3072 3073/3073/3073 3074/3074/3074
f 3075/3075/3075 3074/3074/3074 3076/3076/3076
f 3074/3074/3074 3073/3073/3073 3076/3076/3076
f 3077/3077/3077 3076/3076/3076 3078/3078/3078
f 3079/3079/3079 3078/3078/3078 3080/3080/3080
f 3078/3078/3078 3076/3076/3076 3080/3080/3080
f 3076/3076/3076 3073/3073/3073 3080/3080/3080
f 3081/3081/3081 3080/3080/3080 3082/3082/3082
f 3083/3083/3083 3082/3082/3082 3084/3084/3084
f 3082/3082/3082 3080/3080/3080 3084/3084/3084
f 3080/3080/3080 3073/3073/3073 3084/3084/3084
f 3085/3085/3085 3084/3084/3084 3086/3086/3086
f 3084/3084/3084 3073/3073/3073 3086/3086/3086
f 3073/3073/3073 3087/3087/3087 3086/3086/3086
f 3088/3088/3088 3089/3089/3089 3090/3090/3090
f 3091/3091/3091 3090/3090/3090 3092/3092/3092
f 3092/3092/3092 3090/3090/3090 3093/3093/3093
f 3090/3090/3090 3089/3089/3089 3093/3093/3093
f 3094/3094/3094 3095/3095/3095 3096/3096/3096
f 3097/3097/3097 3096/3096/3096 3098/3098/3098
f 3096/3096/3096 3095/3095/3095 3098/3098/3098
f 3099/3099/3099 3098/3098/3098 3100/3100/3100
f 3101/3101/3101 3100/3100/3100 3102/3102/3102
f 3100/3100/3100 3098/3098/3098 3102/3102/3102
f 3098/3098/3098 3095/3095/3095 3102/3102/3102
f 3103/3103/3103 3102/3102/3102 3104/3104/3104
f 3105/3105/3105 3104/3104/3104 3106/3106/3106
f 3104/3104/3104 3102/3102/3102 3106/3106/3106
f 3102/3102/3102 3095/3095/3095 3106/3106/3106
f 3107/3107/3107 3106/3106/3106 3108/3108/3108
f 3106/3106/3106 3095/3095/3095 3108/3108/3108
f 3095/3095/3095 3109/3109/3109 3108/3108/3108
v 0.0010386 0.0029722 0.3700131
v 0.0001897 0.0008784 0.3699000
v 0.0010386 0.0029722 -0.2861279
v 0.0001897 0.0008784 -0.2864109
v 0.0010386 0.9258705 -0.2861279
v 0.0001897 0.9279642 -0.2864109
v 0.0010386 0.9258705 0.3700131
v 0.0001897 0.9279642 0.3699000
v -0.1114023 0.0029722 -0.2861279
v -0.1104969 0.0008784 -0.2864109
v -0.1114023 0.0029722 0.3700131
v -0.1104969 0.0008784 0.3699000
v -0.1114023 0.9258705 0.3700131
v -0.1104969 0.9279642 0.3699000
v -0.1114023 0.9258705 -0.2861279
v -0.1104969 0.9279642 -0.2864109
v 0.0001897 0.9279642 -0.2864109
v 0.0010386 0.9258705 -0.2861279
v 0.0001897 0.9270022 -0.2898062
v 0.0010386 0.9251348 -0.2887310
v -0.1104969 0.0008784 -0.2864109
v -0.1114023 0.0029722 -0.2861279
v -0.1104969 0.0018404 -0.2898062
v -0.1114023 0.0037078 -0.2887310
v -0.1104969 0.9246255 -0.2921829
v -0.1114023 0.9235503 -0.2903155
v -0.1104969 0.9270022 -0.2898062
v -0.1114023 0.9251348 -0.2887310
v -0.1104969 0.9270022 -0.2898062
v -0.1114023 0.9251348 -0.2887310
v -0.1104969 0.9279642 -0.2864109
v -0.1114023 0.9258705 -0.2861279
v 0.0001897 0.0018404 -0.2898062
v 0.0010386 0.0037078 -0.2887310
v 0.0001897 0.0008784 -0.2864109
v 0.0010386 0.0029722 -0.2861279
v 0.0001897 0.0076124 -0.2931449
v 0.0010386 0.0078953 -0.2910511
v 0.0001897 0.0042171 -0.2921829
v 0.0010386 0.0052923 -0.2903155
v -0.0605295 0.9279642 0.3997786
v -0.0605861 0.9258705 0.4006840
v -0.0498343 0.9279642 0.3997786
v -0.0497777 0.9258705 0.4006840
v -0.0498343 0.0008784 0.3997786
v -0.0497777 0.0029722 0.4006840
v -0.0605295 0.0008784 0.3997786
v -0.0605861 0.0029722 0.4006840
v -0.0391391 0.0008784 0.3990430
v -0.0390259 0.0029722 0.3998918
v -0.0498343 0.0008784 0.3997786
v -0.0497777 0.0029722 0.4006840
v -0.0498343 0.9279642 0.3997786
v -0.0497777 0.9258705 0.4006840
v -0.0391391 0.9279642 0.3990430
v -0.0390259 0.9258705 0.3998918
v -0.0287269 0.0008784 0.3968926
v -0.0284439 0.0029722 0.3977414
v -0.0391391 0.0008784 0.3990430
v -0.0390259 0.0029722 0.3998918
v -0.0391391 0.9279642 0.3990430
v -0.0390259 0.9258705 0.3998918
v -0.0287269 0.9279642 0.3968926
v -0.0284439 0.9258705 0.3977414
v -0.0187107 0.0008784 0.3931578
v -0.0183146 0.0029722 0.3939500
v -0.0287269 0.0008784 0.3968926
v -0.0284439 0.0029722 0.3977414
v -0.0287269 0.9279642 0.3968926
v -0.0284439 0.9258705 0.3977414
v -0.0187107 0.9279642 0.3931578
v -0.0183146 0.9258705 0.3939500
v -0.0097698 0.0008784 0.3876121
v -0.0092039 0.0029722 0.3882912
v -0.0187107 0.0008784 0.3931578
v -0.0183146 0.0029722 0.3939500
v -0.0187107 0.9279642 0.3931578
v -0.0183146 0.9258705 0.3939500
v -0.0097698 0.9279642 0.3876121
v -0.0092039 0.9258705 0.3882912
v -0.0026963 0.0008784 0.3798595
v -0.0019040 0.0029722 0.3803123
v -0.0097698 0.0008784 0.3876121
v -0.0092039 0.0029722 0.3882912
v -0.0097698 0.9279642 0.3876121
v -0.0092039 0.9258705 0.3882912
v -0.0026963 0.9279642 0.3798595
v -0.0019040 0.9258705 0.3803123
v 0.0001897 0.0008784 0.3699000
v 0.0010386 0.0029722 0.3700131
v -0.0026963 0.0008784 0.3798595
v -0.0019040 0.0029722 0.3803123
v -0.0026963 0.9279642 0.3798595
v -0.0019040 0.9258705 0.3803123
v 0.0001897 0.9279642 0.3699000
v 0.0010386 0.9258705 0.3700131
v -0.1076675 0.0008784 0.3798595
v -0.1084598 0.0029722 0.3803123
v -0.1104969 0.0008784 0.3699000
v -0.1114023 0.0029722 0.3700131
v -0.1104969 0.9279642 0.3699000
v -0.1114023 0.9258705 0.3700131
v -0.1076675 0.9279642 0.3798595
v -0.1084598 0.9258705 0.3803123
v -0.1005940 0.0008784 0.3876121
v -0.1011599 0.0029722 0.3882912
v -0.1076675 0.0008784 0.3798595
v -0.1084598 0.0029722 0.3803123
v -0.1076675 0.9279642 0.3798595
v -0.1084598 0.9258705 0.3803123
v -0.1005940 0.9279642 0.3876121
v -0.1011599 0.9258705 0.3882912
v -0.0915964 0.0008784 0.3931578
v -0.0919926 0.0029722 0.3939500
v -0.1005940 0.0008784 0.3876121
v -0.1011599 0.0029722 0.3882912
v -0.1005940 0.9279642 0.3876121
v -0.1011599 0.9258705 0.3882912
v -0.0915964 0.9279642 0.3931578
v -0.0919926 0.9258705 0.3939500
v -0.0816369 0.0008784 0.3968926
v -0.0818633 0.0029722 0.3977414
v -0.0915964 0.0008784 0.3931578
v -0.0919926 0.0029722 0.3939500
v -0.0915964 0.9279642 0.3931578
v -0.0919926 0.9258705 0.3939500
v -0.0816369 0.9279642 0.3968926
v -0.0818633 0.9258705 0.3977414
v -0.0712247 0.0008784 0.3990430
v -0.0713378 0.0029722 0.3998918
v -0.0816369 0.0008784 0.3968926
v -0.0818633 0.0029722 0.3977414
v -0.0816369 0.9279642 0.3968926
v -0.0818633 0.9258705 0.3977414
v -0.0712247 0.9279642 0.3990430
v -0.0713378 0.9258705 0.3998918
v -0.0605295 0.0008784 0.3997786
v -0.0605861 0.0029722 0.4006840
v -0.0712247 0.0008784 0.3990430
v -0.0713378 0.0029722 0.3998918
v -0.0712247 0.9279642 0.3990430
v -0.0713378 0.9258705 0.3998918
v -0.0605295 0.9279642 0.3997786
v -0.0605861 0.9258705 0.4006840
v -0.1084598 0.0029722 0.3803123
v -0.1084598 0.9258705 0.3803123
v -0.1114023 0.0029722 0.3700131
v -0.1114023 0.9258705 0.3700131
v -0.0284439 0.0029722 0.3977414
v -0.0284439 0.9258705 0.3977414
v -0.0390259 0.0029722 0.3998918
v -0.0390259 0.9258705 0.3998918
v -0.0183146 0.0029722 0.3939500
v -0.0183146 0.9258705 0.3939500
v -0.0284439 0.0029722 0.3977414
v -0.0284439 0.9258705 0.3977414
v -0.0919926 0.0029722 0.3939500
v -0.0919926 0.9258705 0.3939500
v -0.1011599 0.0029722 0.3882912
v -0.1084598 0.9258705 0.3803123
v -0.1084598 0.0029722 0.3803123
v -0.1011599 0.9258705 0.3882912
v -0.0818633 0.0029722 0.3977414
v -0.0818633 0.9258705 0.3977414
v -0.0919926 0.0029722 0.3939500
v -0.0919926 0.9258705 0.3939500
v 0.0010386 0.0029722 0.3700131
v 0.0010386 0.9258705 0.3700131
v -0.0019040 0.0029722 0.3803123
v -0.0019040 0.9258705 0.3803123
v -0.0019040 0.0029722 0.3803123
v -0.0019040 0.9258705 0.3803123
v -0.0092039 0.0029722 0.3882912
v -0.0183146 0.9258705 0.3939500
v -0.0183146 0.0029722 0.3939500
v -0.0092039 0.9258705 0.3882912
v 0.0001897 0.9270022 -0.2898062
v 0.0010386 0.9251348 -0.2887310
v 0.0001897 0.9246255 -0.2921829
v 0.0010386 0.9235503 -0.2903155
v 0.0010386 0.9258705 -0.2861279
v 0.0001897 0.9246255 -0.2921829
v 0.0001897 0.9212302 -0.2931449
v 0.0010386 0.9209472 -0.2910511
v 0.0001897 0.9212302 -0.2931449
v 0.0001897 0.0076124 -0.2931449
v 0.0010386 0.0078953 -0.2910511
v 0.0001897 0.0042171 -0.2921829
v 0.0010386 0.0052923 -0.2903155
v 0.0001897 0.0018404 -0.2898062
v 0.0010386 0.0037078 -0.2887310
v 0.0010386 0.0029722 -0.2861279
v 0.0010386 0.0029722 0.3700131
v 0.0010386 0.9258705 0.3700131
v -0.0818633 0.9258705 0.3977414
v -0.0818633 0.0029722 0.3977414
v -0.0713378 0.9258705 0.3998918
v -0.0713378 0.0029722 0.3998918
v -0.0605861 0.9258705 0.4006840
v -0.0605861 0.0029722 0.4006840
v -0.0497777 0.9258705 0.4006840
v -0.0390259 0.0029722 0.3998918
v -0.0390259 0.9258705 0.3998918
v -0.0497777 0.0029722 0.4006840
v -0.1114023 0.0029722 -0.2861279
v -0.1114023 0.0029722 0.3700131
v -0.1114023 0.0037078 -0.2887310
v -0.1104969 0.0018404 -0.2898062
v -0.1104969 0.0042171 -0.2921829
v -0.1114023 0.0052923 -0.2903155
v -0.1104969 0.0042171 -0.2921829
v -0.1104969 0.0076124 -0.2931449
v -0.1114023 0.0078953 -0.2910511
v -0.1104969 0.0076124 -0.2931449
v -0.1104969 0.9212302 -0.2931449
v -0.1114023 0.9209472 -0.2910511
v -0.1104969 0.9212302 -0.2931449
v -0.1104969 0.9246255 -0.2921829
v -0.1114023 0.9235503 -0.2903155
v -0.1114023 0.9251348 -0.2887310
v -0.1114023 0.9258705 -0.2861279
v -0.1114023 0.9258705 0.3700131
vt 0.2567759 0.0811187
vt 0.2567759 0.0804837
vt 0.3057270 0.0810393
vt 0.3057800 0.0804837
vt 0.3057270 0.2775847
vt 0.3057800 0.2781404
vt 0.2567759 0.2775053
vt 0.2567759 0.2781404
vt 0.1982992 0.0810393
vt 0.1982198 0.0804837
vt 0.2515633 0.0811187
vt 0.2515633 0.0804837
vt 0.2515633 0.2775053
vt 0.2515633 0.2781404
vt 0.1982992 0.2775847
vt 0.1982198 0.2781404
vt 0.3058064 0.2781404
vt 0.3057270 0.2775847
vt 0.3059652 0.2779816
vt 0.3058593 0.2775053
vt 0.1981933 0.0804837
vt 0.1982992 0.0810393
vt 0.1980346 0.0805631
vt 0.1981404 0.0811187
vt 0.1978758 0.2776641
vt 0.1980610 0.2772672
vt 0.1980081 0.2779816
vt 0.1981404 0.2775053
vt 0.1980346 0.2779816
vt 0.1981404 0.2775053
vt 0.1981933 0.2781404
vt 0.1982992 0.2775847
vt 0.3059652 0.0805631
vt 0.3058593 0.0811187
vt 0.3058064 0.0804837
vt 0.3057270 0.0810393
vt 0.3061769 0.0814363
vt 0.3059916 0.0817537
vt 0.3061239 0.0810393
vt 0.3059652 0.0812775
vt 0.2539712 0.2781404
vt 0.2539712 0.2775053
vt 0.2543681 0.2781404
vt 0.2543681 0.2775053
vt 0.2543681 0.0804837
vt 0.2543681 0.0811187
vt 0.2539712 0.0804837
vt 0.2539712 0.0811187
vt 0.2547650 0.0804837
vt 0.2547650 0.0811187
vt 0.2543681 0.0804837
vt 0.2543681 0.0811187
vt 0.2543681 0.2781404
vt 0.2543681 0.2775053
vt 0.2547650 0.2781404
vt 0.2547650 0.2775053
vt 0.2551619 0.0804837
vt 0.2551619 0.0811187
vt 0.2547650 0.0804837
vt 0.2547650 0.0811187
vt 0.2547650 0.2781404
vt 0.2547650 0.2775053
vt 0.2551619 0.2781404
vt 0.2551619 0.2775053
vt 0.2555588 0.0804837
vt 0.2555588 0.0811187
vt 0.2551619 0.0804837
vt 0.2551619 0.0811187
vt 0.2551619 0.2781404
vt 0.2551619 0.2775053
vt 0.2555588 0.2781404
vt 0.2555588 0.2775053
vt 0.2559557 0.0804837
vt 0.2559557 0.0811187
vt 0.2555588 0.0804837
vt 0.2555588 0.0811187
vt 0.2555588 0.2781404
vt 0.2555588 0.2775053
vt 0.2559557 0.2781404
vt 0.2559557 0.2775053
vt 0.2563526 0.0804837
vt 0.2563790 0.0811187
vt 0.2559821 0.0804837
vt 0.2559557 0.0811187
vt 0.2559821 0.2781404
vt 0.2559557 0.2775053
vt 0.2563526 0.2781404
vt 0.2563790 0.2775053
vt 0.2567495 0.0804837
vt 0.2567759 0.0811187
vt 0.2563790 0.0804837
vt 0.2563790 0.0811187
vt 0.2563790 0.2781404
vt 0.2563790 0.2775053
vt 0.2567495 0.2781404
vt 0.2567759 0.2775053
vt 0.2519602 0.0804837
vt 0.2519602 0.0811187
vt 0.2515633 0.0804837
vt 0.2515633 0.0811187
vt 0.2515633 0.2781404
vt 0.2515633 0.2775053
vt 0.2519602 0.2781404
vt 0.2519602 0.2775053
vt 0.2523571 0.0804837
vt 0.2523571 0.0811187
vt 0.2519602 0.0804837
vt 0.2519602 0.0811187
vt 0.2519602 0.2781404
vt 0.2519602 0.2775053
vt 0.2523571 0.2781404
vt 0.2523571 0.2775053
vt 0.2527540 0.0804837
vt 0.2527540 0.0811187
vt 0.2523571 0.0804837
vt 0.2523571 0.0811187
vt 0.2523571 0.2781404
vt 0.2523571 0.2775053
vt 0.2527540 0.2781404
vt 0.2527540 0.2775053
vt 0.2531509 0.0804837
vt 0.2531509 0.0811187
vt 0.2527540 0.0804837
vt 0.2527540 0.0811187
vt 0.2527540 0.2781404
vt 0.2527540 0.2775053
vt 0.2531509 0.2781404
vt 0.2531509 0.2775053
vt 0.2535743 0.0804837
vt 0.2535743 0.0811187
vt 0.2531774 0.0804837
vt 0.2531509 0.0811187
vt 0.2531774 0.2781404
vt 0.2531509 0.2775053
vt 0.2535743 0.2781404
vt 0.2535743 0.2775053
vt 0.2539712 0.0804837
vt 0.2539712 0.0811187
vt 0.2535743 0.0804837
vt 0.2535743 0.0811187
vt 0.2535743 0.2781404
vt 0.2535743 0.2775053
vt 0.2539712 0.2781404
vt 0.2539712 0.2775053
vt 0.2519602 0.0811187
vt 0.2519602 0.2775053
vt 0.2515633 0.0811187
vt 0.2515633 0.2775053
vt 0.2551619 0.0811187
vt 0.2551619 0.2775053
vt 0.2547650 0.0811187
vt 0.2547650 0.2775053
vt 0.2555588 0.0811187
vt 0.2555588 0.2775053
vt 0.2551619 0.0811187
vt 0.2551619 0.2775053
vt 0.2527540 0.0811187
vt 0.2527540 0.2775053
vt 0.2523571 0.0811187
vt 0.2519602 0.2775053
vt 0.2519602 0.0811187
vt 0.2523571 0.2775053
vt 0.2531509 0.0811187
vt 0.2531509 0.2775053
vt 0.2527540 0.0811187
vt 0.2527540 0.2775053
vt 0.2567759 0.0811187
vt 0.2567759 0.2775053
vt 0.2563790 0.0811187
vt 0.2563790 0.2775053
vt 0.2563790 0.0811187
vt 0.2563790 0.2775053
vt 0.2559557 0.0811187
vt 0.2555588 0.2775053
vt 0.2555588 0.0811187
vt 0.2559557 0.2775053
vt 0.3059916 0.2779816
vt 0.3058593 0.2775053
vt 0.3061239 0.2776641
vt 0.3059652 0.2772672
vt 0.3057270 0.2775847
vt 0.3061239 0.2775847
vt 0.3061769 0.2771084
vt 0.3059916 0.2768703
vt 0.3061769 0.2771084
vt 0.3061769 0.0815156
vt 0.3059916 0.0817537
vt 0.3061239 0.0809600
vt 0.3059652 0.0812775
vt 0.3059916 0.0806424
vt 0.3058593 0.0811187
vt 0.3057270 0.0810393
vt 0.2567759 0.0811187
vt 0.2567759 0.2775053
vt 0.2531509 0.2775053
vt 0.2531509 0.0811187
vt 0.2535743 0.2775053
vt 0.2535743 0.0811187
vt 0.2539712 0.2775053
vt 0.2539712 0.0811187
vt 0.2543681 0.2775053
vt 0.2547650 0.0811187
vt 0.2547650 0.2775053
vt 0.2543681 0.0811187
vt 0.1982992 0.0810393
vt 0.2515633 0.0811187
vt 0.1981404 0.0811187
vt 0.1980081 0.0806424
vt 0.1978758 0.0809600
vt 0.1980610 0.0812775
vt 0.1978758 0.0810393
vt 0.1978229 0.0814363
vt 0.1980346 0.0817537
vt 0.1978229 0.0815156
vt 0.1978229 0.2771084
vt 0.1980346 0.2768703
vt 0.1978229 0.2771084
vt 0.1978758 0.2775847
vt 0.1980610 0.2772672
vt 0.1981404 0.2775053
vt 0.1982992 0.2775847
vt 0.2515633 0.2775053
vn 0.9999903 -0.0019685 0.0039370
vn 0.7071041 -0.7071041 0.0027729
vn 0.9999981 -0.0019608 0.0000000
vn 0.7071041 -0.7071041 -0.0027729
vn 0.9999981 0.0019608 0.0000000
vn 0.7071041 0.7071041 -0.0027729
vn 0.9999903 0.0019685 0.0039370
vn 0.7071041 0.7071041 0.0027729
vn -0.9999981 -0.0019608 0.0000000
vn -0.7071041 -0.7071041 -0.0027729
vn -0.9999903 -0.0019685 0.0039370
vn -0.7071041 -0.7071041 0.0027729
vn -0.9999903 0.0019685 0.0039370
vn -0.7071041 0.7071041 0.0027729
vn -0.9999981 0.0019608 0.0000000
vn -0.7071041 0.7071041 -0.0027729
vn 0.7071041 0.7071041 -0.0027729
vn 0.9999981 0.0019608 0.0000000
vn 0.6898012 0.6273906 -0.3613245
vn 1.0000000 0.0000000 0.0000000
vn -0.7071041 -0.7071041 -0.0027729
vn -0.9999981 -0.0019608 0.0000000
vn -0.6898012 -0.6273906 -0.3613245
vn -1.0000000 0.0000000 0.0000000
vn -0.6898012 0.3613245 -0.6273906
vn -1.0000000 0.0000000 0.0000000
vn -0.6898012 0.6273906 -0.3613245
vn -1.0000000 0.0000000 0.0000000
vn -0.6898012 0.6273906 -0.3613245
vn -1.0000000 0.0000000 0.0000000
vn -0.7071041 0.7071041 -0.0027729
vn -0.9999981 0.0019608 0.0000000
vn 0.6898012 -0.6273906 -0.3613245
vn 1.0000000 0.0000000 0.0000000
vn 0.7071041 -0.7071041 -0.0027729
vn 0.9999981 -0.0019608 0.0000000
vn 0.7057216 0.0000000 -0.7084892
vn 0.9999981 0.0000000 -0.0019608
vn 0.6898012 -0.3613245 -0.6273906
vn 1.0000000 0.0000000 0.0000000
vn -0.0253460 0.7040578 0.7096902
vn -0.0364868 0.0000000 0.9993341
vn 0.0253460 0.7040578 0.7096902
vn 0.0364868 0.0000000 0.9993341
vn 0.0253461 -0.7040577 0.7096903
vn 0.0364868 0.0000000 0.9993341
vn -0.0253460 -0.7040578 0.7096902
vn -0.0364868 0.0000000 0.9993341
vn 0.0971711 -0.7066989 0.7008098
vn 0.1367867 0.0000000 0.9906005
vn 0.0253461 -0.7040577 0.7096903
vn 0.0364868 0.0000000 0.9993341
vn 0.0253460 0.7040578 0.7096902
vn 0.0364868 0.0000000 0.9993341
vn 0.0971711 0.7066989 0.7008098
vn 0.1367867 0.0000000 0.9906005
vn 0.1950239 -0.7058012 0.6810362
vn 0.2759999 0.0000000 0.9611577
vn 0.0971711 -0.7066989 0.7008098
vn 0.1367867 0.0000000 0.9906005
vn 0.0971711 0.7066989 0.7008098
vn 0.1367867 0.0000000 0.9906005
vn 0.1950240 0.7058011 0.6810363
vn 0.2759999 0.0000000 0.9611577
vn 0.3105691 -0.7052505 0.6373135
vn 0.4367227 0.0000000 0.8995962
vn 0.1950239 -0.7058012 0.6810362
vn 0.2759999 0.0000000 0.9611577
vn 0.1950240 0.7058011 0.6810363
vn 0.2759999 0.0000000 0.9611577
vn 0.3105690 0.7052506 0.6373135
vn 0.4367227 0.0000000 0.8995962
vn 0.4535527 -0.7036735 0.5469310
vn 0.6363831 0.0000000 0.7713732
vn 0.3105691 -0.7052505 0.6373135
vn 0.4367227 0.0000000 0.8995962
vn 0.3105690 0.7052506 0.6373135
vn 0.4367227 0.0000000 0.8995962
vn 0.4535527 0.7036735 0.5469310
vn 0.6363831 0.0000000 0.7713732
vn 0.6169919 -0.7083979 0.3427731
vn 0.8715044 0.0000000 0.4903877
vn 0.4535527 -0.7036735 0.5469310
vn 0.6363831 0.0000000 0.7713732
vn 0.4535527 0.7036735 0.5469310
vn 0.6363831 0.0000000 0.7713732
vn 0.6169918 0.7083980 0.3427731
vn 0.8715044 0.0000000 0.4903877
vn 0.7071041 -0.7071041 0.0027729
vn 0.9999903 -0.0019685 0.0039370
vn 0.6169919 -0.7083979 0.3427731
vn 0.8715044 0.0000000 0.4903877
vn 0.6169918 0.7083980 0.3427731
vn 0.8715044 0.0000000 0.4903877
vn 0.7071041 0.7071041 0.0027729
vn 0.9999826 0.0000000 0.0059054
vn -0.6169917 -0.7083980 0.3427732
vn -0.8715043 0.0000000 0.4903879
vn -0.7071041 -0.7071041 0.0027729
vn -0.9999903 -0.0019685 0.0039370
vn -0.7071041 0.7071041 0.0027729
vn -0.9999826 0.0000000 0.0059054
vn -0.6169916 0.7083981 0.3427733
vn -0.8715043 0.0000000 0.4903879
vn -0.4535527 -0.7036735 0.5469310
vn -0.6363829 0.0000000 0.7713733
vn -0.6169917 -0.7083980 0.3427732
vn -0.8715043 0.0000000 0.4903879
vn -0.6169916 0.7083981 0.3427733
vn -0.8715043 0.0000000 0.4903879
vn -0.4535527 0.7036735 0.5469310
vn -0.6363829 0.0000000 0.7713733
vn -0.3105690 -0.7052506 0.6373135
vn -0.4367225 0.0000000 0.8995963
vn -0.4535527 -0.7036735 0.5469310
vn -0.6363829 0.0000000 0.7713733
vn -0.4535527 0.7036735 0.5469310
vn -0.6363829 0.0000000 0.7713733
vn -0.3105690 0.7052506 0.6373135
vn -0.4367225 0.0000000 0.8995963
vn -0.1950240 -0.7058011 0.6810363
vn -0.2759999 0.0000000 0.9611577
vn -0.3105690 -0.7052506 0.6373135
vn -0.4367225 0.0000000 0.8995963
vn -0.3105690 0.7052506 0.6373135
vn -0.4367225 0.0000000 0.8995963
vn -0.1950240 0.7058011 0.6810363
vn -0.2759999 0.0000000 0.9611577
vn -0.0971711 -0.7066989 0.7008098
vn -0.1367867 0.0000000 0.9906005
vn -0.1950240 -0.7058011 0.6810363
vn -0.2759999 0.0000000 0.9611577
vn -0.1950240 0.7058011 0.6810363
vn -0.2759999 0.0000000 0.9611577
vn -0.0971711 0.7066989 0.7008098
vn -0.1367867 0.0000000 0.9906005
vn -0.0253460 -0.7040578 0.7096902
vn -0.0364868 0.0000000 0.9993341
vn -0.0971711 -0.7066989 0.7008098
vn -0.1367867 0.0000000 0.9906005
vn -0.0971711 0.7066989 0.7008098
vn -0.1367867 0.0000000 0.9906005
vn -0.0253460 0.7040578 0.7096902
vn -0.0364868 0.0000000 0.9993341
vn -0.8715043 0.0000000 0.4903879
vn -0.8715043 0.0000000 0.4903879
vn -0.9999826 0.0000000 0.0059054
vn -0.9999903 0.0019685 0.0039370
vn 0.2759999 0.0000000 0.9611577
vn 0.2759999 0.0000000 0.9611577
vn 0.1367867 0.0000000 0.9906005
vn 0.1367867 0.0000000 0.9906005
vn 0.4367227 0.0000000 0.8995962
vn 0.4367227 0.0000000 0.8995962
vn 0.2759999 0.0000000 0.9611577
vn 0.2759999 0.0000000 0.9611577
vn -0.4367225 0.0000000 0.8995963
vn -0.4367225 0.0000000 0.8995963
vn -0.6363829 0.0000000 0.7713733
vn -0.8715043 0.0000000 0.4903879
vn -0.8715043 0.0000000 0.4903879
vn -0.6363829 0.0000000 0.7713733
vn -0.2759999 0.0000000 0.9611577
vn -0.2759999 0.0000000 0.9611577
vn -0.4367225 0.0000000 0.8995963
vn -0.4367225 0.0000000 0.8995963
vn 0.9999903 -0.0019685 0.0039370
vn 0.9999903 0.0019685 0.0039370
vn 0.8715044 0.0000000 0.4903877
vn 0.8715044 0.0000000 0.4903877
vn 0.8715044 0.0000000 0.4903877
vn 0.8715044 0.0000000 0.4903877
vn 0.6363831 0.0000000 0.7713732
vn 0.4367227 0.0000000 0.8995962
vn 0.4367227 0.0000000 0.8995962
vn 0.6363831 0.0000000 0.7713732
vn 0.6898012 0.6273906 -0.3613245
vn 1.0000000 0.0000000 0.0000000
vn 0.6898012 0.3613245 -0.6273906
vn 1.0000000 0.0000000 0.0000000
vn 1.0000000 0.0000000 0.0000000
vn 0.6898012 0.3613245 -0.6273906
vn 0.7057216 0.0000000 -0.7084892
vn 0.9999981 0.0000000 -0.0019608
vn 0.7057216 0.0000000 -0.7084892
vn 0.7057216 0.0000000 -0.7084892
vn 0.9999981 0.0000000 -0.0019608
vn 0.6898012 -0.3613245 -0.6273906
vn 1.0000000 0.0000000 0.0000000
vn 0.6898012 -0.6273906 -0.3613245
vn 1.0000000 0.0000000 0.0000000
vn 1.0000000 0.0000000 0.0000000
vn 0.9999826 0.0000000 0.0059054
vn 0.9999826 0.0000000 0.0059054
vn -0.2759999 0.0000000 0.9611577
vn -0.2759999 0.0000000 0.9611577
vn -0.1367867 0.0000000 0.9906005
vn -0.1367867 0.0000000 0.9906005
vn -0.0364868 0.0000000 0.9993341
vn -0.0364868 0.0000000 0.9993341
vn 0.0364868 0.0000000 0.9993341
vn 0.1367867 0.0000000 0.9906005
vn 0.1367867 0.0000000 0.9906005
vn 0.0364868 0.0000000 0.9993341
vn -1.0000000 0.0000000 0.0000000
vn -0.9999826 0.0000000 0.0059054
vn -1.0000000 0.0000000 0.0000000
vn -0.6898012 -0.6273906 -0.3613245
vn -0.6898012 -0.3613245 -0.6273906
vn -1.0000000 0.0000000 0.0000000
vn -0.6898012 -0.3613245 -0.6273906
vn -0.7057216 0.0000000 -0.7084892
vn -0.9999981 0.0000000 -0.0019608
vn -0.7057216 0.0000000 -0.7084892
vn -0.7057216 0.0000000 -0.7084892
vn -0.9999981 0.0000000 -0.0019608
vn -0.7057216 0.0000000 -0.7084892
vn -0.6898012 0.3613245 -0.6273906
vn -1.0000000 0.0000000 0.0000000
vn -1.0000000 0.0000000 0.0000000
vn -1.0000000 0.0000000 0.0000000
vn -0.9999826 0.0000000 0.0059054
f 3110/3110/3110 3111/3111/3111 3112/3112/3112
f 3111/3111/3111 3113/3113/3113 3112/3112/3112
f 3114/3114/3114 3115/3115/3115 3116/3116/3116
f 3115/3115/3115 3117/3117/3117 3116/3116/3116
f 3118/3118/3118 3119/3119/3119 3120/3120/3120
f 3119/3119/3119 3121/3121/3121 3120/3120/3120
f 3122/3122/3122 3123/3123/3123 3124/3124/3124
f 3123/3123/3123 3125/3125/3125 3124/3124/3124
f 3126/3126/3126 3127/3127/3127 3128/3128/3128
f 3127/3127/3127 3129/3129/3129 3128/3128/3128
f 3130/3130/3130 3131/3131/3131 3132/3132/3132
f 3131/3131/3131 3133/3133/3133 3132/3132/3132
f 3134/3134/3134 3135/3135/3135 3136/3136/3136
f 3135/3135/3135 3137/3137/3137 3136/3136/3136
f 3138/3138/3138 3139/3139/3139 3140/3140/3140
f 3139/3139/3139 3141/3141/3141 3140/3140/3140
f 3142/3142/3142 3143/3143/3143 3144/3144/3144
f 3143/3143/3143 3145/3145/3145 3144/3144/3144
f 3146/3146/3146 3147/3147/3147 3148/3148/3148
f 3147/3147/3147 3149/3149/3149 3148/3148/3148
f 3150/3150/3150 3151/3151/3151 3152/3152/3152
f 3151/3151/3151 3153/3153/3153 3152/3152/3152
f 3154/3154/3154 3155/3155/3155 3156/3156/3156
f 3155/3155/3155 3157/3157/3157 3156/3156/3156
f 3158/3158/3158 3159/3159/3159 3160/3160/3160
f 3159/3159/3159 3161/3161/3161 3160/3160/3160
f 3162/3162/3162 3163/3163/3163 3164/3164/3164
f 3163/3163/3163 3165/3165/3165 3164/3164/3164
f 3166/3166/3166 3167/3167/3167 3168/3168/3168
f 3167/3167/3167 3169/3169/3169 3168/3168/3168
f 3170/3170/3170 3171/3171/3171 3172/3172/3172
f 3171/3171/3171 3173/3173/3173 3172/3172/3172
f 3174/3174/3174 3175/3175/3175 3176/3176/3176
f 3175/3175/3175 3177/3177/3177 3176/3176/3176
f 3178/3178/3178 3179/3179/3179 3180/3180/3180
f 3179/3179/3179 3181/3181/3181 3180/3180/3180
f 3182/3182/3182 3183/3183/3183 3184/3184/3184
f 3183/3183/3183 3185/3185/3185 3184/3184/3184
f 3186/3186/3186 3187/3187/3187 3188/3188/3188
f 3187/3187/3187 3189/3189/3189 3188/3188/3188
f 3190/3190/3190 3191/3191/3191 3192/3192/3192
f 3191/3191/3191 3193/3193/3193 3192/3192/3192
f 3194/3194/3194 3195/3195/3195 3196/3196/3196
f 3195/3195/3195 3197/3197/3197 3196/3196/3196
f 3198/3198/3198 3199/3199/3199 3200/3200/3200
f 3199/3199/3199 3201/3201/3201 3200/3200/3200
f 3202/3202/3202 3203/3203/3203 3204/3204/3204
f 3203/3203/3203 3205/3205/3205 3204/3204/3204
f 3206/3206/3206 3207/3207/3207 3208/3208/3208
f 3207/3207/3207 3209/3209/3209 3208/3208/3208
f 3210/3210/3210 3211/3211/3211 3212/3212/3212
f 3211/3211/3211 3213/3213/3213 3212/3212/3212
f 3214/3214/3214 3215/3215/3215 3216/3216/3216
f 3215/3215/3215 3217/3217/3217 3216/3216/3216
f 3218/3218/3218 3219/3219/3219 3220/3220/3220
f 3219/3219/3219 3221/3221/3221 3220/3220/3220
f 3222/3222/3222 3223/3223/3223 3224/3224/3224
f 3223/3223/3223 3225/3225/3225 3224/3224/3224
f 3226/3226/3226 3227/3227/3227 3228/3228/3228
f 3227/3227/3227 3229/3229/3229 3228/3228/3228
f 3230/3230/3230 3231/3231/3231 3232/3232/3232
f 3231/3231/3231 3233/3233/3233 3232/3232/3232
f 3234/3234/3234 3235/3235/3235 3236/3236/3236
f 3235/3235/3235 3237/3237/3237 3236/3236/3236
f 3238/3238/3238 3239/3239/3239 3240/3240/3240
f 3239/3239/3239 3241/3241/3241 3240/3240/3240
f 3242/3242/3242 3243/3243/3243 3244/3244/3244
f 3243/3243/3243 3245/3245/3245 3244/3244/3244
f 3246/3246/3246 3247/3247/3247 3248/3248/3248
f 3247/3247/3247 3249/3249/3249 3248/3248/3248
f 3250/3250/3250 3251/3251/3251 3252/3252/3252
f 3251/3251/3251 3253/3253/3253 3252/3252/3252
f 3254/3254/3254 3255/3255/3255 3256/3256/3256
f 3255/3255/3255 3257/3257/3257 3256/3256/3256
f 3258/3258/3258 3259/3259/3259 3260/3260/3260
f 3259/3259/3259 3261/3261/3261 3260/3260/3260
f 3262/3262/3262 3263/3263/3263 3264/3264/3264
f 3263/3263/3263 3265/3265/3265 3264/3264/3264
f 3266/3266/3266 3267/3267/3267 3268/3268/3268
f 3269/3269/3269 3270/3270/3270 3271/3271/3271
f 3270/3270/3270 3268/3268/3268 3271/3271/3271
f 3268/3268/3268 3267/3267/3267 3271/3271/3271
f 3272/3272/3272 3273/3273/3273 3274/3274/3274
f 3273/3273/3273 3275/3275/3275 3274/3274/3274
f 3276/3276/3276 3277/3277/3277 3278/3278/3278
f 3277/3277/3277 3279/3279/3279 3278/3278/3278
f 3280/3280/3280 3281/3281/3281 3282/3282/3282
f 3283/3283/3283 3284/3284/3284 3285/3285/3285
f 3284/3284/3284 3282/3282/3282 3285/3285/3285
f 3282/3282/3282 3281/3281/3281 3285/3285/3285
f 3286/3286/3286 3287/3287/3287 3288/3288/3288
f 3288/3288/3288 3287/3287/3287 3289/3289/3289
f 3287/3287/3287 3290/3290/3290 3289/3289/3289
f 3291/3291/3291 3289/3289/3289 3292/3292/3292
f 3292/3292/3292 3289/3289/3289 3293/3293/3293
f 3294/3294/3294 3293/3293/3293 3295/3295/3295
f 3295/3295/3295 3293/3293/3293 3296/3296/3296
f 3293/3293/3293 3289/3289/3289 3296/3296/3296
f 3297/3297/3297 3298/3298/3298 3299/3299/3299
f 3299/3299/3299 3298/3298/3298 3300/3300/3300
f 3298/3298/3298 3296/3296/3296 3300/3300/3300
f 3296/3296/3296 3289/3289/3289 3300/3300/3300
f 3289/3289/3289 3290/3290/3290 3300/3300/3300
f 3301/3301/3301 3300/3300/3300 3302/3302/3302
f 3300/3300/3300 3290/3290/3290 3302/3302/3302
f 3290/3290/3290 3303/3303/3303 3302/3302/3302
f 3304/3304/3304 3305/3305/3305 3306/3306/3306
f 3305/3305/3305 3307/3307/3307 3306/3306/3306
f 3306/3306/3306 3307/3307/3307 3308/3308/3308
f 3307/3307/3307 3309/3309/3309 3308/3308/3308
f 3308/3308/3308 3309/3309/3309 3310/3310/3310
f 3311/3311/3311 3312/3312/3312 3313/3313/3313
f 3312/3312/3312 3310/3310/3310 3313/3313/3313
f 3310/3310/3310 3309/3309/3309 3313/3313/3313
f 3314/3314/3314 3315/3315/3315 3316/3316/3316
f 3317/3317/3317 3316/3316/3316 3318/3318/3318
f 3318/3318/3318 3316/3316/3316 3319/3319/3319
f 3320/3320/3320 3319/3319/3319 3321/3321/3321
f 3321/3321/3321 3319/3319/3319 3322/3322/3322
f 3319/3319/3319 3316/3316/3316 3322/3322/3322
f 3323/3323/3323 3322/3322/3322 3324/3324/3324
f 3324/3324/3324 3322/3322/3322 3325/3325/3325
f 3326/3326/3326 3325/3325/3325 3327/3327/3327
f 3327/3327/3327 3325/3325/3325 3328/3328/3328
f 3325/3325/3325 3322/3322/3322 3328/3328/3328
f 3322/3322/3322 3316/3316/3316 3328/3328/3328
f 3316/3316/3316 3315/3315/3315 3328/3328/3328
f 3329/3329/3329 3328/3328/3328 3330/3330/3330
f 3328/3328/3328 3315/3315/3315 3330/3330/3330
f 3315/3315/3315 3331/3331/3331 3330/3330/3330
v -0.0707237 0.9288426 0.3954403
v -0.0708938 0.9288426 0.3969143
v -0.0604051 0.9288426 0.3961773
v -0.0604618 0.9288426 0.3976514
v -0.0055805 0.9279354 -0.2864367
v -0.0064310 0.9258377 -0.2861532
v -0.0054672 0.9279921 0.3691336
v -0.0063743 0.9258377 0.3689635
v -0.0033694 0.0000000 0.3694170
v -0.0054672 0.0008504 0.3691336
v -0.0034261 0.0000000 -0.2865501
v -0.0055805 0.0009071 -0.2864367
v -0.0054672 0.0008504 0.3691336
v -0.0063743 0.0030049 0.3689635
v -0.0055805 0.0009071 -0.2864367
v -0.0064310 0.0030049 -0.2861532
v 0.0001457 0.0008504 0.3698706
v -0.0019520 0.0000000 0.3695871
v 0.0002024 0.0009071 -0.2864367
v -0.0019520 0.0000000 -0.2865501
v 0.0002024 0.9279354 -0.2864367
v -0.0019520 0.9288426 -0.2865501
v 0.0001457 0.9279921 0.3698706
v -0.0019520 0.9288426 0.3695871
v -0.0034261 0.0074838 -0.2940339
v -0.0055805 0.0075972 -0.2931267
v -0.0034261 0.9213588 -0.2940339
v -0.0055805 0.9212454 -0.2931267
v -0.0019520 0.9213588 -0.2940339
v 0.0002024 0.9212454 -0.2931267
v -0.0019520 0.0074838 -0.2940339
v 0.0002024 0.0075972 -0.2931267
v -0.1068954 0.0000000 -0.2865501
v -0.1047977 0.0009071 -0.2864367
v -0.1069521 0.0000000 0.3694170
v -0.1048544 0.0008504 0.3691336
v -0.1047977 0.0009071 -0.2864367
v -0.1038906 0.0030049 -0.2861532
v -0.1048544 0.0008504 0.3691336
v -0.1040040 0.0030049 0.3689635
v -0.1048544 0.9279921 0.3691336
v -0.1040040 0.9258377 0.3689635
v -0.1047977 0.9279354 -0.2864367
v -0.1038906 0.9258377 -0.2861532
v -0.1105239 0.0009071 -0.2864367
v -0.1084262 0.0000000 -0.2865501
v -0.1105239 0.0008504 0.3698706
v -0.1084262 0.0000000 0.3695871
v -0.1105239 0.9279921 0.3698706
v -0.1084262 0.9288426 0.3695871
v -0.1105239 0.9279354 -0.2864367
v -0.1084262 0.9288426 -0.2865501
v -0.1068954 0.9213588 -0.2940339
v -0.1047977 0.9212454 -0.2931267
v -0.1068954 0.0074838 -0.2940339
v -0.1047977 0.0075972 -0.2931267
v -0.1084262 0.0074838 -0.2940339
v -0.1105239 0.0075972 -0.2931267
v -0.1084262 0.9213588 -0.2940339
v -0.1105239 0.9212454 -0.2931267
v -0.0019520 0.9251007 -0.2930133
v 0.0002024 0.9245904 -0.2922196
v -0.0019520 0.9213588 -0.2940339
v 0.0002024 0.9212454 -0.2931267
v -0.0019520 0.9278220 -0.2902920
v 0.0002024 0.9270283 -0.2897817
v -0.0019520 0.9251007 -0.2930133
v 0.0002024 0.9245904 -0.2922196
v -0.0034261 0.9251007 -0.2930133
v -0.0055805 0.9245904 -0.2922196
v -0.0034261 0.9278220 -0.2902920
v -0.0055805 0.9270283 -0.2897817
v -0.0019520 0.9288426 -0.2865501
v 0.0002024 0.9279354 -0.2864367
v -0.0019520 0.9278220 -0.2902920
v 0.0002024 0.9270283 -0.2897817
v -0.0034261 0.9278220 -0.2902920
v -0.0055805 0.9270283 -0.2897817
v -0.0034261 0.9288426 -0.2865501
v -0.0055805 0.9279354 -0.2864367
v -0.0055805 0.9270283 -0.2897817
v -0.0064310 0.9251574 -0.2887045
v -0.0055805 0.9279354 -0.2864367
v -0.0064310 0.9258377 -0.2861532
v -0.1084262 0.0037419 -0.2930133
v -0.1105239 0.0042522 -0.2922196
v -0.1084262 0.0074838 -0.2940339
v -0.1105239 0.0075972 -0.2931267
v -0.1068954 0.0037419 -0.2930133
v -0.1047977 0.0042522 -0.2922196
v -0.1068954 0.0010205 -0.2902920
v -0.1047977 0.0018143 -0.2897817
v -0.1047977 0.0042522 -0.2922196
v -0.1038906 0.0053294 -0.2903487
v -0.1047977 0.0018143 -0.2897817
v -0.1038906 0.0036852 -0.2887045
v -0.1084262 0.0000000 -0.2865501
v -0.1105239 0.0009071 -0.2864367
v -0.1084262 0.0010205 -0.2902920
v -0.1105239 0.0018143 -0.2897817
v -0.1068954 0.0010205 -0.2902920
v -0.1047977 0.0018143 -0.2897817
v -0.1068954 0.0000000 -0.2865501
v -0.1047977 0.0009071 -0.2864367
v -0.1047977 0.0018143 -0.2897817
v -0.1038906 0.0036852 -0.2887045
v -0.1047977 0.0009071 -0.2864367
v -0.1038906 0.0030049 -0.2861532
v -0.1047977 0.9245904 -0.2922196
v -0.1038906 0.9235132 -0.2903487
v -0.1047977 0.9212454 -0.2931267
v -0.1038906 0.9209619 -0.2910290
v -0.1084262 0.9213588 -0.2940339
v -0.1105239 0.9212454 -0.2931267
v -0.1084262 0.9251007 -0.2930133
v -0.1105239 0.9245904 -0.2922196
v -0.1068954 0.9278220 -0.2902920
v -0.1047977 0.9270283 -0.2897817
v -0.1068954 0.9251007 -0.2930133
v -0.1047977 0.9245904 -0.2922196
v -0.1084262 0.9251007 -0.2930133
v -0.1105239 0.9245904 -0.2922196
v -0.1084262 0.9278220 -0.2902920
v -0.1105239 0.9270283 -0.2897817
v -0.1068954 0.9288426 -0.2865501
v -0.1047977 0.9279354 -0.2864367
v -0.1068954 0.9278220 -0.2902920
v -0.1047977 0.9270283 -0.2897817
v -0.1047977 0.9279354 -0.2864367
v -0.1038906 0.9258377 -0.2861532
v -0.1047977 0.9270283 -0.2897817
v -0.1038906 0.9251574 -0.2887045
v -0.1084262 0.9278220 -0.2902920
v -0.1105239 0.9270283 -0.2897817
v -0.1084262 0.9288426 -0.2865501
v -0.1105239 0.9279354 -0.2864367
v -0.0019520 0.0010205 -0.2902920
v 0.0002024 0.0018143 -0.2897817
v -0.0019520 0.0000000 -0.2865501
v 0.0002024 0.0009071 -0.2864367
v -0.0034261 0.0000000 -0.2865501
v -0.0055805 0.0009071 -0.2864367
v -0.0034261 0.0010205 -0.2902920
v -0.0055805 0.0018143 -0.2897817
v -0.0055805 0.0009071 -0.2864367
v -0.0064310 0.0030049 -0.2861532
v -0.0055805 0.0018143 -0.2897817
v -0.0064310 0.0036852 -0.2887045
v -0.0019520 0.0037419 -0.2930133
v 0.0002024 0.0042522 -0.2922196
v -0.0019520 0.0010205 -0.2902920
v 0.0002024 0.0018143 -0.2897817
v -0.0034261 0.0010205 -0.2902920
v -0.0055805 0.0018143 -0.2897817
v -0.0034261 0.0037419 -0.2930133
v -0.0055805 0.0042522 -0.2922196
v -0.0019520 0.0074838 -0.2940339
v 0.0002024 0.0075972 -0.2931267
v -0.0019520 0.0037419 -0.2930133
v 0.0002024 0.0042522 -0.2922196
v -0.0603484 0.9279921 0.3940796
v -0.0604051 0.9288426 0.3961773
v -0.0500298 0.9279921 0.3940796
v -0.0499164 0.9288426 0.3961773
v -0.0500298 0.0008504 0.3940796
v -0.0499164 0.0000000 0.3961773
v -0.0603484 0.0008504 0.3940796
v -0.0604051 0.0000000 0.3961773
v -0.0305266 0.0030049 0.3905077
v -0.0302998 0.0008504 0.3913582
v -0.0400514 0.0030049 0.3924921
v -0.0399380 0.0008504 0.3933425
v -0.0302998 0.0008504 0.3913582
v -0.0296761 0.0000000 0.3933992
v -0.0399380 0.0008504 0.3933425
v -0.0499164 0.0000000 0.3961773
v -0.0500298 0.0008504 0.3940796
v -0.0396545 0.0000000 0.3954403
v -0.0216254 0.0030049 0.3872194
v -0.0212285 0.0008504 0.3880131
v -0.0305266 0.0030049 0.3905077
v -0.0302998 0.0008504 0.3913582
v -0.0212285 0.0008504 0.3880131
v -0.0203214 0.0000000 0.3899408
v -0.0302998 0.0008504 0.3913582
v -0.0296761 0.0000000 0.3933992
v -0.0305266 0.9258377 0.3905077
v -0.0302998 0.9279921 0.3913582
v -0.0216254 0.9258377 0.3872194
v -0.0212285 0.9279921 0.3880131
v -0.0500298 0.9279921 0.3940796
v -0.0499164 0.9288426 0.3961773
v -0.0399380 0.9279921 0.3933425
v -0.0396545 0.9288426 0.3954403
v -0.0302998 0.9279921 0.3913582
v -0.0296761 0.9288426 0.3933992
v -0.0212285 0.9279921 0.3880131
v -0.0203214 0.9288426 0.3899408
v -0.0139715 0.0030049 0.3825137
v -0.0134045 0.0008504 0.3832507
v -0.0216254 0.0030049 0.3872194
v -0.0212285 0.0008504 0.3880131
v -0.0216254 0.9258377 0.3872194
v -0.0212285 0.9279921 0.3880131
v -0.0139715 0.9258377 0.3825137
v -0.0134045 0.9279921 0.3832507
v -0.0212285 0.9279921 0.3880131
v -0.0203214 0.9288426 0.3899408
v -0.0134045 0.9279921 0.3832507
v -0.0120438 0.9288426 0.3848949
v -0.0084153 0.0030049 0.3766741
v -0.0076216 0.0008504 0.3771276
v -0.0139715 0.0030049 0.3825137
v -0.0134045 0.0008504 0.3832507
v -0.0076216 0.0008504 0.3771276
v -0.0057506 0.0000000 0.3781481
v -0.0134045 0.0008504 0.3832507
v -0.0203214 0.0000000 0.3899408
v -0.0212285 0.0008504 0.3880131
v -0.0120438 0.0000000 0.3848949
v -0.0139715 0.9258377 0.3825137
v -0.0134045 0.9279921 0.3832507
v -0.0084153 0.9258377 0.3766741
v -0.0076216 0.9279921 0.3771276
v -0.0134045 0.9279921 0.3832507
v -0.0120438 0.9288426 0.3848949
v -0.0076216 0.9279921 0.3771276
v -0.0057506 0.9288426 0.3781481
v -0.0063743 0.0030049 0.3689635
v -0.0054672 0.0008504 0.3691336
v -0.0084153 0.0030049 0.3766741
v -0.0076216 0.0008504 0.3771276
v -0.0054672 0.0008504 0.3691336
v -0.0033694 0.0000000 0.3694170
v -0.0076216 0.0008504 0.3771276
v -0.0057506 0.0000000 0.3781481
v -0.0084153 0.9258377 0.3766741
v -0.0076216 0.9279921 0.3771276
v -0.0063743 0.9258377 0.3689635
v -0.0054672 0.9279921 0.3691336
v -0.0076216 0.9279921 0.3771276
v -0.0057506 0.9288426 0.3781481
v -0.0054672 0.9279921 0.3691336
v -0.0034261 0.9288426 -0.2865501
v -0.0055805 0.9279354 -0.2864367
v -0.0033694 0.9288426 0.3694170
v -0.1019062 0.0030049 0.3766741
v -0.1027567 0.0008504 0.3771276
v -0.1040040 0.0030049 0.3689635
v -0.1048544 0.0008504 0.3691336
v -0.1027567 0.0008504 0.3771276
v -0.1046276 0.0000000 0.3781481
v -0.1048544 0.0008504 0.3691336
v -0.1069521 0.0000000 0.3694170
v -0.1040040 0.9258377 0.3689635
v -0.1048544 0.9279921 0.3691336
v -0.1019062 0.9258377 0.3766741
v -0.1027567 0.9279921 0.3771276
v -0.0964068 0.0030049 0.3825137
v -0.0969737 0.0008504 0.3832507
v -0.1019062 0.0030049 0.3766741
v -0.1027567 0.0008504 0.3771276
v -0.1019062 0.9258377 0.3766741
v -0.1027567 0.9279921 0.3771276
v -0.0964068 0.9258377 0.3825137
v -0.0969737 0.9279921 0.3832507
v -0.1047977 0.9279354 -0.2864367
v -0.1068954 0.9288426 -0.2865501
v -0.1048544 0.9279921 0.3691336
v -0.1069521 0.9288426 0.3694170
v -0.1027567 0.9279921 0.3771276
v -0.1046276 0.9288426 0.3781481
v -0.0969737 0.9279921 0.3832507
v -0.0983344 0.9288426 0.3848949
v -0.0886962 0.0030049 0.3872194
v -0.0890930 0.0008504 0.3880131
v -0.0964068 0.0030049 0.3825137
v -0.0969737 0.0008504 0.3832507
v -0.0964068 0.9258377 0.3825137
v -0.0969737 0.9279921 0.3832507
v -0.0886962 0.9258377 0.3872194
v -0.0890930 0.9279921 0.3880131
v -0.0969737 0.9279921 0.3832507
v -0.0983344 0.9288426 0.3848949
v -0.0890930 0.9279921 0.3880131
v -0.0900569 0.9288426 0.3899408
v -0.0797950 0.0030049 0.3905077
v -0.0800785 0.0008504 0.3913582
v -0.0886962 0.0030049 0.3872194
v -0.0890930 0.0008504 0.3880131
v -0.0886962 0.9258377 0.3872194
v -0.0890930 0.9279921 0.3880131
v -0.0797950 0.9258377 0.3905077
v -0.0800785 0.9279921 0.3913582
v -0.0797950 0.9258377 0.3905077
v -0.0800785 0.9279921 0.3913582
v -0.0702701 0.9258377 0.3924921
v -0.0704402 0.9279921 0.3933425
v -0.0603484 0.0008504 0.3940796
v -0.0604051 0.0000000 0.3961773
v -0.0704402 0.0008504 0.3933425
v -0.0900569 0.0000000 0.3899408
v -0.0890930 0.0008504 0.3880131
v -0.0806454 0.0000000 0.3933992
v -0.0800785 0.0008504 0.3913582
v -0.0707237 0.0000000 0.3954403
v -0.0800785 0.9279921 0.3913582
v -0.0806454 0.9288426 0.3933992
v -0.0704402 0.9279921 0.3933425
v -0.0707237 0.9288426 0.3954403
v -0.0603484 0.9279921 0.3940796
v -0.0604051 0.9288426 0.3961773
v -0.0604618 0.9288426 0.3976514
v -0.0605185 0.9279921 0.3998058
v -0.0498597 0.9288426 0.3976514
v -0.0498031 0.9279921 0.3998058
v -0.0498597 0.0000000 0.3976514
v -0.0498031 0.0008504 0.3998058
v -0.0604618 0.0000000 0.3976514
v -0.0605185 0.0008504 0.3998058
v -0.0394278 0.0000000 0.3969143
v -0.0391443 0.0008504 0.3990121
v -0.0498597 0.0000000 0.3976514
v -0.0498031 0.0008504 0.3998058
v -0.0498597 0.9288426 0.3976514
v -0.0498031 0.9279921 0.3998058
v -0.0394278 0.9288426 0.3969143
v -0.0391443 0.9279921 0.3990121
v -0.0292793 0.0000000 0.3948166
v -0.0287123 0.0008504 0.3968576
v -0.0394278 0.0000000 0.3969143
v -0.0391443 0.0008504 0.3990121
v -0.0394278 0.9288426 0.3969143
v -0.0391443 0.9279921 0.3990121
v -0.0292793 0.9288426 0.3948166
v -0.0287123 0.9279921 0.3968576
v -0.0196410 0.0000000 0.3912448
v -0.0187339 0.0008504 0.3931724
v -0.0292793 0.0000000 0.3948166
v -0.0287123 0.0008504 0.3968576
v -0.0292793 0.9288426 0.3948166
v -0.0287123 0.9279921 0.3968576
v -0.0196410 0.9288426 0.3912448
v -0.0187339 0.9279921 0.3931724
v -0.0110800 0.0000000 0.3859721
v -0.0097760 0.0008504 0.3876163
v -0.0196410 0.0000000 0.3912448
v -0.0187339 0.0008504 0.3931724
v -0.0196410 0.9288426 0.3912448
v -0.0187339 0.9279921 0.3931724
v -0.0110800 0.9288426 0.3859721
v -0.0097760 0.9279921 0.3876163
v -0.0045600 0.0000000 0.3788285
v -0.0026891 0.0008504 0.3798490
v -0.0110800 0.0000000 0.3859721
v -0.0097760 0.0008504 0.3876163
v -0.0110800 0.9288426 0.3859721
v -0.0097760 0.9279921 0.3876163
v -0.0045600 0.9288426 0.3788285
v -0.0026891 0.9279921 0.3798490
v -0.0019520 0.0000000 0.3695871
v 0.0001457 0.0008504 0.3698706
v -0.0045600 0.0000000 0.3788285
v -0.0026891 0.0008504 0.3798490
v -0.0045600 0.9288426 0.3788285
v -0.0026891 0.9279921 0.3798490
v -0.0019520 0.9288426 0.3695871
v 0.0001457 0.9279921 0.3698706
v -0.1057615 0.0000000 0.3788285
v -0.1076325 0.0008504 0.3798490
v -0.1084262 0.0000000 0.3695871
v -0.1105239 0.0008504 0.3698706
v -0.1084262 0.9288426 0.3695871
v -0.1105239 0.9279921 0.3698706
v -0.1057615 0.9288426 0.3788285
v -0.1076325 0.9279921 0.3798490
v -0.0992415 0.0000000 0.3859721
v -0.1006022 0.0008504 0.3876163
v -0.1057615 0.0000000 0.3788285
v -0.1076325 0.0008504 0.3798490
v -0.1057615 0.9288426 0.3788285
v -0.1076325 0.9279921 0.3798490
v -0.0992415 0.9288426 0.3859721
v -0.1006022 0.9279921 0.3876163
v -0.0906805 0.0000000 0.3912448
v -0.0915876 0.0008504 0.3931724
v -0.0992415 0.0000000 0.3859721
v -0.1006022 0.0008504 0.3876163
v -0.0992415 0.9288426 0.3859721
v -0.1006022 0.9279921 0.3876163
v -0.0906805 0.9288426 0.3912448
v -0.0915876 0.9279921 0.3931724
v -0.0810423 0.0000000 0.3948166
v -0.0816092 0.0008504 0.3968576
v -0.0906805 0.0000000 0.3912448
v -0.0915876 0.0008504 0.3931724
v -0.0906805 0.9288426 0.3912448
v -0.0915876 0.9279921 0.3931724
v -0.0810423 0.9288426 0.3948166
v -0.0816092 0.9279921 0.3968576
v -0.0708938 0.0000000 0.3969143
v -0.0711773 0.0008504 0.3990121
v -0.0810423 0.0000000 0.3948166
v -0.0816092 0.0008504 0.3968576
v -0.0810423 0.9288426 0.3948166
v -0.0816092 0.9279921 0.3968576
v -0.0708938 0.9288426 0.3969143
v -0.0711773 0.9279921 0.3990121
v -0.0604618 0.0000000 0.3976514
v -0.0605185 0.0008504 0.3998058
v -0.0708938 0.0000000 0.3969143
v -0.0711773 0.0008504 0.3990121
v -0.0708938 0.9288426 0.3969143
v -0.0711773 0.9279921 0.3990121
v -0.0604618 0.9288426 0.3976514
v -0.0605185 0.9279921 0.3998058
v -0.1084262 0.9251007 -0.2930133
v -0.1084262 0.9278220 -0.2902920
v -0.1068954 0.9251007 -0.2930133
v -0.1068954 0.9278220 -0.2902920
v -0.0034261 0.9278220 -0.2902920
v -0.0034261 0.9288426 -0.2865501
v -0.0019520 0.9278220 -0.2902920
v -0.0019520 0.9288426 -0.2865501
v -0.0034261 0.9251007 -0.2930133
v -0.0034261 0.9278220 -0.2902920
v -0.0019520 0.9251007 -0.2930133
v -0.0019520 0.9278220 -0.2902920
v -0.1068954 0.0010205 -0.2902920
v -0.1068954 0.0000000 -0.2865501
v -0.1084262 0.0010205 -0.2902920
v -0.1084262 0.0000000 -0.2865501
v -0.0034261 0.0000000 -0.2865501
v -0.0034261 0.0010205 -0.2902920
v -0.0019520 0.0000000 -0.2865501
v -0.0019520 0.0010205 -0.2902920
v -0.1068954 0.0037419 -0.2930133
v -0.1068954 0.0010205 -0.2902920
v -0.1084262 0.0037419 -0.2930133
v -0.1105239 0.0042522 -0.2922196
v -0.1105239 0.0018143 -0.2897817
v -0.1084262 0.0010205 -0.2902920
v -0.1068954 0.0074838 -0.2940339
v -0.1084262 0.0074838 -0.2940339
v -0.1068954 0.9213588 -0.2940339
v -0.1084262 0.9213588 -0.2940339
v -0.1047977 0.0042522 -0.2922196
v -0.1068954 0.0037419 -0.2930133
v -0.1047977 0.0075972 -0.2931267
v -0.1068954 0.0074838 -0.2940339
v -0.1084262 0.0074838 -0.2940339
v -0.1084262 0.0037419 -0.2930133
v -0.1084262 0.9213588 -0.2940339
v -0.1084262 0.9251007 -0.2930133
v -0.1068954 0.9213588 -0.2940339
v -0.1047977 0.9212454 -0.2931267
v -0.1047977 0.9245904 -0.2922196
v -0.1068954 0.9251007 -0.2930133
v -0.0055805 0.0075972 -0.2931267
v -0.0034261 0.0074838 -0.2940339
v -0.0055805 0.0042522 -0.2922196
v -0.0034261 0.0037419 -0.2930133
v -0.0019520 0.0037419 -0.2930133
v -0.0019520 0.0074838 -0.2940339
v -0.0055805 0.9245904 -0.2922196
v -0.0034261 0.9251007 -0.2930133
v -0.0055805 0.9212454 -0.2931267
v -0.0034261 0.9213588 -0.2940339
v -0.0019520 0.9213588 -0.2940339
v -0.0019520 0.9251007 -0.2930133
v -0.0034261 0.9213588 -0.2940339
v -0.0019520 0.9213588 -0.2940339
v -0.0034261 0.0074838 -0.2940339
v -0.0019520 0.0074838 -0.2940339
v -0.0499164 0.0000000 0.3961773
v -0.0498597 0.0000000 0.3976514
v -0.0604051 0.0000000 0.3961773
v -0.0604618 0.0000000 0.3976514
v -0.0797950 0.9258377 0.3905077
v -0.0702701 0.9258377 0.3924921
v -0.0797950 0.0030049 0.3905077
v -0.0800785 0.0008504 0.3913582
v -0.0704402 0.0008504 0.3933425
v -0.0702701 0.0030049 0.3924921
v -0.0034261 0.0010205 -0.2902920
v -0.0034261 0.0037419 -0.2930133
v -0.0019520 0.0010205 -0.2902920
v -0.0019520 0.0037419 -0.2930133
v -0.0890930 0.0008504 0.3880131
v -0.0900569 0.0000000 0.3899408
v -0.0969737 0.0008504 0.3832507
v -0.1046276 0.0000000 0.3781481
v -0.1027567 0.0008504 0.3771276
v -0.0983344 0.0000000 0.3848949
v -0.0906805 0.0000000 0.3912448
v -0.0992415 0.0000000 0.3859721
v -0.0604051 0.0000000 0.3961773
v -0.0604618 0.0000000 0.3976514
v -0.0707237 0.0000000 0.3954403
v -0.0708938 0.0000000 0.3969143
v -0.1046276 0.0000000 0.3781481
v -0.1057615 0.0000000 0.3788285
v -0.1069521 0.0000000 0.3694170
v -0.1084262 0.0000000 0.3695871
v -0.0499164 0.9288426 0.3961773
v -0.0498597 0.9288426 0.3976514
v -0.0396545 0.9288426 0.3954403
v -0.0394278 0.9288426 0.3969143
v -0.1069521 0.9288426 0.3694170
v -0.1084262 0.9288426 0.3695871
v -0.1046276 0.9288426 0.3781481
v -0.1057615 0.9288426 0.3788285
v -0.0983344 0.0000000 0.3848949
v -0.0992415 0.0000000 0.3859721
v -0.1046276 0.0000000 0.3781481
v -0.1057615 0.0000000 0.3788285
v -0.0603484 0.9279921 0.3940796
v -0.0602917 0.9258377 0.3931724
v -0.0704402 0.9279921 0.3933425
v -0.0702701 0.9258377 0.3924921
v -0.0702701 0.0030049 0.3924921
v -0.0704402 0.0008504 0.3933425
v -0.0603484 0.0008504 0.3940796
v -0.0602917 0.0030049 0.3931724
v -0.0033694 0.0000000 0.3694170
v -0.0019520 0.0000000 0.3695871
v -0.0057506 0.0000000 0.3781481
v -0.0045600 0.0000000 0.3788285
v -0.0707237 0.0000000 0.3954403
v -0.0708938 0.0000000 0.3969143
v -0.0806454 0.0000000 0.3933992
v -0.0906805 0.0000000 0.3912448
v -0.0900569 0.0000000 0.3899408
v -0.0810423 0.0000000 0.3948166
v -0.0034261 0.0000000 -0.2865501
v -0.0019520 0.0000000 -0.2865501
v -0.0033694 0.0000000 0.3694170
v -0.0019520 0.0000000 0.3695871
v -0.0203214 0.0000000 0.3899408
v -0.0196410 0.0000000 0.3912448
v -0.0296761 0.0000000 0.3933992
v -0.0292793 0.0000000 0.3948166
v -0.0033694 0.9288426 0.3694170
v -0.0019520 0.9288426 0.3695871
v -0.0034261 0.9288426 -0.2865501
v -0.0019520 0.9288426 -0.2865501
v -0.0396545 0.0000000 0.3954403
v -0.0394278 0.0000000 0.3969143
v -0.0499164 0.0000000 0.3961773
v -0.0498597 0.0000000 0.3976514
v -0.0057506 0.9288426 0.3781481
v -0.0045600 0.9288426 0.3788285
v -0.0033694 0.9288426 0.3694170
v -0.0019520 0.9288426 0.3695871
v -0.1069521 0.0000000 0.3694170
v -0.1084262 0.0000000 0.3695871
v -0.1068954 0.0000000 -0.2865501
v -0.1084262 0.0000000 -0.2865501
v -0.0057506 0.0000000 0.3781481
v -0.0045600 0.0000000 0.3788285
v -0.0120438 0.0000000 0.3848949
v -0.0110800 0.0000000 0.3859721
v -0.0203214 0.0000000 0.3899408
v -0.0196410 0.0000000 0.3912448
v -0.1040040 0.9258377 0.3689635
v -0.1019062 0.9258377 0.3766741
v -0.1040040 0.0030049 0.3689635
v -0.1019062 0.0030049 0.3766741
v -0.0139715 0.9258377 0.3825137
v -0.0084153 0.9258377 0.3766741
v -0.0139715 0.0030049 0.3825137
v -0.0084153 0.0030049 0.3766741
v -0.1084262 0.9278220 -0.2902920
v -0.1084262 0.9288426 -0.2865501
v -0.1068954 0.9278220 -0.2902920
v -0.1068954 0.9288426 -0.2865501
v -0.0302998 0.9279921 0.3913582
v -0.0305266 0.9258377 0.3905077
v -0.0399380 0.9279921 0.3933425
v -0.0400514 0.9258377 0.3924921
v -0.0400514 0.0030049 0.3924921
v -0.0305266 0.0030049 0.3905077
v -0.0305266 0.9258377 0.3905077
v -0.0216254 0.9258377 0.3872194
v -0.0305266 0.0030049 0.3905077
v -0.0216254 0.0030049 0.3872194
v -0.0216254 0.9258377 0.3872194
v -0.0139715 0.9258377 0.3825137
v -0.0216254 0.0030049 0.3872194
v -0.0139715 0.0030049 0.3825137
v -0.0064310 0.0030049 -0.2861532
v -0.0063743 0.0030049 0.3689635
v -0.0064310 0.0036852 -0.2887045
v -0.0055805 0.0018143 -0.2897817
v -0.0055805 0.0042522 -0.2922196
v -0.0064310 0.0053294 -0.2903487
v -0.0055805 0.0042522 -0.2922196
v -0.0055805 0.0075972 -0.2931267
v -0.0064310 0.0078807 -0.2910290
v -0.0055805 0.0075972 -0.2931267
v -0.0055805 0.9212454 -0.2931267
v -0.0064310 0.9209619 -0.2910290
v -0.0055805 0.9212454 -0.2931267
v -0.0055805 0.9245904 -0.2922196
v -0.0064310 0.9235132 -0.2903487
v -0.0055805 0.9245904 -0.2922196
v -0.0055805 0.9270283 -0.2897817
v -0.0064310 0.9251574 -0.2887045
v -0.0064310 0.9258377 -0.2861532
v -0.0063743 0.9258377 0.3689635
v -0.1047977 0.9270283 -0.2897817
v -0.1038906 0.9251574 -0.2887045
v -0.1047977 0.9245904 -0.2922196
v -0.1038906 0.9235132 -0.2903487
v -0.1038906 0.9258377 -0.2861532
v -0.1047977 0.9212454 -0.2931267
v -0.1038906 0.9209619 -0.2910290
v -0.1047977 0.0075972 -0.2931267
v -0.1038906 0.0078807 -0.2910290
v -0.1047977 0.0075972 -0.2931267
v -0.1047977 0.0042522 -0.2922196
v -0.1038906 0.0053294 -0.2903487
v -0.1038906 0.0036852 -0.2887045
v -0.1038906 0.0030049 -0.2861532
v -0.1040040 0.0030049 0.3689635
v -0.1040040 0.9258377 0.3689635
v -0.0084153 0.9258377 0.3766741
v -0.0063743 0.9258377 0.3689635
v -0.0084153 0.0030049 0.3766741
v -0.0063743 0.0030049 0.3689635
v -0.1019062 0.9258377 0.3766741
v -0.0964068 0.9258377 0.3825137
v -0.1019062 0.0030049 0.3766741
v -0.0964068 0.0030049 0.3825137
v -0.0964068 0.9258377 0.3825137
v -0.0886962 0.9258377 0.3872194
v -0.0964068 0.0030049 0.3825137
v -0.0886962 0.0030049 0.3872194
v -0.0886962 0.9258377 0.3872194
v -0.0797950 0.9258377 0.3905077
v -0.0886962 0.0030049 0.3872194
v -0.0797950 0.0030049 0.3905077
v -0.0603484 0.0008504 0.3940796
v -0.0602917 0.0030049 0.3931724
v -0.0500298 0.0008504 0.3940796
v -0.0500298 0.0030049 0.3931724
v -0.0500298 0.9258377 0.3931724
v -0.0500298 0.9279921 0.3940796
v -0.0603484 0.9279921 0.3940796
v -0.0602917 0.9258377 0.3931724
v -0.0399380 0.9279921 0.3933425
v -0.0400514 0.9258377 0.3924921
v -0.0500298 0.9279921 0.3940796
v -0.0500298 0.9258377 0.3931724
v -0.0500298 0.0030049 0.3931724
v -0.0500298 0.0008504 0.3940796
v -0.0399380 0.0008504 0.3933425
v -0.0400514 0.0030049 0.3924921
v -0.0604051 0.9288426 0.3961773
v -0.0604618 0.9288426 0.3976514
v -0.0499164 0.9288426 0.3961773
v -0.0498597 0.9288426 0.3976514
v -0.0396545 0.9288426 0.3954403
v -0.0394278 0.9288426 0.3969143
v -0.0296761 0.9288426 0.3933992
v -0.0292793 0.9288426 0.3948166
v -0.0296761 0.9288426 0.3933992
v -0.0292793 0.9288426 0.3948166
v -0.0203214 0.9288426 0.3899408
v -0.0196410 0.9288426 0.3912448
v -0.0203214 0.9288426 0.3899408
v -0.0196410 0.9288426 0.3912448
v -0.0120438 0.9288426 0.3848949
v -0.0110800 0.9288426 0.3859721
v -0.0120438 0.9288426 0.3848949
v -0.0110800 0.9288426 0.3859721
v -0.0057506 0.9288426 0.3781481
v -0.0045600 0.9288426 0.3788285
v -0.1068954 0.9288426 -0.2865501
v -0.1084262 0.9288426 -0.2865501
v -0.1069521 0.9288426 0.3694170
v -0.1084262 0.9288426 0.3695871
v -0.1046276 0.9288426 0.3781481
v -0.1057615 0.9288426 0.3788285
v -0.0983344 0.9288426 0.3848949
v -0.0992415 0.9288426 0.3859721
v -0.0983344 0.9288426 0.3848949
v -0.0992415 0.9288426 0.3859721
v -0.0900569 0.9288426 0.3899408
v -0.0906805 0.9288426 0.3912448
v -0.0890930 0.9279921 0.3880131
v -0.0900569 0.9288426 0.3899408
v -0.0800785 0.9279921 0.3913582
v -0.0806454 0.9288426 0.3933992
v -0.0906805 0.9288426 0.3912448
v -0.0810423 0.9288426 0.3948166
v -0.0806454 0.9288426 0.3933992
v -0.0810423 0.9288426 0.3948166
v -0.0707237 0.9288426 0.3954403
v -0.0708938 0.9288426 0.3969143
v -0.0296761 0.0000000 0.3933992
v -0.0292793 0.0000000 0.3948166
v -0.0396545 0.0000000 0.3954403
v -0.0394278 0.0000000 0.3969143
vt 0.4827403 0.4177625
vt 0.4828215 0.4187371
vt 0.4813595 0.4182498
vt 0.4814407 0.4192245
vt 0.3487235 0.0057220
vt 0.3491297 0.0059656
vt 0.3487235 0.4063101
vt 0.3491297 0.4063101
vt 0.3342660 0.0200983
vt 0.3346721 0.0203419
vt 0.3342660 0.4211738
vt 0.3346721 0.4209301
vt 0.4731560 0.4063101
vt 0.4727499 0.4063101
vt 0.4731560 0.0057220
vt 0.4727499 0.0059656
vt 0.3336974 0.0198546
vt 0.3341035 0.0200983
vt 0.3336974 0.4209301
vt 0.3341035 0.4211738
vt 0.4732373 0.0010923
vt 0.4736434 0.0010923
vt 0.4732373 0.4021678
vt 0.4736434 0.4021678
vt 0.3342660 0.4282402
vt 0.3346721 0.4282402
vt 0.3342660 0.9918414
vt 0.3346721 0.9918414
vt 0.3341035 0.9918414
vt 0.3336974 0.9918414
vt 0.3341035 0.4282402
vt 0.3336974 0.4282402
vt 0.3480738 0.4211738
vt 0.3476677 0.4209301
vt 0.3480738 0.0200983
vt 0.3476677 0.0203419
vt 0.4731560 0.8795110
vt 0.4727499 0.8792674
vt 0.4731560 0.4789228
vt 0.4727499 0.4789228
vt 0.3487235 0.4789228
vt 0.3491297 0.4789228
vt 0.3487235 0.8795110
vt 0.3491297 0.8792674
vt 0.3486423 0.4209301
vt 0.3482362 0.4211738
vt 0.3486423 0.0198546
vt 0.3482362 0.0200983
vt 0.4881822 0.4021678
vt 0.4877761 0.4021678
vt 0.4881822 0.0010923
vt 0.4877761 0.0010923
vt 0.3480738 0.9918414
vt 0.3476677 0.9915977
vt 0.3480738 0.4282402
vt 0.3476677 0.4282402
vt 0.3482362 0.4282402
vt 0.3486423 0.4282402
vt 0.3482362 0.9918414
vt 0.3486423 0.9915977
vt 0.3341035 0.9942781
vt 0.3336974 0.9940344
vt 0.3341035 0.9918414
vt 0.3336974 0.9918414
vt 0.3341035 0.9964711
vt 0.3336974 0.9964711
vt 0.3341035 0.9942781
vt 0.3336974 0.9942781
vt 0.3342660 0.9942781
vt 0.3346721 0.9942781
vt 0.3342660 0.9964711
vt 0.3346721 0.9964711
vt 0.3341035 0.9989077
vt 0.3336974 0.9989077
vt 0.3341035 0.9964711
vt 0.3336974 0.9967147
vt 0.3342660 0.9964711
vt 0.3346721 0.9967147
vt 0.3342660 0.9989077
vt 0.3346721 0.9989077
vt 0.3488048 0.0035290
vt 0.3492109 0.0042599
vt 0.3487235 0.0057220
vt 0.3491297 0.0059656
vt 0.3482362 0.4258035
vt 0.3486423 0.4260471
vt 0.3482362 0.4282402
vt 0.3486423 0.4282402
vt 0.3480738 0.4258035
vt 0.3476677 0.4255598
vt 0.3480738 0.4233668
vt 0.3476677 0.4236105
vt 0.4726687 0.8834097
vt 0.4724251 0.8817040
vt 0.4729936 0.8819477
vt 0.4726687 0.8807293
vt 0.3482362 0.4211738
vt 0.3486423 0.4211738
vt 0.3482362 0.4233668
vt 0.3486423 0.4233668
vt 0.3480738 0.4233668
vt 0.3476677 0.4233668
vt 0.3480738 0.4211738
vt 0.3476677 0.4211738
vt 0.4730748 0.8817040
vt 0.4726687 0.8807293
vt 0.4731560 0.8795110
vt 0.4727499 0.8792674
vt 0.3492109 0.8834097
vt 0.3493733 0.8817040
vt 0.3496982 0.8841407
vt 0.3497794 0.8821914
vt 0.3482362 0.9918414
vt 0.3486423 0.9918414
vt 0.3482362 0.9942781
vt 0.3486423 0.9940344
vt 0.3480738 0.9964711
vt 0.3476677 0.9964711
vt 0.3480738 0.9942781
vt 0.3476677 0.9942781
vt 0.3482362 0.9942781
vt 0.3486423 0.9942781
vt 0.3482362 0.9964711
vt 0.3486423 0.9964711
vt 0.3480738 0.9989077
vt 0.3476677 0.9989077
vt 0.3480738 0.9964711
vt 0.3476677 0.9967147
vt 0.3487235 0.8795110
vt 0.3491297 0.8792674
vt 0.3488048 0.8817040
vt 0.3492109 0.8807293
vt 0.3482362 0.9964711
vt 0.3486423 0.9967147
vt 0.3482362 0.9989077
vt 0.3486423 0.9989077
vt 0.3341035 0.4233668
vt 0.3336974 0.4233668
vt 0.3341035 0.4211738
vt 0.3336974 0.4211738
vt 0.3342660 0.4211738
vt 0.3346721 0.4211738
vt 0.3342660 0.4233668
vt 0.3346721 0.4233668
vt 0.4731560 0.0057220
vt 0.4727499 0.0059656
vt 0.4730748 0.0035290
vt 0.4726687 0.0042599
vt 0.3341035 0.4258035
vt 0.3336974 0.4255598
vt 0.3341035 0.4233668
vt 0.3336974 0.4236105
vt 0.3342660 0.4233668
vt 0.3346721 0.4236105
vt 0.3342660 0.4258035
vt 0.3346721 0.4255598
vt 0.3341035 0.4282402
vt 0.3336974 0.4282402
vt 0.3341035 0.4258035
vt 0.3336974 0.4260471
vt 0.4813595 0.4165441
vt 0.4813595 0.4182498
vt 0.4800599 0.4165441
vt 0.4799787 0.4182498
vt 0.3405201 0.0057220
vt 0.3404389 0.0037726
vt 0.3418197 0.0057220
vt 0.3419009 0.0037726
vt 0.4727499 0.4272655
vt 0.4731560 0.4272655
vt 0.4727499 0.4333572
vt 0.4731560 0.4333572
vt 0.3379210 0.0071839
vt 0.3377585 0.0054783
vt 0.3391393 0.0062093
vt 0.3404389 0.0037726
vt 0.3405201 0.0057220
vt 0.3391393 0.0042599
vt 0.4727499 0.4216611
vt 0.4731560 0.4216611
vt 0.4727499 0.4272655
vt 0.4731560 0.4272655
vt 0.3367026 0.0093769
vt 0.3365402 0.0076713
vt 0.3379210 0.0071839
vt 0.3377585 0.0054783
vt 0.3491297 0.4272655
vt 0.3487235 0.4272655
vt 0.3491297 0.4216611
vt 0.3487235 0.4216611
vt 0.4800599 0.4165441
vt 0.4799787 0.4182498
vt 0.4786792 0.4160568
vt 0.4785979 0.4177625
vt 0.4774608 0.4148384
vt 0.4772984 0.4165441
vt 0.4762425 0.4128891
vt 0.4760801 0.4145948
vt 0.4727499 0.4160568
vt 0.4731560 0.4160568
vt 0.4727499 0.4216611
vt 0.4731560 0.4216611
vt 0.3491297 0.4216611
vt 0.3487235 0.4216611
vt 0.3491297 0.4160568
vt 0.3487235 0.4160568
vt 0.4762425 0.4128891
vt 0.4760801 0.4145948
vt 0.4751866 0.4099651
vt 0.4749429 0.4114271
vt 0.4727499 0.4111835
vt 0.4731560 0.4111835
vt 0.4727499 0.4160568
vt 0.4731560 0.4160568
vt 0.3349970 0.0157123
vt 0.3345909 0.0147376
vt 0.3357280 0.0120573
vt 0.3365402 0.0076713
vt 0.3367026 0.0093769
vt 0.3354031 0.0108390
vt 0.3491297 0.4160568
vt 0.3487235 0.4160568
vt 0.3491297 0.4111835
vt 0.3487235 0.4111835
vt 0.4751866 0.4099651
vt 0.4749429 0.4114271
vt 0.4744556 0.4063101
vt 0.4741307 0.4072848
vt 0.4727499 0.4063101
vt 0.4731560 0.4063101
vt 0.4727499 0.4111835
vt 0.4731560 0.4111835
vt 0.3346721 0.0203419
vt 0.3342660 0.0200983
vt 0.3349970 0.0157123
vt 0.3345909 0.0147376
vt 0.3491297 0.4111835
vt 0.3487235 0.4111835
vt 0.3491297 0.4063101
vt 0.3487235 0.4063101
vt 0.4744556 0.4063101
vt 0.4741307 0.4072848
vt 0.4742119 0.4016804
vt 0.4738058 0.0010923
vt 0.4742119 0.0010923
vt 0.4738058 0.4019241
vt 0.4727499 0.4740495
vt 0.4731560 0.4740495
vt 0.4727499 0.4789228
vt 0.4731560 0.4789228
vt 0.3473428 0.0157123
vt 0.3477489 0.0147376
vt 0.3476677 0.0203419
vt 0.3480738 0.0200983
vt 0.3491297 0.4789228
vt 0.3487235 0.4789228
vt 0.3491297 0.4740495
vt 0.3487235 0.4740495
vt 0.4727499 0.4691761
vt 0.4731560 0.4691761
vt 0.4727499 0.4740495
vt 0.4731560 0.4740495
vt 0.3491297 0.4740495
vt 0.3487235 0.4740495
vt 0.3491297 0.4691761
vt 0.3487235 0.4691761
vt 0.4872075 0.0010923
vt 0.4875324 0.0010923
vt 0.4872075 0.4016804
vt 0.4876136 0.4019241
vt 0.4868826 0.4063101
vt 0.4872887 0.4072848
vt 0.4861516 0.4099651
vt 0.4863953 0.4114271
vt 0.4727499 0.4635718
vt 0.4731560 0.4635718
vt 0.4727499 0.4691761
vt 0.4731560 0.4691761
vt 0.3491297 0.4691761
vt 0.3487235 0.4691761
vt 0.3491297 0.4635718
vt 0.3487235 0.4635718
vt 0.4861516 0.4099651
vt 0.4863953 0.4114271
vt 0.4851769 0.4128891
vt 0.4853394 0.4145948
vt 0.4727499 0.4577238
vt 0.4731560 0.4577238
vt 0.4727499 0.4635718
vt 0.4731560 0.4635718
vt 0.3491297 0.4635718
vt 0.3487235 0.4635718
vt 0.3491297 0.4577238
vt 0.3487235 0.4577238
vt 0.3491297 0.4577238
vt 0.3487235 0.4577238
vt 0.3491297 0.4518758
vt 0.3487235 0.4518758
vt 0.3418197 0.0057220
vt 0.3419009 0.0037726
vt 0.3432004 0.0062093
vt 0.3457995 0.0076713
vt 0.3456371 0.0093769
vt 0.3445812 0.0054783
vt 0.3444188 0.0071839
vt 0.3432004 0.0042599
vt 0.4839586 0.4148384
vt 0.4841211 0.4165441
vt 0.4827403 0.4160568
vt 0.4827403 0.4177625
vt 0.4813595 0.4165441
vt 0.4813595 0.4182498
vt 0.4814407 0.4192245
vt 0.4814407 0.4211738
vt 0.4799787 0.4192245
vt 0.4799787 0.4211738
vt 0.3404389 0.0030416
vt 0.3404389 0.0010923
vt 0.3419009 0.0030416
vt 0.3419009 0.0010923
vt 0.3390581 0.0032853
vt 0.3390581 0.0015796
vt 0.3404389 0.0030416
vt 0.3404389 0.0010923
vt 0.4799787 0.4192245
vt 0.4799787 0.4211738
vt 0.4785979 0.4187371
vt 0.4785979 0.4206865
vt 0.3377585 0.0047473
vt 0.3375961 0.0027979
vt 0.3390581 0.0032853
vt 0.3389769 0.0015796
vt 0.4785979 0.4187371
vt 0.4785167 0.4206865
vt 0.4772984 0.4175188
vt 0.4771359 0.4192245
vt 0.3364590 0.0069403
vt 0.3362965 0.0052346
vt 0.3377585 0.0047473
vt 0.3375961 0.0027979
vt 0.4772984 0.4175188
vt 0.4771359 0.4192245
vt 0.4759988 0.4153258
vt 0.4758364 0.4170314
vt 0.3353219 0.0101079
vt 0.3350782 0.0086460
vt 0.3364590 0.0069403
vt 0.3362965 0.0052346
vt 0.4759988 0.4153258
vt 0.4758364 0.4170314
vt 0.4748617 0.4121582
vt 0.4746181 0.4136201
vt 0.3344284 0.0144940
vt 0.3341035 0.0135193
vt 0.3353219 0.0101079
vt 0.3350782 0.0086460
vt 0.4748617 0.4121582
vt 0.4746181 0.4133765
vt 0.4739683 0.4077721
vt 0.4736434 0.4087468
vt 0.3341035 0.0200983
vt 0.3336974 0.0198546
vt 0.3344284 0.0144940
vt 0.3341035 0.0137630
vt 0.4739683 0.4077721
vt 0.4736434 0.4085031
vt 0.4736434 0.4021678
vt 0.4732373 0.4024115
vt 0.3479113 0.0144940
vt 0.3482362 0.0137630
vt 0.3482362 0.0200983
vt 0.3486423 0.0198546
vt 0.4877761 0.4021678
vt 0.4881822 0.4024115
vt 0.4874512 0.4077721
vt 0.4877761 0.4085031
vt 0.3470179 0.0101079
vt 0.3472615 0.0086460
vt 0.3479113 0.0144940
vt 0.3482362 0.0135193
vt 0.4874512 0.4077721
vt 0.4877761 0.4087468
vt 0.4865577 0.4121582
vt 0.4868014 0.4133765
vt 0.3458808 0.0069403
vt 0.3460432 0.0052346
vt 0.3470179 0.0101079
vt 0.3472615 0.0086460
vt 0.4865577 0.4121582
vt 0.4868014 0.4136201
vt 0.4854206 0.4153258
vt 0.4855831 0.4170314
vt 0.3445812 0.0047473
vt 0.3447437 0.0027979
vt 0.3458808 0.0069403
vt 0.3460432 0.0052346
vt 0.4854206 0.4153258
vt 0.4855831 0.4170314
vt 0.4841211 0.4175188
vt 0.4842835 0.4192245
vt 0.3432817 0.0032853
vt 0.3432817 0.0015796
vt 0.3445812 0.0047473
vt 0.3447437 0.0027979
vt 0.4841211 0.4175188
vt 0.4842023 0.4192245
vt 0.4828215 0.4187371
vt 0.4828215 0.4206865
vt 0.3419009 0.0030416
vt 0.3419009 0.0010923
vt 0.3432817 0.0032853
vt 0.3432817 0.0015796
vt 0.4828215 0.4187371
vt 0.4828215 0.4206865
vt 0.4814407 0.4192245
vt 0.4814407 0.4211738
vt 0.3482362 0.9942781
vt 0.3482362 0.9964711
vt 0.3480738 0.9942781
vt 0.3480738 0.9964711
vt 0.3342660 0.9964711
vt 0.3342660 0.9989077
vt 0.3341035 0.9964711
vt 0.3341035 0.9989077
vt 0.3342660 0.9942781
vt 0.3342660 0.9964711
vt 0.3341035 0.9942781
vt 0.3341035 0.9964711
vt 0.3480738 0.4233668
vt 0.3480738 0.4211738
vt 0.3482362 0.4233668
vt 0.3482362 0.4211738
vt 0.3342660 0.4211738
vt 0.3342660 0.4233668
vt 0.3341035 0.4211738
vt 0.3341035 0.4233668
vt 0.3480738 0.4258035
vt 0.3480738 0.4233668
vt 0.3482362 0.4258035
vt 0.3486423 0.4255598
vt 0.3486423 0.4236105
vt 0.3482362 0.4233668
vt 0.3480738 0.4282402
vt 0.3482362 0.4282402
vt 0.3480738 0.9918414
vt 0.3482362 0.9918414
vt 0.3476677 0.4260471
vt 0.3480738 0.4258035
vt 0.3476677 0.4282402
vt 0.3480738 0.4282402
vt 0.3482362 0.4282402
vt 0.3482362 0.4258035
vt 0.3482362 0.9918414
vt 0.3482362 0.9942781
vt 0.3480738 0.9918414
vt 0.3476677 0.9918414
vt 0.3476677 0.9940344
vt 0.3480738 0.9942781
vt 0.3346721 0.4282402
vt 0.3342660 0.4282402
vt 0.3346721 0.4260471
vt 0.3342660 0.4258035
vt 0.3341035 0.4258035
vt 0.3341035 0.4282402
vt 0.3346721 0.9940344
vt 0.3342660 0.9942781
vt 0.3346721 0.9918414
vt 0.3342660 0.9918414
vt 0.3341035 0.9918414
vt 0.3341035 0.9942781
vt 0.3342660 0.9918414
vt 0.3341035 0.9918414
vt 0.3342660 0.4282402
vt 0.3341035 0.4282402
vt 0.3404389 0.0037726
vt 0.3404389 0.0030416
vt 0.3419009 0.0037726
vt 0.3419009 0.0030416
vt 0.3491297 0.4577238
vt 0.3491297 0.4518758
vt 0.4727499 0.4577238
vt 0.4731560 0.4577238
vt 0.4731560 0.4518758
vt 0.4727499 0.4518758
vt 0.3342660 0.4233668
vt 0.3342660 0.4258035
vt 0.3341035 0.4233668
vt 0.3341035 0.4258035
vt 0.3456371 0.0093769
vt 0.3457995 0.0076713
vt 0.3466118 0.0120573
vt 0.3477489 0.0147376
vt 0.3473428 0.0157123
vt 0.3469367 0.0108390
vt 0.3458808 0.0069403
vt 0.3470179 0.0101079
vt 0.3419009 0.0037726
vt 0.3419009 0.0030416
vt 0.3432004 0.0042599
vt 0.3432817 0.0032853
vt 0.3477489 0.0147376
vt 0.3479113 0.0144940
vt 0.3480738 0.0200983
vt 0.3482362 0.0200983
vt 0.4799787 0.4182498
vt 0.4799787 0.4192245
vt 0.4785979 0.4177625
vt 0.4785979 0.4187371
vt 0.4876136 0.4019241
vt 0.4877761 0.4021678
vt 0.4872887 0.4072848
vt 0.4874512 0.4077721
vt 0.3469367 0.0108390
vt 0.3470179 0.0101079
vt 0.3477489 0.0147376
vt 0.3479113 0.0144940
vt 0.3487235 0.4457841
vt 0.3491297 0.4457841
vt 0.3487235 0.4518758
vt 0.3491297 0.4518758
vt 0.4727499 0.4518758
vt 0.4731560 0.4518758
vt 0.4731560 0.4457841
vt 0.4727499 0.4457841
vt 0.3342660 0.0200983
vt 0.3341035 0.0200983
vt 0.3345909 0.0147376
vt 0.3344284 0.0144940
vt 0.3432004 0.0042599
vt 0.3432817 0.0032853
vt 0.3445812 0.0054783
vt 0.3458808 0.0069403
vt 0.3457995 0.0076713
vt 0.3445812 0.0047473
vt 0.3342660 0.4211738
vt 0.3341035 0.4211738
vt 0.3342660 0.0200983
vt 0.3341035 0.0200983
vt 0.3365402 0.0076713
vt 0.3364590 0.0069403
vt 0.3377585 0.0054783
vt 0.3377585 0.0047473
vt 0.4738058 0.4019241
vt 0.4736434 0.4021678
vt 0.4738058 0.0010923
vt 0.4736434 0.0010923
vt 0.3391393 0.0042599
vt 0.3390581 0.0032853
vt 0.3404389 0.0037726
vt 0.3404389 0.0030416
vt 0.4741307 0.4072848
vt 0.4739683 0.4077721
vt 0.4738058 0.4019241
vt 0.4736434 0.4021678
vt 0.3480738 0.0200983
vt 0.3482362 0.0200983
vt 0.3480738 0.4211738
vt 0.3482362 0.4211738
vt 0.3345909 0.0147376
vt 0.3344284 0.0144940
vt 0.3354031 0.0108390
vt 0.3353219 0.0101079
vt 0.3365402 0.0076713
vt 0.3364590 0.0069403
vt 0.3491297 0.4789228
vt 0.3491297 0.4740495
vt 0.4727499 0.4789228
vt 0.4727499 0.4740495
vt 0.3491297 0.4160568
vt 0.3491297 0.4111835
vt 0.4727499 0.4160568
vt 0.4727499 0.4111835
vt 0.3482362 0.9964711
vt 0.3482362 0.9989077
vt 0.3480738 0.9964711
vt 0.3480738 0.9989077
vt 0.3487235 0.4272655
vt 0.3491297 0.4272655
vt 0.3487235 0.4333572
vt 0.3491297 0.4333572
vt 0.4727499 0.4333572
vt 0.4727499 0.4272655
vt 0.3491297 0.4272655
vt 0.3491297 0.4216611
vt 0.4727499 0.4272655
vt 0.4727499 0.4216611
vt 0.3491297 0.4216611
vt 0.3491297 0.4160568
vt 0.4727499 0.4216611
vt 0.4727499 0.4160568
vt 0.4727499 0.0059656
vt 0.4727499 0.4063101
vt 0.4726687 0.0042599
vt 0.4729936 0.0032853
vt 0.4726687 0.0018233
vt 0.4724251 0.0032853
vt 0.4726687 0.0015796
vt 0.4721814 0.0010923
vt 0.4721002 0.0030416
vt 0.4721814 0.0010923
vt 0.3496982 0.0010923
vt 0.3497794 0.0030416
vt 0.3496982 0.0010923
vt 0.3492109 0.0015796
vt 0.3493733 0.0032853
vt 0.3492109 0.0018233
vt 0.3488860 0.0032853
vt 0.3492109 0.0042599
vt 0.3491297 0.0059656
vt 0.3491297 0.4063101
vt 0.3488860 0.8819477
vt 0.3492109 0.8807293
vt 0.3492109 0.8834097
vt 0.3493733 0.8817040
vt 0.3491297 0.8792674
vt 0.3496982 0.8841407
vt 0.3497794 0.8821914
vt 0.4721814 0.8841407
vt 0.4721002 0.8821914
vt 0.4721814 0.8841407
vt 0.4726687 0.8834097
vt 0.4724251 0.8817040
vt 0.4726687 0.8807293
vt 0.4727499 0.8792674
vt 0.4727499 0.4789228
vt 0.3491297 0.4789228
vt 0.3491297 0.4111835
vt 0.3491297 0.4063101
vt 0.4727499 0.4111835
vt 0.4727499 0.4063101
vt 0.3491297 0.4740495
vt 0.3491297 0.4691761
vt 0.4727499 0.4740495
vt 0.4727499 0.4691761
vt 0.3491297 0.4691761
vt 0.3491297 0.4635718
vt 0.4727499 0.4691761
vt 0.4727499 0.4635718
vt 0.3491297 0.4635718
vt 0.3491297 0.4577238
vt 0.4727499 0.4635718
vt 0.4727499 0.4577238
vt 0.4731560 0.4457841
vt 0.4727499 0.4457841
vt 0.4731560 0.4394488
vt 0.4727499 0.4394488
vt 0.3491297 0.4394488
vt 0.3487235 0.4394488
vt 0.3487235 0.4457841
vt 0.3491297 0.4457841
vt 0.3487235 0.4333572
vt 0.3491297 0.4333572
vt 0.3487235 0.4394488
vt 0.3491297 0.4394488
vt 0.4727499 0.4394488
vt 0.4731560 0.4394488
vt 0.4731560 0.4333572
vt 0.4727499 0.4333572
vt 0.4813595 0.4182498
vt 0.4814407 0.4192245
vt 0.4799787 0.4182498
vt 0.4799787 0.4192245
vt 0.4785979 0.4177625
vt 0.4785979 0.4187371
vt 0.4772984 0.4165441
vt 0.4772984 0.4175188
vt 0.4772984 0.4165441
vt 0.4772984 0.4175188
vt 0.4760801 0.4145948
vt 0.4759988 0.4153258
vt 0.4760801 0.4145948
vt 0.4759988 0.4153258
vt 0.4749429 0.4114271
vt 0.4748617 0.4121582
vt 0.4749429 0.4114271
vt 0.4748617 0.4121582
vt 0.4741307 0.4072848
vt 0.4739683 0.4077721
vt 0.4875324 0.0010923
vt 0.4877761 0.0010923
vt 0.4876136 0.4019241
vt 0.4877761 0.4021678
vt 0.4872887 0.4072848
vt 0.4874512 0.4077721
vt 0.4863953 0.4114271
vt 0.4865577 0.4121582
vt 0.4863953 0.4114271
vt 0.4865577 0.4121582
vt 0.4853394 0.4145948
vt 0.4854206 0.4153258
vt 0.4851769 0.4128891
vt 0.4853394 0.4145948
vt 0.4839586 0.4148384
vt 0.4841211 0.4165441
vt 0.4854206 0.4153258
vt 0.4841211 0.4175188
vt 0.4841211 0.4165441
vt 0.4841211 0.4175188
vt 0.4827403 0.4177625
vt 0.4828215 0.4187371
vt 0.3377585 0.0054783
vt 0.3377585 0.0047473
vt 0.3391393 0.0042599
vt 0.3390581 0.0032853
vn 0.0314383 0.9721694 -0.2321599
vn -0.0315507 0.9707909 0.2378437
vn 0.0071289 0.9719078 -0.2352539
vn -0.0095270 0.9717564 0.2357938
vn -0.7071041 0.7071041 -0.0027729
vn -0.9999981 0.0019608 0.0000000
vn -0.7071041 0.7071041 -0.0027729
vn -0.9999961 0.0019646 -0.0019646
vn -0.2391908 -0.9709726 0.0000000
vn -0.7071041 -0.7071041 -0.0027729
vn -0.2397414 -0.9708339 -0.0023737
vn -0.7071041 -0.7071041 -0.0027729
vn -0.7071041 -0.7071041 -0.0027729
vn -0.9999961 -0.0019646 -0.0019646
vn -0.7071041 -0.7071041 -0.0027729
vn -0.9999981 -0.0019608 0.0000000
vn 0.7071041 -0.7071041 0.0027729
vn 0.2397414 -0.9708339 0.0023737
vn 0.7071041 -0.7071041 -0.0027729
vn 0.2397414 -0.9708339 -0.0023737
vn 0.7071041 0.7071041 -0.0027729
vn 0.2397413 0.9708339 -0.0023737
vn 0.7071041 0.7071041 0.0027729
vn 0.2397413 0.9708339 0.0023737
vn -0.2391908 0.0000000 -0.9709726
vn -0.7057216 0.0000000 -0.7084892
vn -0.2391908 0.0000000 -0.9709726
vn -0.7057216 0.0000000 -0.7084892
vn 0.2391908 0.0000000 -0.9709726
vn 0.7057216 0.0000000 -0.7084892
vn 0.2391908 0.0000000 -0.9709726
vn 0.7057216 0.0000000 -0.7084892
vn 0.2397414 -0.9708339 -0.0023737
vn 0.7071041 -0.7071041 -0.0027729
vn 0.2391908 -0.9709726 0.0000000
vn 0.7071041 -0.7071041 -0.0027729
vn 0.7071041 -0.7071041 -0.0027729
vn 0.9999981 -0.0019608 0.0000000
vn 0.7071041 -0.7071041 -0.0027729
vn 0.9999961 -0.0019646 -0.0019646
vn 0.7071041 0.7071041 -0.0027729
vn 0.9999961 0.0019646 -0.0019646
vn 0.7071041 0.7071041 -0.0027729
vn 0.9999981 0.0019608 0.0000000
vn -0.7071041 -0.7071041 -0.0027729
vn -0.2397414 -0.9708339 -0.0023737
vn -0.7071041 -0.7071041 0.0027729
vn -0.2397413 -0.9708339 0.0023737
vn -0.7071041 0.7071041 0.0027729
vn -0.2397413 0.9708339 0.0023737
vn -0.7071041 0.7071041 -0.0027729
vn -0.2397414 0.9708339 -0.0023737
vn 0.2391908 0.0000000 -0.9709726
vn 0.7057216 0.0000000 -0.7084892
vn 0.2391908 0.0000000 -0.9709726
vn 0.7057216 0.0000000 -0.7084892
vn -0.2391908 0.0000000 -0.9709726
vn -0.7057216 0.0000000 -0.7084892
vn -0.2391908 0.0000000 -0.9709726
vn -0.7057216 0.0000000 -0.7084892
vn 0.2458422 0.4855383 -0.8389364
vn 0.6898012 0.3613245 -0.6273906
vn 0.2391908 0.0000000 -0.9709726
vn 0.7057216 0.0000000 -0.7084892
vn 0.2458422 0.8389364 -0.4855383
vn 0.6898012 0.6273906 -0.3613245
vn 0.2458422 0.4855383 -0.8389364
vn 0.6898012 0.3613245 -0.6273906
vn -0.2458422 0.4855383 -0.8389364
vn -0.6898012 0.3613245 -0.6273906
vn -0.2458422 0.8389364 -0.4855383
vn -0.6898012 0.6273906 -0.3613245
vn 0.2397413 0.9708339 -0.0023737
vn 0.7071041 0.7071041 -0.0027729
vn 0.2458422 0.8389364 -0.4855383
vn 0.6898012 0.6273906 -0.3613245
vn -0.2458422 0.8389364 -0.4855383
vn -0.6898012 0.6273906 -0.3613245
vn -0.2397414 0.9708339 -0.0023737
vn -0.7071041 0.7071041 -0.0027729
vn -0.6898012 0.6273906 -0.3613245
vn -1.0000000 0.0000000 0.0000000
vn -0.7071041 0.7071041 -0.0027729
vn -0.9999981 0.0019608 0.0000000
vn -0.2458422 -0.4855383 -0.8389364
vn -0.6898012 -0.3613245 -0.6273906
vn -0.2391908 0.0000000 -0.9709726
vn -0.7057216 0.0000000 -0.7084892
vn 0.2458422 -0.4855383 -0.8389364
vn 0.6898012 -0.3613245 -0.6273906
vn 0.2458422 -0.8389364 -0.4855383
vn 0.6898012 -0.6273906 -0.3613245
vn 0.6898012 -0.3613245 -0.6273906
vn 1.0000000 0.0000000 0.0000000
vn 0.6898012 -0.6273906 -0.3613245
vn 1.0000000 0.0000000 0.0000000
vn -0.2397414 -0.9708339 -0.0023737
vn -0.7071041 -0.7071041 -0.0027729
vn -0.2458422 -0.8389364 -0.4855383
vn -0.6898012 -0.6273906 -0.3613245
vn 0.2458422 -0.8389364 -0.4855383
vn 0.6898012 -0.6273906 -0.3613245
vn 0.2397414 -0.9708339 -0.0023737
vn 0.7071041 -0.7071041 -0.0027729
vn 0.6898012 -0.6273906 -0.3613245
vn 1.0000000 0.0000000 0.0000000
vn 0.7071041 -0.7071041 -0.0027729
vn 0.9999981 -0.0019608 0.0000000
vn 0.6898012 0.3613245 -0.6273906
vn 1.0000000 0.0000000 0.0000000
vn 0.7057216 0.0000000 -0.7084892
vn 0.9999981 0.0000000 -0.0019608
vn -0.2391908 0.0000000 -0.9709726
vn -0.7057216 0.0000000 -0.7084892
vn -0.2458422 0.4855383 -0.8389364
vn -0.6898012 0.3613245 -0.6273906
vn 0.2458422 0.8389364 -0.4855383
vn 0.6898012 0.6273906 -0.3613245
vn 0.2458422 0.4855383 -0.8389364
vn 0.6898012 0.3613245 -0.6273906
vn -0.2458422 0.4855383 -0.8389364
vn -0.6898012 0.3613245 -0.6273906
vn -0.2458422 0.8389364 -0.4855383
vn -0.6898012 0.6273906 -0.3613245
vn 0.2397413 0.9708339 -0.0023737
vn 0.7071041 0.7071041 -0.0027729
vn 0.2458422 0.8389364 -0.4855383
vn 0.6898012 0.6273906 -0.3613245
vn 0.7071041 0.7071041 -0.0027729
vn 0.9999981 0.0019608 0.0000000
vn 0.6898012 0.6273906 -0.3613245
vn 1.0000000 0.0000000 0.0000000
vn -0.2458422 0.8389364 -0.4855383
vn -0.6898012 0.6273906 -0.3613245
vn -0.2397414 0.9708339 -0.0023737
vn -0.7071041 0.7071041 -0.0027729
vn 0.2458422 -0.8389364 -0.4855383
vn 0.6898012 -0.6273906 -0.3613245
vn 0.2397414 -0.9708339 -0.0023737
vn 0.7071041 -0.7071041 -0.0027729
vn -0.2397414 -0.9708339 -0.0023737
vn -0.7071041 -0.7071041 -0.0027729
vn -0.2458422 -0.8389364 -0.4855383
vn -0.6898012 -0.6273906 -0.3613245
vn -0.7071041 -0.7071041 -0.0027729
vn -0.9999981 -0.0019608 0.0000000
vn -0.6898012 -0.6273906 -0.3613245
vn -1.0000000 0.0000000 0.0000000
vn 0.2458422 -0.4855383 -0.8389364
vn 0.6898012 -0.3613245 -0.6273906
vn 0.2458422 -0.8389364 -0.4855383
vn 0.6898012 -0.6273906 -0.3613245
vn -0.2458422 -0.8389364 -0.4855383
vn -0.6898012 -0.6273906 -0.3613245
vn -0.2458422 -0.4855383 -0.8389364
vn -0.6898012 -0.3613245 -0.6273906
vn 0.2391908 0.0000000 -0.9709726
vn 0.7057216 0.0000000 -0.7084892
vn 0.2458422 -0.4855383 -0.8389364
vn 0.6898012 -0.3613245 -0.6273906
vn 0.0253461 0.7096903 -0.7040577
vn 0.0095103 0.9724296 -0.2330027
vn -0.0253460 0.7096902 -0.7040578
vn -0.0071290 0.9719078 -0.2352539
vn -0.0253461 -0.7096903 -0.7040577
vn -0.0071290 -0.9719078 -0.2352539
vn 0.0253461 -0.7096903 -0.7040577
vn 0.0071290 -0.9719078 -0.2352539
vn -0.2731246 0.0000000 -0.9619787
vn -0.1916054 -0.7107946 -0.6768001
vn -0.1343270 0.0000000 -0.9909371
vn -0.0940570 -0.7083671 -0.6995493
vn -0.1916054 -0.7107946 -0.6768001
vn -0.0641647 -0.9723417 -0.2245764
vn -0.0940570 -0.7083671 -0.6995493
vn -0.0095103 -0.9724296 -0.2330027
vn -0.0253461 -0.7096903 -0.7040577
vn -0.0314383 -0.9721694 -0.2321599
vn -0.4335800 0.0000000 -0.9011151
vn -0.3032369 -0.7129292 -0.6322810
vn -0.2731246 0.0000000 -0.9619787
vn -0.1916054 -0.7107946 -0.6768001
vn -0.3032369 -0.7129292 -0.6322810
vn -0.1004959 -0.9722974 -0.2110413
vn -0.1916054 -0.7107946 -0.6768001
vn -0.0641647 -0.9723417 -0.2245764
vn -0.2731246 0.0000000 -0.9619787
vn -0.1916054 0.7107946 -0.6768001
vn -0.4335800 0.0000000 -0.9011151
vn -0.3032369 0.7129292 -0.6322810
vn -0.0253460 0.7096902 -0.7040578
vn -0.0095103 0.9724296 -0.2330027
vn -0.0940570 0.7083671 -0.6995493
vn -0.0314383 0.9721694 -0.2321599
vn -0.1916054 0.7107946 -0.6768001
vn -0.0641647 0.9723417 -0.2245764
vn -0.3032369 0.7129292 -0.6322810
vn -0.1004959 0.9722974 -0.2110413
vn -0.6243595 0.0000000 -0.7811371
vn -0.4349473 -0.7171648 -0.5445140
vn -0.4335800 0.0000000 -0.9011151
vn -0.3032369 -0.7129292 -0.6322810
vn -0.4335800 0.0000000 -0.9011151
vn -0.3032369 0.7129292 -0.6322810
vn -0.6243595 0.0000000 -0.7811371
vn -0.4349473 0.7171648 -0.5445140
vn -0.3032369 0.7129292 -0.6322810
vn -0.1004959 0.9722974 -0.2110413
vn -0.4349473 0.7171648 -0.5445140
vn -0.1479374 0.9717965 -0.1836467
vn -0.8715044 0.0000000 -0.4903878
vn -0.5981060 -0.7281291 -0.3348093
vn -0.6243595 0.0000000 -0.7811371
vn -0.4349473 -0.7171648 -0.5445140
vn -0.5981060 -0.7281291 -0.3348093
vn -0.2045487 -0.9722377 -0.1136382
vn -0.4349473 -0.7171648 -0.5445140
vn -0.1004959 -0.9722974 -0.2110413
vn -0.3032369 -0.7129292 -0.6322810
vn -0.1479375 -0.9717965 -0.1836466
vn -0.6243595 0.0000000 -0.7811371
vn -0.4349473 0.7171648 -0.5445140
vn -0.8715044 0.0000000 -0.4903878
vn -0.5981059 0.7281291 -0.3348095
vn -0.4349473 0.7171648 -0.5445140
vn -0.1479374 0.9717965 -0.1836467
vn -0.5981059 0.7281291 -0.3348095
vn -0.2045487 0.9722377 -0.1136382
vn -0.9999961 -0.0019646 -0.0019646
vn -0.7071041 -0.7071041 -0.0027729
vn -0.8715044 0.0000000 -0.4903878
vn -0.5981060 -0.7281291 -0.3348093
vn -0.7071041 -0.7071041 -0.0027729
vn -0.2391908 -0.9709726 0.0000000
vn -0.5981060 -0.7281291 -0.3348093
vn -0.2045487 -0.9722377 -0.1136382
vn -0.8715044 0.0000000 -0.4903878
vn -0.5981059 0.7281291 -0.3348095
vn -0.9999923 0.0000000 -0.0039292
vn -0.7071041 0.7071041 -0.0027729
vn -0.5981059 0.7281291 -0.3348095
vn -0.2045487 0.9722377 -0.1136382
vn -0.7071041 0.7071041 -0.0027729
vn -0.2397414 0.9708339 -0.0023737
vn -0.7071041 0.7071041 -0.0027729
vn -0.2391908 0.9709726 0.0000000
vn 0.8715044 0.0000000 -0.4903878
vn 0.5981060 -0.7281291 -0.3348093
vn 0.9999961 -0.0019646 -0.0019646
vn 0.7071041 -0.7071041 -0.0027729
vn 0.5981060 -0.7281291 -0.3348093
vn 0.2045487 -0.9722377 -0.1136382
vn 0.7071041 -0.7071041 -0.0027729
vn 0.2391908 -0.9709726 0.0000000
vn 0.9999923 0.0000000 -0.0039292
vn 0.7071041 0.7071041 -0.0027729
vn 0.8715044 0.0000000 -0.4903878
vn 0.5981060 0.7281291 -0.3348093
vn 0.6243595 0.0000000 -0.7811371
vn 0.4349472 -0.7171648 -0.5445141
vn 0.8715044 0.0000000 -0.4903878
vn 0.5981060 -0.7281291 -0.3348093
vn 0.8715044 0.0000000 -0.4903878
vn 0.5981060 0.7281291 -0.3348093
vn 0.6243595 0.0000000 -0.7811371
vn 0.4349473 0.7171648 -0.5445141
vn 0.7071041 0.7071041 -0.0027729
vn 0.2397413 0.9708339 -0.0023737
vn 0.7071041 0.7071041 -0.0027729
vn 0.2391908 0.9709726 0.0000000
vn 0.5981060 0.7281291 -0.3348093
vn 0.2045487 0.9722377 -0.1136382
vn 0.4349473 0.7171648 -0.5445141
vn 0.1479375 0.9717965 -0.1836466
vn 0.4335800 0.0000000 -0.9011151
vn 0.3032368 -0.7129292 -0.6322811
vn 0.6243595 0.0000000 -0.7811371
vn 0.4349472 -0.7171648 -0.5445141
vn 0.6243595 0.0000000 -0.7811371
vn 0.4349473 0.7171648 -0.5445141
vn 0.4335800 0.0000000 -0.9011151
vn 0.3032368 0.7129292 -0.6322811
vn 0.4349473 0.7171648 -0.5445141
vn 0.1479375 0.9717965 -0.1836466
vn 0.3032368 0.7129292 -0.6322811
vn 0.1004958 0.9722974 -0.2110413
vn 0.2731246 0.0000000 -0.9619787
vn 0.1916054 -0.7107946 -0.6768001
vn 0.4335800 0.0000000 -0.9011151
vn 0.3032368 -0.7129292 -0.6322811
vn 0.4335800 0.0000000 -0.9011151
vn 0.3032368 0.7129292 -0.6322811
vn 0.2731246 0.0000000 -0.9619787
vn 0.1916055 0.7107945 -0.6768002
vn 0.2731246 0.0000000 -0.9619787
vn 0.1916055 0.7107945 -0.6768002
vn 0.1343270 0.0000000 -0.9909371
vn 0.0940570 0.7083671 -0.6995493
vn 0.0253461 -0.7096903 -0.7040577
vn 0.0095103 -0.9724296 -0.2330027
vn 0.0940570 -0.7083671 -0.6995493
vn 0.1004958 -0.9722974 -0.2110413
vn 0.3032368 -0.7129292 -0.6322811
vn 0.0641646 -0.9723417 -0.2245764
vn 0.1916054 -0.7107946 -0.6768001
vn 0.0314383 -0.9721694 -0.2321599
vn 0.1916055 0.7107945 -0.6768002
vn 0.0641646 0.9723417 -0.2245764
vn 0.0940570 0.7083671 -0.6995493
vn 0.0314383 0.9721694 -0.2321599
vn 0.0253461 0.7096903 -0.7040577
vn 0.0095103 0.9724296 -0.2330027
vn -0.0095270 0.9717564 0.2357938
vn -0.0253460 0.7040578 0.7096902
vn 0.0095271 0.9717564 0.2357938
vn 0.0253460 0.7040578 0.7096902
vn 0.0095271 -0.9717564 0.2357938
vn 0.0253461 -0.7040577 0.7096903
vn -0.0095270 -0.9717564 0.2357938
vn -0.0253460 -0.7040578 0.7096902
vn 0.0315507 -0.9707909 0.2378437
vn 0.0971711 -0.7066989 0.7008098
vn 0.0095271 -0.9717564 0.2357938
vn 0.0253461 -0.7040577 0.7096903
vn 0.0095271 0.9717564 0.2357938
vn 0.0253460 0.7040578 0.7096902
vn 0.0315507 0.9707909 0.2378437
vn 0.0971711 0.7066989 0.7008098
vn 0.0669053 -0.9713659 0.2279737
vn 0.1950239 -0.7058012 0.6810362
vn 0.0315507 -0.9707909 0.2378437
vn 0.0971711 -0.7066989 0.7008098
vn 0.0315507 0.9707909 0.2378437
vn 0.0971711 0.7066989 0.7008098
vn 0.0669054 0.9713659 0.2279737
vn 0.1950240 0.7058011 0.6810363
vn 0.1061863 -0.9708461 0.2149008
vn 0.3105691 -0.7052505 0.6373135
vn 0.0669053 -0.9713659 0.2279737
vn 0.1950239 -0.7058012 0.6810362
vn 0.0669054 0.9713659 0.2279737
vn 0.1950240 0.7058011 0.6810363
vn 0.1061863 0.9708461 0.2149008
vn 0.3105690 0.7052506 0.6373135
vn 0.1568861 -0.9696067 0.1877487
vn 0.4535527 -0.7036735 0.5469310
vn 0.1061863 -0.9708461 0.2149008
vn 0.3105691 -0.7052505 0.6373135
vn 0.1061863 0.9708461 0.2149008
vn 0.3105690 0.7052506 0.6373135
vn 0.1568860 0.9696067 0.1877487
vn 0.4535527 0.7036735 0.5469310
vn 0.2142850 -0.9693846 0.1198976
vn 0.6169919 -0.7083979 0.3427731
vn 0.1568861 -0.9696067 0.1877487
vn 0.4535527 -0.7036735 0.5469310
vn 0.1568860 0.9696067 0.1877487
vn 0.4535527 0.7036735 0.5469310
vn 0.2142850 0.9693846 0.1198976
vn 0.6169918 0.7083980 0.3427731
vn 0.2397414 -0.9708339 0.0023737
vn 0.7071041 -0.7071041 0.0027729
vn 0.2142850 -0.9693846 0.1198976
vn 0.6169919 -0.7083979 0.3427731
vn 0.2142850 0.9693846 0.1198976
vn 0.6142707 0.7090255 0.3463443
vn 0.2397413 0.9708339 0.0023737
vn 0.7071041 0.7071041 0.0027729
vn -0.2142850 -0.9693846 0.1198976
vn -0.6169917 -0.7083980 0.3427732
vn -0.2397413 -0.9708339 0.0023737
vn -0.7071041 -0.7071041 0.0027729
vn -0.2397413 0.9708339 0.0023737
vn -0.7071041 0.7071041 0.0027729
vn -0.2142850 0.9693846 0.1198976
vn -0.6142707 0.7090255 0.3463443
vn -0.1568859 -0.9696067 0.1877488
vn -0.4535527 -0.7036735 0.5469310
vn -0.2142850 -0.9693846 0.1198976
vn -0.6142708 -0.7090255 0.3463442
vn -0.2142850 0.9693846 0.1198976
vn -0.6142707 0.7090255 0.3463443
vn -0.1568858 0.9696067 0.1877488
vn -0.4535527 0.7036735 0.5469310
vn -0.1061863 -0.9708461 0.2149008
vn -0.3105690 -0.7052506 0.6373135
vn -0.1568859 -0.9696067 0.1877488
vn -0.4535527 -0.7036735 0.5469310
vn -0.1568858 0.9696067 0.1877488
vn -0.4535527 0.7036735 0.5469310
vn -0.1061863 0.9708461 0.2149008
vn -0.3105690 0.7052506 0.6373135
vn -0.0669052 -0.9713659 0.2279736
vn -0.1950240 -0.7058011 0.6810363
vn -0.1061863 -0.9708461 0.2149008
vn -0.3105690 -0.7052506 0.6373135
vn -0.1061863 0.9708461 0.2149008
vn -0.3105690 0.7052506 0.6373135
vn -0.0669052 0.9713659 0.2279736
vn -0.1950240 0.7058011 0.6810363
vn -0.0315507 -0.9707909 0.2378437
vn -0.0971711 -0.7066989 0.7008098
vn -0.0669052 -0.9713659 0.2279736
vn -0.1950240 -0.7058011 0.6810363
vn -0.0669052 0.9713659 0.2279736
vn -0.1950240 0.7058011 0.6810363
vn -0.0315507 0.9707909 0.2378437
vn -0.0971711 0.7066989 0.7008098
vn -0.0095270 -0.9717564 0.2357938
vn -0.0253460 -0.7040578 0.7096902
vn -0.0315507 -0.9707909 0.2378437
vn -0.0971711 -0.7066989 0.7008098
vn -0.0315507 0.9707909 0.2378437
vn -0.0971711 0.7066989 0.7008098
vn -0.0095270 0.9717564 0.2357938
vn -0.0253460 0.7040578 0.7096902
vn -0.2458422 0.4855383 -0.8389364
vn -0.2458422 0.8389364 -0.4855383
vn 0.2458422 0.4855383 -0.8389364
vn 0.2458422 0.8389364 -0.4855383
vn -0.2458422 0.8389364 -0.4855383
vn -0.2397414 0.9708339 -0.0023737
vn 0.2458422 0.8389364 -0.4855383
vn 0.2397413 0.9708339 -0.0023737
vn -0.2458422 0.4855383 -0.8389364
vn -0.2458422 0.8389364 -0.4855383
vn 0.2458422 0.4855383 -0.8389364
vn 0.2458422 0.8389364 -0.4855383
vn 0.2458422 -0.8389364 -0.4855383
vn 0.2397414 -0.9708339 -0.0023737
vn -0.2458422 -0.8389364 -0.4855383
vn -0.2397414 -0.9708339 -0.0023737
vn -0.2397414 -0.9708339 -0.0023737
vn -0.2458422 -0.8389364 -0.4855383
vn 0.2397414 -0.9708339 -0.0023737
vn 0.2458422 -0.8389364 -0.4855383
vn 0.2458422 -0.4855383 -0.8389364
vn 0.2458422 -0.8389364 -0.4855383
vn -0.2458422 -0.4855383 -0.8389364
vn -0.6898012 -0.3613245 -0.6273906
vn -0.6898012 -0.6273906 -0.3613245
vn -0.2458422 -0.8389364 -0.4855383
vn 0.2391908 0.0000000 -0.9709726
vn -0.2391908 0.0000000 -0.9709726
vn 0.2391908 0.0000000 -0.9709726
vn -0.2391908 0.0000000 -0.9709726
vn 0.6898012 -0.3613245 -0.6273906
vn 0.2458422 -0.4855383 -0.8389364
vn 0.7057216 0.0000000 -0.7084892
vn 0.2391908 0.0000000 -0.9709726
vn -0.2391908 0.0000000 -0.9709726
vn -0.2458422 -0.4855383 -0.8389364
vn -0.2391908 0.0000000 -0.9709726
vn -0.2458422 0.4855383 -0.8389364
vn 0.2391908 0.0000000 -0.9709726
vn 0.7057216 0.0000000 -0.7084892
vn 0.6898012 0.3613245 -0.6273906
vn 0.2458422 0.4855383 -0.8389364
vn -0.7057216 0.0000000 -0.7084892
vn -0.2391908 0.0000000 -0.9709726
vn -0.6898012 -0.3613245 -0.6273906
vn -0.2458422 -0.4855383 -0.8389364
vn 0.2458422 -0.4855383 -0.8389364
vn 0.2391908 0.0000000 -0.9709726
vn -0.6898012 0.3613245 -0.6273906
vn -0.2458422 0.4855383 -0.8389364
vn -0.7057216 0.0000000 -0.7084892
vn -0.2391908 0.0000000 -0.9709726
vn 0.2391908 0.0000000 -0.9709726
vn 0.2458422 0.4855383 -0.8389364
vn -0.2391908 0.0000000 -0.9709726
vn 0.2391908 0.0000000 -0.9709726
vn -0.2391908 0.0000000 -0.9709726
vn 0.2391908 0.0000000 -0.9709726
vn -0.0095103 -0.9724296 -0.2330027
vn 0.0095271 -0.9717564 0.2357938
vn 0.0071290 -0.9719078 -0.2352539
vn -0.0095270 -0.9717564 0.2357938
vn 0.2731246 0.0000000 -0.9619787
vn 0.1343270 0.0000000 -0.9909371
vn 0.2731246 0.0000000 -0.9619787
vn 0.1916054 -0.7107946 -0.6768001
vn 0.0940570 -0.7083671 -0.6995493
vn 0.1343270 0.0000000 -0.9909371
vn -0.2458422 -0.8389364 -0.4855383
vn -0.2458422 -0.4855383 -0.8389364
vn 0.2458422 -0.8389364 -0.4855383
vn 0.2458422 -0.4855383 -0.8389364
vn 0.3032368 -0.7129292 -0.6322811
vn 0.1004958 -0.9722974 -0.2110413
vn 0.4349472 -0.7171648 -0.5445141
vn 0.2045487 -0.9722377 -0.1136382
vn 0.5981060 -0.7281291 -0.3348093
vn 0.1479375 -0.9717965 -0.1836466
vn -0.1061863 -0.9708461 0.2149008
vn -0.1568859 -0.9696067 0.1877488
vn 0.0095103 -0.9724296 -0.2330027
vn -0.0095270 -0.9717564 0.2357938
vn 0.0314383 -0.9721694 -0.2321599
vn -0.0315507 -0.9707909 0.2378437
vn 0.2045487 -0.9722377 -0.1136382
vn -0.2142850 -0.9693846 0.1198976
vn 0.2391908 -0.9709726 0.0000000
vn -0.2397413 -0.9708339 0.0023737
vn -0.0095103 0.9724296 -0.2330027
vn 0.0095271 0.9717564 0.2357938
vn -0.0314383 0.9721694 -0.2321599
vn 0.0315507 0.9707909 0.2378437
vn 0.2391908 0.9709726 0.0000000
vn -0.2397413 0.9708339 0.0023737
vn 0.2045487 0.9722377 -0.1136382
vn -0.2142850 0.9693846 0.1198976
vn 0.1479375 -0.9717965 -0.1836466
vn -0.1568859 -0.9696067 0.1877488
vn 0.2045487 -0.9722377 -0.1136382
vn -0.2142850 -0.9693846 0.1198976
vn 0.0253461 0.7096903 -0.7040577
vn 0.0364868 0.0000000 -0.9993341
vn 0.0940570 0.7083671 -0.6995493
vn 0.1343270 0.0000000 -0.9909371
vn 0.1343270 0.0000000 -0.9909371
vn 0.0940570 -0.7083671 -0.6995493
vn 0.0253461 -0.7096903 -0.7040577
vn 0.0364868 0.0000000 -0.9993341
vn -0.2391908 -0.9709726 0.0000000
vn 0.2397414 -0.9708339 0.0023737
vn -0.2045487 -0.9722377 -0.1136382
vn 0.2142850 -0.9693846 0.1198976
vn 0.0314383 -0.9721694 -0.2321599
vn -0.0315507 -0.9707909 0.2378437
vn 0.0641646 -0.9723417 -0.2245764
vn -0.1061863 -0.9708461 0.2149008
vn 0.1004958 -0.9722974 -0.2110413
vn -0.0669052 -0.9713659 0.2279736
vn -0.2397414 -0.9708339 -0.0023737
vn 0.2397414 -0.9708339 -0.0023737
vn -0.2391908 -0.9709726 0.0000000
vn 0.2397414 -0.9708339 0.0023737
vn -0.1004959 -0.9722974 -0.2110413
vn 0.1061863 -0.9708461 0.2149008
vn -0.0641647 -0.9723417 -0.2245764
vn 0.0669053 -0.9713659 0.2279737
vn -0.2391908 0.9709726 0.0000000
vn 0.2397413 0.9708339 0.0023737
vn -0.2397414 0.9708339 -0.0023737
vn 0.2397413 0.9708339 -0.0023737
vn -0.0314383 -0.9721694 -0.2321599
vn 0.0315507 -0.9707909 0.2378437
vn -0.0071290 -0.9719078 -0.2352539
vn 0.0095271 -0.9717564 0.2357938
vn -0.2045487 0.9722377 -0.1136382
vn 0.2142850 0.9693846 0.1198976
vn -0.2391908 0.9709726 0.0000000
vn 0.2397413 0.9708339 0.0023737
vn 0.2391908 -0.9709726 0.0000000
vn -0.2397413 -0.9708339 0.0023737
vn 0.2397414 -0.9708339 -0.0023737
vn -0.2397414 -0.9708339 -0.0023737
vn -0.2045487 -0.9722377 -0.1136382
vn 0.2142850 -0.9693846 0.1198976
vn -0.1479375 -0.9717965 -0.1836466
vn 0.1568861 -0.9696067 0.1877487
vn -0.1004959 -0.9722974 -0.2110413
vn 0.1061863 -0.9708461 0.2149008
vn 0.9999923 0.0000000 -0.0039292
vn 0.8715044 0.0000000 -0.4903878
vn 0.9999961 -0.0019646 -0.0019646
vn 0.8732767 0.0000000 -0.4872245
vn -0.6243595 0.0000000 -0.7811371
vn -0.8715044 0.0000000 -0.4903878
vn -0.6243595 0.0000000 -0.7811371
vn -0.8732767 0.0000000 -0.4872245
vn -0.2458422 0.8389364 -0.4855383
vn -0.2397414 0.9708339 -0.0023737
vn 0.2458422 0.8389364 -0.4855383
vn 0.2397413 0.9708339 -0.0023737
vn -0.1916054 0.7107946 -0.6768001
vn -0.2731246 0.0000000 -0.9619787
vn -0.0940570 0.7083671 -0.6995493
vn -0.1343270 0.0000000 -0.9909371
vn -0.1343270 0.0000000 -0.9909371
vn -0.2731246 0.0000000 -0.9619787
vn -0.2731246 0.0000000 -0.9619787
vn -0.4335800 0.0000000 -0.9011151
vn -0.2731246 0.0000000 -0.9619787
vn -0.4335800 0.0000000 -0.9011151
vn -0.4335800 0.0000000 -0.9011151
vn -0.6243595 0.0000000 -0.7811371
vn -0.4335800 0.0000000 -0.9011151
vn -0.6243595 0.0000000 -0.7811371
vn -0.9999981 0.0000000 0.0019608
vn -0.9999923 0.0000000 -0.0039292
vn -1.0000000 0.0000000 0.0000000
vn -0.6898012 -0.6273906 -0.3613245
vn -0.6898012 -0.3613245 -0.6273906
vn -1.0000000 0.0000000 0.0000000
vn -0.6898012 -0.3613245 -0.6273906
vn -0.7057216 0.0000000 -0.7084892
vn -0.9999981 0.0000000 -0.0019608
vn -0.7057216 0.0000000 -0.7084892
vn -0.7057216 0.0000000 -0.7084892
vn -0.9999981 0.0000000 -0.0019608
vn -0.7057216 0.0000000 -0.7084892
vn -0.6898012 0.3613245 -0.6273906
vn -1.0000000 0.0000000 0.0000000
vn -0.6898012 0.3613245 -0.6273906
vn -0.6898012 0.6273906 -0.3613245
vn -1.0000000 0.0000000 0.0000000
vn -0.9999981 0.0000000 0.0019608
vn -0.9999923 0.0000000 -0.0039292
vn 0.6898012 0.6273906 -0.3613245
vn 1.0000000 0.0000000 0.0000000
vn 0.6898012 0.3613245 -0.6273906
vn 1.0000000 0.0000000 0.0000000
vn 0.9999981 0.0000000 0.0019608
vn 0.7057216 0.0000000 -0.7084892
vn 0.9999981 0.0000000 -0.0019608
vn 0.7057216 0.0000000 -0.7084892
vn 0.9999981 0.0000000 -0.0019608
vn 0.7057216 0.0000000 -0.7084892
vn 0.6898012 -0.3613245 -0.6273906
vn 1.0000000 0.0000000 0.0000000
vn 1.0000000 0.0000000 0.0000000
vn 0.9999981 0.0000000 0.0019608
vn 0.9999923 0.0000000 -0.0039292
vn 0.9999923 0.0000000 -0.0039292
vn -0.8732767 0.0000000 -0.4872245
vn -0.9999961 0.0019646 -0.0019646
vn -0.8715044 0.0000000 -0.4903878
vn -0.9999923 0.0000000 -0.0039292
vn 0.8732767 0.0000000 -0.4872245
vn 0.6243595 0.0000000 -0.7811371
vn 0.8715044 0.0000000 -0.4903878
vn 0.6243595 0.0000000 -0.7811371
vn 0.6243595 0.0000000 -0.7811371
vn 0.4335800 0.0000000 -0.9011151
vn 0.6243595 0.0000000 -0.7811371
vn 0.4335800 0.0000000 -0.9011151
vn 0.4335800 0.0000000 -0.9011151
vn 0.2731246 0.0000000 -0.9619787
vn 0.4335800 0.0000000 -0.9011151
vn 0.2731246 0.0000000 -0.9619787
vn 0.0253461 -0.7096903 -0.7040577
vn 0.0364868 0.0000000 -0.9993341
vn -0.0253461 -0.7096903 -0.7040577
vn -0.0364868 0.0000000 -0.9993341
vn -0.0364868 0.0000000 -0.9993341
vn -0.0253460 0.7096902 -0.7040578
vn 0.0253461 0.7096903 -0.7040577
vn 0.0364868 0.0000000 -0.9993341
vn -0.0940570 0.7083671 -0.6995493
vn -0.1343270 0.0000000 -0.9909371
vn -0.0253460 0.7096902 -0.7040578
vn -0.0364868 0.0000000 -0.9993341
vn -0.0364868 0.0000000 -0.9993341
vn -0.0253461 -0.7096903 -0.7040577
vn -0.0940570 -0.7083671 -0.6995493
vn -0.1343270 0.0000000 -0.9909371
vn 0.0095103 0.9724296 -0.2330027
vn -0.0095270 0.9717564 0.2357938
vn -0.0071290 0.9719078 -0.2352539
vn 0.0095271 0.9717564 0.2357938
vn -0.0314383 0.9721694 -0.2321599
vn 0.0315507 0.9707909 0.2378437
vn -0.0641647 0.9723417 -0.2245764
vn 0.0669054 0.9713659 0.2279737
vn -0.0641647 0.9723417 -0.2245764
vn 0.0669054 0.9713659 0.2279737
vn -0.1004959 0.9722974 -0.2110413
vn 0.1061863 0.9708461 0.2149008
vn -0.1004959 0.9722974 -0.2110413
vn 0.1061863 0.9708461 0.2149008
vn -0.1479374 0.9717965 -0.1836467
vn 0.1568860 0.9696067 0.1877487
vn -0.1479374 0.9717965 -0.1836467
vn 0.1568860 0.9696067 0.1877487
vn -0.2045487 0.9722377 -0.1136382
vn 0.2142850 0.9693846 0.1198976
vn 0.2397413 0.9708339 -0.0023737
vn -0.2397414 0.9708339 -0.0023737
vn 0.2391908 0.9709726 0.0000000
vn -0.2397413 0.9708339 0.0023737
vn 0.2045487 0.9722377 -0.1136382
vn -0.2142850 0.9693846 0.1198976
vn 0.1479375 0.9717965 -0.1836466
vn -0.1568858 0.9696067 0.1877488
vn 0.1479375 0.9717965 -0.1836466
vn -0.1568858 0.9696067 0.1877488
vn 0.1004958 0.9722974 -0.2110413
vn -0.1061863 0.9708461 0.2149008
vn 0.3032368 0.7129292 -0.6322811
vn 0.1004958 0.9722974 -0.2110413
vn 0.1916055 0.7107945 -0.6768002
vn 0.0641646 0.9723417 -0.2245764
vn -0.1061863 0.9708461 0.2149008
vn -0.0669052 0.9713659 0.2279736
vn 0.0641646 0.9723417 -0.2245764
vn -0.0669052 0.9713659 0.2279736
vn 0.0314383 0.9721694 -0.2321599
vn -0.0315507 0.9707909 0.2378437
vn -0.0641647 -0.9723417 -0.2245764
vn 0.0669053 -0.9713659 0.2279737
vn -0.0314383 -0.9721694 -0.2321599
vn 0.0315507 -0.9707909 0.2378437
f 3332/3332/3332 3333/3333/3333 3334/3334/3334
f 3333/3333/3333 3335/3335/3335 3334/3334/3334
f 3336/3336/3336 3337/3337/3337 3338/3338/3338
f 3337/3337/3337 3339/3339/3339 3338/3338/3338
f 3340/3340/3340 3341/3341/3341 3342/3342/3342
f 3341/3341/3341 3343/3343/3343 3342/3342/3342
f 3344/3344/3344 3345/3345/3345 3346/3346/3346
f 3345/3345/3345 3347/3347/3347 3346/3346/3346
f 3348/3348/3348 3349/3349/3349 3350/3350/3350
f 3349/3349/3349 3351/3351/3351 3350/3350/3350
f 3352/3352/3352 3353/3353/3353 3354/3354/3354
f 3353/3353/3353 3355/3355/3355 3354/3354/3354
f 3356/3356/3356 3357/3357/3357 3358/3358/3358
f 3357/3357/3357 3359/3359/3359 3358/3358/3358
f 3360/3360/3360 3361/3361/3361 3362/3362/3362
f 3361/3361/3361 3363/3363/3363 3362/3362/3362
f 3364/3364/3364 3365/3365/3365 3366/3366/3366
f 3365/3365/3365 3367/3367/3367 3366/3366/3366
f 3368/3368/3368 3369/3369/3369 3370/3370/3370
f 3369/3369/3369 3371/3371/3371 3370/3370/3370
f 3372/3372/3372 3373/3373/3373 3374/3374/3374
f 3373/3373/3373 3375/3375/3375 3374/3374/3374
f 3376/3376/3376 3377/3377/3377 3378/3378/3378
f 3377/3377/3377 3379/3379/3379 3378/3378/3378
f 3380/3380/3380 3381/3381/3381 3382/3382/3382
f 3381/3381/3381 3383/3383/3383 3382/3382/3382
f 3384/3384/3384 3385/3385/3385 3386/3386/3386
f 3385/3385/3385 3387/3387/3387 3386/3386/3386
f 3388/3388/3388 3389/3389/3389 3390/3390/3390
f 3389/3389/3389 3391/3391/3391 3390/3390/3390
f 3392/3392/3392 3393/3393/3393 3394/3394/3394
f 3393/3393/3393 3395/3395/3395 3394/3394/3394
f 3396/3396/3396 3397/3397/3397 3398/3398/3398
f 3397/3397/3397 3399/3399/3399 3398/3398/3398
f 3400/3400/3400 3401/3401/3401 3402/3402/3402
f 3401/3401/3401 3403/3403/3403 3402/3402/3402
f 3404/3404/3404 3405/3405/3405 3406/3406/3406
f 3405/3405/3405 3407/3407/3407 3406/3406/3406
f 3408/3408/3408 3409/3409/3409 3410/3410/3410
f 3409/3409/3409 3411/3411/3411 3410/3410/3410
f 3412/3412/3412 3413/3413/3413 3414/3414/3414
f 3413/3413/3413 3415/3415/3415 3414/3414/3414
f 3416/3416/3416 3417/3417/3417 3418/3418/3418
f 3417/3417/3417 3419/3419/3419 3418/3418/3418
f 3420/3420/3420 3421/3421/3421 3422/3422/3422
f 3421/3421/3421 3423/3423/3423 3422/3422/3422
f 3424/3424/3424 3425/3425/3425 3426/3426/3426
f 3425/3425/3425 3427/3427/3427 3426/3426/3426
f 3428/3428/3428 3429/3429/3429 3430/3430/3430
f 3429/3429/3429 3431/3431/3431 3430/3430/3430
f 3432/3432/3432 3433/3433/3433 3434/3434/3434
f 3433/3433/3433 3435/3435/3435 3434/3434/3434
f 3436/3436/3436 3437/3437/3437 3438/3438/3438
f 3437/3437/3437 3439/3439/3439 3438/3438/3438
f 3440/3440/3440 3441/3441/3441 3442/3442/3442
f 3441/3441/3441 3443/3443/3443 3442/3442/3442
f 3444/3444/3444 3445/3445/3445 3446/3446/3446
f 3445/3445/3445 3447/3447/3447 3446/3446/3446
f 3448/3448/3448 3449/3449/3449 3450/3450/3450
f 3449/3449/3449 3451/3451/3451 3450/3450/3450
f 3452/3452/3452 3453/3453/3453 3454/3454/3454
f 3453/3453/3453 3455/3455/3455 3454/3454/3454
f 3456/3456/3456 3457/3457/3457 3458/3458/3458
f 3457/3457/3457 3459/3459/3459 3458/3458/3458
f 3460/3460/3460 3461/3461/3461 3462/3462/3462
f 3461/3461/3461 3463/3463/3463 3462/3462/3462
f 3464/3464/3464 3465/3465/3465 3466/3466/3466
f 3465/3465/3465 3467/3467/3467 3466/3466/3466
f 3468/3468/3468 3469/3469/3469 3470/3470/3470
f 3469/3469/3469 3471/3471/3471 3470/3470/3470
f 3472/3472/3472 3473/3473/3473 3474/3474/3474
f 3473/3473/3473 3475/3475/3475 3474/3474/3474
f 3476/3476/3476 3477/3477/3477 3478/3478/3478
f 3477/3477/3477 3479/3479/3479 3478/3478/3478
f 3480/3480/3480 3481/3481/3481 3482/3482/3482
f 3481/3481/3481 3483/3483/3483 3482/3482/3482
f 3484/3484/3484 3485/3485/3485 3486/3486/3486
f 3485/3485/3485 3487/3487/3487 3486/3486/3486
f 3488/3488/3488 3489/3489/3489 3490/3490/3490
f 3489/3489/3489 3491/3491/3491 3490/3490/3490
f 3492/3492/3492 3493/3493/3493 3494/3494/3494
f 3493/3493/3493 3495/3495/3495 3494/3494/3494
f 3496/3496/3496 3497/3497/3497 3498/3498/3498
f 3497/3497/3497 3499/3499/3499 3498/3498/3498
f 3500/3500/3500 3501/3501/3501 3502/3502/3502
f 3501/3501/3501 3503/3503/3503 3502/3502/3502
f 3504/3504/3504 3505/3505/3505 3506/3506/3506
f 3507/3507/3507 3508/3508/3508 3509/3509/3509
f 3508/3508/3508 3506/3506/3506 3509/3509/3509
f 3506/3506/3506 3505/3505/3505 3509/3509/3509
f 3510/3510/3510 3511/3511/3511 3512/3512/3512
f 3511/3511/3511 3513/3513/3513 3512/3512/3512
f 3514/3514/3514 3515/3515/3515 3516/3516/3516
f 3515/3515/3515 3517/3517/3517 3516/3516/3516
f 3518/3518/3518 3519/3519/3519 3520/3520/3520
f 3519/3519/3519 3521/3521/3521 3520/3520/3520
f 3522/3522/3522 3523/3523/3523 3524/3524/3524
f 3523/3523/3523 3525/3525/3525 3524/3524/3524
f 3524/3524/3524 3525/3525/3525 3526/3526/3526
f 3525/3525/3525 3527/3527/3527 3526/3526/3526
f 3526/3526/3526 3527/3527/3527 3528/3528/3528
f 3527/3527/3527 3529/3529/3529 3528/3528/3528
f 3530/3530/3530 3531/3531/3531 3532/3532/3532
f 3531/3531/3531 3533/3533/3533 3532/3532/3532
f 3534/3534/3534 3535/3535/3535 3536/3536/3536
f 3535/3535/3535 3537/3537/3537 3536/3536/3536
f 3538/3538/3538 3539/3539/3539 3540/3540/3540
f 3539/3539/3539 3541/3541/3541 3540/3540/3540
f 3542/3542/3542 3543/3543/3543 3544/3544/3544
f 3543/3543/3543 3545/3545/3545 3544/3544/3544
f 3546/3546/3546 3547/3547/3547 3548/3548/3548
f 3549/3549/3549 3550/3550/3550 3551/3551/3551
f 3550/3550/3550 3548/3548/3548 3551/3551/3551
f 3548/3548/3548 3547/3547/3547 3551/3551/3551
f 3552/3552/3552 3553/3553/3553 3554/3554/3554
f 3553/3553/3553 3555/3555/3555 3554/3554/3554
f 3556/3556/3556 3557/3557/3557 3558/3558/3558
f 3557/3557/3557 3559/3559/3559 3558/3558/3558
f 3560/3560/3560 3561/3561/3561 3562/3562/3562
f 3561/3561/3561 3563/3563/3563 3562/3562/3562
f 3564/3564/3564 3565/3565/3565 3566/3566/3566
f 3565/3565/3565 3567/3567/3567 3566/3566/3566
f 3568/3568/3568 3569/3569/3569 3570/3570/3570
f 3569/3569/3569 3571/3571/3571 3570/3570/3570
f 3572/3572/3572 3573/3573/3573 3574/3574/3574
f 3575/3575/3575 3576/3576/3576 3577/3577/3577
f 3576/3576/3576 3574/3574/3574 3577/3577/3577
f 3574/3574/3574 3573/3573/3573 3577/3577/3577
f 3578/3578/3578 3579/3579/3579 3580/3580/3580
f 3579/3579/3579 3581/3581/3581 3580/3580/3580
f 3582/3582/3582 3583/3583/3583 3584/3584/3584
f 3583/3583/3583 3585/3585/3585 3584/3584/3584
f 3586/3586/3586 3587/3587/3587 3588/3588/3588
f 3587/3587/3587 3589/3589/3589 3588/3588/3588
f 3590/3590/3590 3591/3591/3591 3592/3592/3592
f 3591/3591/3591 3593/3593/3593 3592/3592/3592
f 3594/3594/3594 3595/3595/3595 3596/3596/3596
f 3595/3595/3595 3597/3597/3597 3596/3596/3596
f 3598/3598/3598 3599/3599/3599 3600/3600/3600
f 3599/3599/3599 3601/3601/3601 3600/3600/3600
f 3600/3600/3600 3601/3601/3601 3602/3602/3602
f 3601/3601/3601 3603/3603/3603 3602/3602/3602
f 3602/3602/3602 3603/3603/3603 3604/3604/3604
f 3603/3603/3603 3605/3605/3605 3604/3604/3604
f 3606/3606/3606 3607/3607/3607 3608/3608/3608
f 3607/3607/3607 3609/3609/3609 3608/3608/3608
f 3610/3610/3610 3611/3611/3611 3612/3612/3612
f 3611/3611/3611 3613/3613/3613 3612/3612/3612
f 3614/3614/3614 3615/3615/3615 3616/3616/3616
f 3615/3615/3615 3617/3617/3617 3616/3616/3616
f 3618/3618/3618 3619/3619/3619 3620/3620/3620
f 3619/3619/3619 3621/3621/3621 3620/3620/3620
f 3622/3622/3622 3623/3623/3623 3624/3624/3624
f 3623/3623/3623 3625/3625/3625 3624/3624/3624
f 3626/3626/3626 3627/3627/3627 3628/3628/3628
f 3627/3627/3627 3629/3629/3629 3628/3628/3628
f 3630/3630/3630 3631/3631/3631 3632/3632/3632
f 3633/3633/3633 3634/3634/3634 3635/3635/3635
f 3634/3634/3634 3636/3636/3636 3635/3635/3635
f 3635/3635/3635 3636/3636/3636 3637/3637/3637
f 3636/3636/3636 3632/3632/3632 3637/3637/3637
f 3632/3632/3632 3631/3631/3631 3637/3637/3637
f 3638/3638/3638 3639/3639/3639 3640/3640/3640
f 3639/3639/3639 3641/3641/3641 3640/3640/3640
f 3640/3640/3640 3641/3641/3641 3642/3642/3642
f 3641/3641/3641 3643/3643/3643 3642/3642/3642
f 3644/3644/3644 3645/3645/3645 3646/3646/3646
f 3645/3645/3645 3647/3647/3647 3646/3646/3646
f 3648/3648/3648 3649/3649/3649 3650/3650/3650
f 3649/3649/3649 3651/3651/3651 3650/3650/3650
f 3652/3652/3652 3653/3653/3653 3654/3654/3654
f 3653/3653/3653 3655/3655/3655 3654/3654/3654
f 3656/3656/3656 3657/3657/3657 3658/3658/3658
f 3657/3657/3657 3659/3659/3659 3658/3658/3658
f 3660/3660/3660 3661/3661/3661 3662/3662/3662
f 3661/3661/3661 3663/3663/3663 3662/3662/3662
f 3664/3664/3664 3665/3665/3665 3666/3666/3666
f 3665/3665/3665 3667/3667/3667 3666/3666/3666
f 3668/3668/3668 3669/3669/3669 3670/3670/3670
f 3669/3669/3669 3671/3671/3671 3670/3670/3670
f 3672/3672/3672 3673/3673/3673 3674/3674/3674
f 3673/3673/3673 3675/3675/3675 3674/3674/3674
f 3676/3676/3676 3677/3677/3677 3678/3678/3678
f 3677/3677/3677 3679/3679/3679 3678/3678/3678
f 3680/3680/3680 3681/3681/3681 3682/3682/3682
f 3681/3681/3681 3683/3683/3683 3682/3682/3682
f 3684/3684/3684 3685/3685/3685 3686/3686/3686
f 3685/3685/3685 3687/3687/3687 3686/3686/3686
f 3688/3688/3688 3689/3689/3689 3690/3690/3690
f 3689/3689/3689 3691/3691/3691 3690/3690/3690
f 3692/3692/3692 3693/3693/3693 3694/3694/3694
f 3693/3693/3693 3695/3695/3695 3694/3694/3694
f 3696/3696/3696 3697/3697/3697 3698/3698/3698
f 3697/3697/3697 3699/3699/3699 3698/3698/3698
f 3700/3700/3700 3701/3701/3701 3702/3702/3702
f 3701/3701/3701 3703/3703/3703 3702/3702/3702
f 3704/3704/3704 3705/3705/3705 3706/3706/3706
f 3705/3705/3705 3707/3707/3707 3706/3706/3706
f 3708/3708/3708 3709/3709/3709 3710/3710/3710
f 3709/3709/3709 3711/3711/3711 3710/3710/3710
f 3712/3712/3712 3713/3713/3713 3714/3714/3714
f 3713/3713/3713 3715/3715/3715 3714/3714/3714
f 3716/3716/3716 3717/3717/3717 3718/3718/3718
f 3717/3717/3717 3719/3719/3719 3718/3718/3718
f 3720/3720/3720 3721/3721/3721 3722/3722/3722
f 3721/3721/3721 3723/3723/3723 3722/3722/3722
f 3724/3724/3724 3725/3725/3725 3726/3726/3726
f 3725/3725/3725 3727/3727/3727 3726/3726/3726
f 3728/3728/3728 3729/3729/3729 3730/3730/3730
f 3729/3729/3729 3731/3731/3731 3730/3730/3730
f 3732/3732/3732 3733/3733/3733 3734/3734/3734
f 3733/3733/3733 3735/3735/3735 3734/3734/3734
f 3736/3736/3736 3737/3737/3737 3738/3738/3738
f 3737/3737/3737 3739/3739/3739 3738/3738/3738
f 3740/3740/3740 3741/3741/3741 3742/3742/3742
f 3741/3741/3741 3743/3743/3743 3742/3742/3742
f 3744/3744/3744 3745/3745/3745 3746/3746/3746
f 3745/3745/3745 3747/3747/3747 3746/3746/3746
f 3748/3748/3748 3749/3749/3749 3750/3750/3750
f 3749/3749/3749 3751/3751/3751 3750/3750/3750
f 3752/3752/3752 3753/3753/3753 3754/3754/3754
f 3753/3753/3753 3755/3755/3755 3754/3754/3754
f 3756/3756/3756 3757/3757/3757 3758/3758/3758
f 3757/3757/3757 3759/3759/3759 3758/3758/3758
f 3760/3760/3760 3761/3761/3761 3762/3762/3762
f 3761/3761/3761 3763/3763/3763 3762/3762/3762
f 3764/3764/3764 3765/3765/3765 3766/3766/3766
f 3765/3765/3765 3767/3767/3767 3766/3766/3766
f 3768/3768/3768 3769/3769/3769 3770/3770/3770
f 3771/3771/3771 3770/3770/3770 3772/3772/3772
f 3772/3772/3772 3770/3770/3770 3773/3773/3773
f 3770/3770/3770 3769/3769/3769 3773/3773/3773
f 3774/3774/3774 3775/3775/3775 3776/3776/3776
f 3775/3775/3775 3777/3777/3777 3776/3776/3776
f 3778/3778/3778 3779/3779/3779 3780/3780/3780
f 3780/3780/3780 3779/3779/3779 3781/3781/3781
f 3781/3781/3781 3779/3779/3779 3782/3782/3782
f 3779/3779/3779 3783/3783/3783 3782/3782/3782
f 3784/3784/3784 3785/3785/3785 3786/3786/3786
f 3787/3787/3787 3786/3786/3786 3788/3788/3788
f 3788/3788/3788 3786/3786/3786 3789/3789/3789
f 3786/3786/3786 3785/3785/3785 3789/3789/3789
f 3790/3790/3790 3791/3791/3791 3792/3792/3792
f 3792/3792/3792 3791/3791/3791 3793/3793/3793
f 3793/3793/3793 3791/3791/3791 3794/3794/3794
f 3791/3791/3791 3795/3795/3795 3794/3794/3794
f 3796/3796/3796 3797/3797/3797 3798/3798/3798
f 3798/3798/3798 3797/3797/3797 3799/3799/3799
f 3799/3799/3799 3797/3797/3797 3800/3800/3800
f 3797/3797/3797 3801/3801/3801 3800/3800/3800
f 3802/3802/3802 3803/3803/3803 3804/3804/3804
f 3803/3803/3803 3805/3805/3805 3804/3804/3804
f 3806/3806/3806 3807/3807/3807 3808/3808/3808
f 3807/3807/3807 3809/3809/3809 3808/3808/3808
f 3810/3810/3810 3811/3811/3811 3812/3812/3812
f 3813/3813/3813 3812/3812/3812 3814/3814/3814
f 3814/3814/3814 3812/3812/3812 3815/3815/3815
f 3812/3812/3812 3811/3811/3811 3815/3815/3815
f 3816/3816/3816 3817/3817/3817 3818/3818/3818
f 3817/3817/3817 3819/3819/3819 3818/3818/3818
f 3820/3820/3820 3821/3821/3821 3822/3822/3822
f 3823/3823/3823 3824/3824/3824 3825/3825/3825
f 3824/3824/3824 3822/3822/3822 3825/3825/3825
f 3822/3822/3822 3821/3821/3821 3825/3825/3825
f 3821/3821/3821 3826/3826/3826 3825/3825/3825
f 3826/3826/3826 3827/3827/3827 3825/3825/3825
f 3828/3828/3828 3829/3829/3829 3830/3830/3830
f 3829/3829/3829 3831/3831/3831 3830/3830/3830
f 3832/3832/3832 3833/3833/3833 3834/3834/3834
f 3833/3833/3833 3835/3835/3835 3834/3834/3834
f 3836/3836/3836 3837/3837/3837 3838/3838/3838
f 3837/3837/3837 3839/3839/3839 3838/3838/3838
f 3840/3840/3840 3841/3841/3841 3842/3842/3842
f 3841/3841/3841 3843/3843/3843 3842/3842/3842
f 3844/3844/3844 3845/3845/3845 3846/3846/3846
f 3845/3845/3845 3847/3847/3847 3846/3846/3846
f 3848/3848/3848 3849/3849/3849 3850/3850/3850
f 3850/3850/3850 3849/3849/3849 3851/3851/3851
f 3851/3851/3851 3849/3849/3849 3852/3852/3852
f 3853/3853/3853 3852/3852/3852 3854/3854/3854
f 3854/3854/3854 3852/3852/3852 3855/3855/3855
f 3852/3852/3852 3849/3849/3849 3855/3855/3855
f 3856/3856/3856 3857/3857/3857 3858/3858/3858
f 3857/3857/3857 3859/3859/3859 3858/3858/3858
f 3860/3860/3860 3861/3861/3861 3862/3862/3862
f 3863/3863/3863 3864/3864/3864 3865/3865/3865
f 3864/3864/3864 3862/3862/3862 3865/3865/3865
f 3862/3862/3862 3861/3861/3861 3865/3865/3865
f 3866/3866/3866 3867/3867/3867 3868/3868/3868
f 3867/3867/3867 3869/3869/3869 3868/3868/3868
f 3870/3870/3870 3871/3871/3871 3872/3872/3872
f 3871/3871/3871 3873/3873/3873 3872/3872/3872
f 3874/3874/3874 3875/3875/3875 3876/3876/3876
f 3875/3875/3875 3877/3877/3877 3876/3876/3876
f 3878/3878/3878 3879/3879/3879 3880/3880/3880
f 3879/3879/3879 3881/3881/3881 3880/3880/3880
f 3882/3882/3882 3883/3883/3883 3884/3884/3884
f 3883/3883/3883 3885/3885/3885 3884/3884/3884
f 3886/3886/3886 3887/3887/3887 3888/3888/3888
f 3887/3887/3887 3889/3889/3889 3888/3888/3888
f 3890/3890/3890 3891/3891/3891 3892/3892/3892
f 3891/3891/3891 3893/3893/3893 3892/3892/3892
f 3892/3892/3892 3893/3893/3893 3894/3894/3894
f 3893/3893/3893 3895/3895/3895 3894/3894/3894
f 3896/3896/3896 3897/3897/3897 3898/3898/3898
f 3897/3897/3897 3899/3899/3899 3898/3898/3898
f 3900/3900/3900 3901/3901/3901 3902/3902/3902
f 3901/3901/3901 3903/3903/3903 3902/3902/3902
f 3904/3904/3904 3905/3905/3905 3906/3906/3906
f 3905/3905/3905 3907/3907/3907 3906/3906/3906
f 3908/3908/3908 3909/3909/3909 3910/3910/3910
f 3910/3910/3910 3909/3909/3909 3911/3911/3911
f 3911/3911/3911 3909/3909/3909 3912/3912/3912
f 3909/3909/3909 3913/3913/3913 3912/3912/3912
f 3914/3914/3914 3915/3915/3915 3916/3916/3916
f 3915/3915/3915 3917/3917/3917 3916/3916/3916
f 3918/3918/3918 3919/3919/3919 3920/3920/3920
f 3919/3919/3919 3921/3921/3921 3920/3920/3920
f 3922/3922/3922 3923/3923/3923 3924/3924/3924
f 3925/3925/3925 3924/3924/3924 3926/3926/3926
f 3926/3926/3926 3924/3924/3924 3927/3927/3927
f 3928/3928/3928 3927/3927/3927 3929/3929/3929
f 3929/3929/3929 3927/3927/3927 3930/3930/3930
f 3927/3927/3927 3924/3924/3924 3930/3930/3930
f 3931/3931/3931 3930/3930/3930 3932/3932/3932
f 3932/3932/3932 3930/3930/3930 3933/3933/3933
f 3934/3934/3934 3933/3933/3933 3935/3935/3935
f 3935/3935/3935 3933/3933/3933 3936/3936/3936
f 3933/3933/3933 3930/3930/3930 3936/3936/3936
f 3930/3930/3930 3924/3924/3924 3936/3936/3936
f 3924/3924/3924 3923/3923/3923 3936/3936/3936
f 3937/3937/3937 3936/3936/3936 3938/3938/3938
f 3938/3938/3938 3936/3936/3936 3939/3939/3939
f 3939/3939/3939 3936/3936/3936 3940/3940/3940
f 3936/3936/3936 3923/3923/3923 3940/3940/3940
f 3923/3923/3923 3941/3941/3941 3940/3940/3940
f 3942/3942/3942 3943/3943/3943 3944/3944/3944
f 3944/3944/3944 3943/3943/3943 3945/3945/3945
f 3943/3943/3943 3946/3946/3946 3945/3945/3945
f 3947/3947/3947 3948/3948/3948 3949/3949/3949
f 3949/3949/3949 3948/3948/3948 3950/3950/3950
f 3948/3948/3948 3945/3945/3945 3950/3950/3950
f 3951/3951/3951 3950/3950/3950 3952/3952/3952
f 3952/3952/3952 3950/3950/3950 3953/3953/3953
f 3953/3953/3953 3950/3950/3950 3954/3954/3954
f 3950/3950/3950 3945/3945/3945 3954/3954/3954
f 3945/3945/3945 3946/3946/3946 3954/3954/3954
f 3955/3955/3955 3954/3954/3954 3956/3956/3956
f 3954/3954/3954 3946/3946/3946 3956/3956/3956
f 3946/3946/3946 3957/3957/3957 3956/3956/3956
f 3958/3958/3958 3959/3959/3959 3960/3960/3960
f 3959/3959/3959 3961/3961/3961 3960/3960/3960
f 3962/3962/3962 3963/3963/3963 3964/3964/3964
f 3963/3963/3963 3965/3965/3965 3964/3964/3964
f 3966/3966/3966 3967/3967/3967 3968/3968/3968
f 3967/3967/3967 3969/3969/3969 3968/3968/3968
f 3970/3970/3970 3971/3971/3971 3972/3972/3972
f 3971/3971/3971 3973/3973/3973 3972/3972/3972
f 3974/3974/3974 3975/3975/3975 3976/3976/3976
f 3976/3976/3976 3975/3975/3975 3977/3977/3977
f 3977/3977/3977 3975/3975/3975 3978/3978/3978
f 3979/3979/3979 3978/3978/3978 3980/3980/3980
f 3980/3980/3980 3978/3978/3978 3981/3981/3981
f 3978/3978/3978 3975/3975/3975 3981/3981/3981
f 3982/3982/3982 3983/3983/3983 3984/3984/3984
f 3984/3984/3984 3983/3983/3983 3985/3985/3985
f 3985/3985/3985 3983/3983/3983 3986/3986/3986
f 3987/3987/3987 3986/3986/3986 3988/3988/3988
f 3988/3988/3988 3986/3986/3986 3989/3989/3989
f 3986/3986/3986 3983/3983/3983 3989/3989/3989
f 3990/3990/3990 3991/3991/3991 3992/3992/3992
f 3991/3991/3991 3993/3993/3993 3992/3992/3992
f 3994/3994/3994 3995/3995/3995 3996/3996/3996
f 3995/3995/3995 3997/3997/3997 3996/3996/3996
f 3998/3998/3998 3999/3999/3999 4000/4000/4000
f 3999/3999/3999 4001/4001/4001 4000/4000/4000
f 4002/4002/4002 4003/4003/4003 4004/4004/4004
f 4003/4003/4003 4005/4005/4005 4004/4004/4004
f 4006/4006/4006 4007/4007/4007 4008/4008/4008
f 4007/4007/4007 4009/4009/4009 4008/4008/4008
f 4010/4010/4010 4011/4011/4011 4012/4012/4012
f 4011/4011/4011 4013/4013/4013 4012/4012/4012
f 4014/4014/4014 4015/4015/4015 4016/4016/4016
f 4015/4015/4015 4017/4017/4017 4016/4016/4016
f 4018/4018/4018 4019/4019/4019 4020/4020/4020
f 4019/4019/4019 4021/4021/4021 4020/4020/4020
f 4022/4022/4022 4023/4023/4023 4024/4024/4024
f 4024/4024/4024 4023/4023/4023 4025/4025/4025
f 4023/4023/4023 4026/4026/4026 4025/4025/4025
f 4026/4026/4026 4027/4027/4027 4025/4025/4025
f 4028/4028/4028 4029/4029/4029 4030/4030/4030
f 4029/4029/4029 4031/4031/4031 4030/4030/4030
f 4032/4032/4032 4033/4033/4033 4034/4034/4034
f 4033/4033/4033 4035/4035/4035 4034/4034/4034
v -0.0064250 0.0217364 -0.2865363
v -0.0064250 0.0196145 -0.2856658
v -0.1039228 0.0217364 -0.2865363
v -0.1039228 0.0196145 -0.2856658
v -0.0064250 0.0196145 -0.2856658
v -0.0064250 0.0187440 -0.2835439
v -0.1039228 0.0196145 -0.2856658
v -0.1039228 0.0187440 -0.2835439
v -0.0064250 0.9100986 -0.2835439
v -0.0064250 0.9092281 -0.2856658
v -0.1039228 0.9100986 -0.2835439
v -0.1039228 0.9092281 -0.2856658
v -0.0064250 0.9092281 -0.2856658
v -0.0064250 0.9071062 -0.2865363
v -0.1039228 0.9092281 -0.2856658
v -0.1039228 0.9071062 -0.2865363
v -0.0063706 0.9100986 0.3689627
v -0.0064250 0.9100986 -0.2835439
v -0.0084381 0.9100986 0.3766886
v -0.0139332 0.9100986 0.3825645
v -0.0216046 0.9100986 0.3872436
v -0.0305274 0.9100986 0.3905080
v -0.0400487 0.9100986 0.3924667
v -0.0500596 0.9100986 0.3931740
v -0.0602882 0.9100986 0.3931740
v -0.0702991 0.9100986 0.3924667
v -0.0798204 0.9100986 0.3905080
v -0.0886888 0.9100986 0.3872436
v -0.0963602 0.9100986 0.3825645
v -0.1019098 0.9100986 0.3766886
v -0.1039773 0.9100986 0.3689627
v -0.1039228 0.9100986 -0.2835439
v -0.1039228 0.9071062 -0.2865363
v -0.0064250 0.9071062 -0.2865363
v -0.1039228 0.0217364 -0.2865363
v -0.0064250 0.0217364 -0.2865363
v -0.1019098 0.0187440 0.3766886
v -0.1039773 0.0187440 0.3689627
v -0.0963602 0.0187440 0.3825645
v -0.0886888 0.0187440 0.3872436
v -0.0798204 0.0187440 0.3905080
v -0.0702991 0.0187440 0.3924667
v -0.0602882 0.0187440 0.3931740
v -0.0500596 0.0187440 0.3931740
v -0.0400487 0.0187440 0.3924667
v -0.0305274 0.0187440 0.3905080
v -0.0216046 0.0187440 0.3872436
v -0.0139332 0.0187440 0.3825645
v -0.0084381 0.0187440 0.3766886
v -0.0063706 0.0187440 0.3689627
v -0.0064250 0.0187440 -0.2835439
v -0.1039228 0.0187440 -0.2835439
vt 0.7030928 0.0045013
vt 0.7030928 0.0010899
vt 0.6670300 0.0045013
vt 0.6670300 0.0010899
vt 0.7752998 0.7549985
vt 0.7752998 0.7515871
vt 0.7393181 0.7549985
vt 0.7393181 0.7515871
vt 0.7031741 0.7515871
vt 0.7031741 0.7549985
vt 0.7391557 0.7515871
vt 0.7391557 0.7549985
vt 0.7030928 0.9989101
vt 0.7030928 0.9954987
vt 0.6670300 0.9989101
vt 0.6670300 0.9954987
vt 0.7030928 0.0278934
vt 0.7031741 0.7515871
vt 0.7039051 0.0193651
vt 0.7059356 0.0127860
vt 0.7087784 0.0076690
vt 0.7120273 0.0040139
vt 0.7156011 0.0018210
vt 0.7192561 0.0010899
vt 0.7230736 0.0010899
vt 0.7267286 0.0018210
vt 0.7303024 0.0040139
vt 0.7335513 0.0076690
vt 0.7363941 0.0127860
vt 0.7384247 0.0193651
vt 0.7392369 0.0278934
vt 0.7391557 0.7515871
vt 0.6670300 0.9954987
vt 0.7030928 0.9954987
vt 0.6670300 0.0045013
vt 0.7030928 0.0045013
vt 0.7400491 0.0193651
vt 0.7392369 0.0278934
vt 0.7420797 0.0127860
vt 0.7449225 0.0076690
vt 0.7481714 0.0040139
vt 0.7517452 0.0018210
vt 0.7554002 0.0010899
vt 0.7592177 0.0010899
vt 0.7628727 0.0018210
vt 0.7664465 0.0040139
vt 0.7696954 0.0076690
vt 0.7725382 0.0127860
vt 0.7745688 0.0193651
vt 0.7753810 0.0278934
vt 0.7752998 0.7515871
vt 0.7393181 0.7515871
vn 0.0000000 -0.0019608 -0.9999981
vn 0.0000000 -0.7057216 -0.7084892
vn 0.0000000 -0.0019608 -0.9999981
vn 0.0000000 -0.7057216 -0.7084892
vn 0.0000000 -0.7057216 -0.7084892
vn 0.0000000 -0.9999981 -0.0019608
vn 0.0000000 -0.7057216 -0.7084892
vn 0.0000000 -0.9999981 -0.0019608
vn 0.0000000 0.9999981 -0.0019608
vn 0.0000000 0.7084892 -0.7057216
vn 0.0000000 0.9999981 -0.0019608
vn 0.0000000 0.7084892 -0.7057216
vn 0.0000000 0.7084892 -0.7057216
vn 0.0000000 0.0019608 -0.9999981
vn 0.0000000 0.7084892 -0.7057216
vn 0.0000000 0.0019608 -0.9999981
vn 0.0000000 1.0000000 0.0000000
vn 0.0000000 0.9999981 -0.0019608
vn 0.0000000 1.0000000 0.0000000
vn 0.0000000 1.0000000 0.0000000
vn 0.0000000 1.0000000 0.0000000
vn 0.0000000 1.0000000 0.0000000
vn 0.0000000 1.0000000 0.0000000
vn 0.0000000 1.0000000 0.0000000
vn 0.0000000 1.0000000 0.0000000
vn 0.0000000 1.0000000 0.0000000
vn 0.0000000 1.0000000 0.0000000
vn 0.0000000 1.0000000 0.0000000
vn 0.0000000 1.0000000 0.0000000
vn 0.0000000 1.0000000 0.0000000
vn 0.0000000 1.0000000 0.0000000
vn 0.0000000 0.9999981 -0.0019608
vn 0.0000000 0.0019608 -0.9999981
vn 0.0000000 0.0019608 -0.9999981
vn 0.0000000 -0.0019608 -0.9999981
vn 0.0000000 -0.0019608 -0.9999981
vn 0.0000000 -1.0000000 0.0000000
vn 0.0000000 -1.0000000 0.0000000
vn 0.0000000 -1.0000000 0.0000000
vn 0.0000000 -1.0000000 0.0000000
vn 0.0000000 -1.0000000 0.0000000
vn 0.0000000 -1.0000000 0.0000000
vn 0.0000000 -1.0000000 0.0000000
vn 0.0000000 -1.0000000 0.0000000
vn 0.0000000 -1.0000000 0.0000000
vn 0.0000000 -1.0000000 0.0000000
vn 0.0000000 -1.0000000 0.0000000
vn 0.0000000 -1.0000000 0.0000000
vn 0.0000000 -1.0000000 0.0000000
vn 0.0000000 -1.0000000 0.0000000
vn 0.0000000 -0.9999981 -0.0019608
vn 0.0000000 -0.9999981 -0.0019608
f 4036/4036/4036 4037/4037/4037 4038/4038/4038
f 4037/4037/4037 4039/4039/4039 4038/4038/4038
f 4040/4040/4040 4041/4041/4041 4042/4042/4042
f 4041/4041/4041 4043/4043/4043 4042/4042/4042
f 4044/4044/4044 4045/4045/4045 4046/4046/4046
f 4045/4045/4045 4047/4047/4047 4046/4046/4046
f 4048/4048/4048 4049/4049/4049 4050/4050/4050
f 4049/4049/4049 4051/4051/4051 4050/4050/4050
f 4052/4052/4052 4053/4053/4053 4054/4054/4054
f 4055/4055/4055 4054/4054/4054 4056/4056/4056
f 4054/4054/4054 4053/4053/4053 4056/4056/4056
f 4057/4057/4057 4056/4056/4056 4058/4058/4058
f 4059/4059/4059 4058/4058/4058 4060/4060/4060
f 4058/4058/4058 4056/4056/4056 4060/4060/4060
f 4056/4056/4056 4053/4053/4053 4060/4060/4060
f 4061/4061/4061 4060/4060/4060 4062/4062/4062
f 4063/4063/4063 4062/4062/4062 4064/4064/4064
f 4062/4062/4062 4060/4060/4060 4064/4064/4064
f 4060/4060/4060 4053/4053/4053 4064/4064/4064
f 4065/4065/4065 4064/4064/4064 4066/4066/4066
f 4064/4064/4064 4053/4053/4053 4066/4066/4066
f 4053/4053/4053 4067/4067/4067 4066/4066/4066
f 4068/4068/4068 4069/4069/4069 4070/4070/4070
f 4069/4069/4069 4071/4071/4071 4070/4070/4070
f 4072/4072/4072 4073/4073/4073 4074/4074/4074
f 4075/4075/4075 4074/4074/4074 4076/4076/4076
f 4074/4074/4074 4073/4073/4073 4076/4076/4076
f 4077/4077/4077 4076/4076/4076 4078/4078/4078
f 4079/4079/4079 4078/4078/4078 4080/4080/4080
f 4078/4078/4078 4076/4076/4076 4080/4080/4080
f 4076/4076/4076 4073/4073/4073 4080/4080/4080
f 4081/4081/4081 4080/4080/4080 4082/4082/4082
f 4083/4083/4083 4082/4082/4082 4084/4084/4084
f 4082/4082/4082 4080/4080/4080 4084/4084/4084
f 4080/4080/4080 4073/4073/4073 4084/4084/4084
f 4085/4085/4085 4084/4084/4084 4086/4086/4086
f 4084/4084/4084 4073/4073/4073 4086/4086/4086
f 4073/4073/4073 4087/4087/4087 4086/4086/4086
v 0.0728512 0.0022093 0.3005593
v 0.0723322 0.0006524 0.3003286
v 0.0728512 0.0022093 -0.3557121
v 0.0722745 0.0006524 -0.3559428
v 0.0722169 0.9384385 -0.3628625
v 0.0728512 0.9382078 -0.3613055
v 0.0722745 0.0075721 -0.3628625
v 0.0728512 0.0078027 -0.3613055
v 0.0053846 0.0022093 -0.3557121
v 0.0059612 0.0006524 -0.3559428
v 0.0053846 0.0022093 0.3005593
v 0.0059612 0.0006524 0.3003286
v 0.0722169 0.9418983 -0.3618822
v 0.0728512 0.9410910 -0.3604982
v 0.0722169 0.9384385 -0.3628625
v 0.0728512 0.9382078 -0.3613055
v 0.0059612 0.0006524 -0.3559428
v 0.0053846 0.0022093 -0.3557121
v 0.0059612 0.0016327 -0.3594026
v 0.0053846 0.0030166 -0.3585953
v 0.0060189 0.9384385 -0.3628625
v 0.0053846 0.9382078 -0.3613055
v 0.0060189 0.9418983 -0.3618822
v 0.0053846 0.9410910 -0.3604982
v 0.0060189 0.9418983 -0.3618822
v 0.0053846 0.9410910 -0.3604982
v 0.0060189 0.9435129 -0.3603253
v 0.0053846 0.9429939 -0.3585953
v 0.0488054 0.0006524 0.3296219
v 0.0488054 0.0022093 0.3304292
v 0.0423470 0.0006524 0.3304292
v 0.0423470 0.0022093 0.3311788
v 0.0611454 0.0006524 0.3236248
v 0.0612031 0.0022093 0.3244898
v 0.0551484 0.0006524 0.3274306
v 0.0551484 0.0022093 0.3282380
v 0.0551484 0.9453582 0.3274306
v 0.0551484 0.9438012 0.3282380
v 0.0611454 0.9453582 0.3236248
v 0.0612031 0.9438012 0.3244898
v 0.0665082 0.0006524 0.3179738
v 0.0667388 0.0022093 0.3188387
v 0.0611454 0.0006524 0.3236248
v 0.0612031 0.0022093 0.3244898
v 0.0611454 0.9453582 0.3236248
v 0.0612031 0.9438012 0.3244898
v 0.0665658 0.9453582 0.3179738
v 0.0667388 0.9438012 0.3188387
v 0.0706599 0.0006524 0.3101892
v 0.0711213 0.0022093 0.3108235
v 0.0665082 0.0006524 0.3179738
v 0.0667388 0.0022093 0.3188387
v 0.0665658 0.9453582 0.3179738
v 0.0667388 0.9438012 0.3188387
v 0.0707176 0.9453582 0.3101892
v 0.0711213 0.9438012 0.3108235
v 0.0723322 0.0006524 0.3003286
v 0.0728512 0.0022093 0.3005593
v 0.0706599 0.0006524 0.3101892
v 0.0711213 0.0022093 0.3108235
v 0.0075758 0.0006524 0.3101892
v 0.0071721 0.0022093 0.3108235
v 0.0059612 0.0006524 0.3003286
v 0.0053846 0.0022093 0.3005593
v 0.0059035 0.9453582 0.3003286
v 0.0053846 0.9438012 0.3005593
v 0.0075758 0.9453582 0.3101892
v 0.0071721 0.9438012 0.3108235
v 0.0117276 0.0006524 0.3179738
v 0.0115546 0.0022093 0.3188387
v 0.0075758 0.0006524 0.3101892
v 0.0071721 0.0022093 0.3108235
v 0.0075758 0.9453582 0.3101892
v 0.0071721 0.9438012 0.3108235
v 0.0117276 0.9453582 0.3179738
v 0.0115546 0.9438012 0.3188387
v 0.0170903 0.0006524 0.3236248
v 0.0170326 0.0022093 0.3244898
v 0.0117276 0.0006524 0.3179738
v 0.0115546 0.0022093 0.3188387
v 0.0117276 0.9453582 0.3179738
v 0.0115546 0.9438012 0.3188387
v 0.0170903 0.9453582 0.3236248
v 0.0170326 0.9438012 0.3244898
v 0.0170903 0.9453582 0.3236248
v 0.0170326 0.9438012 0.3244898
v 0.0230873 0.9453582 0.3274306
v 0.0230873 0.9438012 0.3282380
v 0.0294303 0.0006524 0.3296219
v 0.0294303 0.0022093 0.3304292
v 0.0230873 0.0006524 0.3274306
v 0.0230873 0.0022093 0.3282380
v 0.0230873 0.9453582 0.3274306
v 0.0230873 0.9438012 0.3282380
v 0.0294303 0.9453582 0.3296219
v 0.0294303 0.9438012 0.3304292
v 0.0294303 0.9453582 0.3296219
v 0.0294303 0.9438012 0.3304292
v 0.0358887 0.9453582 0.3304292
v 0.0358887 0.9438012 0.3311788
v 0.0071721 0.0022093 0.3108235
v 0.0071721 0.9438012 0.3108235
v 0.0053846 0.0022093 0.3005593
v 0.0053846 0.9438012 0.3005593
v 0.0612031 0.0022093 0.3244898
v 0.0612031 0.9438012 0.3244898
v 0.0551484 0.0022093 0.3282380
v 0.0551484 0.0006524 0.3274306
v 0.0488054 0.0006524 0.3296219
v 0.0488054 0.0022093 0.3304292
v 0.0488054 0.9453582 0.3296219
v 0.0488054 0.9438012 0.3304292
v 0.0551484 0.9453582 0.3274306
v 0.0551484 0.9438012 0.3282380
v 0.0170326 0.0022093 0.3244898
v 0.0170326 0.9438012 0.3244898
v 0.0115546 0.0022093 0.3188387
v 0.0071721 0.9438012 0.3108235
v 0.0071721 0.0022093 0.3108235
v 0.0115546 0.9438012 0.3188387
v 0.0294303 0.0022093 0.3304292
v 0.0294303 0.9438012 0.3304292
v 0.0230873 0.0022093 0.3282380
v 0.0230873 0.9438012 0.3282380
v 0.0230873 0.0006524 0.3274306
v 0.0170903 0.0006524 0.3236248
v 0.0170326 0.0022093 0.3244898
v 0.0170326 0.9438012 0.3244898
v 0.0707176 0.9453582 0.3101892
v 0.0711213 0.9438012 0.3108235
v 0.0723322 0.9453582 0.3003286
v 0.0728512 0.9438012 0.3005593
v 0.0728512 0.0022093 0.3005593
v 0.0711213 0.0022093 0.3108235
v 0.0711213 0.0022093 0.3108235
v 0.0711213 0.9438012 0.3108235
v 0.0667388 0.0022093 0.3188387
v 0.0612031 0.9438012 0.3244898
v 0.0612031 0.0022093 0.3244898
v 0.0667388 0.9438012 0.3188387
v 0.0723322 0.9453582 0.3003286
v 0.0728512 0.9438012 0.3005593
v 0.0723322 0.9453582 -0.3559428
v 0.0728512 0.9438012 -0.3557121
v 0.0723322 0.9453582 -0.3559428
v 0.0723322 0.9447816 -0.3581917
v 0.0728512 0.9410910 -0.3604982
v 0.0722169 0.9418983 -0.3618822
v 0.0728512 0.9429939 -0.3585953
v 0.0722169 0.9435129 -0.3603253
v 0.0720439 0.9444356 -0.3594603
v 0.0728512 0.9410910 -0.3604982
v 0.0728512 0.9382078 -0.3613055
v 0.0728512 0.0078027 -0.3613055
v 0.0722745 0.0075721 -0.3628625
v 0.0722745 0.0041122 -0.3618822
v 0.0728512 0.0049195 -0.3604982
v 0.0722745 0.0041122 -0.3618822
v 0.0722745 0.0016327 -0.3594026
v 0.0728512 0.0030166 -0.3585953
v 0.0722745 0.0016327 -0.3594026
v 0.0722745 0.0006524 -0.3559428
v 0.0728512 0.0022093 -0.3557121
v 0.0728512 0.0022093 0.3005593
v 0.0358887 0.0006524 0.3304292
v 0.0358887 0.0022093 0.3311788
v 0.0294303 0.0006524 0.3296219
v 0.0294303 0.0022093 0.3304292
v 0.0294303 0.9438012 0.3304292
v 0.0358887 0.9438012 0.3311788
v 0.0358887 0.9453582 0.3304292
v 0.0423470 0.9453582 0.3304292
v 0.0423470 0.9438012 0.3311788
v 0.0423470 0.9453582 0.3304292
v 0.0488054 0.9453582 0.3296219
v 0.0488054 0.9438012 0.3304292
v 0.0488054 0.0022093 0.3304292
v 0.0423470 0.0022093 0.3311788
v 0.0423470 0.0006524 0.3304292
v 0.0358887 0.0006524 0.3304292
v 0.0053846 0.0022093 -0.3557121
v 0.0053846 0.0022093 0.3005593
v 0.0053846 0.0030166 -0.3585953
v 0.0059612 0.0016327 -0.3594026
v 0.0060189 0.0041122 -0.3618822
v 0.0053846 0.0049195 -0.3604982
v 0.0060189 0.0041122 -0.3618822
v 0.0060189 0.0075721 -0.3628625
v 0.0053846 0.0078027 -0.3613055
v 0.0060189 0.0075721 -0.3628625
v 0.0060189 0.9384385 -0.3628625
v 0.0053846 0.9382078 -0.3613055
v 0.0053846 0.9410910 -0.3604982
v 0.0060189 0.9435129 -0.3603253
v 0.0053846 0.9429939 -0.3585953
v 0.0062495 0.9444356 -0.3594603
v 0.0059612 0.9447816 -0.3581917
v 0.0059035 0.9453582 -0.3559428
v 0.0053846 0.9438012 -0.3557121
v 0.0059035 0.9453582 -0.3559428
v 0.0059035 0.9453582 0.3003286
v 0.0053846 0.9438012 0.3005593
vt 0.1429539 0.0809600
vt 0.1429539 0.0804837
vt 0.1919050 0.0808806
vt 0.1919579 0.0804837
vt 0.1923548 0.2771084
vt 0.1922225 0.2769497
vt 0.1923548 0.0815157
vt 0.1922225 0.0816744
vt 0.0844507 0.0808806
vt 0.0843977 0.0804837
vt 0.1377412 0.0809600
vt 0.1377148 0.0804837
vt 0.1923019 0.2775847
vt 0.1921696 0.2774260
vt 0.1923548 0.2771084
vt 0.1922225 0.2769497
vt 0.0843713 0.0804837
vt 0.0844507 0.0808806
vt 0.0842125 0.0805631
vt 0.0842919 0.0809600
vt 0.0840008 0.2771084
vt 0.0841596 0.2769497
vt 0.0840538 0.2775847
vt 0.0841861 0.2774260
vt 0.0840538 0.2776641
vt 0.0841861 0.2774260
vt 0.0841331 0.2779023
vt 0.0842919 0.2776641
vt 0.1409429 0.0804837
vt 0.1409429 0.0809600
vt 0.1405460 0.0804837
vt 0.1405460 0.0809600
vt 0.1417367 0.0804837
vt 0.1417367 0.0809600
vt 0.1413663 0.0804837
vt 0.1413398 0.0809600
vt 0.1413663 0.2781404
vt 0.1413398 0.2776641
vt 0.1417367 0.2781404
vt 0.1417367 0.2776641
vt 0.1421336 0.0804837
vt 0.1421336 0.0809600
vt 0.1417632 0.0804837
vt 0.1417367 0.0809600
vt 0.1417632 0.2781404
vt 0.1417367 0.2776641
vt 0.1421336 0.2781404
vt 0.1421336 0.2776641
vt 0.1425570 0.0804837
vt 0.1425570 0.0809600
vt 0.1421601 0.0804837
vt 0.1421336 0.0809600
vt 0.1421601 0.2781404
vt 0.1421336 0.2776641
vt 0.1425570 0.2781404
vt 0.1425570 0.2776641
vt 0.1429539 0.0804837
vt 0.1429539 0.0809600
vt 0.1425570 0.0804837
vt 0.1425570 0.0809600
vt 0.1381117 0.0804837
vt 0.1381381 0.0809600
vt 0.1377412 0.0804837
vt 0.1377412 0.0809600
vt 0.1377412 0.2781404
vt 0.1377412 0.2776641
vt 0.1381117 0.2781404
vt 0.1381381 0.2776641
vt 0.1385086 0.0804837
vt 0.1385350 0.0809600
vt 0.1381381 0.0804837
vt 0.1381381 0.0809600
vt 0.1381381 0.2781404
vt 0.1381381 0.2776641
vt 0.1385086 0.2781404
vt 0.1385350 0.2776641
vt 0.1389055 0.0804837
vt 0.1389319 0.0809600
vt 0.1385350 0.0804837
vt 0.1385350 0.0809600
vt 0.1385350 0.2781404
vt 0.1385350 0.2776641
vt 0.1389055 0.2781404
vt 0.1389319 0.2776641
vt 0.1389319 0.2781404
vt 0.1389319 0.2776641
vt 0.1393288 0.2781404
vt 0.1393288 0.2776641
vt 0.1397257 0.0804837
vt 0.1397522 0.0809600
vt 0.1393288 0.0804837
vt 0.1393288 0.0809600
vt 0.1393288 0.2781404
vt 0.1393288 0.2776641
vt 0.1397257 0.2781404
vt 0.1397522 0.2776641
vt 0.1397522 0.2781404
vt 0.1397522 0.2776641
vt 0.1401491 0.2781404
vt 0.1401491 0.2776641
vt 0.1381381 0.0809600
vt 0.1381381 0.2776641
vt 0.1377412 0.0809600
vt 0.1377412 0.2776641
vt 0.1417367 0.0809600
vt 0.1417367 0.2776641
vt 0.1413398 0.0809600
vt 0.1413398 0.0804837
vt 0.1409694 0.0804837
vt 0.1409429 0.0809600
vt 0.1409694 0.2781404
vt 0.1409429 0.2776641
vt 0.1413398 0.2781404
vt 0.1413398 0.2776641
vt 0.1389319 0.0809600
vt 0.1389319 0.2776641
vt 0.1385350 0.0809600
vt 0.1381381 0.2776641
vt 0.1381381 0.0809600
vt 0.1385350 0.2776641
vt 0.1397522 0.0809600
vt 0.1397522 0.2776641
vt 0.1393288 0.0809600
vt 0.1393288 0.2776641
vt 0.1393288 0.0804837
vt 0.1389319 0.0804837
vt 0.1389319 0.0809600
vt 0.1389319 0.2776641
vt 0.1425570 0.2781404
vt 0.1425570 0.2776641
vt 0.1429539 0.2781404
vt 0.1429539 0.2776641
vt 0.1429539 0.0809600
vt 0.1425570 0.0809600
vt 0.1425570 0.0809600
vt 0.1425570 0.2776641
vt 0.1421336 0.0809600
vt 0.1417367 0.2776641
vt 0.1417367 0.0809600
vt 0.1421336 0.2776641
vt 0.1429539 0.2781404
vt 0.1429539 0.2776641
vt 0.1919579 0.2781404
vt 0.1919050 0.2777435
vt 0.1919844 0.2781404
vt 0.1920902 0.2780610
vt 0.1921696 0.2774260
vt 0.1923019 0.2776641
vt 0.1920902 0.2776641
vt 0.1922225 0.2779023
vt 0.1921696 0.2779816
vt 0.1921696 0.2774260
vt 0.1922225 0.2769497
vt 0.1922225 0.0816744
vt 0.1923548 0.0814363
vt 0.1923019 0.0809600
vt 0.1921696 0.0811981
vt 0.1923019 0.0809600
vt 0.1921696 0.0806424
vt 0.1920902 0.0809600
vt 0.1921431 0.0805631
vt 0.1919844 0.0804837
vt 0.1919050 0.0808806
vt 0.1429539 0.0809600
vt 0.1401491 0.0804837
vt 0.1401491 0.0809600
vt 0.1397522 0.0804837
vt 0.1397522 0.0809600
vt 0.1397522 0.2776641
vt 0.1401491 0.2776641
vt 0.1401491 0.2781404
vt 0.1405460 0.2781404
vt 0.1405460 0.2776641
vt 0.1405460 0.2781404
vt 0.1409429 0.2781404
vt 0.1409429 0.2776641
vt 0.1409429 0.0809600
vt 0.1405460 0.0809600
vt 0.1405460 0.0804837
vt 0.1401491 0.0804837
vt 0.0844507 0.0808806
vt 0.1377412 0.0809600
vt 0.0842919 0.0809600
vt 0.0841861 0.0806424
vt 0.0840538 0.0809600
vt 0.0841861 0.0811981
vt 0.0840538 0.0809600
vt 0.0840008 0.0814363
vt 0.0841596 0.0816744
vt 0.0840008 0.0815157
vt 0.0840008 0.2771084
vt 0.0841596 0.2769497
vt 0.0841861 0.2774260
vt 0.0841331 0.2779023
vt 0.0842919 0.2776641
vt 0.0842125 0.2779816
vt 0.0842654 0.2780610
vt 0.0843713 0.2781404
vt 0.0844507 0.2777435
vt 0.0843977 0.2781404
vt 0.1377148 0.2781404
vt 0.1377412 0.2776641
vn 0.9999923 0.0000000 0.0039292
vn 0.7551383 -0.6555597 0.0027661
vn 1.0000000 0.0000000 0.0000000
vn 0.7563262 -0.6541946 0.0000000
vn 0.7248613 0.0000000 -0.6888949
vn 1.0000000 0.0000000 0.0000000
vn 0.7248613 0.0000000 -0.6888949
vn 0.9999981 0.0000000 -0.0019608
vn -1.0000000 0.0000000 0.0000000
vn -0.7563262 -0.6541946 0.0000000
vn -0.9999923 0.0000000 0.0039292
vn -0.7551383 -0.6555597 0.0027661
vn 0.7359920 0.2988964 -0.6074346
vn 1.0000000 0.0000000 0.0000000
vn 0.7248613 0.0000000 -0.6888949
vn 0.9999981 0.0000000 -0.0019608
vn -0.7563262 -0.6541946 0.0000000
vn -1.0000000 0.0000000 0.0000000
vn -0.7299361 -0.5898143 -0.3454161
vn -1.0000000 0.0000000 0.0000000
vn -0.7248613 0.0000000 -0.6888949
vn -0.9999981 0.0000000 -0.0019608
vn -0.7359920 0.2988964 -0.6074346
vn -1.0000000 0.0000000 0.0000000
vn -0.7359920 0.2988964 -0.6074346
vn -1.0000000 0.0000000 0.0000000
vn -0.6986763 0.5382147 -0.4713558
vn -1.0000000 0.0000000 0.0000000
vn 0.1511375 -0.7526644 0.6408227
vn 0.2253738 0.0000000 0.9742724
vn 0.0397073 -0.7544377 0.6551695
vn 0.0600574 0.0000000 0.9981949
vn 0.4378911 -0.7231837 0.5340944
vn 0.6303853 0.0000000 0.7762824
vn 0.2915094 -0.7431890 0.6022394
vn 0.4304398 0.0000000 0.9026193
vn 0.2952649 0.7381621 0.6065768
vn 0.4304398 0.0000000 0.9026193
vn 0.4418899 0.7176554 0.5382416
vn 0.6303853 0.0000000 0.7762824
vn 0.5849372 -0.6946129 0.4187619
vn 0.8090906 0.0000000 0.5876839
vn 0.4378911 -0.7231837 0.5340944
vn 0.6303853 0.0000000 0.7762824
vn 0.4418899 0.7176554 0.5382416
vn 0.6303853 0.0000000 0.7762824
vn 0.5925142 0.6857188 0.4227490
vn 0.8090906 0.0000000 0.5876839
vn 0.7148587 -0.6581738 0.2361869
vn 0.9474359 0.0000000 0.3199456
vn 0.5849372 -0.6946129 0.4187619
vn 0.8090906 0.0000000 0.5876839
vn 0.5925142 0.6857188 0.4227490
vn 0.8090906 0.0000000 0.5876839
vn 0.7247879 0.6460067 0.2394952
vn 0.9474359 0.0000000 0.3199456
vn 0.7551383 -0.6555597 0.0027661
vn 0.9999923 0.0000000 0.0039292
vn 0.7148587 -0.6581738 0.2361869
vn 0.9474359 0.0000000 0.3199456
vn -0.7148587 -0.6581738 0.2361869
vn -0.9474359 0.0000000 0.3199456
vn -0.7551383 -0.6555597 0.0027661
vn -0.9999923 0.0000000 0.0039292
vn -0.7727234 0.6347369 0.0027597
vn -0.9999923 0.0000000 0.0039292
vn -0.7247879 0.6460067 0.2394952
vn -0.9474359 0.0000000 0.3199456
vn -0.5849372 -0.6946129 0.4187619
vn -0.8090905 0.0000000 0.5876841
vn -0.7148587 -0.6581738 0.2361869
vn -0.9474359 0.0000000 0.3199456
vn -0.7238540 0.6483215 0.2360394
vn -0.9474359 0.0000000 0.3199456
vn -0.5925142 0.6857188 0.4227490
vn -0.8090905 0.0000000 0.5876841
vn -0.4378910 -0.7231838 0.5340943
vn -0.6303853 0.0000000 0.7762824
vn -0.5849372 -0.6946129 0.4187619
vn -0.8090905 0.0000000 0.5876841
vn -0.5925142 0.6857188 0.4227490
vn -0.8090905 0.0000000 0.5876841
vn -0.4418897 0.7176556 0.5382416
vn -0.6303853 0.0000000 0.7762824
vn -0.4418897 0.7176556 0.5382416
vn -0.6303853 0.0000000 0.7762824
vn -0.2952649 0.7381621 0.6065768
vn -0.4304398 0.0000000 0.9026193
vn -0.1511374 -0.7526645 0.6408226
vn -0.2253738 0.0000000 0.9742724
vn -0.2915093 -0.7431891 0.6022394
vn -0.4304398 0.0000000 0.9026193
vn -0.2952649 0.7381621 0.6065768
vn -0.4304398 0.0000000 0.9026193
vn -0.1512340 0.7470969 0.6472824
vn -0.2253738 0.0000000 0.9742724
vn -0.1512340 0.7470969 0.6472824
vn -0.2253738 0.0000000 0.9742724
vn -0.0397282 0.7491631 0.6611932
vn -0.0600574 0.0000000 0.9981949
vn -0.9474359 0.0000000 0.3199456
vn -0.9474359 0.0000000 0.3199456
vn -0.9999923 0.0000000 0.0039292
vn -0.9999923 0.0000000 0.0039292
vn 0.6303853 0.0000000 0.7762824
vn 0.6303853 0.0000000 0.7762824
vn 0.4304398 0.0000000 0.9026193
vn 0.2915094 -0.7431890 0.6022394
vn 0.1511375 -0.7526644 0.6408227
vn 0.2253738 0.0000000 0.9742724
vn 0.1512344 0.7470969 0.6472823
vn 0.2253738 0.0000000 0.9742724
vn 0.2952649 0.7381621 0.6065768
vn 0.4304398 0.0000000 0.9026193
vn -0.6303853 0.0000000 0.7762824
vn -0.6303853 0.0000000 0.7762824
vn -0.8090905 0.0000000 0.5876841
vn -0.9474359 0.0000000 0.3199456
vn -0.9474359 0.0000000 0.3199456
vn -0.8090905 0.0000000 0.5876841
vn -0.2253738 0.0000000 0.9742724
vn -0.2253738 0.0000000 0.9742724
vn -0.4304398 0.0000000 0.9026193
vn -0.4304398 0.0000000 0.9026193
vn -0.2915093 -0.7431891 0.6022394
vn -0.4378910 -0.7231838 0.5340943
vn -0.6303853 0.0000000 0.7762824
vn -0.6303853 0.0000000 0.7762824
vn 0.7247879 0.6460067 0.2394952
vn 0.9474359 0.0000000 0.3199456
vn 0.7727234 0.6347369 0.0027597
vn 0.9999923 0.0000000 0.0039292
vn 0.9999923 0.0000000 0.0039292
vn 0.9474359 0.0000000 0.3199456
vn 0.9474359 0.0000000 0.3199456
vn 0.9474359 0.0000000 0.3199456
vn 0.8090906 0.0000000 0.5876839
vn 0.6303853 0.0000000 0.7762824
vn 0.6303853 0.0000000 0.7762824
vn 0.8090906 0.0000000 0.5876839
vn 0.7727234 0.6347369 0.0027597
vn 0.9999923 0.0000000 0.0039292
vn 0.7727234 0.6347369 -0.0027597
vn 1.0000000 0.0000000 0.0000000
vn 0.7727234 0.6347369 -0.0027597
vn 0.7206642 0.6479657 -0.2465431
vn 1.0000000 0.0000000 0.0000000
vn 0.7359920 0.2988964 -0.6074346
vn 1.0000000 0.0000000 0.0000000
vn 0.6986763 0.5382147 -0.4713558
vn 0.5954999 0.6853240 -0.4191788
vn 1.0000000 0.0000000 0.0000000
vn 1.0000000 0.0000000 0.0000000
vn 1.0000000 0.0000000 0.0000000
vn 0.7248613 0.0000000 -0.6888949
vn 0.7234495 -0.3421720 -0.5996158
vn 1.0000000 0.0000000 0.0000000
vn 0.7234495 -0.3421720 -0.5996158
vn 0.7299361 -0.5898144 -0.3454161
vn 1.0000000 0.0000000 0.0000000
vn 0.7299361 -0.5898144 -0.3454161
vn 0.7563262 -0.6541946 0.0000000
vn 1.0000000 0.0000000 0.0000000
vn 0.9999923 0.0000000 0.0039292
vn -0.0397072 -0.7544377 0.6551695
vn -0.0600574 0.0000000 0.9981949
vn -0.1511374 -0.7526645 0.6408226
vn -0.2253738 0.0000000 0.9742724
vn -0.2253738 0.0000000 0.9742724
vn -0.0600574 0.0000000 0.9981949
vn -0.0397282 0.7491631 0.6611932
vn 0.0397285 0.7491630 0.6611931
vn 0.0600574 0.0000000 0.9981949
vn 0.0397285 0.7491630 0.6611931
vn 0.1512344 0.7470969 0.6472823
vn 0.2253738 0.0000000 0.9742724
vn 0.2253738 0.0000000 0.9742724
vn 0.0600574 0.0000000 0.9981949
vn 0.0397073 -0.7544377 0.6551695
vn -0.0397072 -0.7544377 0.6551695
vn -1.0000000 0.0000000 0.0000000
vn -0.9999923 0.0000000 0.0039292
vn -1.0000000 0.0000000 0.0000000
vn -0.7299361 -0.5898143 -0.3454161
vn -0.7234495 -0.3421720 -0.5996158
vn -1.0000000 0.0000000 0.0000000
vn -0.7234495 -0.3421720 -0.5996158
vn -0.7248613 0.0000000 -0.6888949
vn -1.0000000 0.0000000 0.0000000
vn -0.7248613 0.0000000 -0.6888949
vn -0.7248613 0.0000000 -0.6888949
vn -1.0000000 0.0000000 0.0000000
vn -1.0000000 0.0000000 0.0000000
vn -0.6986763 0.5382147 -0.4713558
vn -1.0000000 0.0000000 0.0000000
vn -0.5954999 0.6853240 -0.4191788
vn -0.7206642 0.6479657 -0.2465431
vn -0.7727233 0.6347370 -0.0027597
vn -1.0000000 0.0000000 0.0000000
vn -0.7727233 0.6347370 -0.0027597
vn -0.7727234 0.6347369 0.0027597
vn -0.9999923 0.0000000 0.0039292
f 4088/4088/4088 4089/4089/4089 4090/4090/4090
f 4089/4089/4089 4091/4091/4091 4090/4090/4090
f 4092/4092/4092 4093/4093/4093 4094/4094/4094
f 4093/4093/4093 4095/4095/4095 4094/4094/4094
f 4096/4096/4096 4097/4097/4097 4098/4098/4098
f 4097/4097/4097 4099/4099/4099 4098/4098/4098
f 4100/4100/4100 4101/4101/4101 4102/4102/4102
f 4101/4101/4101 4103/4103/4103 4102/4102/4102
f 4104/4104/4104 4105/4105/4105 4106/4106/4106
f 4105/4105/4105 4107/4107/4107 4106/4106/4106
f 4108/4108/4108 4109/4109/4109 4110/4110/4110
f 4109/4109/4109 4111/4111/4111 4110/4110/4110
f 4112/4112/4112 4113/4113/4113 4114/4114/4114
f 4113/4113/4113 4115/4115/4115 4114/4114/4114
f 4116/4116/4116 4117/4117/4117 4118/4118/4118
f 4117/4117/4117 4119/4119/4119 4118/4118/4118
f 4120/4120/4120 4121/4121/4121 4122/4122/4122
f 4121/4121/4121 4123/4123/4123 4122/4122/4122
f 4124/4124/4124 4125/4125/4125 4126/4126/4126
f 4125/4125/4125 4127/4127/4127 4126/4126/4126
f 4128/4128/4128 4129/4129/4129 4130/4130/4130
f 4129/4129/4129 4131/4131/4131 4130/4130/4130
f 4132/4132/4132 4133/4133/4133 4134/4134/4134
f 4133/4133/4133 4135/4135/4135 4134/4134/4134
f 4136/4136/4136 4137/4137/4137 4138/4138/4138
f 4137/4137/4137 4139/4139/4139 4138/4138/4138
f 4140/4140/4140 4141/4141/4141 4142/4142/4142
f 4141/4141/4141 4143/4143/4143 4142/4142/4142
f 4144/4144/4144 4145/4145/4145 4146/4146/4146
f 4145/4145/4145 4147/4147/4147 4146/4146/4146
f 4148/4148/4148 4149/4149/4149 4150/4150/4150
f 4149/4149/4149 4151/4151/4151 4150/4150/4150
f 4152/4152/4152 4153/4153/4153 4154/4154/4154
f 4153/4153/4153 4155/4155/4155 4154/4154/4154
f 4156/4156/4156 4157/4157/4157 4158/4158/4158
f 4157/4157/4157 4159/4159/4159 4158/4158/4158
f 4160/4160/4160 4161/4161/4161 4162/4162/4162
f 4161/4161/4161 4163/4163/4163 4162/4162/4162
f 4164/4164/4164 4165/4165/4165 4166/4166/4166
f 4165/4165/4165 4167/4167/4167 4166/4166/4166
f 4168/4168/4168 4169/4169/4169 4170/4170/4170
f 4169/4169/4169 4171/4171/4171 4170/4170/4170
f 4172/4172/4172 4173/4173/4173 4174/4174/4174
f 4173/4173/4173 4175/4175/4175 4174/4174/4174
f 4176/4176/4176 4177/4177/4177 4178/4178/4178
f 4177/4177/4177 4179/4179/4179 4178/4178/4178
f 4180/4180/4180 4181/4181/4181 4182/4182/4182
f 4181/4181/4181 4183/4183/4183 4182/4182/4182
f 4184/4184/4184 4185/4185/4185 4186/4186/4186
f 4185/4185/4185 4187/4187/4187 4186/4186/4186
f 4188/4188/4188 4189/4189/4189 4190/4190/4190
f 4189/4189/4189 4191/4191/4191 4190/4190/4190
f 4192/4192/4192 4193/4193/4193 4194/4194/4194
f 4195/4195/4195 4194/4194/4194 4196/4196/4196
f 4196/4196/4196 4194/4194/4194 4197/4197/4197
f 4198/4198/4198 4199/4199/4199 4200/4200/4200
f 4200/4200/4200 4199/4199/4199 4201/4201/4201
f 4199/4199/4199 4197/4197/4197 4201/4201/4201
f 4197/4197/4197 4194/4194/4194 4201/4201/4201
f 4194/4194/4194 4193/4193/4193 4201/4201/4201
f 4202/4202/4202 4203/4203/4203 4204/4204/4204
f 4205/4205/4205 4206/4206/4206 4207/4207/4207
f 4206/4206/4206 4204/4204/4204 4207/4207/4207
f 4204/4204/4204 4203/4203/4203 4207/4207/4207
f 4208/4208/4208 4209/4209/4209 4210/4210/4210
f 4209/4209/4209 4211/4211/4211 4210/4210/4210
f 4212/4212/4212 4210/4210/4210 4213/4213/4213
f 4213/4213/4213 4210/4210/4210 4214/4214/4214
f 4210/4210/4210 4211/4211/4211 4214/4214/4214
f 4211/4211/4211 4215/4215/4215 4214/4214/4214
f 4216/4216/4216 4217/4217/4217 4218/4218/4218
f 4218/4218/4218 4217/4217/4217 4219/4219/4219
f 4220/4220/4220 4219/4219/4219 4221/4221/4221
f 4219/4219/4219 4217/4217/4217 4221/4221/4221
f 4222/4222/4222 4223/4223/4223 4224/4224/4224
f 4225/4225/4225 4226/4226/4226 4227/4227/4227
f 4226/4226/4226 4224/4224/4224 4227/4227/4227
f 4224/4224/4224 4223/4223/4223 4227/4227/4227
f 4228/4228/4228 4229/4229/4229 4230/4230/4230
f 4230/4230/4230 4229/4229/4229 4231/4231/4231
f 4232/4232/4232 4231/4231/4231 4233/4233/4233
f 4234/4234/4234 4235/4235/4235 4236/4236/4236
f 4235/4235/4235 4237/4237/4237 4236/4236/4236
f 4237/4237/4237 4238/4238/4238 4236/4236/4236
f 4238/4238/4238 4233/4233/4233 4236/4236/4236
f 4233/4233/4233 4231/4231/4231 4236/4236/4236
f 4236/4236/4236 4231/4231/4231 4239/4239/4239
f 4240/4240/4240 4239/4239/4239 4241/4241/4241
f 4242/4242/4242 4241/4241/4241 4243/4243/4243
f 4243/4243/4243 4241/4241/4241 4244/4244/4244
f 4245/4245/4245 4244/4244/4244 4246/4246/4246
f 4246/4246/4246 4244/4244/4244 4247/4247/4247
f 4244/4244/4244 4241/4241/4241 4247/4247/4247
f 4241/4241/4241 4239/4239/4239 4247/4247/4247
f 4239/4239/4239 4231/4231/4231 4247/4247/4247
f 4248/4248/4248 4247/4247/4247 4249/4249/4249
f 4249/4249/4249 4247/4247/4247 4250/4250/4250
f 4250/4250/4250 4247/4247/4247 4251/4251/4251
f 4247/4247/4247 4231/4231/4231 4251/4251/4251
f 4231/4231/4231 4229/4229/4229 4251/4251/4251
f 4252/4252/4252 4253/4253/4253 4254/4254/4254
f 4254/4254/4254 4253/4253/4253 4255/4255/4255
f 4256/4256/4256 4255/4255/4255 4257/4257/4257
f 4255/4255/4255 4253/4253/4253 4257/4257/4257
f 4258/4258/4258 4257/4257/4257 4259/4259/4259
f 4259/4259/4259 4257/4257/4257 4260/4260/4260
f 4257/4257/4257 4253/4253/4253 4260/4260/4260
f 4261/4261/4261 4260/4260/4260 4262/4262/4262
f 4262/4262/4262 4260/4260/4260 4263/4263/4263
f 4264/4264/4264 4263/4263/4263 4265/4265/4265
f 4263/4263/4263 4260/4260/4260 4265/4265/4265
f 4260/4260/4260 4253/4253/4253 4265/4265/4265
f 4266/4266/4266 4265/4265/4265 4267/4267/4267
f 4265/4265/4265 4253/4253/4253 4267/4267/4267
f 4268/4268/4268 4269/4269/4269 4270/4270/4270
f 4271/4271/4271 4270/4270/4270 4272/4272/4272
f 4272/4272/4272 4270/4270/4270 4273/4273/4273
f 4274/4274/4274 4273/4273/4273 4275/4275/4275
f 4275/4275/4275 4273/4273/4273 4276/4276/4276
f 4273/4273/4273 4270/4270/4270 4276/4276/4276
f 4277/4277/4277 4276/4276/4276 4278/4278/4278
f 4278/4278/4278 4276/4276/4276 4279/4279/4279
f 4279/4279/4279 4276/4276/4276 4280/4280/4280
f 4276/4276/4276 4270/4270/4270 4280/4280/4280
f 4270/4270/4270 4269/4269/4269 4280/4280/4280
f 4281/4281/4281 4282/4282/4282 4283/4283/4283
f 4283/4283/4283 4282/4282/4282 4284/4284/4284
f 4284/4284/4284 4282/4282/4282 4285/4285/4285
f 4285/4285/4285 4282/4282/4282 4286/4286/4286
f 4282/4282/4282 4280/4280/4280 4286/4286/4286
f 4280/4280/4280 4269/4269/4269 4286/4286/4286
f 4287/4287/4287 4286/4286/4286 4288/4288/4288
f 4288/4288/4288 4286/4286/4286 4289/4289/4289
f 4286/4286/4286 4269/4269/4269 4289/4289/4289
v 0.0298182 0.9460106 0.3255300
v 0.0296450 0.9460106 0.3278976
v 0.0359968 0.9460106 0.3262229
v 0.0359390 0.9460106 0.3286482
v 0.0702386 0.9460106 -0.3560157
v 0.0689105 0.9453755 -0.3559579
v 0.0702386 0.9460106 0.2998919
v 0.0689105 0.9453755 0.2996610
v 0.0702964 0.0000000 0.2999497
v 0.0689683 0.0006352 0.2996610
v 0.0703541 0.0000000 -0.3560157
v 0.0689683 0.0006352 -0.3559579
v 0.0723174 0.0006352 0.3003539
v 0.0709893 0.0000000 0.3000652
v 0.0722596 0.0006352 -0.3559579
v 0.0708738 0.0000000 -0.3560157
v 0.0723174 0.9453755 -0.3559579
v 0.0709893 0.9460106 -0.3560157
v 0.0723174 0.9453755 0.3003539
v 0.0710470 0.9460106 0.3001229
v 0.0704696 0.0075066 -0.3635223
v 0.0689683 0.0075644 -0.3628871
v 0.0704696 0.9385040 -0.3635223
v 0.0689683 0.9384462 -0.3628871
v 0.0689683 0.0075644 -0.3628871
v 0.0683908 0.0077954 -0.3612703
v 0.0689683 0.9384462 -0.3628871
v 0.0683908 0.9382153 -0.3612703
v 0.0707583 0.9385040 -0.3635223
v 0.0722596 0.9384462 -0.3628871
v 0.0707583 0.0075066 -0.3635223
v 0.0722596 0.0075644 -0.3628871
v 0.0079334 0.0000000 -0.3560157
v 0.0093193 0.0006352 -0.3559579
v 0.0079334 0.0000000 0.2999497
v 0.0092615 0.0006352 0.2996610
v 0.0080489 0.9460106 0.2998919
v 0.0093193 0.9453755 0.2996610
v 0.0080489 0.9460106 -0.3560157
v 0.0093193 0.9453755 -0.3559579
v 0.0059702 0.0006352 -0.3559579
v 0.0073560 0.0000000 -0.3560157
v 0.0059124 0.0006352 0.3003539
v 0.0072983 0.0000000 0.3000652
v 0.0059124 0.9453755 0.3003539
v 0.0071828 0.9460106 0.3001229
v 0.0059124 0.9453755 -0.3559579
v 0.0072405 0.9460106 -0.3560157
v 0.0077602 0.9385040 -0.3635223
v 0.0092615 0.9384462 -0.3628871
v 0.0077602 0.0075066 -0.3635223
v 0.0092615 0.0075644 -0.3628871
v 0.0092615 0.9384462 -0.3628871
v 0.0098967 0.9382153 -0.3612703
v 0.0092615 0.0075644 -0.3628871
v 0.0098967 0.0077954 -0.3612703
v 0.0074715 0.0075066 -0.3635223
v 0.0060279 0.0075644 -0.3628871
v 0.0075292 0.9385040 -0.3635223
v 0.0060279 0.9384462 -0.3628871
v 0.0707583 0.9422573 -0.3625407
v 0.0722596 0.9419108 -0.3619055
v 0.0707583 0.9385040 -0.3635223
v 0.0722596 0.9384462 -0.3628871
v 0.0704696 0.9385040 -0.3635223
v 0.0689683 0.9384462 -0.3628871
v 0.0704696 0.9422573 -0.3625407
v 0.0689683 0.9419108 -0.3619055
v 0.0689683 0.9384462 -0.3628871
v 0.0683908 0.9382153 -0.3612703
v 0.0689683 0.9419108 -0.3619055
v 0.0683908 0.9411024 -0.3605197
v 0.0689683 0.9419108 -0.3619055
v 0.0683908 0.9411024 -0.3605197
v 0.0689683 0.9435277 -0.3603464
v 0.0683908 0.9430080 -0.3586141
v 0.0709893 0.9456064 -0.3576325
v 0.0708738 0.9447403 -0.3595958
v 0.0702386 0.9456064 -0.3576325
v 0.0703541 0.9447403 -0.3595958
v 0.0708738 0.9447403 -0.3595958
v 0.0707006 0.9434122 -0.3613281
v 0.0703541 0.9447403 -0.3595958
v 0.0705273 0.9434122 -0.3613281
v 0.0702386 0.9456064 -0.3576325
v 0.0689105 0.9447403 -0.3582099
v 0.0702386 0.9460106 -0.3560157
v 0.0689105 0.9453755 -0.3559579
v 0.0074715 0.0037533 -0.3625407
v 0.0059702 0.0040998 -0.3619055
v 0.0074715 0.0075066 -0.3635223
v 0.0060279 0.0075644 -0.3628871
v 0.0077602 0.0075066 -0.3635223
v 0.0092615 0.0075644 -0.3628871
v 0.0078180 0.0037533 -0.3625407
v 0.0092615 0.0040998 -0.3619055
v 0.0092615 0.0075644 -0.3628871
v 0.0098967 0.0077954 -0.3612703
v 0.0092615 0.0040998 -0.3619055
v 0.0098967 0.0049082 -0.3605197
v 0.0074138 0.0009816 -0.3597690
v 0.0059702 0.0016168 -0.3594225
v 0.0074715 0.0037533 -0.3625407
v 0.0059702 0.0040998 -0.3619055
v 0.0078180 0.0037533 -0.3625407
v 0.0092615 0.0040998 -0.3619055
v 0.0078757 0.0009816 -0.3597690
v 0.0092615 0.0016168 -0.3594225
v 0.0092615 0.0040998 -0.3619055
v 0.0098967 0.0049082 -0.3605197
v 0.0092615 0.0016168 -0.3594225
v 0.0098967 0.0030027 -0.3586141
v 0.0073560 0.0000000 -0.3560157
v 0.0059702 0.0006352 -0.3559579
v 0.0074138 0.0009816 -0.3597690
v 0.0059702 0.0016168 -0.3594225
v 0.0078757 0.0009816 -0.3597690
v 0.0092615 0.0016168 -0.3594225
v 0.0079334 0.0000000 -0.3560157
v 0.0093193 0.0006352 -0.3559579
v 0.0092615 0.0016168 -0.3594225
v 0.0098967 0.0030027 -0.3586141
v 0.0093193 0.0006352 -0.3559579
v 0.0098967 0.0022520 -0.3557269
v 0.0077602 0.9422573 -0.3625407
v 0.0092615 0.9419108 -0.3619055
v 0.0077602 0.9385040 -0.3635223
v 0.0092615 0.9384462 -0.3628871
v 0.0092615 0.9419108 -0.3619055
v 0.0098967 0.9411024 -0.3605197
v 0.0092615 0.9384462 -0.3628871
v 0.0098967 0.9382153 -0.3612703
v 0.0075292 0.9385040 -0.3635223
v 0.0060279 0.9384462 -0.3628871
v 0.0075292 0.9422573 -0.3625407
v 0.0060279 0.9419108 -0.3619055
v 0.0092615 0.9435277 -0.3603464
v 0.0098967 0.9430080 -0.3586141
v 0.0092615 0.9419108 -0.3619055
v 0.0098967 0.9411024 -0.3605197
v 0.0079912 0.9456064 -0.3576325
v 0.0078757 0.9447403 -0.3595958
v 0.0072405 0.9456064 -0.3576325
v 0.0074138 0.9447403 -0.3595958
v 0.0078757 0.9447403 -0.3595958
v 0.0077602 0.9434122 -0.3613281
v 0.0074138 0.9447403 -0.3595958
v 0.0075292 0.9434122 -0.3613281
v 0.0080489 0.9460106 -0.3560157
v 0.0093193 0.9453755 -0.3559579
v 0.0079912 0.9456064 -0.3576325
v 0.0093193 0.9447403 -0.3582099
v 0.0093193 0.9453755 -0.3559579
v 0.0098967 0.9437586 -0.3557269
v 0.0093193 0.9447403 -0.3582099
v 0.0098967 0.9430080 -0.3586141
v 0.0708160 0.0009816 -0.3597690
v 0.0722596 0.0016168 -0.3594225
v 0.0708738 0.0000000 -0.3560157
v 0.0722596 0.0006352 -0.3559579
v 0.0703541 0.0000000 -0.3560157
v 0.0689683 0.0006352 -0.3559579
v 0.0704118 0.0009816 -0.3597690
v 0.0689683 0.0016168 -0.3594225
v 0.0708160 0.0037533 -0.3625407
v 0.0722596 0.0040998 -0.3619055
v 0.0708160 0.0009816 -0.3597690
v 0.0722596 0.0016168 -0.3594225
v 0.0704118 0.0009816 -0.3597690
v 0.0689683 0.0016168 -0.3594225
v 0.0704118 0.0037533 -0.3625407
v 0.0689683 0.0040998 -0.3619055
v 0.0689683 0.0016168 -0.3594225
v 0.0683908 0.0030027 -0.3586141
v 0.0689683 0.0040998 -0.3619055
v 0.0683908 0.0049082 -0.3605197
v 0.0707583 0.0075066 -0.3635223
v 0.0722596 0.0075644 -0.3628871
v 0.0708160 0.0037533 -0.3625407
v 0.0722596 0.0040998 -0.3619055
v 0.0704118 0.0037533 -0.3625407
v 0.0689683 0.0040998 -0.3619055
v 0.0704696 0.0075066 -0.3635223
v 0.0689683 0.0075644 -0.3628871
v 0.0689683 0.0040998 -0.3619055
v 0.0683908 0.0049082 -0.3605197
v 0.0689683 0.0075644 -0.3628871
v 0.0683908 0.0077954 -0.3612703
v 0.0360545 0.9437586 0.3236823
v 0.0360545 0.9453755 0.3244329
v 0.0421753 0.9437586 0.3236823
v 0.0421753 0.9453755 0.3244329
v 0.0421753 0.0022520 0.3236823
v 0.0421753 0.0006352 0.3244329
v 0.0360545 0.0022520 0.3236823
v 0.0360545 0.0006352 0.3244329
v 0.0421753 0.0006352 0.3244329
v 0.0422330 0.0000000 0.3262807
v 0.0360545 0.0006352 0.3244329
v 0.0359968 0.0000000 0.3262807
v 0.0481806 0.0022520 0.3229894
v 0.0481806 0.0006352 0.3237400
v 0.0421753 0.0022520 0.3236823
v 0.0421753 0.0006352 0.3244329
v 0.0481806 0.0006352 0.3237400
v 0.0484116 0.0000000 0.3255300
v 0.0421753 0.0006352 0.3244329
v 0.0422330 0.0000000 0.3262807
v 0.0421753 0.9437586 0.3236823
v 0.0421753 0.9453755 0.3244329
v 0.0481806 0.9437586 0.3229894
v 0.0481806 0.9453755 0.3237400
v 0.0421753 0.9453755 0.3244329
v 0.0422330 0.9460106 0.3262229
v 0.0481806 0.9453755 0.3237400
v 0.0484116 0.9460106 0.3255300
v 0.0538972 0.0022520 0.3210260
v 0.0538972 0.0006352 0.3218345
v 0.0481806 0.0022520 0.3229894
v 0.0481806 0.0006352 0.3237400
v 0.0538972 0.0006352 0.3218345
v 0.0543592 0.0000000 0.3235668
v 0.0481806 0.0006352 0.3237400
v 0.0484116 0.0000000 0.3255300
v 0.0481806 0.9437586 0.3229894
v 0.0481806 0.9453755 0.3237400
v 0.0538972 0.9437586 0.3210260
v 0.0538972 0.9453755 0.3218345
v 0.0481806 0.9453755 0.3237400
v 0.0484116 0.9460106 0.3255300
v 0.0538972 0.9453755 0.3218345
v 0.0543592 0.9460106 0.3235090
v 0.0592674 0.0022520 0.3177347
v 0.0593251 0.0006352 0.3186008
v 0.0538972 0.0022520 0.3210260
v 0.0538972 0.0006352 0.3218345
v 0.0593251 0.0006352 0.3186008
v 0.0599603 0.0000000 0.3201599
v 0.0538972 0.0006352 0.3218345
v 0.0543592 0.0000000 0.3235668
v 0.0538972 0.9437586 0.3210260
v 0.0538972 0.9453755 0.3218345
v 0.0592674 0.9437586 0.3177347
v 0.0593251 0.9453755 0.3185431
v 0.0538972 0.9453755 0.3218345
v 0.0543592 0.9460106 0.3235090
v 0.0593251 0.9453755 0.3185431
v 0.0599603 0.9460106 0.3201599
v 0.0638291 0.0022520 0.3130575
v 0.0640601 0.0006352 0.3138659
v 0.0592674 0.0022520 0.3177347
v 0.0593251 0.0006352 0.3186008
v 0.0640601 0.0006352 0.3138659
v 0.0649262 0.0000000 0.3152517
v 0.0593251 0.0006352 0.3186008
v 0.0599603 0.0000000 0.3201599
v 0.0592674 0.9437586 0.3177347
v 0.0593251 0.9453755 0.3185431
v 0.0638291 0.9437586 0.3130575
v 0.0640601 0.9453755 0.3138659
v 0.0593251 0.9453755 0.3185431
v 0.0599603 0.9460106 0.3201599
v 0.0640601 0.9453755 0.3138659
v 0.0649262 0.9460106 0.3151940
v 0.0671782 0.0022520 0.3071676
v 0.0675824 0.0006352 0.3078028
v 0.0638291 0.0022520 0.3130575
v 0.0640601 0.0006352 0.3138659
v 0.0675824 0.0006352 0.3078028
v 0.0687950 0.0000000 0.3086689
v 0.0640601 0.0006352 0.3138659
v 0.0649262 0.0000000 0.3152517
v 0.0638291 0.9437586 0.3130575
v 0.0640601 0.9453755 0.3138659
v 0.0671782 0.9437586 0.3071676
v 0.0675824 0.9453755 0.3078028
v 0.0640601 0.9453755 0.3138659
v 0.0649262 0.9460106 0.3151940
v 0.0675824 0.9453755 0.3078028
v 0.0687373 0.9460106 0.3086112
v 0.0683908 0.0022520 0.2994878
v 0.0689683 0.0006352 0.2996610
v 0.0671782 0.0022520 0.3071676
v 0.0675824 0.0006352 0.3078028
v 0.0689683 0.0006352 0.2996610
v 0.0702964 0.0000000 0.2999497
v 0.0675824 0.0006352 0.3078028
v 0.0687950 0.0000000 0.3086689
v 0.0671782 0.9437586 0.3071676
v 0.0675824 0.9453755 0.3078028
v 0.0683908 0.9437586 0.2994878
v 0.0689105 0.9453755 0.2996610
v 0.0675824 0.9453755 0.3078028
v 0.0687373 0.9460106 0.3086112
v 0.0689105 0.9453755 0.2996610
v 0.0702386 0.9460106 0.2998919
v 0.0110516 0.0022520 0.3071676
v 0.0106474 0.0006352 0.3078028
v 0.0098390 0.0022520 0.2994878
v 0.0092615 0.0006352 0.2996610
v 0.0106474 0.0006352 0.3078028
v 0.0094925 0.0000000 0.3086689
v 0.0092615 0.0006352 0.2996610
v 0.0079334 0.0000000 0.2999497
v 0.0098390 0.9437586 0.2994878
v 0.0093193 0.9453755 0.2996610
v 0.0110516 0.9437586 0.3071676
v 0.0106474 0.9453755 0.3078028
v 0.0093193 0.9453755 0.2996610
v 0.0080489 0.9460106 0.2998919
v 0.0106474 0.9453755 0.3078028
v 0.0094925 0.9460106 0.3086112
v 0.0144007 0.0022520 0.3130575
v 0.0142275 0.0006352 0.3138659
v 0.0110516 0.0022520 0.3071676
v 0.0106474 0.0006352 0.3078028
v 0.0142275 0.0006352 0.3138659
v 0.0133036 0.0000000 0.3152517
v 0.0106474 0.0006352 0.3078028
v 0.0094925 0.0000000 0.3086689
v 0.0110516 0.9437586 0.3071676
v 0.0106474 0.9453755 0.3078028
v 0.0144007 0.9437586 0.3130575
v 0.0142275 0.9453755 0.3138659
v 0.0106474 0.9453755 0.3078028
v 0.0094925 0.9460106 0.3086112
v 0.0142275 0.9453755 0.3138659
v 0.0133036 0.9460106 0.3151940
v 0.0190202 0.0022520 0.3177347
v 0.0189047 0.0006352 0.3186008
v 0.0144007 0.0022520 0.3130575
v 0.0142275 0.0006352 0.3138659
v 0.0189047 0.0006352 0.3186008
v 0.0182695 0.0000000 0.3201599
v 0.0142275 0.0006352 0.3138659
v 0.0133036 0.0000000 0.3152517
v 0.0144007 0.9437586 0.3130575
v 0.0142275 0.9453755 0.3138659
v 0.0190202 0.9437586 0.3177347
v 0.0189624 0.9453755 0.3185431
v 0.0142275 0.9453755 0.3138659
v 0.0133036 0.9460106 0.3151940
v 0.0189624 0.9453755 0.3185431
v 0.0182695 0.9460106 0.3201599
v 0.0243326 0.0022520 0.3210260
v 0.0243326 0.0006352 0.3218345
v 0.0190202 0.0022520 0.3177347
v 0.0189047 0.0006352 0.3186008
v 0.0243326 0.0006352 0.3218345
v 0.0239284 0.0000000 0.3235668
v 0.0189047 0.0006352 0.3186008
v 0.0182695 0.0000000 0.3201599
v 0.0190202 0.9437586 0.3177347
v 0.0189624 0.9453755 0.3185431
v 0.0243326 0.9437586 0.3210260
v 0.0243326 0.9453755 0.3218345
v 0.0189624 0.9453755 0.3185431
v 0.0182695 0.9460106 0.3201599
v 0.0243326 0.9453755 0.3218345
v 0.0239284 0.9460106 0.3235090
v 0.0300492 0.0022520 0.3229894
v 0.0300492 0.0006352 0.3237400
v 0.0243326 0.0022520 0.3210260
v 0.0243326 0.0006352 0.3218345
v 0.0300492 0.0006352 0.3237400
v 0.0298182 0.0000000 0.3255300
v 0.0243326 0.0006352 0.3218345
v 0.0239284 0.0000000 0.3235668
v 0.0243326 0.9437586 0.3210260
v 0.0243326 0.9453755 0.3218345
v 0.0300492 0.9437586 0.3229894
v 0.0300492 0.9453755 0.3237400
v 0.0243326 0.9453755 0.3218345
v 0.0239284 0.9460106 0.3235090
v 0.0300492 0.9453755 0.3237400
v 0.0298182 0.9460106 0.3255300
v 0.0360545 0.0022520 0.3236823
v 0.0360545 0.0006352 0.3244329
v 0.0300492 0.0022520 0.3229894
v 0.0300492 0.0006352 0.3237400
v 0.0360545 0.0006352 0.3244329
v 0.0359968 0.0000000 0.3262807
v 0.0300492 0.0006352 0.3237400
v 0.0298182 0.0000000 0.3255300
v 0.0300492 0.9437586 0.3229894
v 0.0300492 0.9453755 0.3237400
v 0.0360545 0.9437586 0.3236823
v 0.0360545 0.9453755 0.3244329
v 0.0300492 0.9453755 0.3237400
v 0.0298182 0.9460106 0.3255300
v 0.0360545 0.9453755 0.3244329
v 0.0359968 0.9460106 0.3262229
v 0.0359390 0.9460106 0.3286482
v 0.0358813 0.9453755 0.3304382
v 0.0422908 0.9460106 0.3286482
v 0.0423485 0.9453755 0.3304382
v 0.0485848 0.0000000 0.3278398
v 0.0488158 0.0006352 0.3296298
v 0.0422908 0.0000000 0.3286482
v 0.0423485 0.0006352 0.3304382
v 0.0422908 0.9460106 0.3286482
v 0.0423485 0.9453755 0.3304382
v 0.0485848 0.9460106 0.3278976
v 0.0488158 0.9453755 0.3296298
v 0.0547056 0.0000000 0.3257033
v 0.0551098 0.0006352 0.3274356
v 0.0485848 0.0000000 0.3278398
v 0.0488158 0.0006352 0.3296298
v 0.0485848 0.9460106 0.3278976
v 0.0488158 0.9453755 0.3296298
v 0.0547056 0.9460106 0.3257033
v 0.0551098 0.9453755 0.3274356
v 0.0604800 0.0000000 0.3220077
v 0.0611729 0.0006352 0.3236245
v 0.0547056 0.0000000 0.3257033
v 0.0551098 0.0006352 0.3274356
v 0.0547056 0.9460106 0.3257033
v 0.0551098 0.9453755 0.3274356
v 0.0605377 0.9460106 0.3220655
v 0.0611729 0.9453755 0.3236245
v 0.0656191 0.0000000 0.3166376
v 0.0665430 0.0006352 0.3179657
v 0.0604800 0.0000000 0.3220077
v 0.0611729 0.0006352 0.3236245
v 0.0605377 0.9460106 0.3220655
v 0.0611729 0.9453755 0.3236245
v 0.0656191 0.9460106 0.3166953
v 0.0665430 0.9453755 0.3180234
v 0.0694879 0.0000000 0.3093041
v 0.0707006 0.0006352 0.3101703
v 0.0656191 0.0000000 0.3166376
v 0.0665430 0.0006352 0.3179657
v 0.0656191 0.9460106 0.3166953
v 0.0665430 0.9453755 0.3180234
v 0.0695457 0.9460106 0.3093619
v 0.0707006 0.9453755 0.3102280
v 0.0709893 0.0000000 0.3000652
v 0.0723174 0.0006352 0.3003539
v 0.0694879 0.0000000 0.3093041
v 0.0707006 0.0006352 0.3101703
v 0.0695457 0.9460106 0.3093619
v 0.0707006 0.9453755 0.3102280
v 0.0710470 0.9460106 0.3001229
v 0.0723174 0.9453755 0.3003539
v 0.0087419 0.0000000 0.3093041
v 0.0075870 0.0006352 0.3101703
v 0.0072983 0.0000000 0.3000652
v 0.0059124 0.0006352 0.3003539
v 0.0071828 0.9460106 0.3001229
v 0.0059124 0.9453755 0.3003539
v 0.0086841 0.9460106 0.3093619
v 0.0075292 0.9453755 0.3102280
v 0.0126107 0.0000000 0.3166376
v 0.0117445 0.0006352 0.3179657
v 0.0087419 0.0000000 0.3093041
v 0.0075870 0.0006352 0.3101703
v 0.0086841 0.9460106 0.3093619
v 0.0075292 0.9453755 0.3102280
v 0.0126107 0.9460106 0.3166953
v 0.0116868 0.9453755 0.3180234
v 0.0177498 0.0000000 0.3220077
v 0.0171147 0.0006352 0.3236245
v 0.0126107 0.0000000 0.3166376
v 0.0117445 0.0006352 0.3179657
v 0.0126107 0.9460106 0.3166953
v 0.0116868 0.9453755 0.3180234
v 0.0177498 0.9460106 0.3220655
v 0.0171147 0.9453755 0.3236245
v 0.0235242 0.0000000 0.3257033
v 0.0231200 0.0006352 0.3274356
v 0.0177498 0.0000000 0.3220077
v 0.0171147 0.0006352 0.3236245
v 0.0177498 0.9460106 0.3220655
v 0.0171147 0.9453755 0.3236245
v 0.0235242 0.9460106 0.3257033
v 0.0231200 0.9453755 0.3274356
v 0.0296450 0.0000000 0.3278398
v 0.0294140 0.0006352 0.3296298
v 0.0235242 0.0000000 0.3257033
v 0.0231200 0.0006352 0.3274356
v 0.0235242 0.9460106 0.3257033
v 0.0231200 0.9453755 0.3274356
v 0.0296450 0.9460106 0.3278976
v 0.0294140 0.9453755 0.3296298
v 0.0359390 0.0000000 0.3286482
v 0.0358813 0.0006352 0.3304382
v 0.0296450 0.0000000 0.3278398
v 0.0294140 0.0006352 0.3296298
v 0.0296450 0.9460106 0.3278976
v 0.0294140 0.9453755 0.3296298
v 0.0359390 0.9460106 0.3286482
v 0.0358813 0.9453755 0.3304382
v 0.0704696 0.9422573 -0.3625407
v 0.0689683 0.9419108 -0.3619055
v 0.0705273 0.9434122 -0.3613281
v 0.0689683 0.9435277 -0.3603464
v 0.0703541 0.9447403 -0.3595958
v 0.0691992 0.9444515 -0.3594225
v 0.0689105 0.9447403 -0.3582099
v 0.0702386 0.9456064 -0.3576325
v 0.0691992 0.9444515 -0.3594225
v 0.0703541 0.9447403 -0.3595958
v 0.0689683 0.9435277 -0.3603464
v 0.0683908 0.9430080 -0.3586141
v 0.0691992 0.9444515 -0.3594225
v 0.0689105 0.9447403 -0.3582099
v 0.0078757 0.9447403 -0.3595958
v 0.0079912 0.9456064 -0.3576325
v 0.0090306 0.9444515 -0.3594225
v 0.0093193 0.9447403 -0.3582099
v 0.0092615 0.9419108 -0.3619055
v 0.0077602 0.9422573 -0.3625407
v 0.0092615 0.9435277 -0.3603464
v 0.0077602 0.9434122 -0.3613281
v 0.0090306 0.9444515 -0.3594225
v 0.0078757 0.9447403 -0.3595958
v 0.0093193 0.9447403 -0.3582099
v 0.0098967 0.9430080 -0.3586141
v 0.0090306 0.9444515 -0.3594225
v 0.0092615 0.9435277 -0.3603464
v 0.0709893 0.9460106 -0.3560157
v 0.0723174 0.9453755 -0.3559579
v 0.0709893 0.9456064 -0.3576325
v 0.0723174 0.9447403 -0.3582099
v 0.0708738 0.9447403 -0.3595958
v 0.0720287 0.9444515 -0.3594225
v 0.0722596 0.9435277 -0.3603464
v 0.0707006 0.9434122 -0.3613281
v 0.0720287 0.9444515 -0.3594225
v 0.0708738 0.9447403 -0.3595958
v 0.0075292 0.9422573 -0.3625407
v 0.0060279 0.9419108 -0.3619055
v 0.0075292 0.9434122 -0.3613281
v 0.0060279 0.9435277 -0.3603464
v 0.0074138 0.9447403 -0.3595958
v 0.0062589 0.9444515 -0.3594225
v 0.0059124 0.9453755 -0.3559579
v 0.0072405 0.9460106 -0.3560157
v 0.0059124 0.9447403 -0.3582099
v 0.0072405 0.9456064 -0.3576325
v 0.0062589 0.9444515 -0.3594225
v 0.0074138 0.9447403 -0.3595958
v 0.0075292 0.9422573 -0.3625407
v 0.0075292 0.9434122 -0.3613281
v 0.0077602 0.9422573 -0.3625407
v 0.0077602 0.9434122 -0.3613281
v 0.0702386 0.9456064 -0.3576325
v 0.0702386 0.9460106 -0.3560157
v 0.0709893 0.9456064 -0.3576325
v 0.0709893 0.9460106 -0.3560157
v 0.0704696 0.9422573 -0.3625407
v 0.0705273 0.9434122 -0.3613281
v 0.0707583 0.9422573 -0.3625407
v 0.0722596 0.9419108 -0.3619055
v 0.0722596 0.9435277 -0.3603464
v 0.0707006 0.9434122 -0.3613281
v 0.0078757 0.0009816 -0.3597690
v 0.0079334 0.0000000 -0.3560157
v 0.0074138 0.0009816 -0.3597690
v 0.0073560 0.0000000 -0.3560157
v 0.0703541 0.0000000 -0.3560157
v 0.0704118 0.0009816 -0.3597690
v 0.0708738 0.0000000 -0.3560157
v 0.0708160 0.0009816 -0.3597690
v 0.0078180 0.0037533 -0.3625407
v 0.0078757 0.0009816 -0.3597690
v 0.0074715 0.0037533 -0.3625407
v 0.0074138 0.0009816 -0.3597690
v 0.0077602 0.0075066 -0.3635223
v 0.0074715 0.0075066 -0.3635223
v 0.0077602 0.9385040 -0.3635223
v 0.0075292 0.9385040 -0.3635223
v 0.0077602 0.0075066 -0.3635223
v 0.0078180 0.0037533 -0.3625407
v 0.0074715 0.0075066 -0.3635223
v 0.0074715 0.0037533 -0.3625407
v 0.0075292 0.9385040 -0.3635223
v 0.0075292 0.9422573 -0.3625407
v 0.0077602 0.9385040 -0.3635223
v 0.0077602 0.9422573 -0.3625407
v 0.0704118 0.0037533 -0.3625407
v 0.0704696 0.0075066 -0.3635223
v 0.0708160 0.0037533 -0.3625407
v 0.0707583 0.0075066 -0.3635223
v 0.0704696 0.9385040 -0.3635223
v 0.0704696 0.9422573 -0.3625407
v 0.0707583 0.9385040 -0.3635223
v 0.0707583 0.9422573 -0.3625407
v 0.0704696 0.9385040 -0.3635223
v 0.0707583 0.9385040 -0.3635223
v 0.0704696 0.0075066 -0.3635223
v 0.0707583 0.0075066 -0.3635223
v 0.0358813 0.0006352 0.3304382
v 0.0359390 0.0000000 0.3286482
v 0.0423485 0.0006352 0.3304382
v 0.0422908 0.0000000 0.3286482
v 0.0422330 0.0000000 0.3262807
v 0.0359968 0.0000000 0.3262807
v 0.0243326 0.9437586 0.3210260
v 0.0300492 0.9437586 0.3229894
v 0.0243326 0.0022520 0.3210260
v 0.0300492 0.0022520 0.3229894
v 0.0704118 0.0009816 -0.3597690
v 0.0704118 0.0037533 -0.3625407
v 0.0708160 0.0009816 -0.3597690
v 0.0708160 0.0037533 -0.3625407
v 0.0182695 0.0000000 0.3201599
v 0.0177498 0.0000000 0.3220077
v 0.0133036 0.0000000 0.3152517
v 0.0126107 0.0000000 0.3166376
v 0.0359968 0.0000000 0.3262807
v 0.0359390 0.0000000 0.3286482
v 0.0298182 0.0000000 0.3255300
v 0.0296450 0.0000000 0.3278398
v 0.0080489 0.9460106 0.2998919
v 0.0071828 0.9460106 0.3001229
v 0.0094925 0.9460106 0.3086112
v 0.0086841 0.9460106 0.3093619
v 0.0133036 0.0000000 0.3152517
v 0.0126107 0.0000000 0.3166376
v 0.0094925 0.0000000 0.3086689
v 0.0087419 0.0000000 0.3093041
v 0.0300492 0.9437586 0.3229894
v 0.0360545 0.9437586 0.3236823
v 0.0300492 0.0022520 0.3229894
v 0.0360545 0.0022520 0.3236823
v 0.0702964 0.0000000 0.2999497
v 0.0709893 0.0000000 0.3000652
v 0.0687950 0.0000000 0.3086689
v 0.0694879 0.0000000 0.3093041
v 0.0298182 0.0000000 0.3255300
v 0.0296450 0.0000000 0.3278398
v 0.0239284 0.0000000 0.3235668
v 0.0177498 0.0000000 0.3220077
v 0.0182695 0.0000000 0.3201599
v 0.0235242 0.0000000 0.3257033
v 0.0703541 0.0000000 -0.3560157
v 0.0708738 0.0000000 -0.3560157
v 0.0702964 0.0000000 0.2999497
v 0.0709893 0.0000000 0.3000652
v 0.0599603 0.0000000 0.3201599
v 0.0604800 0.0000000 0.3220077
v 0.0543592 0.0000000 0.3235668
v 0.0547056 0.0000000 0.3257033
v 0.0484116 0.0000000 0.3255300
v 0.0485848 0.0000000 0.3278398
v 0.0422330 0.0000000 0.3262807
v 0.0422908 0.0000000 0.3286482
v 0.0094925 0.0000000 0.3086689
v 0.0087419 0.0000000 0.3093041
v 0.0079334 0.0000000 0.2999497
v 0.0072983 0.0000000 0.3000652
v 0.0079334 0.0000000 -0.3560157
v 0.0073560 0.0000000 -0.3560157
v 0.0687950 0.0000000 0.3086689
v 0.0694879 0.0000000 0.3093041
v 0.0649262 0.0000000 0.3152517
v 0.0656191 0.0000000 0.3166376
v 0.0599603 0.0000000 0.3201599
v 0.0604800 0.0000000 0.3220077
v 0.0098390 0.9437586 0.2994878
v 0.0110516 0.9437586 0.3071676
v 0.0098390 0.0022520 0.2994878
v 0.0110516 0.0022520 0.3071676
v 0.0638291 0.9437586 0.3130575
v 0.0671782 0.9437586 0.3071676
v 0.0638291 0.0022520 0.3130575
v 0.0671782 0.0022520 0.3071676
v 0.0072405 0.9456064 -0.3576325
v 0.0072405 0.9460106 -0.3560157
v 0.0079912 0.9456064 -0.3576325
v 0.0080489 0.9460106 -0.3560157
v 0.0481806 0.9437586 0.3229894
v 0.0538972 0.9437586 0.3210260
v 0.0481806 0.0022520 0.3229894
v 0.0538972 0.0022520 0.3210260
v 0.0538972 0.9437586 0.3210260
v 0.0592674 0.9437586 0.3177347
v 0.0538972 0.0022520 0.3210260
v 0.0592674 0.0022520 0.3177347
v 0.0592674 0.9437586 0.3177347
v 0.0638291 0.9437586 0.3130575
v 0.0592674 0.0022520 0.3177347
v 0.0638291 0.0022520 0.3130575
v 0.0689683 0.0006352 0.2996610
v 0.0683908 0.0022520 0.2994878
v 0.0689683 0.0006352 -0.3559579
v 0.0683908 0.0022520 -0.3557269
v 0.0689683 0.0006352 -0.3559579
v 0.0689683 0.0016168 -0.3594225
v 0.0683908 0.0030027 -0.3586141
v 0.0683908 0.0049082 -0.3605197
v 0.0683908 0.0077954 -0.3612703
v 0.0683908 0.9382153 -0.3612703
v 0.0683908 0.9411024 -0.3605197
v 0.0689105 0.9447403 -0.3582099
v 0.0683908 0.9430080 -0.3586141
v 0.0689105 0.9453755 -0.3559579
v 0.0683908 0.9437586 -0.3557269
v 0.0689105 0.9453755 -0.3559579
v 0.0689105 0.9453755 0.2996610
v 0.0683908 0.9437586 0.2994878
v 0.0093193 0.9453755 0.2996610
v 0.0098390 0.9437586 0.2994878
v 0.0093193 0.9453755 -0.3559579
v 0.0098967 0.9437586 -0.3557269
v 0.0098967 0.9430080 -0.3586141
v 0.0098967 0.9411024 -0.3605197
v 0.0098967 0.9382153 -0.3612703
v 0.0098967 0.0077954 -0.3612703
v 0.0098967 0.0049082 -0.3605197
v 0.0098967 0.0030027 -0.3586141
v 0.0093193 0.0006352 -0.3559579
v 0.0098967 0.0022520 -0.3557269
v 0.0092615 0.0006352 0.2996610
v 0.0098390 0.0022520 0.2994878
v 0.0671782 0.9437586 0.3071676
v 0.0683908 0.9437586 0.2994878
v 0.0671782 0.0022520 0.3071676
v 0.0683908 0.0022520 0.2994878
v 0.0110516 0.9437586 0.3071676
v 0.0144007 0.9437586 0.3130575
v 0.0110516 0.0022520 0.3071676
v 0.0144007 0.0022520 0.3130575
v 0.0144007 0.9437586 0.3130575
v 0.0190202 0.9437586 0.3177347
v 0.0144007 0.0022520 0.3130575
v 0.0190202 0.0022520 0.3177347
v 0.0190202 0.9437586 0.3177347
v 0.0243326 0.9437586 0.3210260
v 0.0190202 0.0022520 0.3177347
v 0.0243326 0.0022520 0.3210260
v 0.0421753 0.0022520 0.3236823
v 0.0360545 0.0022520 0.3236823
v 0.0421753 0.9437586 0.3236823
v 0.0360545 0.9437586 0.3236823
v 0.0421753 0.9437586 0.3236823
v 0.0481806 0.9437586 0.3229894
v 0.0421753 0.0022520 0.3236823
v 0.0481806 0.0022520 0.3229894
v 0.0360545 0.9453755 0.3244329
v 0.0359968 0.9460106 0.3262229
v 0.0421753 0.9453755 0.3244329
v 0.0422330 0.9460106 0.3262229
v 0.0359390 0.9460106 0.3286482
v 0.0422908 0.9460106 0.3286482
v 0.0422330 0.9460106 0.3262229
v 0.0422908 0.9460106 0.3286482
v 0.0484116 0.9460106 0.3255300
v 0.0485848 0.9460106 0.3278976
v 0.0543592 0.9460106 0.3235090
v 0.0547056 0.9460106 0.3257033
v 0.0543592 0.9460106 0.3235090
v 0.0547056 0.9460106 0.3257033
v 0.0599603 0.9460106 0.3201599
v 0.0605377 0.9460106 0.3220655
v 0.0599603 0.9460106 0.3201599
v 0.0605377 0.9460106 0.3220655
v 0.0649262 0.9460106 0.3151940
v 0.0656191 0.9460106 0.3166953
v 0.0687373 0.9460106 0.3086112
v 0.0709893 0.9460106 -0.3560157
v 0.0702386 0.9460106 -0.3560157
v 0.0710470 0.9460106 0.3001229
v 0.0702386 0.9460106 0.2998919
v 0.0695457 0.9460106 0.3093619
v 0.0080489 0.9460106 -0.3560157
v 0.0072405 0.9460106 -0.3560157
v 0.0080489 0.9460106 0.2998919
v 0.0071828 0.9460106 0.3001229
v 0.0094925 0.9460106 0.3086112
v 0.0086841 0.9460106 0.3093619
v 0.0133036 0.9460106 0.3151940
v 0.0126107 0.9460106 0.3166953
v 0.0182695 0.9460106 0.3201599
v 0.0177498 0.9460106 0.3220655
v 0.0182695 0.9460106 0.3201599
v 0.0177498 0.9460106 0.3220655
v 0.0239284 0.9460106 0.3235090
v 0.0235242 0.9460106 0.3257033
v 0.0239284 0.9460106 0.3235090
v 0.0235242 0.9460106 0.3257033
v 0.0298182 0.9460106 0.3255300
v 0.0296450 0.9460106 0.3278976
v 0.0543592 0.0000000 0.3235668
v 0.0547056 0.0000000 0.3257033
v 0.0484116 0.0000000 0.3255300
v 0.0485848 0.0000000 0.3278398
vt 0.4827403 0.4175188
vt 0.4828215 0.4189808
vt 0.4813595 0.4180061
vt 0.4814407 0.4194681
vt 0.4738058 0.0010922
vt 0.4742120 0.0010922
vt 0.4738058 0.4019241
vt 0.4742120 0.4016804
vt 0.3342660 0.0200982
vt 0.3346721 0.0203419
vt 0.3342660 0.4211738
vt 0.3346721 0.4209301
vt 0.3336974 0.0198546
vt 0.3341035 0.0200982
vt 0.3336974 0.4209301
vt 0.3341035 0.4211738
vt 0.4732373 0.0010922
vt 0.4736434 0.0010922
vt 0.4732373 0.4021678
vt 0.4736434 0.4021678
vt 0.3342660 0.4282402
vt 0.3346721 0.4282402
vt 0.3341848 0.9918415
vt 0.3346721 0.9918415
vt 0.4721814 0.0010922
vt 0.4721002 0.0025542
vt 0.3496982 0.0010922
vt 0.3496982 0.0025542
vt 0.3341848 0.9918415
vt 0.3336974 0.9918415
vt 0.3341848 0.4282402
vt 0.3336974 0.4282402
vt 0.3480738 0.4211738
vt 0.3476677 0.4209301
vt 0.3480738 0.0200982
vt 0.3476677 0.0203419
vt 0.4876136 0.4019241
vt 0.4872075 0.4016804
vt 0.4876136 0.0010922
vt 0.4872075 0.0010922
vt 0.3486423 0.4209301
vt 0.3482362 0.4211738
vt 0.3486423 0.0198546
vt 0.3482362 0.0200982
vt 0.4881822 0.4021678
vt 0.4877761 0.4021678
vt 0.4881822 0.0010922
vt 0.4877761 0.0010922
vt 0.3480738 0.9918415
vt 0.3476677 0.9918415
vt 0.3480738 0.4282402
vt 0.3476677 0.4282402
vt 0.3496982 0.8841407
vt 0.3496982 0.8826787
vt 0.4721814 0.8841407
vt 0.4721002 0.8826787
vt 0.3481550 0.4282402
vt 0.3486423 0.4282402
vt 0.3481550 0.9918415
vt 0.3486423 0.9918415
vt 0.3341848 0.9942781
vt 0.3336974 0.9940345
vt 0.3341848 0.9918415
vt 0.3336974 0.9918415
vt 0.3341848 0.9918415
vt 0.3346721 0.9918415
vt 0.3341848 0.9942781
vt 0.3346721 0.9940345
vt 0.3496982 0.0010922
vt 0.3496982 0.0025542
vt 0.3492109 0.0015796
vt 0.3493733 0.0030415
vt 0.3492109 0.0018232
vt 0.3493733 0.0030415
vt 0.3489672 0.0027979
vt 0.3491297 0.0040162
vt 0.3341035 0.9979331
vt 0.3341035 0.9964711
vt 0.3342660 0.9979331
vt 0.3342660 0.9964711
vt 0.3341035 0.9964711
vt 0.3341848 0.9952528
vt 0.3342660 0.9964711
vt 0.3341848 0.9952528
vt 0.3342660 0.9979331
vt 0.3346721 0.9974458
vt 0.3342660 0.9989078
vt 0.3346721 0.9989078
vt 0.3481550 0.4258035
vt 0.3486423 0.4260471
vt 0.3481550 0.4282402
vt 0.3486423 0.4282402
vt 0.3480738 0.4282402
vt 0.3476677 0.4282402
vt 0.3480738 0.4258035
vt 0.3476677 0.4260471
vt 0.4721814 0.8841407
vt 0.4721002 0.8826787
vt 0.4726687 0.8834097
vt 0.4725063 0.8821914
vt 0.3481550 0.4233668
vt 0.3486423 0.4236105
vt 0.3481550 0.4258035
vt 0.3486423 0.4258035
vt 0.3480738 0.4258035
vt 0.3476677 0.4258035
vt 0.3480738 0.4233668
vt 0.3476677 0.4236105
vt 0.4726687 0.8834097
vt 0.4725063 0.8821914
vt 0.4729936 0.8819477
vt 0.4727500 0.8809731
vt 0.3482362 0.4211738
vt 0.3486423 0.4211738
vt 0.3481550 0.4233668
vt 0.3486423 0.4233668
vt 0.3480738 0.4233668
vt 0.3476677 0.4233668
vt 0.3480738 0.4211738
vt 0.3476677 0.4211738
vt 0.4730748 0.8817041
vt 0.4727500 0.8809731
vt 0.4731561 0.8795111
vt 0.4729124 0.8792674
vt 0.3480738 0.9942781
vt 0.3476677 0.9940345
vt 0.3480738 0.9918415
vt 0.3476677 0.9918415
vt 0.3492109 0.8834097
vt 0.3493733 0.8821914
vt 0.3496982 0.8841407
vt 0.3496982 0.8826787
vt 0.3481550 0.9918415
vt 0.3486423 0.9918415
vt 0.3481550 0.9942781
vt 0.3486423 0.9940345
vt 0.3489672 0.8824351
vt 0.3491297 0.8809731
vt 0.3492109 0.8834097
vt 0.3493733 0.8821914
vt 0.3480738 0.9979331
vt 0.3480738 0.9964711
vt 0.3482362 0.9979331
vt 0.3481550 0.9964711
vt 0.3480738 0.9964711
vt 0.3480738 0.9952528
vt 0.3481550 0.9964711
vt 0.3481550 0.9952528
vt 0.3480738 0.9989078
vt 0.3476677 0.9989078
vt 0.3480738 0.9979331
vt 0.3476677 0.9974458
vt 0.3487235 0.8795111
vt 0.3489672 0.8792674
vt 0.3488048 0.8809731
vt 0.3491297 0.8809731
vt 0.3341848 0.4233668
vt 0.3336974 0.4233668
vt 0.3341035 0.4211738
vt 0.3336974 0.4211738
vt 0.3342660 0.4211738
vt 0.3346721 0.4211738
vt 0.3342660 0.4233668
vt 0.3346721 0.4233668
vt 0.3341848 0.4258035
vt 0.3336974 0.4258035
vt 0.3341848 0.4233668
vt 0.3336974 0.4236105
vt 0.3342660 0.4233668
vt 0.3346721 0.4236105
vt 0.3342660 0.4258035
vt 0.3346721 0.4258035
vt 0.4729936 0.0032852
vt 0.4727500 0.0040162
vt 0.4726687 0.0018232
vt 0.4725063 0.0030415
vt 0.3341848 0.4282402
vt 0.3336974 0.4282402
vt 0.3341848 0.4258035
vt 0.3336974 0.4260471
vt 0.3342660 0.4258035
vt 0.3346721 0.4260471
vt 0.3342660 0.4282402
vt 0.3346721 0.4282402
vt 0.4726687 0.0015796
vt 0.4725063 0.0030415
vt 0.4721814 0.0010922
vt 0.4721002 0.0025542
vt 0.3489672 0.4457841
vt 0.3487235 0.4457841
vt 0.3489672 0.4394488
vt 0.3487235 0.4394488
vt 0.4729124 0.4394488
vt 0.4731561 0.4394488
vt 0.4729124 0.4457841
vt 0.4731561 0.4457841
vt 0.3405201 0.0057219
vt 0.3404389 0.0040162
vt 0.3418197 0.0057219
vt 0.3418197 0.0040162
vt 0.4729124 0.4333572
vt 0.4731561 0.4333572
vt 0.4729124 0.4394488
vt 0.4731561 0.4394488
vt 0.3391393 0.0062092
vt 0.3391393 0.0045036
vt 0.3405201 0.0057219
vt 0.3404389 0.0040162
vt 0.3489672 0.4394488
vt 0.3487235 0.4394488
vt 0.3489672 0.4333572
vt 0.3487235 0.4333572
vt 0.4800600 0.4165441
vt 0.4799787 0.4180061
vt 0.4786792 0.4160568
vt 0.4786792 0.4175188
vt 0.4729124 0.4272655
vt 0.4731561 0.4275091
vt 0.4729124 0.4333572
vt 0.4731561 0.4333572
vt 0.3379210 0.0071839
vt 0.3377585 0.0057219
vt 0.3391393 0.0062092
vt 0.3391393 0.0045036
vt 0.3489672 0.4333572
vt 0.3487235 0.4333572
vt 0.3489672 0.4272655
vt 0.3487235 0.4275091
vt 0.4786792 0.4160568
vt 0.4786792 0.4175188
vt 0.4774608 0.4148384
vt 0.4772984 0.4163005
vt 0.4729124 0.4216611
vt 0.4731561 0.4219048
vt 0.4729124 0.4272655
vt 0.4731561 0.4272655
vt 0.3367839 0.0091332
vt 0.3365402 0.0079149
vt 0.3379210 0.0071839
vt 0.3377585 0.0057219
vt 0.3489672 0.4272655
vt 0.3487235 0.4272655
vt 0.3489672 0.4216611
vt 0.3487235 0.4219048
vt 0.4774608 0.4148384
vt 0.4772984 0.4163005
vt 0.4763237 0.4128891
vt 0.4760801 0.4143511
vt 0.4729124 0.4160568
vt 0.4731561 0.4165441
vt 0.4729124 0.4216611
vt 0.4731561 0.4216611
vt 0.3357280 0.0120572
vt 0.3354843 0.0108389
vt 0.3367026 0.0093769
vt 0.3365402 0.0079149
vt 0.3489672 0.4216611
vt 0.3487235 0.4216611
vt 0.3489672 0.4160568
vt 0.3487235 0.4165441
vt 0.4762425 0.4128891
vt 0.4760801 0.4143511
vt 0.4752678 0.4102088
vt 0.4750242 0.4114271
vt 0.4729124 0.4111834
vt 0.4731561 0.4114271
vt 0.4729124 0.4160568
vt 0.4731561 0.4160568
vt 0.3349970 0.0154686
vt 0.3345909 0.0147376
vt 0.3357280 0.0120572
vt 0.3354843 0.0108389
vt 0.3489672 0.4160568
vt 0.3487235 0.4160568
vt 0.3489672 0.4111834
vt 0.3487235 0.4114271
vt 0.4751866 0.4099651
vt 0.4750242 0.4114271
vt 0.4745368 0.4065538
vt 0.4741307 0.4072848
vt 0.4729124 0.4063101
vt 0.4731561 0.4063101
vt 0.4729124 0.4111834
vt 0.4731561 0.4111834
vt 0.3346721 0.0203419
vt 0.3342660 0.0200982
vt 0.3349970 0.0157122
vt 0.3345909 0.0147376
vt 0.3489672 0.4111834
vt 0.3487235 0.4111834
vt 0.3489672 0.4063101
vt 0.3487235 0.4063101
vt 0.4744556 0.4063101
vt 0.4741307 0.4072848
vt 0.4742120 0.4016804
vt 0.4738058 0.4019241
vt 0.4729124 0.4740495
vt 0.4731561 0.4740495
vt 0.4729124 0.4789228
vt 0.4731561 0.4786792
vt 0.3473428 0.0157122
vt 0.3477489 0.0147376
vt 0.3476677 0.0203419
vt 0.3480738 0.0200982
vt 0.3489672 0.4789228
vt 0.3487235 0.4786792
vt 0.3489672 0.4740495
vt 0.3487235 0.4740495
vt 0.4872075 0.4016804
vt 0.4876136 0.4019241
vt 0.4868826 0.4063101
vt 0.4872887 0.4072848
vt 0.4729124 0.4691761
vt 0.4731561 0.4691761
vt 0.4729124 0.4740495
vt 0.4731561 0.4738058
vt 0.3466118 0.0120572
vt 0.3468554 0.0108389
vt 0.3473428 0.0154686
vt 0.3477489 0.0147376
vt 0.3489672 0.4740495
vt 0.3487235 0.4738058
vt 0.3489672 0.4691761
vt 0.3487235 0.4691761
vt 0.4868826 0.4065538
vt 0.4872887 0.4072848
vt 0.4861516 0.4099651
vt 0.4863953 0.4114271
vt 0.4729124 0.4635718
vt 0.4731561 0.4635718
vt 0.4729124 0.4691761
vt 0.4731561 0.4686888
vt 0.3456371 0.0093769
vt 0.3457995 0.0079149
vt 0.3465305 0.0120572
vt 0.3468554 0.0108389
vt 0.3489672 0.4691761
vt 0.3487235 0.4686888
vt 0.3489672 0.4635718
vt 0.3487235 0.4635718
vt 0.4860704 0.4102088
vt 0.4863953 0.4114271
vt 0.4851770 0.4128891
vt 0.4853394 0.4143511
vt 0.4729124 0.4577238
vt 0.4731561 0.4577238
vt 0.4729124 0.4635718
vt 0.4731561 0.4633282
vt 0.3444188 0.0071839
vt 0.3445000 0.0057219
vt 0.3455559 0.0091332
vt 0.3457995 0.0079149
vt 0.3489672 0.4635718
vt 0.3487235 0.4633282
vt 0.3489672 0.4577238
vt 0.3487235 0.4577238
vt 0.4850957 0.4128891
vt 0.4853394 0.4143511
vt 0.4839586 0.4148384
vt 0.4840398 0.4163005
vt 0.4729124 0.4518758
vt 0.4731561 0.4518758
vt 0.4729124 0.4577238
vt 0.4731561 0.4574802
vt 0.3432004 0.0062092
vt 0.3432004 0.0045036
vt 0.3444188 0.0071839
vt 0.3445000 0.0057219
vt 0.3489672 0.4577238
vt 0.3487235 0.4574802
vt 0.3489672 0.4518758
vt 0.3487235 0.4518758
vt 0.4839586 0.4148384
vt 0.4840398 0.4163005
vt 0.4827403 0.4160568
vt 0.4827403 0.4175188
vt 0.4729124 0.4457841
vt 0.4731561 0.4457841
vt 0.4729124 0.4518758
vt 0.4731561 0.4516322
vt 0.3418197 0.0057219
vt 0.3418197 0.0040162
vt 0.3431192 0.0062092
vt 0.3432004 0.0045036
vt 0.3489672 0.4518758
vt 0.3487235 0.4516322
vt 0.3489672 0.4457841
vt 0.3487235 0.4457841
vt 0.4826591 0.4160568
vt 0.4827403 0.4175188
vt 0.4813595 0.4165441
vt 0.4813595 0.4180061
vt 0.4814407 0.4194681
vt 0.4814407 0.4211738
vt 0.4799787 0.4194681
vt 0.4799787 0.4211738
vt 0.3390581 0.0030415
vt 0.3390581 0.0015796
vt 0.3404389 0.0025542
vt 0.3404389 0.0010922
vt 0.4799787 0.4194681
vt 0.4799787 0.4211738
vt 0.4785980 0.4189808
vt 0.4785167 0.4206865
vt 0.3376773 0.0045036
vt 0.3375961 0.0027979
vt 0.3390581 0.0030415
vt 0.3389769 0.0015796
vt 0.4785980 0.4189808
vt 0.4785167 0.4204428
vt 0.4772172 0.4177625
vt 0.4771360 0.4192245
vt 0.3364590 0.0066966
vt 0.3362965 0.0052345
vt 0.3376773 0.0045036
vt 0.3375149 0.0030415
vt 0.4772172 0.4177625
vt 0.4770547 0.4192245
vt 0.4759988 0.4155695
vt 0.4758364 0.4170314
vt 0.3353219 0.0101079
vt 0.3350782 0.0086459
vt 0.3364590 0.0066966
vt 0.3362153 0.0054782
vt 0.4759988 0.4155695
vt 0.4757552 0.4167878
vt 0.4748617 0.4121581
vt 0.4746181 0.4136201
vt 0.3344284 0.0144939
vt 0.3341035 0.0135192
vt 0.3353219 0.0101079
vt 0.3349970 0.0088896
vt 0.4748617 0.4121581
vt 0.4745368 0.4131328
vt 0.4739683 0.4077721
vt 0.4736434 0.4087468
vt 0.3341035 0.0200982
vt 0.3336974 0.0198546
vt 0.3344284 0.0144939
vt 0.3341035 0.0137629
vt 0.4739683 0.4077721
vt 0.4735622 0.4082595
vt 0.4736434 0.4021678
vt 0.4732373 0.4024115
vt 0.3479113 0.0144939
vt 0.3482362 0.0137629
vt 0.3482362 0.0200982
vt 0.3486423 0.0198546
vt 0.4877761 0.4021678
vt 0.4881822 0.4024115
vt 0.4874512 0.4077721
vt 0.4877761 0.4082595
vt 0.3470179 0.0101079
vt 0.3473428 0.0088896
vt 0.3479113 0.0144939
vt 0.3482362 0.0135192
vt 0.4874512 0.4077721
vt 0.4877761 0.4087468
vt 0.4865577 0.4121581
vt 0.4868826 0.4131328
vt 0.3458808 0.0066966
vt 0.3461244 0.0054782
vt 0.3470179 0.0101079
vt 0.3472615 0.0086459
vt 0.4865577 0.4121581
vt 0.4868014 0.4136201
vt 0.4854206 0.4155695
vt 0.4856643 0.4167878
vt 0.3445812 0.0045036
vt 0.3448249 0.0030415
vt 0.3458808 0.0066966
vt 0.3460432 0.0052345
vt 0.4854206 0.4155695
vt 0.4855831 0.4170314
vt 0.4841211 0.4177625
vt 0.4842835 0.4192245
vt 0.3432817 0.0030415
vt 0.3433629 0.0015796
vt 0.3445812 0.0045036
vt 0.3447437 0.0027979
vt 0.4841211 0.4177625
vt 0.4842835 0.4192245
vt 0.4828215 0.4189808
vt 0.4829027 0.4204428
vt 0.3419009 0.0025542
vt 0.3419009 0.0010922
vt 0.3432817 0.0030415
vt 0.3432817 0.0015796
vt 0.4828215 0.4189808
vt 0.4828215 0.4206865
vt 0.4814407 0.4194681
vt 0.4814407 0.4211738
vt 0.3341848 0.9942781
vt 0.3346721 0.9942781
vt 0.3341848 0.9952528
vt 0.3346721 0.9957401
vt 0.3342660 0.9964711
vt 0.3346721 0.9964711
vt 0.3346721 0.9974458
vt 0.3342660 0.9979331
vt 0.3345096 0.9964711
vt 0.3342660 0.9964711
vt 0.3489672 0.0027979
vt 0.3491297 0.0040162
vt 0.3488048 0.0035289
vt 0.3488048 0.0042599
vt 0.3480738 0.9964711
vt 0.3480738 0.9979331
vt 0.3476677 0.9967148
vt 0.3476677 0.9974458
vt 0.3476677 0.9942781
vt 0.3480738 0.9942781
vt 0.3476677 0.9957401
vt 0.3480738 0.9952528
vt 0.3478301 0.9964711
vt 0.3480738 0.9964711
vt 0.3488048 0.8809731
vt 0.3491297 0.8809731
vt 0.3488048 0.8817041
vt 0.3489672 0.8824351
vt 0.3341035 0.9989078
vt 0.3336974 0.9989078
vt 0.3341035 0.9979331
vt 0.3336974 0.9974458
vt 0.3341035 0.9964711
vt 0.3336974 0.9967148
vt 0.3336974 0.9957401
vt 0.3341848 0.9952528
vt 0.3338599 0.9964711
vt 0.3341035 0.9964711
vt 0.3481550 0.9942781
vt 0.3486423 0.9942781
vt 0.3481550 0.9952528
vt 0.3486423 0.9957401
vt 0.3481550 0.9964711
vt 0.3486423 0.9964711
vt 0.3486423 0.9989078
vt 0.3482362 0.9989078
vt 0.3486423 0.9974458
vt 0.3482362 0.9979331
vt 0.3484799 0.9964711
vt 0.3481550 0.9964711
vt 0.3481550 0.9942781
vt 0.3481550 0.9952528
vt 0.3480738 0.9942781
vt 0.3480738 0.9952528
vt 0.3342660 0.9979331
vt 0.3342660 0.9989078
vt 0.3341035 0.9979331
vt 0.3341035 0.9989078
vt 0.3341848 0.9942781
vt 0.3341848 0.9952528
vt 0.3341848 0.9942781
vt 0.3336974 0.9942781
vt 0.3336974 0.9957401
vt 0.3341848 0.9952528
vt 0.3480738 0.4233668
vt 0.3480738 0.4211738
vt 0.3481550 0.4233668
vt 0.3482362 0.4211738
vt 0.3342660 0.4211738
vt 0.3342660 0.4233668
vt 0.3341035 0.4211738
vt 0.3341848 0.4233668
vt 0.3480738 0.4258035
vt 0.3480738 0.4233668
vt 0.3481550 0.4258035
vt 0.3481550 0.4233668
vt 0.3480738 0.4282402
vt 0.3481550 0.4282402
vt 0.3480738 0.9918415
vt 0.3481550 0.9918415
vt 0.3480738 0.4282402
vt 0.3480738 0.4258035
vt 0.3481550 0.4282402
vt 0.3481550 0.4258035
vt 0.3481550 0.9918415
vt 0.3481550 0.9942781
vt 0.3480738 0.9918415
vt 0.3480738 0.9942781
vt 0.3342660 0.4258035
vt 0.3342660 0.4282402
vt 0.3341848 0.4258035
vt 0.3341848 0.4282402
vt 0.3341848 0.9918415
vt 0.3341848 0.9942781
vt 0.3341848 0.9918415
vt 0.3341848 0.9942781
vt 0.3341848 0.9918415
vt 0.3341848 0.9918415
vt 0.3342660 0.4282402
vt 0.3341848 0.4282402
vt 0.3419009 0.0010922
vt 0.3419009 0.0025542
vt 0.3404389 0.0010922
vt 0.3404389 0.0025542
vt 0.3404389 0.0040162
vt 0.3418197 0.0040162
vt 0.3489672 0.4577238
vt 0.3489672 0.4518758
vt 0.4729124 0.4577238
vt 0.4729124 0.4518758
vt 0.3342660 0.4233668
vt 0.3342660 0.4258035
vt 0.3341848 0.4233668
vt 0.3341848 0.4258035
vt 0.3457995 0.0079149
vt 0.3458808 0.0066966
vt 0.3468554 0.0108389
vt 0.3470179 0.0101079
vt 0.3418197 0.0040162
vt 0.3419009 0.0025542
vt 0.3432004 0.0045036
vt 0.3432817 0.0030415
vt 0.4876136 0.4019241
vt 0.4877761 0.4021678
vt 0.4872887 0.4072848
vt 0.4874512 0.4077721
vt 0.3468554 0.0108389
vt 0.3470179 0.0101079
vt 0.3477489 0.0147376
vt 0.3479113 0.0144939
vt 0.3489672 0.4518758
vt 0.3489672 0.4457841
vt 0.4729124 0.4518758
vt 0.4729124 0.4457841
vt 0.3342660 0.0200982
vt 0.3341035 0.0200982
vt 0.3345909 0.0147376
vt 0.3344284 0.0144939
vt 0.3432004 0.0045036
vt 0.3432817 0.0030415
vt 0.3445000 0.0057219
vt 0.3458808 0.0066966
vt 0.3457995 0.0079149
vt 0.3445812 0.0045036
vt 0.3342660 0.4211738
vt 0.3341035 0.4211738
vt 0.3342660 0.0200982
vt 0.3341035 0.0200982
vt 0.3365402 0.0079149
vt 0.3364590 0.0066966
vt 0.3377585 0.0057219
vt 0.3376773 0.0045036
vt 0.3391393 0.0045036
vt 0.3390581 0.0030415
vt 0.3404389 0.0040162
vt 0.3404389 0.0025542
vt 0.3477489 0.0147376
vt 0.3479113 0.0144939
vt 0.3480738 0.0200982
vt 0.3482362 0.0200982
vt 0.3480738 0.4211738
vt 0.3482362 0.4211738
vt 0.3345909 0.0147376
vt 0.3344284 0.0144939
vt 0.3354843 0.0108389
vt 0.3353219 0.0101079
vt 0.3365402 0.0079149
vt 0.3364590 0.0066966
vt 0.3489672 0.4789228
vt 0.3489672 0.4740495
vt 0.4729124 0.4789228
vt 0.4729124 0.4740495
vt 0.3489672 0.4160568
vt 0.3489672 0.4111834
vt 0.4729124 0.4160568
vt 0.4729124 0.4111834
vt 0.3482362 0.9979331
vt 0.3482362 0.9989078
vt 0.3480738 0.9979331
vt 0.3480738 0.9989078
vt 0.3489672 0.4333572
vt 0.3489672 0.4272655
vt 0.4729124 0.4333572
vt 0.4729124 0.4272655
vt 0.3489672 0.4272655
vt 0.3489672 0.4216611
vt 0.4729124 0.4272655
vt 0.4729124 0.4216611
vt 0.3489672 0.4216611
vt 0.3489672 0.4160568
vt 0.4729124 0.4216611
vt 0.4729124 0.4160568
vt 0.4731561 0.4063101
vt 0.4729124 0.4063101
vt 0.4731561 0.0057219
vt 0.4729124 0.0059655
vt 0.4731561 0.0057219
vt 0.4730748 0.0035289
vt 0.4727500 0.0040162
vt 0.4725063 0.0030415
vt 0.4721002 0.0025542
vt 0.3496982 0.0025542
vt 0.3493733 0.0030415
vt 0.3488048 0.0042599
vt 0.3491297 0.0040162
vt 0.3487235 0.0057219
vt 0.3489672 0.0059655
vt 0.3487235 0.0057219
vt 0.3487235 0.4063101
vt 0.3489672 0.4063101
vt 0.3487235 0.4789228
vt 0.3489672 0.4789228
vt 0.3487235 0.8795111
vt 0.3489672 0.8792674
vt 0.3491297 0.8809731
vt 0.3493733 0.8821914
vt 0.3496982 0.8826787
vt 0.4721002 0.8826787
vt 0.4725063 0.8821914
vt 0.4727500 0.8809731
vt 0.4731561 0.8795111
vt 0.4729124 0.8792674
vt 0.4731561 0.4789228
vt 0.4729124 0.4789228
vt 0.3489672 0.4111834
vt 0.3489672 0.4063101
vt 0.4729124 0.4111834
vt 0.4729124 0.4063101
vt 0.3489672 0.4740495
vt 0.3489672 0.4691761
vt 0.4729124 0.4740495
vt 0.4729124 0.4691761
vt 0.3489672 0.4691761
vt 0.3489672 0.4635718
vt 0.4729124 0.4691761
vt 0.4729124 0.4635718
vt 0.3489672 0.4635718
vt 0.3489672 0.4577238
vt 0.4729124 0.4635718
vt 0.4729124 0.4577238
vt 0.4729124 0.4394488
vt 0.4729124 0.4457841
vt 0.3489672 0.4394488
vt 0.3489672 0.4457841
vt 0.3489672 0.4394488
vt 0.3489672 0.4333572
vt 0.4729124 0.4394488
vt 0.4729124 0.4333572
vt 0.4813595 0.4165441
vt 0.4813595 0.4180061
vt 0.4800600 0.4165441
vt 0.4799787 0.4180061
vt 0.4814407 0.4194681
vt 0.4799787 0.4194681
vt 0.4799787 0.4180061
vt 0.4799787 0.4194681
vt 0.4786792 0.4175188
vt 0.4785980 0.4189808
vt 0.4772984 0.4163005
vt 0.4772172 0.4177625
vt 0.4772984 0.4163005
vt 0.4772172 0.4177625
vt 0.4760801 0.4143511
vt 0.4759988 0.4155695
vt 0.4760801 0.4143511
vt 0.4759988 0.4155695
vt 0.4750242 0.4114271
vt 0.4748617 0.4121581
vt 0.4741307 0.4072848
vt 0.4736434 0.0010922
vt 0.4738058 0.0010922
vt 0.4736434 0.4021678
vt 0.4738058 0.4019241
vt 0.4739683 0.4077721
vt 0.4876136 0.0010922
vt 0.4877761 0.0010922
vt 0.4876136 0.4019241
vt 0.4877761 0.4021678
vt 0.4872887 0.4072848
vt 0.4874512 0.4077721
vt 0.4863953 0.4114271
vt 0.4865577 0.4121581
vt 0.4853394 0.4143511
vt 0.4854206 0.4155695
vt 0.4853394 0.4143511
vt 0.4854206 0.4155695
vt 0.4840398 0.4163005
vt 0.4841211 0.4177625
vt 0.4840398 0.4163005
vt 0.4841211 0.4177625
vt 0.4827403 0.4175188
vt 0.4828215 0.4189808
vt 0.3377585 0.0057219
vt 0.3376773 0.0045036
vt 0.3391393 0.0045036
vt 0.3390581 0.0030415
vn 0.0343933 0.9882332 -0.1490375
vn -0.0369082 0.9872948 0.1545531
vn 0.0089871 0.9885644 -0.1505314
vn -0.0090208 0.9877776 0.1556087
vn -0.2963223 0.9550880 0.0000000
vn -0.7727233 0.6347370 -0.0027597
vn -0.2963223 0.9550880 0.0000000
vn -0.7727233 0.6347370 -0.0027597
vn -0.3140017 -0.9494224 0.0000000
vn -0.7563262 -0.6541946 0.0000000
vn -0.3147395 -0.9491749 -0.0024783
vn -0.7563262 -0.6541946 0.0000000
vn 0.7551383 -0.6555597 0.0027661
vn 0.3140017 -0.9494224 0.0000000
vn 0.7563262 -0.6541946 0.0000000
vn 0.3140017 -0.9494224 0.0000000
vn 0.7727234 0.6347369 -0.0027597
vn 0.2963223 0.9550880 0.0000000
vn 0.7727234 0.6347369 0.0027597
vn 0.2963223 0.9550880 0.0000000
vn -0.3500194 0.0000000 -0.9367424
vn -0.7248613 0.0000000 -0.6888949
vn -0.3500194 0.0000000 -0.9367424
vn -0.7248613 0.0000000 -0.6888949
vn -0.7248613 0.0000000 -0.6888949
vn -1.0000000 0.0000000 0.0000000
vn -0.7248613 0.0000000 -0.6888949
vn -1.0000000 0.0000000 0.0000000
vn 0.3500194 0.0000000 -0.9367424
vn 0.7248613 0.0000000 -0.6888949
vn 0.3500194 0.0000000 -0.9367424
vn 0.7248613 0.0000000 -0.6888949
vn 0.3147395 -0.9491749 -0.0024783
vn 0.7563262 -0.6541946 0.0000000
vn 0.3140017 -0.9494224 0.0000000
vn 0.7563262 -0.6541946 0.0000000
vn 0.2963223 0.9550880 0.0000000
vn 0.7727234 0.6347369 -0.0027597
vn 0.2963223 0.9550880 0.0000000
vn 0.7727234 0.6347369 -0.0027597
vn -0.7563262 -0.6541946 0.0000000
vn -0.3140017 -0.9494224 0.0000000
vn -0.7551383 -0.6555597 0.0027661
vn -0.3140017 -0.9494224 0.0000000
vn -0.7727234 0.6347369 0.0027597
vn -0.2963223 0.9550880 0.0000000
vn -0.7727233 0.6347370 -0.0027597
vn -0.2963223 0.9550880 0.0000000
vn 0.3500194 0.0000000 -0.9367424
vn 0.7248613 0.0000000 -0.6888949
vn 0.3500194 0.0000000 -0.9367424
vn 0.7248613 0.0000000 -0.6888949
vn 0.7248613 0.0000000 -0.6888949
vn 1.0000000 0.0000000 0.0000000
vn 0.7248613 0.0000000 -0.6888949
vn 1.0000000 0.0000000 0.0000000
vn -0.3500194 0.0000000 -0.9367424
vn -0.7248613 0.0000000 -0.6888949
vn -0.3500194 0.0000000 -0.9367424
vn -0.7248613 0.0000000 -0.6888949
vn 0.2086078 0.4897748 -0.8465243
vn 0.7359920 0.2988964 -0.6074346
vn 0.3500194 0.0000000 -0.9367424
vn 0.7248613 0.0000000 -0.6888949
vn -0.3500194 0.0000000 -0.9367424
vn -0.7248613 0.0000000 -0.6888949
vn -0.2086077 0.4897747 -0.8465244
vn -0.7359920 0.2988964 -0.6074346
vn -0.7248613 0.0000000 -0.6888949
vn -1.0000000 0.0000000 0.0000000
vn -0.7359920 0.2988964 -0.6074346
vn -1.0000000 0.0000000 0.0000000
vn -0.7359920 0.2988964 -0.6074346
vn -1.0000000 0.0000000 0.0000000
vn -0.6986763 0.5382147 -0.4713558
vn -1.0000000 0.0000000 0.0000000
vn 0.2093531 0.9279431 -0.3083714
vn 0.1629281 0.8501885 -0.5006336
vn -0.2093530 0.9279431 -0.3083714
vn -0.1629280 0.8501884 -0.5006337
vn 0.1629281 0.8501885 -0.5006336
vn 0.1846258 0.7323493 -0.6554219
vn -0.1629280 0.8501884 -0.5006337
vn -0.1846259 0.7323493 -0.6554218
vn -0.2093530 0.9279431 -0.3083714
vn -0.7206642 0.6479657 -0.2465431
vn -0.2963223 0.9550880 0.0000000
vn -0.7727233 0.6347370 -0.0027597
vn -0.3546869 -0.4697204 -0.8084305
vn -0.7234495 -0.3421720 -0.5996158
vn -0.3500194 0.0000000 -0.9367424
vn -0.7248613 0.0000000 -0.6888949
vn 0.3500194 0.0000000 -0.9367424
vn 0.7248613 0.0000000 -0.6888949
vn 0.3546869 -0.4697204 -0.8084305
vn 0.7234495 -0.3421720 -0.5996158
vn 0.7248613 0.0000000 -0.6888949
vn 1.0000000 0.0000000 0.0000000
vn 0.7234495 -0.3421720 -0.5996158
vn 1.0000000 0.0000000 0.0000000
vn -0.3435782 -0.8144074 -0.4676480
vn -0.7299361 -0.5898143 -0.3454161
vn -0.3546869 -0.4697204 -0.8084305
vn -0.7234495 -0.3421720 -0.5996158
vn 0.3546869 -0.4697204 -0.8084305
vn 0.7234495 -0.3421720 -0.5996158
vn 0.3435782 -0.8144074 -0.4676480
vn 0.7322699 -0.5890705 -0.3417259
vn 0.7234495 -0.3421720 -0.5996158
vn 1.0000000 0.0000000 0.0000000
vn 0.7322699 -0.5890705 -0.3417259
vn 1.0000000 0.0000000 0.0000000
vn -0.3147395 -0.9491749 -0.0024783
vn -0.7563262 -0.6541946 0.0000000
vn -0.3435782 -0.8144074 -0.4676480
vn -0.7299361 -0.5898143 -0.3454161
vn 0.3435782 -0.8144074 -0.4676480
vn 0.7322699 -0.5890705 -0.3417259
vn 0.3147395 -0.9491749 -0.0024783
vn 0.7563262 -0.6541946 0.0000000
vn 0.7322699 -0.5890705 -0.3417259
vn 1.0000000 0.0000000 0.0000000
vn 0.7563262 -0.6541946 0.0000000
vn 1.0000000 0.0000000 0.0000000
vn 0.2086078 0.4897748 -0.8465243
vn 0.7359920 0.2988964 -0.6074346
vn 0.3500194 0.0000000 -0.9367424
vn 0.7248613 0.0000000 -0.6888949
vn 0.7359920 0.2988964 -0.6074346
vn 1.0000000 0.0000000 0.0000000
vn 0.7248613 0.0000000 -0.6888949
vn 1.0000000 0.0000000 0.0000000
vn -0.3500194 0.0000000 -0.9367424
vn -0.7248613 0.0000000 -0.6888949
vn -0.2086077 0.4897747 -0.8465244
vn -0.7359920 0.2988964 -0.6074346
vn 0.6986763 0.5382147 -0.4713558
vn 1.0000000 0.0000000 0.0000000
vn 0.7359920 0.2988964 -0.6074346
vn 1.0000000 0.0000000 0.0000000
vn 0.2093531 0.9279431 -0.3083714
vn 0.1629281 0.8501885 -0.5006336
vn -0.2093530 0.9279431 -0.3083714
vn -0.1629280 0.8501884 -0.5006337
vn 0.1629281 0.8501885 -0.5006336
vn 0.1846258 0.7323493 -0.6554219
vn -0.1629280 0.8501884 -0.5006337
vn -0.1846259 0.7323493 -0.6554218
vn 0.2963223 0.9550880 0.0000000
vn 0.7727234 0.6347369 -0.0027597
vn 0.2093531 0.9279431 -0.3083714
vn 0.7206642 0.6479657 -0.2465431
vn 0.7727234 0.6347369 -0.0027597
vn 1.0000000 0.0000000 0.0000000
vn 0.7206642 0.6479657 -0.2465431
vn 1.0000000 0.0000000 0.0000000
vn 0.3435782 -0.8144074 -0.4676480
vn 0.7299361 -0.5898144 -0.3454161
vn 0.3147395 -0.9491749 -0.0024783
vn 0.7563262 -0.6541946 0.0000000
vn -0.3147395 -0.9491749 -0.0024783
vn -0.7563262 -0.6541946 0.0000000
vn -0.3435782 -0.8144074 -0.4676480
vn -0.7322700 -0.5890704 -0.3417260
vn 0.3546869 -0.4697204 -0.8084305
vn 0.7234495 -0.3421720 -0.5996158
vn 0.3435782 -0.8144074 -0.4676480
vn 0.7299361 -0.5898144 -0.3454161
vn -0.3435782 -0.8144074 -0.4676480
vn -0.7322700 -0.5890704 -0.3417260
vn -0.3546869 -0.4697204 -0.8084305
vn -0.7234495 -0.3421720 -0.5996158
vn -0.7322700 -0.5890704 -0.3417260
vn -1.0000000 0.0000000 0.0000000
vn -0.7228357 -0.3386257 -0.6023630
vn -1.0000000 0.0000000 0.0000000
vn 0.3500194 0.0000000 -0.9367424
vn 0.7248613 0.0000000 -0.6888949
vn 0.3546869 -0.4697204 -0.8084305
vn 0.7234495 -0.3421720 -0.5996158
vn -0.3546869 -0.4697204 -0.8084305
vn -0.7234495 -0.3421720 -0.5996158
vn -0.3500194 0.0000000 -0.9367424
vn -0.7248613 0.0000000 -0.6888949
vn -0.7234495 -0.3421720 -0.5996158
vn -1.0000000 0.0000000 0.0000000
vn -0.7248613 0.0000000 -0.6888949
vn -1.0000000 0.0000000 0.0000000
vn 0.0600574 0.0000000 -0.9981949
vn 0.0397182 0.7518070 -0.6581859
vn -0.0600574 0.0000000 -0.9981949
vn -0.0397180 0.7518070 -0.6581859
vn -0.0600574 0.0000000 -0.9981949
vn -0.0367962 -0.7557374 -0.6538402
vn 0.0600574 0.0000000 -0.9981949
vn 0.0367961 -0.7557374 -0.6538402
vn -0.0367962 -0.7557374 -0.6538402
vn -0.0090039 -0.9881750 -0.1530658
vn 0.0367961 -0.7557374 -0.6538402
vn 0.0090038 -0.9881750 -0.1530659
vn -0.2226339 0.0000000 -0.9749021
vn -0.1445619 -0.7559384 -0.6384818
vn -0.0600574 0.0000000 -0.9981949
vn -0.0367962 -0.7557374 -0.6538402
vn -0.1445619 -0.7559384 -0.6384818
vn -0.0344595 -0.9878378 -0.1516216
vn -0.0367962 -0.7557374 -0.6538402
vn -0.0090039 -0.9881750 -0.1530658
vn -0.0600574 0.0000000 -0.9981949
vn -0.0397180 0.7518070 -0.6581859
vn -0.2226339 0.0000000 -0.9749021
vn -0.1446589 0.7504188 -0.6449383
vn -0.0397180 0.7518070 -0.6581859
vn -0.0089870 0.9885644 -0.1505314
vn -0.1446589 0.7504188 -0.6449383
vn -0.0343933 0.9882332 -0.1490375
vn -0.4273022 0.0000000 -0.9041088
vn -0.2806577 -0.7494841 -0.5995873
vn -0.2226339 0.0000000 -0.9749021
vn -0.1445619 -0.7559384 -0.6384818
vn -0.2806577 -0.7494841 -0.5995873
vn -0.0684181 -0.9861645 -0.1509917
vn -0.1445619 -0.7559384 -0.6384818
vn -0.0344595 -0.9878378 -0.1516216
vn -0.2226339 0.0000000 -0.9749021
vn -0.1446589 0.7504188 -0.6449383
vn -0.4273022 0.0000000 -0.9041088
vn -0.2844002 0.7445533 -0.6039510
vn -0.1446589 0.7504188 -0.6449383
vn -0.0343933 0.9882332 -0.1490375
vn -0.2844002 0.7445533 -0.6039510
vn -0.0682833 0.9865763 -0.1483396
vn -0.6243595 0.0000000 -0.7811371
vn -0.4229493 -0.7335527 -0.5319909
vn -0.4273022 0.0000000 -0.9041088
vn -0.2806577 -0.7494841 -0.5995873
vn -0.4229493 -0.7335527 -0.5319909
vn -0.1140874 -0.9830937 -0.1432161
vn -0.2806577 -0.7494841 -0.5995873
vn -0.0707908 -0.9863512 -0.1486606
vn -0.4273022 0.0000000 -0.9041088
vn -0.2844002 0.7445533 -0.6039510
vn -0.6243595 0.0000000 -0.7811371
vn -0.4269627 0.7281536 -0.5361857
vn -0.2844002 0.7445533 -0.6039510
vn -0.0682833 0.9865763 -0.1483396
vn -0.4269627 0.7281536 -0.5361857
vn -0.1114245 0.9834430 -0.1429142
vn -0.8000000 0.0000000 -0.6000000
vn -0.5579548 -0.7107282 -0.4284296
vn -0.6243595 0.0000000 -0.7811371
vn -0.4229493 -0.7335527 -0.5319909
vn -0.5579548 -0.7107282 -0.4284296
vn -0.1702486 -0.9764260 -0.1326938
vn -0.4229493 -0.7335527 -0.5319909
vn -0.1140874 -0.9830937 -0.1432161
vn -0.6243595 0.0000000 -0.7811371
vn -0.4269627 0.7281536 -0.5361857
vn -0.8000000 0.0000000 -0.6000000
vn -0.5656589 0.7020824 -0.4325626
vn -0.4269627 0.7281536 -0.5361857
vn -0.1114245 0.9834430 -0.1429142
vn -0.5656589 0.7020824 -0.4325626
vn -0.1667002 0.9778086 -0.1268912
vn -0.9474359 0.0000000 -0.3199456
vn -0.6933442 -0.6807380 -0.2363674
vn -0.8000000 0.0000000 -0.6000000
vn -0.5579548 -0.7107282 -0.4284296
vn -0.6933442 -0.6807380 -0.2363674
vn -0.2464080 -0.9653100 -0.0863698
vn -0.5579548 -0.7107282 -0.4284296
vn -0.1702486 -0.9764260 -0.1326938
vn -0.8000000 0.0000000 -0.6000000
vn -0.5656589 0.7020824 -0.4325626
vn -0.9474359 0.0000000 -0.3199456
vn -0.7036101 0.6689028 -0.2397954
vn -0.5656589 0.7020824 -0.4325626
vn -0.1667002 0.9778086 -0.1268912
vn -0.7036101 0.6689028 -0.2397954
vn -0.2369473 0.9679548 -0.0831836
vn -0.9999981 0.0000000 -0.0019608
vn -0.7563262 -0.6541946 0.0000000
vn -0.9474359 0.0000000 -0.3199456
vn -0.6933442 -0.6807380 -0.2363674
vn -0.7563262 -0.6541946 0.0000000
vn -0.3140017 -0.9494224 0.0000000
vn -0.6933442 -0.6807380 -0.2363674
vn -0.2464080 -0.9653100 -0.0863698
vn -0.9474359 0.0000000 -0.3199456
vn -0.7036101 0.6689028 -0.2397954
vn -0.9999981 0.0000000 -0.0019608
vn -0.7727233 0.6347370 -0.0027597
vn -0.7036101 0.6689028 -0.2397954
vn -0.2369473 0.9679548 -0.0831836
vn -0.7727233 0.6347370 -0.0027597
vn -0.2963223 0.9550880 0.0000000
vn 0.9474359 0.0000000 -0.3199456
vn 0.6933442 -0.6807380 -0.2363674
vn 0.9999981 0.0000000 -0.0019608
vn 0.7563262 -0.6541946 0.0000000
vn 0.6933442 -0.6807380 -0.2363674
vn 0.2464080 -0.9653100 -0.0863698
vn 0.7563262 -0.6541946 0.0000000
vn 0.3140017 -0.9494224 0.0000000
vn 0.9999981 0.0000000 -0.0019608
vn 0.7727234 0.6347369 -0.0027597
vn 0.9474359 0.0000000 -0.3199456
vn 0.7036101 0.6689028 -0.2397954
vn 0.7727234 0.6347369 -0.0027597
vn 0.2963223 0.9550880 0.0000000
vn 0.7036101 0.6689028 -0.2397954
vn 0.2369473 0.9679548 -0.0831836
vn 0.8000000 0.0000000 -0.6000000
vn 0.5579548 -0.7107282 -0.4284296
vn 0.9474359 0.0000000 -0.3199456
vn 0.6933442 -0.6807380 -0.2363674
vn 0.5579548 -0.7107282 -0.4284296
vn 0.1702486 -0.9764260 -0.1326938
vn 0.6933442 -0.6807380 -0.2363674
vn 0.2464080 -0.9653100 -0.0863698
vn 0.9474359 0.0000000 -0.3199456
vn 0.7036101 0.6689028 -0.2397954
vn 0.8000000 0.0000000 -0.6000000
vn 0.5656589 0.7020824 -0.4325626
vn 0.7036101 0.6689028 -0.2397954
vn 0.2369473 0.9679548 -0.0831836
vn 0.5656589 0.7020824 -0.4325626
vn 0.1667003 0.9778086 -0.1268912
vn 0.6243595 0.0000000 -0.7811371
vn 0.4229493 -0.7335527 -0.5319909
vn 0.8000000 0.0000000 -0.6000000
vn 0.5579548 -0.7107282 -0.4284296
vn 0.4229493 -0.7335527 -0.5319909
vn 0.1140874 -0.9830937 -0.1432162
vn 0.5579548 -0.7107282 -0.4284296
vn 0.1702486 -0.9764260 -0.1326938
vn 0.8000000 0.0000000 -0.6000000
vn 0.5656589 0.7020824 -0.4325626
vn 0.6243595 0.0000000 -0.7811371
vn 0.4269627 0.7281536 -0.5361857
vn 0.5656589 0.7020824 -0.4325626
vn 0.1667003 0.9778086 -0.1268912
vn 0.4269627 0.7281536 -0.5361857
vn 0.1114246 0.9834430 -0.1429142
vn 0.4273021 0.0000000 -0.9041089
vn 0.2806577 -0.7494841 -0.5995873
vn 0.6243595 0.0000000 -0.7811371
vn 0.4229493 -0.7335527 -0.5319909
vn 0.2806577 -0.7494841 -0.5995873
vn 0.0707908 -0.9863512 -0.1486606
vn 0.4229493 -0.7335527 -0.5319909
vn 0.1140874 -0.9830937 -0.1432162
vn 0.6243595 0.0000000 -0.7811371
vn 0.4269627 0.7281536 -0.5361857
vn 0.4273021 0.0000000 -0.9041089
vn 0.2844003 0.7445533 -0.6039511
vn 0.4269627 0.7281536 -0.5361857
vn 0.1114246 0.9834430 -0.1429142
vn 0.2844003 0.7445533 -0.6039511
vn 0.0682833 0.9865763 -0.1483396
vn 0.2226339 0.0000000 -0.9749021
vn 0.1445618 -0.7559384 -0.6384818
vn 0.4273021 0.0000000 -0.9041089
vn 0.2806577 -0.7494841 -0.5995873
vn 0.1445618 -0.7559384 -0.6384818
vn 0.0344595 -0.9878378 -0.1516216
vn 0.2806577 -0.7494841 -0.5995873
vn 0.0684181 -0.9861645 -0.1509917
vn 0.4273021 0.0000000 -0.9041089
vn 0.2844003 0.7445533 -0.6039511
vn 0.2226339 0.0000000 -0.9749021
vn 0.1446590 0.7504189 -0.6449382
vn 0.2844003 0.7445533 -0.6039511
vn 0.0682833 0.9865763 -0.1483396
vn 0.1446590 0.7504189 -0.6449382
vn 0.0343933 0.9882332 -0.1490375
vn 0.0600574 0.0000000 -0.9981949
vn 0.0367961 -0.7557374 -0.6538402
vn 0.2226339 0.0000000 -0.9749021
vn 0.1445618 -0.7559384 -0.6384818
vn 0.0367961 -0.7557374 -0.6538402
vn 0.0090038 -0.9881750 -0.1530659
vn 0.1445618 -0.7559384 -0.6384818
vn 0.0344595 -0.9878378 -0.1516216
vn 0.2226339 0.0000000 -0.9749021
vn 0.1446590 0.7504189 -0.6449382
vn 0.0600574 0.0000000 -0.9981949
vn 0.0397182 0.7518070 -0.6581859
vn 0.1446590 0.7504189 -0.6449382
vn 0.0343933 0.9882332 -0.1490375
vn 0.0397182 0.7518070 -0.6581859
vn 0.0089871 0.9885644 -0.1505314
vn -0.0090208 0.9877776 0.1556087
vn -0.0397282 0.7491631 0.6611932
vn 0.0090209 0.9877776 0.1556088
vn 0.0397285 0.7491630 0.6611931
vn 0.0369791 -0.9868804 0.1571612
vn 0.1511375 -0.7526644 0.6408227
vn 0.0090208 -0.9877776 0.1556088
vn 0.0397073 -0.7544377 0.6551695
vn 0.0090209 0.9877776 0.1556088
vn 0.0397285 0.7491630 0.6611931
vn 0.0369082 0.9872948 0.1545531
vn 0.1512344 0.7470969 0.6472823
vn 0.0761376 -0.9850305 0.1546545
vn 0.2915094 -0.7431890 0.6022394
vn 0.0369791 -0.9868804 0.1571612
vn 0.1511375 -0.7526644 0.6408227
vn 0.0369082 0.9872948 0.1545531
vn 0.1512344 0.7470969 0.6472823
vn 0.0735989 0.9852758 0.1543203
vn 0.2952649 0.7381621 0.6065768
vn 0.1226385 -0.9811085 0.1496191
vn 0.4378911 -0.7231837 0.5340944
vn 0.0761376 -0.9850305 0.1546545
vn 0.2915094 -0.7431890 0.6022394
vn 0.0735989 0.9852758 0.1543203
vn 0.2952649 0.7381621 0.6065768
vn 0.1223885 0.9815556 0.1468662
vn 0.4418899 0.7176554 0.5382416
vn 0.1871141 -0.9734988 0.1314855
vn 0.5849372 -0.6946129 0.4187619
vn 0.1226385 -0.9811085 0.1496191
vn 0.4378911 -0.7231837 0.5340944
vn 0.1223885 0.9815556 0.1468662
vn 0.4418899 0.7176554 0.5382416
vn 0.1838267 0.9745329 0.1284268
vn 0.5925142 0.6857188 0.4227490
vn 0.2639092 -0.9608344 0.0845534
vn 0.7148587 -0.6581738 0.2361869
vn 0.1871141 -0.9734988 0.1314855
vn 0.5849372 -0.6946129 0.4187619
vn 0.1838267 0.9745329 0.1284268
vn 0.5925142 0.6857188 0.4227490
vn 0.2548459 0.9633177 0.0840991
vn 0.7238540 0.6483215 0.2360394
vn 0.3140017 -0.9494224 0.0000000
vn 0.7551383 -0.6555597 0.0027661
vn 0.2639092 -0.9608344 0.0845534
vn 0.7148587 -0.6581738 0.2361869
vn 0.2548459 0.9633177 0.0840991
vn 0.7238540 0.6483215 0.2360394
vn 0.2963223 0.9550880 0.0000000
vn 0.7727234 0.6347369 0.0027597
vn -0.2639091 -0.9608344 0.0845534
vn -0.7148587 -0.6581738 0.2361869
vn -0.3140017 -0.9494224 0.0000000
vn -0.7551383 -0.6555597 0.0027661
vn -0.2963223 0.9550880 0.0000000
vn -0.7727234 0.6347369 0.0027597
vn -0.2548459 0.9633177 0.0840991
vn -0.7238540 0.6483215 0.2360394
vn -0.1871141 -0.9734988 0.1314855
vn -0.5849372 -0.6946129 0.4187619
vn -0.2639091 -0.9608344 0.0845534
vn -0.7148587 -0.6581738 0.2361869
vn -0.2548459 0.9633177 0.0840991
vn -0.7238540 0.6483215 0.2360394
vn -0.1838267 0.9745329 0.1284268
vn -0.5925142 0.6857188 0.4227490
vn -0.1226385 -0.9811085 0.1496191
vn -0.4378910 -0.7231838 0.5340943
vn -0.1871141 -0.9734988 0.1314855
vn -0.5849372 -0.6946129 0.4187619
vn -0.1838267 0.9745329 0.1284268
vn -0.5925142 0.6857188 0.4227490
vn -0.1223885 0.9815556 0.1468662
vn -0.4418897 0.7176556 0.5382416
vn -0.0761376 -0.9850305 0.1546545
vn -0.2915093 -0.7431891 0.6022394
vn -0.1226385 -0.9811085 0.1496191
vn -0.4378910 -0.7231838 0.5340943
vn -0.1223885 0.9815556 0.1468662
vn -0.4418897 0.7176556 0.5382416
vn -0.0735989 0.9852758 0.1543203
vn -0.2952649 0.7381621 0.6065768
vn -0.0369791 -0.9868804 0.1571612
vn -0.1511374 -0.7526645 0.6408226
vn -0.0761376 -0.9850305 0.1546545
vn -0.2915093 -0.7431891 0.6022394
vn -0.0735989 0.9852758 0.1543203
vn -0.2952649 0.7381621 0.6065768
vn -0.0369082 0.9872948 0.1545531
vn -0.1512340 0.7470969 0.6472824
vn -0.0090208 -0.9877776 0.1556087
vn -0.0397072 -0.7544377 0.6551695
vn -0.0369791 -0.9868804 0.1571612
vn -0.1511374 -0.7526645 0.6408226
vn -0.0369082 0.9872948 0.1545531
vn -0.1512340 0.7470969 0.6472824
vn -0.0090208 0.9877776 0.1556087
vn -0.0397282 0.7491631 0.6611932
vn -0.2086077 0.4897747 -0.8465244
vn -0.7352557 0.2953866 -0.6100375
vn -0.1846677 0.7294379 -0.6586487
vn -0.6986763 0.5382147 -0.4713558
vn -0.1629280 0.8501884 -0.5006337
vn -0.5954999 0.6853240 -0.4191788
vn -0.7206642 0.6479657 -0.2465431
vn -0.2093530 0.9279431 -0.3083714
vn -0.5954999 0.6853240 -0.4191788
vn -0.1629280 0.8501884 -0.5006337
vn -0.6986763 0.5382147 -0.4713558
vn -1.0000000 0.0000000 0.0000000
vn -0.5954999 0.6853240 -0.4191788
vn -0.7206642 0.6479657 -0.2465431
vn 0.1629281 0.8501885 -0.5006336
vn 0.2093531 0.9279431 -0.3083714
vn 0.5954999 0.6853240 -0.4191788
vn 0.7206642 0.6479657 -0.2465431
vn 0.7359920 0.2988964 -0.6074346
vn 0.2086078 0.4897748 -0.8465243
vn 0.6986763 0.5382147 -0.4713558
vn 0.1846678 0.7294380 -0.6586486
vn 0.5954999 0.6853240 -0.4191788
vn 0.1629281 0.8501885 -0.5006336
vn 0.7206642 0.6479657 -0.2465431
vn 1.0000000 0.0000000 0.0000000
vn 0.5954999 0.6853240 -0.4191788
vn 0.6986763 0.5382147 -0.4713558
vn 0.2963223 0.9550880 0.0000000
vn 0.7727234 0.6347369 -0.0027597
vn 0.2093531 0.9279431 -0.3083714
vn 0.7206642 0.6479657 -0.2465431
vn 0.1629281 0.8501885 -0.5006336
vn 0.5954999 0.6853240 -0.4191788
vn 0.6986763 0.5382147 -0.4713558
vn 0.1846678 0.7294380 -0.6586486
vn 0.5954999 0.6853240 -0.4191788
vn 0.1629281 0.8501885 -0.5006336
vn -0.2086077 0.4897747 -0.8465244
vn -0.7359920 0.2988964 -0.6074346
vn -0.1846259 0.7323493 -0.6554218
vn -0.6986763 0.5382147 -0.4713558
vn -0.1629280 0.8501884 -0.5006337
vn -0.5954999 0.6853240 -0.4191788
vn -0.7727233 0.6347370 -0.0027597
vn -0.2963223 0.9550880 0.0000000
vn -0.7206642 0.6479657 -0.2465431
vn -0.2093530 0.9279431 -0.3083714
vn -0.5954999 0.6853240 -0.4191788
vn -0.1629280 0.8501884 -0.5006337
vn -0.2086077 0.4897747 -0.8465244
vn -0.1846259 0.7323493 -0.6554218
vn 0.2086078 0.4897748 -0.8465243
vn 0.1846258 0.7323493 -0.6554219
vn -0.2093530 0.9279431 -0.3083714
vn -0.2963223 0.9550880 0.0000000
vn 0.2093531 0.9279431 -0.3083714
vn 0.2963223 0.9550880 0.0000000
vn -0.2086077 0.4897747 -0.8465244
vn -0.1846259 0.7323493 -0.6554218
vn 0.2086078 0.4897748 -0.8465243
vn 0.7359920 0.2988964 -0.6074346
vn 0.6986763 0.5382147 -0.4713558
vn 0.1846258 0.7323493 -0.6554219
vn 0.3435782 -0.8144074 -0.4676480
vn 0.3140017 -0.9494224 0.0000000
vn -0.3435782 -0.8144074 -0.4676480
vn -0.3140017 -0.9494224 0.0000000
vn -0.3140017 -0.9494224 0.0000000
vn -0.3435782 -0.8144074 -0.4676480
vn 0.3140017 -0.9494224 0.0000000
vn 0.3435782 -0.8144074 -0.4676480
vn 0.3546869 -0.4697204 -0.8084305
vn 0.3435782 -0.8144074 -0.4676480
vn -0.3546869 -0.4697204 -0.8084305
vn -0.3435782 -0.8144074 -0.4676480
vn 0.3500194 0.0000000 -0.9367424
vn -0.3500194 0.0000000 -0.9367424
vn 0.3500194 0.0000000 -0.9367424
vn -0.3500194 0.0000000 -0.9367424
vn 0.3500194 0.0000000 -0.9367424
vn 0.3546869 -0.4697204 -0.8084305
vn -0.3500194 0.0000000 -0.9367424
vn -0.3546869 -0.4697204 -0.8084305
vn -0.3500194 0.0000000 -0.9367424
vn -0.2086077 0.4897747 -0.8465244
vn 0.3500194 0.0000000 -0.9367424
vn 0.2086078 0.4897748 -0.8465243
vn -0.3546869 -0.4697204 -0.8084305
vn -0.3500194 0.0000000 -0.9367424
vn 0.3546869 -0.4697204 -0.8084305
vn 0.3500194 0.0000000 -0.9367424
vn -0.3500194 0.0000000 -0.9367424
vn -0.2086077 0.4897747 -0.8465244
vn 0.3500194 0.0000000 -0.9367424
vn 0.2086078 0.4897748 -0.8465243
vn -0.3500194 0.0000000 -0.9367424
vn 0.3500194 0.0000000 -0.9367424
vn -0.3500194 0.0000000 -0.9367424
vn 0.3500194 0.0000000 -0.9367424
vn -0.0397072 -0.7544377 0.6551695
vn -0.0090208 -0.9877776 0.1556087
vn 0.0397073 -0.7544377 0.6551695
vn 0.0090208 -0.9877776 0.1556088
vn -0.0090039 -0.9881750 -0.1530658
vn 0.0090038 -0.9881750 -0.1530659
vn 0.4273021 0.0000000 -0.9041089
vn 0.2226339 0.0000000 -0.9749021
vn 0.4273021 0.0000000 -0.9041089
vn 0.2226339 0.0000000 -0.9749021
vn -0.3435782 -0.8144074 -0.4676480
vn -0.3546869 -0.4697204 -0.8084305
vn 0.3435782 -0.8144074 -0.4676480
vn 0.3546869 -0.4697204 -0.8084305
vn 0.1140874 -0.9830937 -0.1432162
vn -0.1226385 -0.9811085 0.1496191
vn 0.1702486 -0.9764260 -0.1326938
vn -0.1871141 -0.9734988 0.1314855
vn 0.0090038 -0.9881750 -0.1530659
vn -0.0090208 -0.9877776 0.1556087
vn 0.0344595 -0.9878378 -0.1516216
vn -0.0369791 -0.9868804 0.1571612
vn 0.2963223 0.9550880 0.0000000
vn -0.2963223 0.9550880 0.0000000
vn 0.2369473 0.9679548 -0.0831836
vn -0.2548459 0.9633177 0.0840991
vn 0.1702486 -0.9764260 -0.1326938
vn -0.1871141 -0.9734988 0.1314855
vn 0.2464080 -0.9653100 -0.0863698
vn -0.2614653 -0.9612699 0.0871551
vn 0.2226339 0.0000000 -0.9749021
vn 0.0600574 0.0000000 -0.9981949
vn 0.2226339 0.0000000 -0.9749021
vn 0.0600574 0.0000000 -0.9981949
vn -0.3140017 -0.9494224 0.0000000
vn 0.3140017 -0.9494224 0.0000000
vn -0.2464080 -0.9653100 -0.0863698
vn 0.2614654 -0.9612699 0.0871551
vn 0.0344595 -0.9878378 -0.1516216
vn -0.0369791 -0.9868804 0.1571612
vn 0.0684181 -0.9861645 -0.1509917
vn -0.1226385 -0.9811085 0.1496191
vn 0.1140874 -0.9830937 -0.1432162
vn -0.0761376 -0.9850305 0.1546545
vn -0.3140017 -0.9494224 0.0000000
vn 0.3140017 -0.9494224 0.0000000
vn -0.3140017 -0.9494224 0.0000000
vn 0.3140017 -0.9494224 0.0000000
vn -0.1140874 -0.9830937 -0.1432161
vn 0.1226385 -0.9811085 0.1496191
vn -0.0684181 -0.9861645 -0.1509917
vn 0.0761376 -0.9850305 0.1546545
vn -0.0344595 -0.9878378 -0.1516216
vn 0.0369791 -0.9868804 0.1571612
vn -0.0090039 -0.9881750 -0.1530658
vn 0.0090208 -0.9877776 0.1556088
vn 0.2464080 -0.9653100 -0.0863698
vn -0.2614653 -0.9612699 0.0871551
vn 0.3140017 -0.9494224 0.0000000
vn -0.3140017 -0.9494224 0.0000000
vn 0.3140017 -0.9494224 0.0000000
vn -0.3140017 -0.9494224 0.0000000
vn -0.2464080 -0.9653100 -0.0863698
vn 0.2614654 -0.9612699 0.0871551
vn -0.1702486 -0.9764260 -0.1326938
vn 0.1871141 -0.9734988 0.1314855
vn -0.1140874 -0.9830937 -0.1432161
vn 0.1226385 -0.9811085 0.1496191
vn 0.9999981 0.0000000 -0.0019608
vn 0.9474359 0.0000000 -0.3199456
vn 0.9999981 0.0000000 -0.0019608
vn 0.9474359 0.0000000 -0.3199456
vn -0.8000000 0.0000000 -0.6000000
vn -0.9474359 0.0000000 -0.3199456
vn -0.8000000 0.0000000 -0.6000000
vn -0.9474359 0.0000000 -0.3199456
vn -0.2093530 0.9279431 -0.3083714
vn -0.2963223 0.9550880 0.0000000
vn 0.2093531 0.9279431 -0.3083714
vn 0.2963223 0.9550880 0.0000000
vn -0.2226339 0.0000000 -0.9749021
vn -0.4273022 0.0000000 -0.9041088
vn -0.2226339 0.0000000 -0.9749021
vn -0.4273022 0.0000000 -0.9041088
vn -0.4273022 0.0000000 -0.9041088
vn -0.6243595 0.0000000 -0.7811371
vn -0.4273022 0.0000000 -0.9041088
vn -0.6243595 0.0000000 -0.7811371
vn -0.6243595 0.0000000 -0.7811371
vn -0.8000000 0.0000000 -0.6000000
vn -0.6243595 0.0000000 -0.7811371
vn -0.8000000 0.0000000 -0.6000000
vn -0.7563262 -0.6541946 0.0000000
vn -0.9999981 0.0000000 -0.0019608
vn -0.7563262 -0.6541946 0.0000000
vn -1.0000000 0.0000000 0.0000000
vn -0.7563262 -0.6541946 0.0000000
vn -0.7322700 -0.5890704 -0.3417260
vn -1.0000000 0.0000000 0.0000000
vn -1.0000000 0.0000000 0.0000000
vn -1.0000000 0.0000000 0.0000000
vn -1.0000000 0.0000000 0.0000000
vn -1.0000000 0.0000000 0.0000000
vn -0.7206642 0.6479657 -0.2465431
vn -1.0000000 0.0000000 0.0000000
vn -0.7727233 0.6347370 -0.0027597
vn -1.0000000 0.0000000 0.0000000
vn -0.7727233 0.6347370 -0.0027597
vn -0.7727233 0.6347370 -0.0027597
vn -0.9999981 0.0000000 -0.0019608
vn 0.7727234 0.6347369 -0.0027597
vn 0.9999981 0.0000000 -0.0019608
vn 0.7727234 0.6347369 -0.0027597
vn 1.0000000 0.0000000 0.0000000
vn 1.0000000 0.0000000 0.0000000
vn 1.0000000 0.0000000 0.0000000
vn 1.0000000 0.0000000 0.0000000
vn 1.0000000 0.0000000 0.0000000
vn 1.0000000 0.0000000 0.0000000
vn 1.0000000 0.0000000 0.0000000
vn 0.7563262 -0.6541946 0.0000000
vn 1.0000000 0.0000000 0.0000000
vn 0.7563262 -0.6541946 0.0000000
vn 0.9999981 0.0000000 -0.0019608
vn -0.9474359 0.0000000 -0.3199456
vn -0.9999981 0.0000000 -0.0019608
vn -0.9474359 0.0000000 -0.3199456
vn -0.9999981 0.0000000 -0.0019608
vn 0.9474359 0.0000000 -0.3199456
vn 0.8000000 0.0000000 -0.6000000
vn 0.9474359 0.0000000 -0.3199456
vn 0.8000000 0.0000000 -0.6000000
vn 0.8000000 0.0000000 -0.6000000
vn 0.6243595 0.0000000 -0.7811371
vn 0.8000000 0.0000000 -0.6000000
vn 0.6243595 0.0000000 -0.7811371
vn 0.6243595 0.0000000 -0.7811371
vn 0.4273021 0.0000000 -0.9041089
vn 0.6243595 0.0000000 -0.7811371
vn 0.4273021 0.0000000 -0.9041089
vn -0.0600574 0.0000000 -0.9981949
vn 0.0600574 0.0000000 -0.9981949
vn -0.0600574 0.0000000 -0.9981949
vn 0.0600574 0.0000000 -0.9981949
vn -0.0600574 0.0000000 -0.9981949
vn -0.2226339 0.0000000 -0.9749021
vn -0.0600574 0.0000000 -0.9981949
vn -0.2226339 0.0000000 -0.9749021
vn 0.0397182 0.7518070 -0.6581859
vn 0.0089871 0.9885644 -0.1505314
vn -0.0397180 0.7518070 -0.6581859
vn -0.0089870 0.9885644 -0.1505314
vn -0.0090208 0.9877776 0.1556087
vn 0.0090209 0.9877776 0.1556088
vn -0.0089870 0.9885644 -0.1505314
vn 0.0090209 0.9877776 0.1556088
vn -0.0343933 0.9882332 -0.1490375
vn 0.0369082 0.9872948 0.1545531
vn -0.0682833 0.9865763 -0.1483396
vn 0.0735989 0.9852758 0.1543203
vn -0.0682833 0.9865763 -0.1483396
vn 0.0735989 0.9852758 0.1543203
vn -0.1114245 0.9834430 -0.1429142
vn 0.1223885 0.9815556 0.1468662
vn -0.1114245 0.9834430 -0.1429142
vn 0.1223885 0.9815556 0.1468662
vn -0.1667002 0.9778086 -0.1268912
vn 0.1838267 0.9745329 0.1284268
vn -0.2369473 0.9679548 -0.0831836
vn 0.2963223 0.9550880 0.0000000
vn -0.2963223 0.9550880 0.0000000
vn 0.2963223 0.9550880 0.0000000
vn -0.2963223 0.9550880 0.0000000
vn 0.2548459 0.9633177 0.0840991
vn 0.2963223 0.9550880 0.0000000
vn -0.2963223 0.9550880 0.0000000
vn 0.2963223 0.9550880 0.0000000
vn -0.2963223 0.9550880 0.0000000
vn 0.2369473 0.9679548 -0.0831836
vn -0.2548459 0.9633177 0.0840991
vn 0.1667003 0.9778086 -0.1268912
vn -0.1838267 0.9745329 0.1284268
vn 0.1114246 0.9834430 -0.1429142
vn -0.1223885 0.9815556 0.1468662
vn 0.1114246 0.9834430 -0.1429142
vn -0.1223885 0.9815556 0.1468662
vn 0.0682833 0.9865763 -0.1483396
vn -0.0735989 0.9852758 0.1543203
vn 0.0682833 0.9865763 -0.1483396
vn -0.0735989 0.9852758 0.1543203
vn 0.0343933 0.9882332 -0.1490375
vn -0.0369082 0.9872948 0.1545531
vn -0.0684181 -0.9861645 -0.1509917
vn 0.0761376 -0.9850305 0.1546545
vn -0.0344595 -0.9878378 -0.1516216
vn 0.0369791 -0.9868804 0.1571612
f 4290/4290/4290 4291/4291/4291 4292/4292/4292
f 4291/4291/4291 4293/4293/4293 4292/4292/4292
f 4294/4294/4294 4295/4295/4295 4296/4296/4296
f 4295/4295/4295 4297/4297/4297 4296/4296/4296
f 4298/4298/4298 4299/4299/4299 4300/4300/4300
f 4299/4299/4299 4301/4301/4301 4300/4300/4300
f 4302/4302/4302 4303/4303/4303 4304/4304/4304
f 4303/4303/4303 4305/4305/4305 4304/4304/4304
f 4306/4306/4306 4307/4307/4307 4308/4308/4308
f 4307/4307/4307 4309/4309/4309 4308/4308/4308
f 4310/4310/4310 4311/4311/4311 4312/4312/4312
f 4311/4311/4311 4313/4313/4313 4312/4312/4312
f 4314/4314/4314 4315/4315/4315 4316/4316/4316
f 4315/4315/4315 4317/4317/4317 4316/4316/4316
f 4318/4318/4318 4319/4319/4319 4320/4320/4320
f 4319/4319/4319 4321/4321/4321 4320/4320/4320
f 4322/4322/4322 4323/4323/4323 4324/4324/4324
f 4323/4323/4323 4325/4325/4325 4324/4324/4324
f 4326/4326/4326 4327/4327/4327 4328/4328/4328
f 4327/4327/4327 4329/4329/4329 4328/4328/4328
f 4330/4330/4330 4331/4331/4331 4332/4332/4332
f 4331/4331/4331 4333/4333/4333 4332/4332/4332
f 4334/4334/4334 4335/4335/4335 4336/4336/4336
f 4335/4335/4335 4337/4337/4337 4336/4336/4336
f 4338/4338/4338 4339/4339/4339 4340/4340/4340
f 4339/4339/4339 4341/4341/4341 4340/4340/4340
f 4342/4342/4342 4343/4343/4343 4344/4344/4344
f 4343/4343/4343 4345/4345/4345 4344/4344/4344
f 4346/4346/4346 4347/4347/4347 4348/4348/4348
f 4347/4347/4347 4349/4349/4349 4348/4348/4348
f 4350/4350/4350 4351/4351/4351 4352/4352/4352
f 4351/4351/4351 4353/4353/4353 4352/4352/4352
f 4354/4354/4354 4355/4355/4355 4356/4356/4356
f 4355/4355/4355 4357/4357/4357 4356/4356/4356
f 4358/4358/4358 4359/4359/4359 4360/4360/4360
f 4359/4359/4359 4361/4361/4361 4360/4360/4360
f 4362/4362/4362 4363/4363/4363 4364/4364/4364
f 4363/4363/4363 4365/4365/4365 4364/4364/4364
f 4366/4366/4366 4367/4367/4367 4368/4368/4368
f 4367/4367/4367 4369/4369/4369 4368/4368/4368
f 4370/4370/4370 4371/4371/4371 4372/4372/4372
f 4371/4371/4371 4373/4373/4373 4372/4372/4372
f 4374/4374/4374 4375/4375/4375 4376/4376/4376
f 4375/4375/4375 4377/4377/4377 4376/4376/4376
f 4378/4378/4378 4379/4379/4379 4380/4380/4380
f 4379/4379/4379 4381/4381/4381 4380/4380/4380
f 4382/4382/4382 4383/4383/4383 4384/4384/4384
f 4383/4383/4383 4385/4385/4385 4384/4384/4384
f 4386/4386/4386 4387/4387/4387 4388/4388/4388
f 4387/4387/4387 4389/4389/4389 4388/4388/4388
f 4390/4390/4390 4391/4391/4391 4392/4392/4392
f 4391/4391/4391 4393/4393/4393 4392/4392/4392
f 4394/4394/4394 4395/4395/4395 4396/4396/4396
f 4395/4395/4395 4397/4397/4397 4396/4396/4396
f 4398/4398/4398 4399/4399/4399 4400/4400/4400
f 4399/4399/4399 4401/4401/4401 4400/4400/4400
f 4402/4402/4402 4403/4403/4403 4404/4404/4404
f 4403/4403/4403 4405/4405/4405 4404/4404/4404
f 4406/4406/4406 4407/4407/4407 4408/4408/4408
f 4407/4407/4407 4409/4409/4409 4408/4408/4408
f 4410/4410/4410 4411/4411/4411 4412/4412/4412
f 4411/4411/4411 4413/4413/4413 4412/4412/4412
f 4414/4414/4414 4415/4415/4415 4416/4416/4416
f 4415/4415/4415 4417/4417/4417 4416/4416/4416
f 4418/4418/4418 4419/4419/4419 4420/4420/4420
f 4419/4419/4419 4421/4421/4421 4420/4420/4420
f 4422/4422/4422 4423/4423/4423 4424/4424/4424
f 4423/4423/4423 4425/4425/4425 4424/4424/4424
f 4426/4426/4426 4427/4427/4427 4428/4428/4428
f 4427/4427/4427 4429/4429/4429 4428/4428/4428
f 4430/4430/4430 4431/4431/4431 4432/4432/4432
f 4431/4431/4431 4433/4433/4433 4432/4432/4432
f 4434/4434/4434 4435/4435/4435 4436/4436/4436
f 4435/4435/4435 4437/4437/4437 4436/4436/4436
f 4438/4438/4438 4439/4439/4439 4440/4440/4440
f 4439/4439/4439 4441/4441/4441 4440/4440/4440
f 4442/4442/4442 4443/4443/4443 4444/4444/4444
f 4443/4443/4443 4445/4445/4445 4444/4444/4444
f 4446/4446/4446 4447/4447/4447 4448/4448/4448
f 4447/4447/4447 4449/4449/4449 4448/4448/4448
f 4450/4450/4450 4451/4451/4451 4452/4452/4452
f 4451/4451/4451 4453/4453/4453 4452/4452/4452
f 4454/4454/4454 4455/4455/4455 4456/4456/4456
f 4455/4455/4455 4457/4457/4457 4456/4456/4456
f 4458/4458/4458 4459/4459/4459 4460/4460/4460
f 4459/4459/4459 4461/4461/4461 4460/4460/4460
f 4462/4462/4462 4463/4463/4463 4464/4464/4464
f 4463/4463/4463 4465/4465/4465 4464/4464/4464
f 4466/4466/4466 4467/4467/4467 4468/4468/4468
f 4467/4467/4467 4469/4469/4469 4468/4468/4468
f 4470/4470/4470 4471/4471/4471 4472/4472/4472
f 4471/4471/4471 4473/4473/4473 4472/4472/4472
f 4474/4474/4474 4475/4475/4475 4476/4476/4476
f 4475/4475/4475 4477/4477/4477 4476/4476/4476
f 4478/4478/4478 4479/4479/4479 4480/4480/4480
f 4479/4479/4479 4481/4481/4481 4480/4480/4480
f 4482/4482/4482 4483/4483/4483 4484/4484/4484
f 4483/4483/4483 4485/4485/4485 4484/4484/4484
f 4486/4486/4486 4487/4487/4487 4488/4488/4488
f 4487/4487/4487 4489/4489/4489 4488/4488/4488
f 4490/4490/4490 4491/4491/4491 4492/4492/4492
f 4491/4491/4491 4493/4493/4493 4492/4492/4492
f 4494/4494/4494 4495/4495/4495 4496/4496/4496
f 4495/4495/4495 4497/4497/4497 4496/4496/4496
f 4498/4498/4498 4499/4499/4499 4500/4500/4500
f 4499/4499/4499 4501/4501/4501 4500/4500/4500
f 4502/4502/4502 4503/4503/4503 4504/4504/4504
f 4503/4503/4503 4505/4505/4505 4504/4504/4504
f 4506/4506/4506 4507/4507/4507 4508/4508/4508
f 4507/4507/4507 4509/4509/4509 4508/4508/4508
f 4510/4510/4510 4511/4511/4511 4512/4512/4512
f 4511/4511/4511 4513/4513/4513 4512/4512/4512
f 4514/4514/4514 4515/4515/4515 4516/4516/4516
f 4515/4515/4515 4517/4517/4517 4516/4516/4516
f 4518/4518/4518 4519/4519/4519 4520/4520/4520
f 4519/4519/4519 4521/4521/4521 4520/4520/4520
f 4522/4522/4522 4523/4523/4523 4524/4524/4524
f 4523/4523/4523 4525/4525/4525 4524/4524/4524
f 4526/4526/4526 4527/4527/4527 4528/4528/4528
f 4527/4527/4527 4529/4529/4529 4528/4528/4528
f 4530/4530/4530 4531/4531/4531 4532/4532/4532
f 4531/4531/4531 4533/4533/4533 4532/4532/4532
f 4534/4534/4534 4535/4535/4535 4536/4536/4536
f 4535/4535/4535 4537/4537/4537 4536/4536/4536
f 4538/4538/4538 4539/4539/4539 4540/4540/4540
f 4539/4539/4539 4541/4541/4541 4540/4540/4540
f 4542/4542/4542 4543/4543/4543 4544/4544/4544
f 4543/4543/4543 4545/4545/4545 4544/4544/4544
f 4546/4546/4546 4547/4547/4547 4548/4548/4548
f 4547/4547/4547 4549/4549/4549 4548/4548/4548
f 4550/4550/4550 4551/4551/4551 4552/4552/4552
f 4551/4551/4551 4553/4553/4553 4552/4552/4552
f 4554/4554/4554 4555/4555/4555 4556/4556/4556
f 4555/4555/4555 4557/4557/4557 4556/4556/4556
f 4558/4558/4558 4559/4559/4559 4560/4560/4560
f 4559/4559/4559 4561/4561/4561 4560/4560/4560
f 4562/4562/4562 4563/4563/4563 4564/4564/4564
f 4563/4563/4563 4565/4565/4565 4564/4564/4564
f 4566/4566/4566 4567/4567/4567 4568/4568/4568
f 4567/4567/4567 4569/4569/4569 4568/4568/4568
f 4570/4570/4570 4571/4571/4571 4572/4572/4572
f 4571/4571/4571 4573/4573/4573 4572/4572/4572
f 4574/4574/4574 4575/4575/4575 4576/4576/4576
f 4575/4575/4575 4577/4577/4577 4576/4576/4576
f 4578/4578/4578 4579/4579/4579 4580/4580/4580
f 4579/4579/4579 4581/4581/4581 4580/4580/4580
f 4582/4582/4582 4583/4583/4583 4584/4584/4584
f 4583/4583/4583 4585/4585/4585 4584/4584/4584
f 4586/4586/4586 4587/4587/4587 4588/4588/4588
f 4587/4587/4587 4589/4589/4589 4588/4588/4588
f 4590/4590/4590 4591/4591/4591 4592/4592/4592
f 4591/4591/4591 4593/4593/4593 4592/4592/4592
f 4594/4594/4594 4595/4595/4595 4596/4596/4596
f 4595/4595/4595 4597/4597/4597 4596/4596/4596
f 4598/4598/4598 4599/4599/4599 4600/4600/4600
f 4599/4599/4599 4601/4601/4601 4600/4600/4600
f 4602/4602/4602 4603/4603/4603 4604/4604/4604
f 4603/4603/4603 4605/4605/4605 4604/4604/4604
f 4606/4606/4606 4607/4607/4607 4608/4608/4608
f 4607/4607/4607 4609/4609/4609 4608/4608/4608
f 4610/4610/4610 4611/4611/4611 4612/4612/4612
f 4611/4611/4611 4613/4613/4613 4612/4612/4612
f 4614/4614/4614 4615/4615/4615 4616/4616/4616
f 4615/4615/4615 4617/4617/4617 4616/4616/4616
f 4618/4618/4618 4619/4619/4619 4620/4620/4620
f 4619/4619/4619 4621/4621/4621 4620/4620/4620
f 4622/4622/4622 4623/4623/4623 4624/4624/4624
f 4623/4623/4623 4625/4625/4625 4624/4624/4624
f 4626/4626/4626 4627/4627/4627 4628/4628/4628
f 4627/4627/4627 4629/4629/4629 4628/4628/4628
f 4630/4630/4630 4631/4631/4631 4632/4632/4632
f 4631/4631/4631 4633/4633/4633 4632/4632/4632
f 4634/4634/4634 4635/4635/4635 4636/4636/4636
f 4635/4635/4635 4637/4637/4637 4636/4636/4636
f 4638/4638/4638 4639/4639/4639 4640/4640/4640
f 4639/4639/4639 4641/4641/4641 4640/4640/4640
f 4642/4642/4642 4643/4643/4643 4644/4644/4644
f 4643/4643/4643 4645/4645/4645 4644/4644/4644
f 4646/4646/4646 4647/4647/4647 4648/4648/4648
f 4647/4647/4647 4649/4649/4649 4648/4648/4648
f 4650/4650/4650 4651/4651/4651 4652/4652/4652
f 4651/4651/4651 4653/4653/4653 4652/4652/4652
f 4654/4654/4654 4655/4655/4655 4656/4656/4656
f 4655/4655/4655 4657/4657/4657 4656/4656/4656
f 4658/4658/4658 4659/4659/4659 4660/4660/4660
f 4659/4659/4659 4661/4661/4661 4660/4660/4660
f 4662/4662/4662 4663/4663/4663 4664/4664/4664
f 4663/4663/4663 4665/4665/4665 4664/4664/4664
f 4666/4666/4666 4667/4667/4667 4668/4668/4668
f 4667/4667/4667 4669/4669/4669 4668/4668/4668
f 4670/4670/4670 4671/4671/4671 4672/4672/4672
f 4671/4671/4671 4673/4673/4673 4672/4672/4672
f 4674/4674/4674 4675/4675/4675 4676/4676/4676
f 4675/4675/4675 4677/4677/4677 4676/4676/4676
f 4678/4678/4678 4679/4679/4679 4680/4680/4680
f 4679/4679/4679 4681/4681/4681 4680/4680/4680
f 4682/4682/4682 4683/4683/4683 4684/4684/4684
f 4683/4683/4683 4685/4685/4685 4684/4684/4684
f 4686/4686/4686 4687/4687/4687 4688/4688/4688
f 4687/4687/4687 4689/4689/4689 4688/4688/4688
f 4690/4690/4690 4691/4691/4691 4692/4692/4692
f 4691/4691/4691 4693/4693/4693 4692/4692/4692
f 4694/4694/4694 4695/4695/4695 4696/4696/4696
f 4695/4695/4695 4697/4697/4697 4696/4696/4696
f 4698/4698/4698 4699/4699/4699 4700/4700/4700
f 4699/4699/4699 4701/4701/4701 4700/4700/4700
f 4702/4702/4702 4703/4703/4703 4704/4704/4704
f 4703/4703/4703 4705/4705/4705 4704/4704/4704
f 4706/4706/4706 4707/4707/4707 4708/4708/4708
f 4707/4707/4707 4709/4709/4709 4708/4708/4708
f 4710/4710/4710 4711/4711/4711 4712/4712/4712
f 4711/4711/4711 4713/4713/4713 4712/4712/4712
f 4714/4714/4714 4715/4715/4715 4716/4716/4716
f 4715/4715/4715 4717/4717/4717 4716/4716/4716
f 4718/4718/4718 4719/4719/4719 4720/4720/4720
f 4719/4719/4719 4721/4721/4721 4720/4720/4720
f 4722/4722/4722 4723/4723/4723 4724/4724/4724
f 4723/4723/4723 4725/4725/4725 4724/4724/4724
f 4726/4726/4726 4727/4727/4727 4728/4728/4728
f 4727/4727/4727 4729/4729/4729 4728/4728/4728
f 4730/4730/4730 4731/4731/4731 4732/4732/4732
f 4731/4731/4731 4733/4733/4733 4732/4732/4732
f 4734/4734/4734 4735/4735/4735 4736/4736/4736
f 4735/4735/4735 4737/4737/4737 4736/4736/4736
f 4738/4738/4738 4739/4739/4739 4740/4740/4740
f 4739/4739/4739 4741/4741/4741 4740/4740/4740
f 4742/4742/4742 4743/4743/4743 4744/4744/4744
f 4743/4743/4743 4745/4745/4745 4744/4744/4744
f 4746/4746/4746 4747/4747/4747 4748/4748/4748
f 4747/4747/4747 4749/4749/4749 4748/4748/4748
f 4750/4750/4750 4751/4751/4751 4752/4752/4752
f 4751/4751/4751 4753/4753/4753 4752/4752/4752
f 4754/4754/4754 4755/4755/4755 4756/4756/4756
f 4755/4755/4755 4757/4757/4757 4756/4756/4756
f 4758/4758/4758 4759/4759/4759 4760/4760/4760
f 4759/4759/4759 4761/4761/4761 4760/4760/4760
f 4762/4762/4762 4763/4763/4763 4764/4764/4764
f 4763/4763/4763 4765/4765/4765 4764/4764/4764
f 4766/4766/4766 4767/4767/4767 4768/4768/4768
f 4767/4767/4767 4769/4769/4769 4768/4768/4768
f 4770/4770/4770 4771/4771/4771 4772/4772/4772
f 4771/4771/4771 4773/4773/4773 4772/4772/4772
f 4774/4774/4774 4775/4775/4775 4776/4776/4776
f 4775/4775/4775 4777/4777/4777 4776/4776/4776
f 4778/4778/4778 4779/4779/4779 4780/4780/4780
f 4779/4779/4779 4781/4781/4781 4780/4780/4780
f 4782/4782/4782 4783/4783/4783 4784/4784/4784
f 4783/4783/4783 4785/4785/4785 4784/4784/4784
f 4786/4786/4786 4784/4784/4784 4787/4787/4787
f 4784/4784/4784 4785/4785/4785 4787/4787/4787
f 4788/4788/4788 4789/4789/4789 4790/4790/4790
f 4789/4789/4789 4791/4791/4791 4790/4790/4790
f 4792/4792/4792 4793/4793/4793 4794/4794/4794
f 4793/4793/4793 4795/4795/4795 4794/4794/4794
f 4796/4796/4796 4797/4797/4797 4798/4798/4798
f 4797/4797/4797 4799/4799/4799 4798/4798/4798
f 4800/4800/4800 4801/4801/4801 4802/4802/4802
f 4801/4801/4801 4803/4803/4803 4802/4802/4802
f 4802/4802/4802 4803/4803/4803 4804/4804/4804
f 4803/4803/4803 4805/4805/4805 4804/4804/4804
f 4806/4806/4806 4807/4807/4807 4808/4808/4808
f 4807/4807/4807 4809/4809/4809 4808/4808/4808
f 4810/4810/4810 4811/4811/4811 4812/4812/4812
f 4811/4811/4811 4813/4813/4813 4812/4812/4812
f 4814/4814/4814 4812/4812/4812 4815/4815/4815
f 4812/4812/4812 4813/4813/4813 4815/4815/4815
f 4816/4816/4816 4817/4817/4817 4818/4818/4818
f 4817/4817/4817 4819/4819/4819 4818/4818/4818
f 4820/4820/4820 4821/4821/4821 4822/4822/4822
f 4821/4821/4821 4823/4823/4823 4822/4822/4822
f 4824/4824/4824 4822/4822/4822 4825/4825/4825
f 4822/4822/4822 4823/4823/4823 4825/4825/4825
f 4826/4826/4826 4827/4827/4827 4828/4828/4828
f 4827/4827/4827 4829/4829/4829 4828/4828/4828
f 4828/4828/4828 4829/4829/4829 4830/4830/4830
f 4829/4829/4829 4831/4831/4831 4830/4830/4830
f 4832/4832/4832 4833/4833/4833 4834/4834/4834
f 4833/4833/4833 4835/4835/4835 4834/4834/4834
f 4836/4836/4836 4837/4837/4837 4838/4838/4838
f 4837/4837/4837 4839/4839/4839 4838/4838/4838
f 4840/4840/4840 4841/4841/4841 4842/4842/4842
f 4843/4843/4843 4842/4842/4842 4844/4844/4844
f 4844/4844/4844 4842/4842/4842 4845/4845/4845
f 4842/4842/4842 4841/4841/4841 4845/4845/4845
f 4846/4846/4846 4847/4847/4847 4848/4848/4848
f 4847/4847/4847 4849/4849/4849 4848/4848/4848
f 4850/4850/4850 4851/4851/4851 4852/4852/4852
f 4851/4851/4851 4853/4853/4853 4852/4852/4852
f 4854/4854/4854 4855/4855/4855 4856/4856/4856
f 4855/4855/4855 4857/4857/4857 4856/4856/4856
f 4858/4858/4858 4859/4859/4859 4860/4860/4860
f 4859/4859/4859 4861/4861/4861 4860/4860/4860
f 4862/4862/4862 4863/4863/4863 4864/4864/4864
f 4863/4863/4863 4865/4865/4865 4864/4864/4864
f 4866/4866/4866 4867/4867/4867 4868/4868/4868
f 4867/4867/4867 4869/4869/4869 4868/4868/4868
f 4870/4870/4870 4871/4871/4871 4872/4872/4872
f 4871/4871/4871 4873/4873/4873 4872/4872/4872
f 4874/4874/4874 4875/4875/4875 4876/4876/4876
f 4875/4875/4875 4877/4877/4877 4876/4876/4876
f 4878/4878/4878 4879/4879/4879 4880/4880/4880
f 4879/4879/4879 4881/4881/4881 4880/4880/4880
f 4882/4882/4882 4883/4883/4883 4884/4884/4884
f 4884/4884/4884 4883/4883/4883 4885/4885/4885
f 4886/4886/4886 4885/4885/4885 4887/4887/4887
f 4885/4885/4885 4883/4883/4883 4887/4887/4887
f 4888/4888/4888 4889/4889/4889 4890/4890/4890
f 4889/4889/4889 4891/4891/4891 4890/4890/4890
f 4892/4892/4892 4893/4893/4893 4894/4894/4894
f 4893/4893/4893 4895/4895/4895 4894/4894/4894
f 4896/4896/4896 4897/4897/4897 4898/4898/4898
f 4897/4897/4897 4899/4899/4899 4898/4898/4898
f 4900/4900/4900 4901/4901/4901 4902/4902/4902
f 4901/4901/4901 4903/4903/4903 4902/4902/4902
f 4904/4904/4904 4905/4905/4905 4906/4906/4906
f 4905/4905/4905 4907/4907/4907 4906/4906/4906
f 4908/4908/4908 4909/4909/4909 4910/4910/4910
f 4909/4909/4909 4911/4911/4911 4910/4910/4910
f 4912/4912/4912 4913/4913/4913 4914/4914/4914
f 4913/4913/4913 4915/4915/4915 4914/4914/4914
f 4916/4916/4916 4917/4917/4917 4918/4918/4918
f 4917/4917/4917 4919/4919/4919 4918/4918/4918
f 4920/4920/4920 4921/4921/4921 4922/4922/4922
f 4923/4923/4923 4924/4924/4924 4925/4925/4925
f 4924/4924/4924 4922/4922/4922 4925/4925/4925
f 4922/4922/4922 4921/4921/4921 4925/4925/4925
f 4926/4926/4926 4927/4927/4927 4928/4928/4928
f 4927/4927/4927 4929/4929/4929 4928/4928/4928
f 4930/4930/4930 4931/4931/4931 4932/4932/4932
f 4931/4931/4931 4933/4933/4933 4932/4932/4932
f 4934/4934/4934 4935/4935/4935 4936/4936/4936
f 4935/4935/4935 4937/4937/4937 4936/4936/4936
f 4938/4938/4938 4939/4939/4939 4940/4940/4940
f 4939/4939/4939 4941/4941/4941 4940/4940/4940
f 4940/4940/4940 4941/4941/4941 4942/4942/4942
f 4941/4941/4941 4943/4943/4943 4942/4942/4942
f 4944/4944/4944 4945/4945/4945 4946/4946/4946
f 4945/4945/4945 4947/4947/4947 4946/4946/4946
f 4946/4946/4946 4947/4947/4947 4948/4948/4948
f 4947/4947/4947 4949/4949/4949 4948/4948/4948
f 4950/4950/4950 4951/4951/4951 4952/4952/4952
f 4951/4951/4951 4953/4953/4953 4952/4952/4952
f 4954/4954/4954 4955/4955/4955 4956/4956/4956
f 4955/4955/4955 4957/4957/4957 4956/4956/4956
f 4958/4958/4958 4959/4959/4959 4960/4960/4960
f 4959/4959/4959 4961/4961/4961 4960/4960/4960
f 4962/4962/4962 4963/4963/4963 4964/4964/4964
f 4963/4963/4963 4965/4965/4965 4964/4964/4964
f 4966/4966/4966 4967/4967/4967 4968/4968/4968
f 4967/4967/4967 4969/4969/4969 4968/4968/4968
f 4970/4970/4970 4971/4971/4971 4972/4972/4972
f 4971/4971/4971 4973/4973/4973 4972/4972/4972
f 4974/4974/4974 4975/4975/4975 4976/4976/4976
f 4976/4976/4976 4975/4975/4975 4977/4977/4977
f 4978/4978/4978 4977/4977/4977 4979/4979/4979
f 4979/4979/4979 4977/4977/4977 4980/4980/4980
f 4977/4977/4977 4975/4975/4975 4980/4980/4980
f 4981/4981/4981 4980/4980/4980 4982/4982/4982
f 4983/4983/4983 4982/4982/4982 4984/4984/4984
f 4982/4982/4982 4980/4980/4980 4984/4984/4984
f 4980/4980/4980 4975/4975/4975 4984/4984/4984
f 4985/4985/4985 4986/4986/4986 4987/4987/4987
f 4987/4987/4987 4986/4986/4986 4988/4988/4988
f 4986/4986/4986 4984/4984/4984 4988/4988/4988
f 4984/4984/4984 4975/4975/4975 4988/4988/4988
f 4989/4989/4989 4988/4988/4988 4990/4990/4990
f 4990/4990/4990 4988/4988/4988 4991/4991/4991
f 4988/4988/4988 4975/4975/4975 4991/4991/4991
f 4992/4992/4992 4993/4993/4993 4994/4994/4994
f 4994/4994/4994 4993/4993/4993 4995/4995/4995
f 4996/4996/4996 4995/4995/4995 4997/4997/4997
f 4998/4998/4998 4997/4997/4997 4999/4999/4999
f 5000/5000/5000 4999/4999/4999 5001/5001/5001
f 4999/4999/4999 4997/4997/4997 5001/5001/5001
f 4997/4997/4997 4995/4995/4995 5001/5001/5001
f 5002/5002/5002 5003/5003/5003 5004/5004/5004
f 5004/5004/5004 5003/5003/5003 5005/5005/5005
f 5003/5003/5003 5001/5001/5001 5005/5005/5005
f 5001/5001/5001 4995/4995/4995 5005/5005/5005
f 4995/4995/4995 4993/4993/4993 5005/5005/5005
f 5006/5006/5006 5007/5007/5007 5008/5008/5008
f 5007/5007/5007 5009/5009/5009 5008/5008/5008
f 5010/5010/5010 5011/5011/5011 5012/5012/5012
f 5011/5011/5011 5013/5013/5013 5012/5012/5012
f 5014/5014/5014 5015/5015/5015 5016/5016/5016
f 5015/5015/5015 5017/5017/5017 5016/5016/5016
f 5018/5018/5018 5019/5019/5019 5020/5020/5020
f 5019/5019/5019 5021/5021/5021 5020/5020/5020
f 5022/5022/5022 5023/5023/5023 5024/5024/5024
f 5023/5023/5023 5025/5025/5025 5024/5024/5024
f 5026/5026/5026 5027/5027/5027 5028/5028/5028
f 5027/5027/5027 5029/5029/5029 5028/5028/5028
f 5030/5030/5030 5031/5031/5031 5032/5032/5032
f 5032/5032/5032 5031/5031/5031 5033/5033/5033
f 5031/5031/5031 5034/5034/5034 5033/5033/5033
f 5034/5034/5034 5035/5035/5035 5033/5033/5033
f 5036/5036/5036 5037/5037/5037 5038/5038/5038
f 5037/5037/5037 5039/5039/5039 5038/5038/5038
f 5038/5038/5038 5039/5039/5039 5040/5040/5040
f 5039/5039/5039 5041/5041/5041 5040/5040/5040
f 5042/5042/5042 5043/5043/5043 5044/5044/5044
f 5043/5043/5043 5045/5045/5045 5044/5044/5044
f 5046/5046/5046 5047/5047/5047 5048/5048/5048
f 5047/5047/5047 5049/5049/5049 5048/5048/5048
f 5048/5048/5048 5049/5049/5049 5050/5050/5050
f 5051/5051/5051 5052/5052/5052 5053/5053/5053
f 5052/5052/5052 5054/5054/5054 5053/5053/5053
f 5053/5053/5053 5054/5054/5054 5055/5055/5055
f 5054/5054/5054 5050/5050/5050 5055/5055/5055
f 5050/5050/5050 5049/5049/5049 5055/5055/5055
f 5056/5056/5056 5057/5057/5057 5058/5058/5058
f 5057/5057/5057 5059/5059/5059 5058/5058/5058
f 5060/5060/5060 5061/5061/5061 5062/5062/5062
f 5061/5061/5061 5063/5063/5063 5062/5062/5062
f 5062/5062/5062 5063/5063/5063 5064/5064/5064
f 5063/5063/5063 5065/5065/5065 5064/5064/5064
f 5066/5066/5066 5067/5067/5067 5068/5068/5068
f 5067/5067/5067 5069/5069/5069 5068/5068/5068
f 5070/5070/5070 5071/5071/5071 5072/5072/5072
f 5071/5071/5071 5073/5073/5073 5072/5072/5072
f 5074/5074/5074 5075/5075/5075 5076/5076/5076
f 5075/5075/5075 5077/5077/5077 5076/5076/5076
v 0.0683449 0.0194094 -0.3553593
v 0.0683449 0.0187440 -0.3538066
v 0.0098951 0.0194094 -0.3553593
v 0.0098951 0.0187440 -0.3538066
v 0.0683449 0.9272667 -0.3538066
v 0.0683449 0.9266013 -0.3553593
v 0.0098951 0.9272667 -0.3538066
v 0.0098951 0.9266013 -0.3553593
v 0.0683449 0.9266013 -0.3553593
v 0.0683449 0.9250485 -0.3560248
v 0.0098951 0.9266013 -0.3553593
v 0.0098951 0.9250485 -0.3560248
v 0.0684003 0.9272667 0.2995113
v 0.0683449 0.9272667 -0.3538066
v 0.0671803 0.9272667 0.3071642
v 0.0638530 0.9272667 0.3130424
v 0.0592502 0.9272667 0.3177561
v 0.0539265 0.9272667 0.3210279
v 0.0482146 0.9272667 0.3229689
v 0.0421700 0.9272667 0.3236898
v 0.0360699 0.9272667 0.3236898
v 0.0300253 0.9272667 0.3229689
v 0.0243134 0.9272667 0.3210279
v 0.0189897 0.9272667 0.3177561
v 0.0143869 0.9272667 0.3130424
v 0.0110596 0.9272667 0.3071642
v 0.0098396 0.9272667 0.2995113
v 0.0098951 0.9272667 -0.3538066
v 0.0098951 0.9250485 -0.3560248
v 0.0683449 0.9250485 -0.3560248
v 0.0098951 0.0209622 -0.3560248
v 0.0098951 0.0194094 -0.3553593
v 0.0683449 0.0194094 -0.3553593
v 0.0683449 0.0209622 -0.3560248
v 0.0110596 0.0187440 0.3071642
v 0.0098396 0.0187440 0.2995113
v 0.0143869 0.0187440 0.3130424
v 0.0189897 0.0187440 0.3177561
v 0.0243134 0.0187440 0.3210279
v 0.0300253 0.0187440 0.3229689
v 0.0360699 0.0187440 0.3236898
v 0.0421700 0.0187440 0.3236898
v 0.0482146 0.0187440 0.3229689
v 0.0539265 0.0187440 0.3210279
v 0.0592502 0.0187440 0.3177561
v 0.0638530 0.0187440 0.3130424
v 0.0671803 0.0187440 0.3071642
v 0.0684003 0.0187440 0.2995113
v 0.0683449 0.0187440 -0.3538066
v 0.0098951 0.0187440 -0.3538066
vt 0.7752998 0.7549985
vt 0.7752998 0.7525618
vt 0.7393181 0.7549985
vt 0.7393181 0.7525618
vt 0.7031741 0.7525618
vt 0.7031741 0.7549985
vt 0.7391557 0.7525618
vt 0.7391557 0.7549985
vt 0.7030928 0.9989101
vt 0.7030928 0.9964734
vt 0.6670300 0.9989101
vt 0.6670300 0.9964734
vt 0.7030928 0.0278934
vt 0.7031741 0.7525618
vt 0.7039051 0.0193651
vt 0.7059356 0.0127860
vt 0.7087784 0.0076690
vt 0.7120273 0.0040139
vt 0.7156011 0.0018210
vt 0.7192561 0.0010899
vt 0.7230736 0.0010899
vt 0.7267286 0.0018210
vt 0.7303024 0.0040139
vt 0.7335513 0.0076690
vt 0.7363941 0.0127860
vt 0.7384247 0.0193651
vt 0.7392369 0.0278934
vt 0.7391557 0.7525618
vt 0.6670300 0.9964734
vt 0.7030928 0.9964734
vt 0.6670300 0.0035266
vt 0.6670300 0.0010899
vt 0.7030928 0.0010899
vt 0.7030928 0.0035266
vt 0.7400491 0.0193651
vt 0.7392369 0.0278934
vt 0.7420797 0.0127860
vt 0.7449225 0.0076690
vt 0.7481714 0.0040139
vt 0.7517452 0.0018210
vt 0.7554002 0.0010899
vt 0.7592177 0.0010899
vt 0.7628727 0.0018210
vt 0.7664465 0.0040139
vt 0.7696954 0.0076690
vt 0.7725382 0.0127860
vt 0.7745688 0.0193651
vt 0.7753810 0.0278934
vt 0.7752998 0.7525618
vt 0.7393181 0.7525618
vn 0.0000000 -0.7057216 -0.7084892
vn 0.0000000 -0.9999981 -0.0019608
vn 0.0000000 -0.7057216 -0.7084892
vn 0.0000000 -0.9999981 -0.0019608
vn 0.0000000 0.9999981 -0.0019608
vn 0.0000000 0.7084892 -0.7057216
vn 0.0000000 0.9999981 -0.0019608
vn 0.0000000 0.7084892 -0.7057216
vn 0.0000000 0.7084892 -0.7057216
vn 0.0000000 0.0000000 -1.0000000
vn 0.0000000 0.7084892 -0.7057216
vn 0.0000000 0.0000000 -1.0000000
vn 0.0000000 1.0000000 0.0000000
vn 0.0000000 0.9999981 -0.0019608
vn 0.0000000 1.0000000 0.0000000
vn 0.0000000 1.0000000 0.0000000
vn 0.0000000 1.0000000 0.0000000
vn 0.0000000 1.0000000 0.0000000
vn 0.0000000 1.0000000 0.0000000
vn 0.0000000 1.0000000 0.0000000
vn 0.0000000 1.0000000 0.0000000
vn 0.0000000 1.0000000 0.0000000
vn 0.0000000 1.0000000 0.0000000
vn 0.0000000 1.0000000 0.0000000
vn 0.0000000 1.0000000 0.0000000
vn 0.0000000 1.0000000 0.0000000
vn 0.0000000 1.0000000 0.0000000
vn 0.0000000 0.9999981 -0.0019608
vn 0.0000000 0.0000000 -1.0000000
vn 0.0000000 0.0000000 -1.0000000
vn 0.0000000 0.0000000 -1.0000000
vn 0.0000000 -0.7057216 -0.7084892
vn 0.0000000 -0.7057216 -0.7084892
vn 0.0000000 0.0000000 -1.0000000
vn 0.0000000 -1.0000000 0.0000000
vn 0.0000000 -1.0000000 0.0000000
vn 0.0000000 -1.0000000 0.0000000
vn 0.0000000 -1.0000000 0.0000000
vn 0.0000000 -1.0000000 0.0000000
vn 0.0000000 -1.0000000 0.0000000
vn 0.0000000 -1.0000000 0.0000000
vn 0.0000000 -1.0000000 0.0000000
vn 0.0000000 -1.0000000 0.0000000
vn 0.0000000 -1.0000000 0.0000000
vn 0.0000000 -1.0000000 0.0000000
vn 0.0000000 -1.0000000 0.0000000
vn 0.0000000 -1.0000000 0.0000000
vn 0.0000000 -1.0000000 0.0000000
vn 0.0000000 -1.0000000 0.0000000
vn 0.0000000 -1.0000000 0.0000000
f 5078/5078/5078 5079/5079/5079 5080/5080/5080
f 5079/5079/5079 5081/5081/5081 5080/5080/5080
f 5082/5082/5082 5083/5083/5083 5084/5084/5084
f 5083/5083/5083 5085/5085/5085 5084/5084/5084
f 5086/5086/5086 5087/5087/5087 5088/5088/5088
f 5087/5087/5087 5089/5089/5089 5088/5088/5088
f 5090/5090/5090 5091/5091/5091 5092/5092/5092
f 5093/5093/5093 5092/5092/5092 5094/5094/5094
f 5092/5092/5092 5091/5091/5091 5094/5094/5094
f 5095/5095/5095 5094/5094/5094 5096/5096/5096
f 5097/5097/5097 5096/5096/5096 5098/5098/5098
f 5096/5096/5096 5094/5094/5094 5098/5098/5098
f 5094/5094/5094 5091/5091/5091 5098/5098/5098
f 5099/5099/5099 5098/5098/5098 5100/5100/5100
f 5101/5101/5101 5100/5100/5100 5102/5102/5102
f 5100/5100/5100 5098/5098/5098 5102/5102/5102
f 5098/5098/5098 5091/5091/5091 5102/5102/5102
f 5103/5103/5103 5102/5102/5102 5104/5104/5104
f 5102/5102/5102 5091/5091/5091 5104/5104/5104
f 5091/5091/5091 5105/5105/5105 5104/5104/5104
f 5106/5106/5106 5107/5107/5107 5108/5108/5108
f 5109/5109/5109 5108/5108/5108 5110/5110/5110
f 5110/5110/5110 5108/5108/5108 5111/5111/5111
f 5108/5108/5108 5107/5107/5107 5111/5111/5111
f 5112/5112/5112 5113/5113/5113 5114/5114/5114
f 5115/5115/5115 5114/5114/5114 5116/5116/5116
f 5114/5114/5114 5113/5113/5113 5116/5116/5116
f 5117/5117/5117 5116/5116/5116 5118/5118/5118
f 5119/5119/5119 5118/5118/5118 5120/5120/5120
f 5118/5118/5118 5116/5116/5116 5120/5120/5120
f 5116/5116/5116 5113/5113/5113 5120/5120/5120
f 5121/5121/5121 5120/5120/5120 5122/5122/5122
f 5123/5123/5123 5122/5122/5122 5124/5124/5124
f 5122/5122/5122 5120/5120/5120 5124/5124/5124
f 5120/5120/5120 5113/5113/5113 5124/5124/5124
f 5125/5125/5125 5124/5124/5124 5126/5126/5126
f 5124/5124/5124 5113/5113/5113 5126/5126/5126
f 5113/5113/5113 5127/5127/5127 5126/5126/5126
v 0.1440757 0.0022465 0.3405792
v 0.1435633 0.0006524 0.3404084
v 0.1440757 0.0022465 -0.3156875
v 0.1435063 0.0006524 -0.3158583
v 0.1440757 0.9317916 -0.3156875
v 0.1435063 0.9333857 -0.3158583
v 0.1440757 0.9317916 0.3405792
v 0.1435633 0.9333857 0.3404084
v 0.0766101 0.0022465 -0.3156875
v 0.0771794 0.0006524 -0.3158583
v 0.0766101 0.0022465 0.3405792
v 0.0771794 0.0006524 0.3404084
v 0.0766101 0.9317916 0.3405792
v 0.0771794 0.9333857 0.3404084
v 0.0766101 0.9317916 -0.3156875
v 0.0771794 0.9333857 -0.3158583
v 0.1435063 0.9299128 -0.3218362
v 0.1440757 0.9291157 -0.3204698
v 0.1435063 0.9264399 -0.3228041
v 0.1440757 0.9262691 -0.3212100
v 0.1435063 0.9333857 -0.3158583
v 0.1440757 0.9317916 -0.3156875
v 0.1435063 0.9324179 -0.3193881
v 0.1440757 0.9310514 -0.3185341
v 0.0771794 0.0041253 -0.3218362
v 0.0766101 0.0049224 -0.3204698
v 0.0772363 0.0075982 -0.3228041
v 0.0766101 0.0077690 -0.3212100
v 0.0771794 0.0006524 -0.3158583
v 0.0766101 0.0022465 -0.3156875
v 0.0771794 0.0016203 -0.3193881
v 0.0766101 0.0029867 -0.3185341
v 0.0772363 0.9264399 -0.3228041
v 0.0766101 0.9262691 -0.3212100
v 0.0771794 0.9299128 -0.3218362
v 0.0766101 0.9291157 -0.3204698
v 0.0771794 0.9299128 -0.3218362
v 0.0766101 0.9291157 -0.3204698
v 0.0771794 0.9324179 -0.3193881
v 0.0766101 0.9310514 -0.3185341
v 0.0771794 0.9324179 -0.3193881
v 0.0766101 0.9310514 -0.3185341
v 0.0771794 0.9333857 -0.3158583
v 0.0766101 0.9317916 -0.3156875
v 0.1435063 0.0016203 -0.3193881
v 0.1440757 0.0029867 -0.3185341
v 0.1435063 0.0006524 -0.3158583
v 0.1440757 0.0022465 -0.3156875
v 0.1200500 0.0006524 0.3696720
v 0.1200500 0.0022465 0.3704690
v 0.1135596 0.0006524 0.3704690
v 0.1135596 0.0022465 0.3712661
v 0.1135596 0.9333857 0.3704690
v 0.1135596 0.9317916 0.3712661
v 0.1200500 0.9333857 0.3696720
v 0.1200500 0.9317916 0.3704690
v 0.1263695 0.0006524 0.3675085
v 0.1263695 0.0022465 0.3683056
v 0.1200500 0.0006524 0.3696720
v 0.1200500 0.0022465 0.3704690
v 0.1200500 0.9333857 0.3696720
v 0.1200500 0.9317916 0.3704690
v 0.1263695 0.9333857 0.3675085
v 0.1263695 0.9317916 0.3683056
v 0.1324044 0.0006524 0.3636940
v 0.1324613 0.0022465 0.3645480
v 0.1263695 0.0006524 0.3675085
v 0.1263695 0.0022465 0.3683056
v 0.1263695 0.9333857 0.3675085
v 0.1263695 0.9317916 0.3683056
v 0.1324044 0.9333857 0.3636940
v 0.1324613 0.9317916 0.3645480
v 0.1377561 0.0006524 0.3580576
v 0.1379269 0.0022465 0.3589117
v 0.1324044 0.0006524 0.3636940
v 0.1324613 0.0022465 0.3645480
v 0.1419122 0.0006524 0.3502578
v 0.1423108 0.0022465 0.3508841
v 0.1377561 0.0006524 0.3580576
v 0.1379269 0.0022465 0.3589117
v 0.1377561 0.9333857 0.3580576
v 0.1379269 0.9317916 0.3589117
v 0.1419122 0.9333857 0.3502578
v 0.1423108 0.9317916 0.3508841
v 0.1435633 0.0006524 0.3404084
v 0.1440757 0.0022465 0.3405792
v 0.1419122 0.0006524 0.3502578
v 0.1423108 0.0022465 0.3508841
v 0.1419122 0.9333857 0.3502578
v 0.1423108 0.9317916 0.3508841
v 0.1435633 0.9333857 0.3404084
v 0.1440757 0.9317916 0.3405792
v 0.0787735 0.0006524 0.3502578
v 0.0783750 0.0022465 0.3508841
v 0.0771794 0.0006524 0.3404084
v 0.0766101 0.0022465 0.3405792
v 0.0771794 0.9333857 0.3404084
v 0.0766101 0.9317916 0.3405792
v 0.0787735 0.9333857 0.3502578
v 0.0783750 0.9317916 0.3508841
v 0.0829296 0.0006524 0.3580576
v 0.0827588 0.0022465 0.3589117
v 0.0787735 0.0006524 0.3502578
v 0.0783750 0.0022465 0.3508841
v 0.0787735 0.9333857 0.3502578
v 0.0783750 0.9317916 0.3508841
v 0.0829296 0.9333857 0.3580576
v 0.0827588 0.9317916 0.3589117
v 0.0883383 0.0006524 0.3636940
v 0.0882244 0.0022465 0.3645480
v 0.0829296 0.0006524 0.3580576
v 0.0827588 0.0022465 0.3589117
v 0.0943162 0.0006524 0.3675085
v 0.0943162 0.0022465 0.3683056
v 0.0883383 0.0006524 0.3636940
v 0.0882244 0.0022465 0.3645480
v 0.0883383 0.9333857 0.3636940
v 0.0882244 0.9317916 0.3645480
v 0.0943162 0.9333857 0.3675085
v 0.0943162 0.9317916 0.3683056
v 0.1006358 0.0006524 0.3696720
v 0.1006358 0.0022465 0.3704690
v 0.0943162 0.0006524 0.3675085
v 0.0943162 0.0022465 0.3683056
v 0.0943162 0.9333857 0.3675085
v 0.0943162 0.9317916 0.3683056
v 0.1006358 0.9333857 0.3696720
v 0.1006358 0.9317916 0.3704690
v 0.1006358 0.9333857 0.3696720
v 0.1006358 0.9317916 0.3704690
v 0.1071262 0.9333857 0.3704690
v 0.1071262 0.9317916 0.3712661
v 0.0783750 0.0022465 0.3508841
v 0.0783750 0.9317916 0.3508841
v 0.0766101 0.0022465 0.3405792
v 0.0766101 0.9317916 0.3405792
v 0.1263695 0.0022465 0.3683056
v 0.1263695 0.9317916 0.3683056
v 0.1200500 0.0022465 0.3704690
v 0.1200500 0.9317916 0.3704690
v 0.1324613 0.0022465 0.3645480
v 0.1324613 0.9317916 0.3645480
v 0.1263695 0.0022465 0.3683056
v 0.1263695 0.9317916 0.3683056
v 0.0882244 0.0022465 0.3645480
v 0.0882244 0.9317916 0.3645480
v 0.0827588 0.0022465 0.3589117
v 0.0783750 0.9317916 0.3508841
v 0.0783750 0.0022465 0.3508841
v 0.0827588 0.9317916 0.3589117
v 0.0829296 0.9333857 0.3580576
v 0.0883383 0.9333857 0.3636940
v 0.1006358 0.0022465 0.3704690
v 0.1006358 0.9317916 0.3704690
v 0.0943162 0.0022465 0.3683056
v 0.0943162 0.9317916 0.3683056
v 0.0882244 0.0022465 0.3645480
v 0.0882244 0.9317916 0.3645480
v 0.1440757 0.0022465 0.3405792
v 0.1440757 0.9317916 0.3405792
v 0.1423108 0.0022465 0.3508841
v 0.1423108 0.9317916 0.3508841
v 0.1423108 0.0022465 0.3508841
v 0.1423108 0.9317916 0.3508841
v 0.1379269 0.0022465 0.3589117
v 0.1324044 0.9333857 0.3636940
v 0.1324613 0.9317916 0.3645480
v 0.1377561 0.9333857 0.3580576
v 0.1379269 0.9317916 0.3589117
v 0.1324613 0.0022465 0.3645480
v 0.1435063 0.9324179 -0.3193881
v 0.1440757 0.9310514 -0.3185341
v 0.1435063 0.9299128 -0.3218362
v 0.1440757 0.9291157 -0.3204698
v 0.1440757 0.9317916 -0.3156875
v 0.1435063 0.9264399 -0.3228041
v 0.1440757 0.9262691 -0.3212100
v 0.1435063 0.0075982 -0.3228041
v 0.1440757 0.0077690 -0.3212100
v 0.1435063 0.0075982 -0.3228041
v 0.1435063 0.0041253 -0.3218362
v 0.1440757 0.0049224 -0.3204698
v 0.1435063 0.0041253 -0.3218362
v 0.1435063 0.0016203 -0.3193881
v 0.1440757 0.0029867 -0.3185341
v 0.1440757 0.0022465 -0.3156875
v 0.1440757 0.0022465 0.3405792
v 0.1440757 0.9317916 0.3405792
v 0.1071262 0.0006524 0.3704690
v 0.1071262 0.0022465 0.3712661
v 0.1006358 0.0006524 0.3696720
v 0.1006358 0.0022465 0.3704690
v 0.1006358 0.9317916 0.3704690
v 0.1071262 0.9317916 0.3712661
v 0.1071262 0.9333857 0.3704690
v 0.1135596 0.9333857 0.3704690
v 0.1135596 0.9317916 0.3712661
v 0.1200500 0.0022465 0.3704690
v 0.1200500 0.9317916 0.3704690
v 0.1135596 0.0022465 0.3712661
v 0.1135596 0.0006524 0.3704690
v 0.1071262 0.0006524 0.3704690
v 0.0766101 0.0022465 -0.3156875
v 0.0766101 0.0022465 0.3405792
v 0.0766101 0.0029867 -0.3185341
v 0.0771794 0.0016203 -0.3193881
v 0.0771794 0.0041253 -0.3218362
v 0.0766101 0.0049224 -0.3204698
v 0.0766101 0.0077690 -0.3212100
v 0.0772363 0.0075982 -0.3228041
v 0.0772363 0.9264399 -0.3228041
v 0.0766101 0.9262691 -0.3212100
v 0.0766101 0.9291157 -0.3204698
v 0.0766101 0.9310514 -0.3185341
v 0.0766101 0.9317916 -0.3156875
v 0.0766101 0.9317916 0.3405792
vt 0.1429538 0.2953979
vt 0.1429538 0.2949216
vt 0.1919049 0.2953186
vt 0.1919579 0.2949216
vt 0.1919049 0.4921814
vt 0.1919579 0.4925783
vt 0.1429538 0.4921020
vt 0.1429538 0.4925783
vt 0.0844507 0.2953186
vt 0.0843977 0.2949216
vt 0.1377412 0.2953979
vt 0.1377148 0.2949216
vt 0.1377412 0.4921020
vt 0.1377148 0.4925783
vt 0.0844507 0.4921814
vt 0.0843977 0.4925783
vt 0.1923019 0.4920226
vt 0.1921696 0.4918639
vt 0.1923548 0.4915463
vt 0.1922225 0.4913876
vt 0.1919843 0.4925783
vt 0.1919049 0.4921814
vt 0.1921431 0.4924195
vt 0.1920902 0.4921020
vt 0.0840538 0.2953979
vt 0.0841861 0.2956361
vt 0.0840008 0.2958742
vt 0.0841596 0.2961124
vt 0.0843713 0.2949216
vt 0.0844507 0.2953186
vt 0.0842125 0.2950011
vt 0.0842919 0.2953979
vt 0.0840008 0.4915463
vt 0.0841596 0.4913876
vt 0.0840538 0.4920226
vt 0.0841861 0.4918639
vt 0.0840538 0.4921020
vt 0.0841861 0.4918639
vt 0.0841861 0.4924195
vt 0.0842919 0.4921020
vt 0.0842125 0.4924195
vt 0.0842919 0.4921020
vt 0.0843713 0.4925783
vt 0.0844507 0.4921814
vt 0.1921431 0.2950011
vt 0.1920902 0.2953979
vt 0.1919843 0.2949216
vt 0.1919049 0.2953186
vt 0.1409429 0.2949216
vt 0.1409429 0.2953979
vt 0.1405460 0.2949216
vt 0.1405460 0.2953979
vt 0.1405460 0.4925783
vt 0.1405460 0.4921020
vt 0.1409429 0.4925783
vt 0.1409429 0.4921020
vt 0.1413398 0.2949216
vt 0.1413398 0.2953979
vt 0.1409693 0.2949216
vt 0.1409429 0.2953979
vt 0.1409693 0.4925783
vt 0.1409429 0.4921020
vt 0.1413398 0.4925783
vt 0.1413398 0.4921020
vt 0.1417367 0.2949216
vt 0.1417367 0.2953979
vt 0.1413662 0.2949216
vt 0.1413398 0.2953979
vt 0.1413662 0.4925783
vt 0.1413398 0.4921020
vt 0.1417367 0.4925783
vt 0.1417367 0.4921020
vt 0.1421336 0.2949216
vt 0.1421336 0.2953979
vt 0.1417631 0.2949216
vt 0.1417367 0.2953979
vt 0.1425569 0.2949216
vt 0.1425569 0.2953979
vt 0.1421600 0.2949216
vt 0.1421336 0.2953979
vt 0.1421600 0.4925783
vt 0.1421336 0.4921020
vt 0.1425569 0.4925783
vt 0.1425569 0.4921020
vt 0.1429538 0.2949216
vt 0.1429538 0.2953979
vt 0.1425569 0.2949216
vt 0.1425569 0.2953979
vt 0.1425569 0.4925783
vt 0.1425569 0.4921020
vt 0.1429538 0.4925783
vt 0.1429538 0.4921020
vt 0.1381117 0.2949216
vt 0.1381381 0.2953979
vt 0.1377412 0.2949216
vt 0.1377412 0.2953979
vt 0.1377412 0.4925783
vt 0.1377412 0.4921020
vt 0.1381117 0.4925783
vt 0.1381381 0.4921020
vt 0.1385086 0.2949216
vt 0.1385350 0.2953979
vt 0.1381381 0.2949216
vt 0.1381381 0.2953979
vt 0.1381381 0.4925783
vt 0.1381381 0.4921020
vt 0.1385086 0.4925783
vt 0.1385350 0.4921020
vt 0.1389055 0.2949216
vt 0.1389319 0.2953979
vt 0.1385350 0.2949216
vt 0.1385350 0.2953979
vt 0.1393288 0.2949216
vt 0.1393288 0.2953979
vt 0.1389319 0.2949216
vt 0.1389319 0.2953979
vt 0.1389319 0.4925783
vt 0.1389319 0.4921020
vt 0.1393288 0.4925783
vt 0.1393288 0.4921020
vt 0.1397257 0.2949216
vt 0.1397522 0.2953979
vt 0.1393288 0.2949216
vt 0.1393288 0.2953979
vt 0.1393288 0.4925783
vt 0.1393288 0.4921020
vt 0.1397257 0.4925783
vt 0.1397522 0.4921020
vt 0.1397522 0.4925783
vt 0.1397522 0.4921020
vt 0.1401491 0.4925783
vt 0.1401491 0.4921020
vt 0.1381381 0.2953979
vt 0.1381381 0.4921020
vt 0.1377412 0.2953979
vt 0.1377412 0.4921020
vt 0.1413398 0.2953979
vt 0.1413398 0.4921020
vt 0.1409429 0.2953979
vt 0.1409429 0.4921020
vt 0.1417367 0.2953979
vt 0.1417367 0.4921020
vt 0.1413398 0.2953979
vt 0.1413398 0.4921020
vt 0.1389319 0.2953979
vt 0.1389319 0.4921020
vt 0.1385350 0.2953979
vt 0.1381381 0.4921020
vt 0.1381381 0.2953979
vt 0.1385350 0.4921020
vt 0.1385350 0.4925783
vt 0.1389055 0.4925783
vt 0.1397522 0.2953979
vt 0.1397522 0.4921020
vt 0.1393288 0.2953979
vt 0.1393288 0.4921020
vt 0.1389319 0.2953979
vt 0.1389319 0.4921020
vt 0.1429538 0.2953979
vt 0.1429538 0.4921020
vt 0.1425569 0.2953979
vt 0.1425569 0.4921020
vt 0.1425569 0.2953979
vt 0.1425569 0.4921020
vt 0.1421336 0.2953979
vt 0.1417631 0.4925783
vt 0.1417367 0.4921020
vt 0.1421336 0.4925783
vt 0.1421336 0.4921020
vt 0.1417367 0.2953979
vt 0.1921696 0.4924195
vt 0.1920902 0.4921020
vt 0.1923019 0.4921020
vt 0.1921696 0.4918639
vt 0.1919049 0.4921814
vt 0.1923548 0.4915463
vt 0.1922225 0.4913876
vt 0.1923548 0.2959536
vt 0.1922225 0.2961124
vt 0.1923548 0.2958742
vt 0.1923019 0.2953979
vt 0.1921696 0.2956361
vt 0.1923019 0.2953979
vt 0.1921696 0.2950804
vt 0.1920902 0.2953979
vt 0.1919049 0.2953186
vt 0.1429538 0.2953979
vt 0.1429538 0.4921020
vt 0.1401491 0.2949216
vt 0.1401491 0.2953979
vt 0.1397522 0.2949216
vt 0.1397522 0.2953979
vt 0.1397522 0.4921020
vt 0.1401491 0.4921020
vt 0.1401491 0.4925783
vt 0.1405460 0.4925783
vt 0.1405460 0.4921020
vt 0.1409429 0.2953979
vt 0.1409429 0.4921020
vt 0.1405460 0.2953979
vt 0.1405460 0.2949216
vt 0.1401491 0.2949216
vt 0.0844507 0.2953186
vt 0.1377412 0.2953979
vt 0.0842919 0.2953979
vt 0.0841861 0.2950804
vt 0.0840538 0.2953979
vt 0.0841861 0.2956361
vt 0.0841596 0.2961124
vt 0.0840008 0.2959536
vt 0.0840008 0.4915463
vt 0.0841596 0.4913876
vt 0.0841861 0.4918639
vt 0.0842919 0.4921020
vt 0.0844507 0.4921814
vt 0.1377412 0.4921020
vn 0.9999923 0.0000000 0.0039292
vn 0.7588669 -0.6512458 0.0000000
vn 1.0000000 0.0000000 0.0000000
vn 0.7588669 -0.6512458 0.0000000
vn 1.0000000 0.0000000 0.0000000
vn 0.7588669 0.6512458 0.0000000
vn 0.9999923 0.0000000 0.0039292
vn 0.7588669 0.6512458 0.0000000
vn -1.0000000 0.0000000 0.0000000
vn -0.7588669 -0.6512458 0.0000000
vn -0.9999923 0.0000000 0.0039292
vn -0.7588669 -0.6512458 0.0000000
vn -0.9999923 0.0000000 0.0039292
vn -0.7588669 0.6512458 0.0000000
vn -1.0000000 0.0000000 0.0000000
vn -0.7588669 0.6512458 0.0000000
vn 0.7316735 0.3381956 -0.5918425
vn 1.0000000 0.0000000 0.0000000
vn 0.7355451 0.0000000 -0.6774758
vn 1.0000000 0.0000000 0.0000000
vn 0.7588669 0.6512458 0.0000000
vn 1.0000000 0.0000000 0.0000000
vn 0.7374757 0.5847824 -0.3378743
vn 1.0000000 0.0000000 0.0000000
vn -0.7316735 -0.3381957 -0.5918426
vn -1.0000000 0.0000000 0.0000000
vn -0.7355452 0.0000000 -0.6774757
vn -1.0000000 0.0000000 0.0000000
vn -0.7588669 -0.6512458 0.0000000
vn -1.0000000 0.0000000 0.0000000
vn -0.7374757 -0.5847824 -0.3378743
vn -1.0000000 0.0000000 0.0000000
vn -0.7355452 0.0000000 -0.6774757
vn -1.0000000 0.0000000 0.0000000
vn -0.7316733 0.3381957 -0.5918427
vn -1.0000000 0.0000000 0.0000000
vn -0.7316733 0.3381957 -0.5918427
vn -1.0000000 0.0000000 0.0000000
vn -0.7374757 0.5847824 -0.3378744
vn -1.0000000 0.0000000 0.0000000
vn -0.7374757 0.5847824 -0.3378744
vn -1.0000000 0.0000000 0.0000000
vn -0.7588669 0.6512458 0.0000000
vn -1.0000000 0.0000000 0.0000000
vn 0.7374756 -0.5847825 -0.3378743
vn 1.0000000 0.0000000 0.0000000
vn 0.7588669 -0.6512458 0.0000000
vn 1.0000000 0.0000000 0.0000000
vn 0.1511873 -0.7498884 0.6440573
vn 0.2253738 0.0000000 0.9742724
vn 0.0397182 -0.7518071 0.6581858
vn 0.0600574 0.0000000 0.9981949
vn 0.0397183 0.7518071 0.6581858
vn 0.0600574 0.0000000 0.9981949
vn 0.1511874 0.7498883 0.6440574
vn 0.2253738 0.0000000 0.9742724
vn 0.2916382 -0.7403124 0.6057102
vn 0.4304398 0.0000000 0.9026193
vn 0.1511873 -0.7498884 0.6440573
vn 0.2253738 0.0000000 0.9742724
vn 0.1511874 0.7498883 0.6440574
vn 0.2253738 0.0000000 0.9742724
vn 0.2916383 0.7403123 0.6057102
vn 0.4304398 0.0000000 0.9026193
vn 0.4378911 -0.7231837 0.5340944
vn 0.6303853 0.0000000 0.7762824
vn 0.2916382 -0.7403124 0.6057102
vn 0.4304398 0.0000000 0.9026193
vn 0.2916383 0.7403123 0.6057102
vn 0.4304398 0.0000000 0.9026193
vn 0.4378910 0.7231838 0.5340943
vn 0.6303853 0.0000000 0.7762824
vn 0.5884687 -0.6915339 0.4189100
vn 0.8090906 0.0000000 0.5876839
vn 0.4378911 -0.7231837 0.5340944
vn 0.6303853 0.0000000 0.7762824
vn 0.7148587 -0.6581738 0.2361869
vn 0.9474359 0.0000000 0.3199456
vn 0.5884687 -0.6915339 0.4189100
vn 0.8090906 0.0000000 0.5876839
vn 0.5884687 0.6915339 0.4189100
vn 0.8090906 0.0000000 0.5876839
vn 0.7148587 0.6581738 0.2361869
vn 0.9474359 0.0000000 0.3199456
vn 0.7588669 -0.6512458 0.0000000
vn 0.9999923 0.0000000 0.0039292
vn 0.7148587 -0.6581738 0.2361869
vn 0.9474359 0.0000000 0.3199456
vn 0.7148587 0.6581738 0.2361869
vn 0.9474359 0.0000000 0.3199456
vn 0.7588669 0.6512458 0.0000000
vn 0.9999923 0.0000000 0.0039292
vn -0.7148587 -0.6581738 0.2361869
vn -0.9474359 0.0000000 0.3199456
vn -0.7588669 -0.6512458 0.0000000
vn -0.9999923 0.0000000 0.0039292
vn -0.7588669 0.6512458 0.0000000
vn -0.9999923 0.0000000 0.0039292
vn -0.7148587 0.6581738 0.2361869
vn -0.9474359 0.0000000 0.3199456
vn -0.5884687 -0.6915339 0.4189100
vn -0.8090905 0.0000000 0.5876841
vn -0.7148587 -0.6581738 0.2361869
vn -0.9474359 0.0000000 0.3199456
vn -0.7148587 0.6581738 0.2361869
vn -0.9474359 0.0000000 0.3199456
vn -0.5884687 0.6915339 0.4189100
vn -0.8090905 0.0000000 0.5876841
vn -0.4378910 -0.7231838 0.5340943
vn -0.6303853 0.0000000 0.7762824
vn -0.5884687 -0.6915339 0.4189100
vn -0.8090905 0.0000000 0.5876841
vn -0.2916380 -0.7403124 0.6057101
vn -0.4304398 0.0000000 0.9026193
vn -0.4378910 -0.7231838 0.5340943
vn -0.6303853 0.0000000 0.7762824
vn -0.4378910 0.7231838 0.5340943
vn -0.6303853 0.0000000 0.7762824
vn -0.2916380 0.7403124 0.6057101
vn -0.4304398 0.0000000 0.9026193
vn -0.1511872 -0.7498884 0.6440573
vn -0.2253738 0.0000000 0.9742724
vn -0.2916380 -0.7403124 0.6057101
vn -0.4304398 0.0000000 0.9026193
vn -0.2916380 0.7403124 0.6057101
vn -0.4304398 0.0000000 0.9026193
vn -0.1511872 0.7498884 0.6440573
vn -0.2253738 0.0000000 0.9742724
vn -0.1511872 0.7498884 0.6440573
vn -0.2253738 0.0000000 0.9742724
vn -0.0397180 0.7518071 0.6581858
vn -0.0600574 0.0000000 0.9981949
vn -0.9474359 0.0000000 0.3199456
vn -0.9474359 0.0000000 0.3199456
vn -0.9999923 0.0000000 0.0039292
vn -0.9999923 0.0000000 0.0039292
vn 0.4304398 0.0000000 0.9026193
vn 0.4304398 0.0000000 0.9026193
vn 0.2253738 0.0000000 0.9742724
vn 0.2253738 0.0000000 0.9742724
vn 0.6303853 0.0000000 0.7762824
vn 0.6303853 0.0000000 0.7762824
vn 0.4304398 0.0000000 0.9026193
vn 0.4304398 0.0000000 0.9026193
vn -0.6303853 0.0000000 0.7762824
vn -0.6303853 0.0000000 0.7762824
vn -0.8090905 0.0000000 0.5876841
vn -0.9474359 0.0000000 0.3199456
vn -0.9474359 0.0000000 0.3199456
vn -0.8090905 0.0000000 0.5876841
vn -0.5884687 0.6915339 0.4189100
vn -0.4378910 0.7231838 0.5340943
vn -0.2253738 0.0000000 0.9742724
vn -0.2253738 0.0000000 0.9742724
vn -0.4304398 0.0000000 0.9026193
vn -0.4304398 0.0000000 0.9026193
vn -0.6303853 0.0000000 0.7762824
vn -0.6303853 0.0000000 0.7762824
vn 0.9999923 0.0000000 0.0039292
vn 0.9999923 0.0000000 0.0039292
vn 0.9474359 0.0000000 0.3199456
vn 0.9474359 0.0000000 0.3199456
vn 0.9474359 0.0000000 0.3199456
vn 0.9474359 0.0000000 0.3199456
vn 0.8090906 0.0000000 0.5876839
vn 0.4378910 0.7231838 0.5340943
vn 0.6303853 0.0000000 0.7762824
vn 0.5884687 0.6915339 0.4189100
vn 0.8090906 0.0000000 0.5876839
vn 0.6303853 0.0000000 0.7762824
vn 0.7374757 0.5847824 -0.3378743
vn 1.0000000 0.0000000 0.0000000
vn 0.7316735 0.3381956 -0.5918425
vn 1.0000000 0.0000000 0.0000000
vn 1.0000000 0.0000000 0.0000000
vn 0.7355451 0.0000000 -0.6774758
vn 1.0000000 0.0000000 0.0000000
vn 0.7355451 0.0000000 -0.6774758
vn 1.0000000 0.0000000 0.0000000
vn 0.7355451 0.0000000 -0.6774758
vn 0.7316735 -0.3381957 -0.5918426
vn 1.0000000 0.0000000 0.0000000
vn 0.7316735 -0.3381957 -0.5918426
vn 0.7374756 -0.5847825 -0.3378743
vn 1.0000000 0.0000000 0.0000000
vn 1.0000000 0.0000000 0.0000000
vn 0.9999923 0.0000000 0.0039292
vn 0.9999923 0.0000000 0.0039292
vn -0.0397180 -0.7518071 0.6581858
vn -0.0600574 0.0000000 0.9981949
vn -0.1511872 -0.7498884 0.6440573
vn -0.2253738 0.0000000 0.9742724
vn -0.2253738 0.0000000 0.9742724
vn -0.0600574 0.0000000 0.9981949
vn -0.0397180 0.7518071 0.6581858
vn 0.0397183 0.7518071 0.6581858
vn 0.0600574 0.0000000 0.9981949
vn 0.2253738 0.0000000 0.9742724
vn 0.2253738 0.0000000 0.9742724
vn 0.0600574 0.0000000 0.9981949
vn 0.0397182 -0.7518071 0.6581858
vn -0.0397180 -0.7518071 0.6581858
vn -1.0000000 0.0000000 0.0000000
vn -0.9999923 0.0000000 0.0039292
vn -1.0000000 0.0000000 0.0000000
vn -0.7374757 -0.5847824 -0.3378743
vn -0.7316735 -0.3381957 -0.5918426
vn -1.0000000 0.0000000 0.0000000
vn -1.0000000 0.0000000 0.0000000
vn -0.7355452 0.0000000 -0.6774757
vn -0.7355452 0.0000000 -0.6774757
vn -1.0000000 0.0000000 0.0000000
vn -1.0000000 0.0000000 0.0000000
vn -1.0000000 0.0000000 0.0000000
vn -1.0000000 0.0000000 0.0000000
vn -0.9999923 0.0000000 0.0039292
f 5128/5128/5128 5129/5129/5129 5130/5130/5130
f 5129/5129/5129 5131/5131/5131 5130/5130/5130
f 5132/5132/5132 5133/5133/5133 5134/5134/5134
f 5133/5133/5133 5135/5135/5135 5134/5134/5134
f 5136/5136/5136 5137/5137/5137 5138/5138/5138
f 5137/5137/5137 5139/5139/5139 5138/5138/5138
f 5140/5140/5140 5141/5141/5141 5142/5142/5142
f 5141/5141/5141 5143/5143/5143 5142/5142/5142
f 5144/5144/5144 5145/5145/5145 5146/5146/5146
f 5145/5145/5145 5147/5147/5147 5146/5146/5146
f 5148/5148/5148 5149/5149/5149 5150/5150/5150
f 5149/5149/5149 5151/5151/5151 5150/5150/5150
f 5152/5152/5152 5153/5153/5153 5154/5154/5154
f 5153/5153/5153 5155/5155/5155 5154/5154/5154
f 5156/5156/5156 5157/5157/5157 5158/5158/5158
f 5157/5157/5157 5159/5159/5159 5158/5158/5158
f 5160/5160/5160 5161/5161/5161 5162/5162/5162
f 5161/5161/5161 5163/5163/5163 5162/5162/5162
f 5164/5164/5164 5165/5165/5165 5166/5166/5166
f 5165/5165/5165 5167/5167/5167 5166/5166/5166
f 5168/5168/5168 5169/5169/5169 5170/5170/5170
f 5169/5169/5169 5171/5171/5171 5170/5170/5170
f 5172/5172/5172 5173/5173/5173 5174/5174/5174
f 5173/5173/5173 5175/5175/5175 5174/5174/5174
f 5176/5176/5176 5177/5177/5177 5178/5178/5178
f 5177/5177/5177 5179/5179/5179 5178/5178/5178
f 5180/5180/5180 5181/5181/5181 5182/5182/5182
f 5181/5181/5181 5183/5183/5183 5182/5182/5182
f 5184/5184/5184 5185/5185/5185 5186/5186/5186
f 5185/5185/5185 5187/5187/5187 5186/5186/5186
f 5188/5188/5188 5189/5189/5189 5190/5190/5190
f 5189/5189/5189 5191/5191/5191 5190/5190/5190
f 5192/5192/5192 5193/5193/5193 5194/5194/5194
f 5193/5193/5193 5195/5195/5195 5194/5194/5194
f 5196/5196/5196 5197/5197/5197 5198/5198/5198
f 5197/5197/5197 5199/5199/5199 5198/5198/5198
f 5200/5200/5200 5201/5201/5201 5202/5202/5202
f 5201/5201/5201 5203/5203/5203 5202/5202/5202
f 5204/5204/5204 5205/5205/5205 5206/5206/5206
f 5205/5205/5205 5207/5207/5207 5206/5206/5206
f 5208/5208/5208 5209/5209/5209 5210/5210/5210
f 5209/5209/5209 5211/5211/5211 5210/5210/5210
f 5212/5212/5212 5213/5213/5213 5214/5214/5214
f 5213/5213/5213 5215/5215/5215 5214/5214/5214
f 5216/5216/5216 5217/5217/5217 5218/5218/5218
f 5217/5217/5217 5219/5219/5219 5218/5218/5218
f 5220/5220/5220 5221/5221/5221 5222/5222/5222
f 5221/5221/5221 5223/5223/5223 5222/5222/5222
f 5224/5224/5224 5225/5225/5225 5226/5226/5226
f 5225/5225/5225 5227/5227/5227 5226/5226/5226
f 5228/5228/5228 5229/5229/5229 5230/5230/5230
f 5229/5229/5229 5231/5231/5231 5230/5230/5230
f 5232/5232/5232 5233/5233/5233 5234/5234/5234
f 5233/5233/5233 5235/5235/5235 5234/5234/5234
f 5236/5236/5236 5237/5237/5237 5238/5238/5238
f 5237/5237/5237 5239/5239/5239 5238/5238/5238
f 5240/5240/5240 5241/5241/5241 5242/5242/5242
f 5241/5241/5241 5243/5243/5243 5242/5242/5242
f 5244/5244/5244 5245/5245/5245 5246/5246/5246
f 5245/5245/5245 5247/5247/5247 5246/5246/5246
f 5248/5248/5248 5249/5249/5249 5250/5250/5250
f 5249/5249/5249 5251/5251/5251 5250/5250/5250
f 5252/5252/5252 5253/5253/5253 5254/5254/5254
f 5253/5253/5253 5255/5255/5255 5254/5254/5254
f 5256/5256/5256 5257/5257/5257 5258/5258/5258
f 5257/5257/5257 5259/5259/5259 5258/5258/5258
f 5260/5260/5260 5261/5261/5261 5262/5262/5262
f 5261/5261/5261 5263/5263/5263 5262/5262/5262
f 5264/5264/5264 5265/5265/5265 5266/5266/5266
f 5265/5265/5265 5267/5267/5267 5266/5266/5266
f 5268/5268/5268 5269/5269/5269 5270/5270/5270
f 5269/5269/5269 5271/5271/5271 5270/5270/5270
f 5272/5272/5272 5273/5273/5273 5274/5274/5274
f 5275/5275/5275 5276/5276/5276 5277/5277/5277
f 5276/5276/5276 5274/5274/5274 5277/5277/5277
f 5274/5274/5274 5273/5273/5273 5277/5277/5277
f 5278/5278/5278 5277/5277/5277 5279/5279/5279
f 5277/5277/5277 5273/5273/5273 5279/5279/5279
f 5280/5280/5280 5281/5281/5281 5282/5282/5282
f 5281/5281/5281 5283/5283/5283 5282/5282/5282
f 5282/5282/5282 5283/5283/5283 5284/5284/5284
f 5283/5283/5283 5285/5285/5285 5284/5284/5284
f 5286/5286/5286 5287/5287/5287 5288/5288/5288
f 5287/5287/5287 5289/5289/5289 5288/5288/5288
f 5290/5290/5290 5291/5291/5291 5292/5292/5292
f 5293/5293/5293 5294/5294/5294 5295/5295/5295
f 5295/5295/5295 5294/5294/5294 5296/5296/5296
f 5294/5294/5294 5297/5297/5297 5296/5296/5296
f 5297/5297/5297 5292/5292/5292 5296/5296/5296
f 5292/5292/5292 5291/5291/5291 5296/5296/5296
f 5298/5298/5298 5299/5299/5299 5300/5300/5300
f 5300/5300/5300 5299/5299/5299 5301/5301/5301
f 5299/5299/5299 5302/5302/5302 5301/5301/5301
f 5303/5303/5303 5304/5304/5304 5305/5305/5305
f 5305/5305/5305 5304/5304/5304 5306/5306/5306
f 5304/5304/5304 5301/5301/5301 5306/5306/5306
f 5307/5307/5307 5306/5306/5306 5308/5308/5308
f 5308/5308/5308 5306/5306/5306 5309/5309/5309
f 5310/5310/5310 5309/5309/5309 5311/5311/5311
f 5311/5311/5311 5309/5309/5309 5312/5312/5312
f 5309/5309/5309 5306/5306/5306 5312/5312/5312
f 5306/5306/5306 5301/5301/5301 5312/5312/5312
f 5301/5301/5301 5302/5302/5302 5312/5312/5312
f 5313/5313/5313 5312/5312/5312 5314/5314/5314
f 5312/5312/5312 5302/5302/5302 5314/5314/5314
f 5302/5302/5302 5315/5315/5315 5314/5314/5314
f 5316/5316/5316 5317/5317/5317 5318/5318/5318
f 5318/5318/5318 5317/5317/5317 5319/5319/5319
f 5320/5320/5320 5319/5319/5319 5321/5321/5321
f 5319/5319/5319 5317/5317/5317 5321/5321/5321
f 5322/5322/5322 5321/5321/5321 5323/5323/5323
f 5323/5323/5323 5321/5321/5321 5324/5324/5324
f 5321/5321/5321 5317/5317/5317 5324/5324/5324
f 5325/5325/5325 5326/5326/5326 5327/5327/5327
f 5326/5326/5326 5324/5324/5324 5327/5327/5327
f 5324/5324/5324 5317/5317/5317 5327/5327/5327
f 5328/5328/5328 5327/5327/5327 5329/5329/5329
f 5327/5327/5327 5317/5317/5317 5329/5329/5329
f 5330/5330/5330 5331/5331/5331 5332/5332/5332
f 5333/5333/5333 5332/5332/5332 5334/5334/5334
f 5334/5334/5334 5332/5332/5332 5335/5335/5335
f 5335/5335/5335 5332/5332/5332 5336/5336/5336
f 5337/5337/5337 5336/5336/5336 5338/5338/5338
f 5338/5338/5338 5336/5336/5336 5339/5339/5339
f 5339/5339/5339 5336/5336/5336 5340/5340/5340
f 5336/5336/5336 5332/5332/5332 5340/5340/5340
f 5332/5332/5332 5331/5331/5331 5340/5340/5340
f 5341/5341/5341 5340/5340/5340 5342/5342/5342
f 5340/5340/5340 5331/5331/5331 5342/5342/5342
f 5331/5331/5331 5343/5343/5343 5342/5342/5342
v 0.1010452 0.9340382 0.3655912
v 0.1008741 0.9340382 0.3679287
v 0.1072026 0.9340382 0.3663323
v 0.1071455 0.9340382 0.3686699
v 0.1415242 0.9340382 -0.3159380
v 0.1401559 0.9333541 -0.3158810
v 0.1415242 0.9340382 0.3399925
v 0.1401559 0.9334111 0.3397644
v 0.1401559 0.9333541 -0.3158810
v 0.1395857 0.9318147 -0.3156530
v 0.1401559 0.9334111 0.3397644
v 0.1396427 0.9318147 0.3395364
v 0.1415242 0.0000000 0.3399925
v 0.1401559 0.0006271 0.3397644
v 0.1415242 0.0000000 -0.3159380
v 0.1401559 0.0006842 -0.3158810
v 0.1401559 0.0006271 0.3397644
v 0.1396427 0.0022235 0.3395364
v 0.1401559 0.0006842 -0.3158810
v 0.1395857 0.0022235 -0.3156530
v 0.1435196 0.0006271 0.3403916
v 0.1422083 0.0000000 0.3401635
v 0.1435196 0.0006842 -0.3158810
v 0.1421513 0.0000000 -0.3159380
v 0.1435196 0.9333541 -0.3158810
v 0.1421513 0.9340382 -0.3159380
v 0.1435196 0.9334111 0.3403916
v 0.1422083 0.9340382 0.3401635
v 0.1416382 0.0075257 -0.3234637
v 0.1402129 0.0075827 -0.3227795
v 0.1416382 0.9265125 -0.3234637
v 0.1402129 0.9264555 -0.3227795
v 0.1402129 0.0075827 -0.3227795
v 0.1395857 0.0078107 -0.3212402
v 0.1402129 0.9264555 -0.3227795
v 0.1395857 0.9262275 -0.3212402
v 0.0791523 0.0000000 -0.3159380
v 0.0805206 0.0006842 -0.3158810
v 0.0792093 0.0000000 0.3399925
v 0.0805206 0.0006271 0.3397644
v 0.0805206 0.0006842 -0.3158810
v 0.0810908 0.0022235 -0.3156530
v 0.0805206 0.0006271 0.3397644
v 0.0810908 0.0022235 0.3395364
v 0.0792093 0.9340382 0.3399925
v 0.0805206 0.9334111 0.3397644
v 0.0791523 0.9340382 -0.3159380
v 0.0805206 0.9333541 -0.3158810
v 0.0805206 0.9334111 0.3397644
v 0.0810908 0.9318147 0.3395364
v 0.0805206 0.9333541 -0.3158810
v 0.0810908 0.9318147 -0.3156530
v 0.0771569 0.0006842 -0.3158810
v 0.0785822 0.0000000 -0.3159380
v 0.0771569 0.0006271 0.3403916
v 0.0784682 0.0000000 0.3401635
v 0.0771569 0.9334111 0.3403916
v 0.0784682 0.9340382 0.3401635
v 0.0771569 0.9333541 -0.3158810
v 0.0785822 0.9340382 -0.3159380
v 0.0790953 0.9265125 -0.3234637
v 0.0805206 0.9264555 -0.3227795
v 0.0790953 0.0075257 -0.3234637
v 0.0805206 0.0075827 -0.3227795
v 0.0805206 0.9264555 -0.3227795
v 0.0810908 0.9262275 -0.3212402
v 0.0805206 0.0075827 -0.3227795
v 0.0810908 0.0078107 -0.3212402
v 0.1420373 0.9302754 -0.3224375
v 0.1435196 0.9299333 -0.3218673
v 0.1420373 0.9265125 -0.3234637
v 0.1434626 0.9264555 -0.3227795
v 0.1416382 0.9265125 -0.3234637
v 0.1402129 0.9264555 -0.3227795
v 0.1416382 0.9302754 -0.3224375
v 0.1401559 0.9299333 -0.3218673
v 0.1402129 0.9264555 -0.3227795
v 0.1395857 0.9262275 -0.3212402
v 0.1401559 0.9299333 -0.3218673
v 0.1395857 0.9291351 -0.3204420
v 0.1420943 0.9330120 -0.3197009
v 0.1435196 0.9324418 -0.3193588
v 0.1420373 0.9302754 -0.3224375
v 0.1435196 0.9299333 -0.3218673
v 0.1416382 0.9302754 -0.3224375
v 0.1401559 0.9299333 -0.3218673
v 0.1415812 0.9330120 -0.3197009
v 0.1401559 0.9324418 -0.3193588
v 0.1401559 0.9299333 -0.3218673
v 0.1395857 0.9291351 -0.3204420
v 0.1401559 0.9324418 -0.3193588
v 0.1395857 0.9310165 -0.3185606
v 0.1421513 0.9340382 -0.3159380
v 0.1435196 0.9333541 -0.3158810
v 0.1420943 0.9330120 -0.3197009
v 0.1435196 0.9324418 -0.3193588
v 0.1415812 0.9330120 -0.3197009
v 0.1401559 0.9324418 -0.3193588
v 0.1415242 0.9340382 -0.3159380
v 0.1401559 0.9333541 -0.3158810
v 0.1401559 0.9324418 -0.3193588
v 0.1395857 0.9310165 -0.3185606
v 0.1401559 0.9333541 -0.3158810
v 0.1395857 0.9318147 -0.3156530
v 0.0786392 0.0037628 -0.3224375
v 0.0772139 0.0041049 -0.3218673
v 0.0786392 0.0075257 -0.3234637
v 0.0772139 0.0075827 -0.3227795
v 0.0790953 0.0075257 -0.3234637
v 0.0805206 0.0075827 -0.3227795
v 0.0790953 0.0037628 -0.3224375
v 0.0805206 0.0041049 -0.3218673
v 0.0805206 0.0075827 -0.3227795
v 0.0810908 0.0078107 -0.3212402
v 0.0805206 0.0041049 -0.3218673
v 0.0810908 0.0049031 -0.3204420
v 0.0785822 0.0010262 -0.3197009
v 0.0772139 0.0015964 -0.3193588
v 0.0786392 0.0037628 -0.3224375
v 0.0772139 0.0041049 -0.3218673
v 0.0790953 0.0037628 -0.3224375
v 0.0805206 0.0041049 -0.3218673
v 0.0790953 0.0010262 -0.3197009
v 0.0805206 0.0015964 -0.3193588
v 0.0805206 0.0041049 -0.3218673
v 0.0810908 0.0049031 -0.3204420
v 0.0805206 0.0015964 -0.3193588
v 0.0810908 0.0030217 -0.3185606
v 0.0785822 0.0000000 -0.3159380
v 0.0771569 0.0006842 -0.3158810
v 0.0785822 0.0010262 -0.3197009
v 0.0772139 0.0015964 -0.3193588
v 0.0790953 0.0010262 -0.3197009
v 0.0805206 0.0015964 -0.3193588
v 0.0791523 0.0000000 -0.3159380
v 0.0805206 0.0006842 -0.3158810
v 0.0805206 0.0015964 -0.3193588
v 0.0810908 0.0030217 -0.3185606
v 0.0805206 0.0006842 -0.3158810
v 0.0810908 0.0022235 -0.3156530
v 0.0790953 0.9302754 -0.3224375
v 0.0805206 0.9299333 -0.3218673
v 0.0790953 0.9265125 -0.3234637
v 0.0805206 0.9264555 -0.3227795
v 0.0805206 0.9299333 -0.3218673
v 0.0810908 0.9291351 -0.3204420
v 0.0805206 0.9264555 -0.3227795
v 0.0810908 0.9262275 -0.3212402
v 0.0786392 0.9265125 -0.3234637
v 0.0772139 0.9264555 -0.3227795
v 0.0786392 0.9302754 -0.3224375
v 0.0772139 0.9299333 -0.3218673
v 0.0790953 0.9330120 -0.3197009
v 0.0805206 0.9324418 -0.3193588
v 0.0790953 0.9302754 -0.3224375
v 0.0805206 0.9299333 -0.3218673
v 0.0805206 0.9324418 -0.3193588
v 0.0810908 0.9310165 -0.3185606
v 0.0805206 0.9299333 -0.3218673
v 0.0810908 0.9291351 -0.3204420
v 0.0786392 0.9302754 -0.3224375
v 0.0772139 0.9299333 -0.3218673
v 0.0785822 0.9330120 -0.3197009
v 0.0772139 0.9324418 -0.3193588
v 0.0791523 0.9340382 -0.3159380
v 0.0805206 0.9333541 -0.3158810
v 0.0790953 0.9330120 -0.3197009
v 0.0805206 0.9324418 -0.3193588
v 0.0805206 0.9333541 -0.3158810
v 0.0810908 0.9318147 -0.3156530
v 0.0805206 0.9324418 -0.3193588
v 0.0810908 0.9310165 -0.3185606
v 0.0785822 0.9330120 -0.3197009
v 0.0772139 0.9324418 -0.3193588
v 0.0785822 0.9340382 -0.3159380
v 0.0771569 0.9333541 -0.3158810
v 0.1420943 0.0010262 -0.3197009
v 0.1435196 0.0015964 -0.3193588
v 0.1421513 0.0000000 -0.3159380
v 0.1435196 0.0006842 -0.3158810
v 0.1415242 0.0000000 -0.3159380
v 0.1401559 0.0006842 -0.3158810
v 0.1415812 0.0010262 -0.3197009
v 0.1401559 0.0015964 -0.3193588
v 0.1401559 0.0006842 -0.3158810
v 0.1395857 0.0022235 -0.3156530
v 0.1401559 0.0015964 -0.3193588
v 0.1395857 0.0030217 -0.3185606
v 0.1420373 0.0037628 -0.3224375
v 0.1435196 0.0041049 -0.3218673
v 0.1420943 0.0010262 -0.3197009
v 0.1435196 0.0015964 -0.3193588
v 0.1415812 0.0010262 -0.3197009
v 0.1401559 0.0015964 -0.3193588
v 0.1416382 0.0037628 -0.3224375
v 0.1401559 0.0041049 -0.3218673
v 0.1401559 0.0015964 -0.3193588
v 0.1395857 0.0030217 -0.3185606
v 0.1401559 0.0041049 -0.3218673
v 0.1395857 0.0049031 -0.3204420
v 0.1420373 0.0075257 -0.3234637
v 0.1434626 0.0075827 -0.3227795
v 0.1420373 0.0037628 -0.3224375
v 0.1435196 0.0041049 -0.3218673
v 0.1401559 0.0041049 -0.3218673
v 0.1395857 0.0049031 -0.3204420
v 0.1402129 0.0075827 -0.3227795
v 0.1395857 0.0078107 -0.3212402
v 0.1072596 0.9318147 0.3637667
v 0.1072596 0.9334111 0.3645079
v 0.1134169 0.9318147 0.3637667
v 0.1134169 0.9334111 0.3645079
v 0.1072596 0.9334111 0.3645079
v 0.1072026 0.9340382 0.3663323
v 0.1134169 0.9334111 0.3645079
v 0.1134739 0.9340382 0.3663323
v 0.1134169 0.0022235 0.3637667
v 0.1134169 0.0006271 0.3645079
v 0.1072596 0.0022235 0.3637667
v 0.1072596 0.0006271 0.3645079
v 0.1134169 0.0006271 0.3645079
v 0.1134739 0.0000000 0.3663323
v 0.1072596 0.0006271 0.3645079
v 0.1072026 0.0000000 0.3663323
v 0.1194033 0.0022235 0.3630256
v 0.1194033 0.0006271 0.3638238
v 0.1134169 0.0022235 0.3637667
v 0.1134169 0.0006271 0.3645079
v 0.1194033 0.0006271 0.3638238
v 0.1196313 0.0000000 0.3655912
v 0.1134169 0.0006271 0.3645079
v 0.1134739 0.0000000 0.3663323
v 0.1134169 0.9318147 0.3637667
v 0.1134169 0.9334111 0.3645079
v 0.1194033 0.9318147 0.3630256
v 0.1194033 0.9334111 0.3638238
v 0.1134169 0.9334111 0.3645079
v 0.1134739 0.9340382 0.3663323
v 0.1194033 0.9334111 0.3638238
v 0.1196313 0.9340382 0.3655912
v 0.1251615 0.0022235 0.3610872
v 0.1251615 0.0006271 0.3618853
v 0.1194033 0.0022235 0.3630256
v 0.1194033 0.0006271 0.3638238
v 0.1251615 0.0006271 0.3618853
v 0.1255606 0.0000000 0.3635957
v 0.1194033 0.0006271 0.3638238
v 0.1196313 0.0000000 0.3655912
v 0.1194033 0.9318147 0.3630256
v 0.1194033 0.9334111 0.3638238
v 0.1251615 0.9318147 0.3610872
v 0.1251615 0.9334111 0.3618853
v 0.1194033 0.9334111 0.3638238
v 0.1196313 0.9340382 0.3655912
v 0.1251615 0.9334111 0.3618853
v 0.1255606 0.9340382 0.3635957
v 0.1304637 0.0022235 0.3577804
v 0.1305207 0.0006271 0.3586356
v 0.1251615 0.0022235 0.3610872
v 0.1251615 0.0006271 0.3618853
v 0.1305207 0.0006271 0.3586356
v 0.1312049 0.0000000 0.3602320
v 0.1251615 0.0006271 0.3618853
v 0.1255606 0.0000000 0.3635957
v 0.1251615 0.9318147 0.3610872
v 0.1251615 0.9334111 0.3618853
v 0.1304637 0.9318147 0.3577804
v 0.1305207 0.9334111 0.3586356
v 0.1251615 0.9334111 0.3618853
v 0.1255606 0.9340382 0.3635957
v 0.1305207 0.9334111 0.3586356
v 0.1312049 0.9340382 0.3602320
v 0.1350817 0.0022235 0.3531054
v 0.1352528 0.0006271 0.3539606
v 0.1304637 0.0022235 0.3577804
v 0.1305207 0.0006271 0.3586356
v 0.1352528 0.0006271 0.3539606
v 0.1361650 0.0000000 0.3553289
v 0.1305207 0.0006271 0.3586356
v 0.1312049 0.0000000 0.3602320
v 0.1304637 0.9318147 0.3577804
v 0.1305207 0.9334111 0.3586356
v 0.1350817 0.9318147 0.3531054
v 0.1352528 0.9334111 0.3539606
v 0.1305207 0.9334111 0.3586356
v 0.1312049 0.9340382 0.3602320
v 0.1352528 0.9334111 0.3539606
v 0.1361650 0.9340382 0.3553289
v 0.1383885 0.0022235 0.3472331
v 0.1387876 0.0006271 0.3478602
v 0.1350817 0.0022235 0.3531054
v 0.1352528 0.0006271 0.3539606
v 0.1387876 0.0006271 0.3478602
v 0.1399848 0.0000000 0.3487154
v 0.1352528 0.0006271 0.3539606
v 0.1361650 0.0000000 0.3553289
v 0.1350817 0.9318147 0.3531054
v 0.1352528 0.9334111 0.3539606
v 0.1383885 0.9318147 0.3472331
v 0.1387876 0.9334111 0.3478602
v 0.1352528 0.9334111 0.3539606
v 0.1361650 0.9340382 0.3553289
v 0.1387876 0.9334111 0.3478602
v 0.1399848 0.9340382 0.3487154
v 0.1396427 0.0022235 0.3395364
v 0.1401559 0.0006271 0.3397644
v 0.1383885 0.0022235 0.3472331
v 0.1387876 0.0006271 0.3478602
v 0.1401559 0.0006271 0.3397644
v 0.1415242 0.0000000 0.3399925
v 0.1387876 0.0006271 0.3478602
v 0.1399848 0.0000000 0.3487154
v 0.1383885 0.9318147 0.3472331
v 0.1387876 0.9334111 0.3478602
v 0.1396427 0.9318147 0.3395364
v 0.1401559 0.9334111 0.3397644
v 0.1387876 0.9334111 0.3478602
v 0.1399848 0.9340382 0.3487154
v 0.1401559 0.9334111 0.3397644
v 0.1415242 0.9340382 0.3399925
v 0.0822880 0.0022235 0.3472331
v 0.0818889 0.0006271 0.3478602
v 0.0810908 0.0022235 0.3395364
v 0.0805206 0.0006271 0.3397644
v 0.0818889 0.0006271 0.3478602
v 0.0806917 0.0000000 0.3487154
v 0.0805206 0.0006271 0.3397644
v 0.0792093 0.0000000 0.3399925
v 0.0810908 0.9318147 0.3395364
v 0.0805206 0.9334111 0.3397644
v 0.0822880 0.9318147 0.3472331
v 0.0818889 0.9334111 0.3478602
v 0.0805206 0.9334111 0.3397644
v 0.0792093 0.9340382 0.3399925
v 0.0818889 0.9334111 0.3478602
v 0.0806917 0.9340382 0.3487154
v 0.0855948 0.0022235 0.3531054
v 0.0854237 0.0006271 0.3539606
v 0.0822880 0.0022235 0.3472331
v 0.0818889 0.0006271 0.3478602
v 0.0854237 0.0006271 0.3539606
v 0.0845115 0.0000000 0.3553289
v 0.0818889 0.0006271 0.3478602
v 0.0806917 0.0000000 0.3487154
v 0.0822880 0.9318147 0.3472331
v 0.0818889 0.9334111 0.3478602
v 0.0855948 0.9318147 0.3531054
v 0.0854237 0.9334111 0.3539606
v 0.0818889 0.9334111 0.3478602
v 0.0806917 0.9340382 0.3487154
v 0.0854237 0.9334111 0.3539606
v 0.0845115 0.9340382 0.3553289
v 0.0902128 0.0022235 0.3577804
v 0.0901558 0.0006271 0.3586356
v 0.0855948 0.0022235 0.3531054
v 0.0854237 0.0006271 0.3539606
v 0.0901558 0.0006271 0.3586356
v 0.0895286 0.0000000 0.3602320
v 0.0854237 0.0006271 0.3539606
v 0.0845115 0.0000000 0.3553289
v 0.0855948 0.9318147 0.3531054
v 0.0854237 0.9334111 0.3539606
v 0.0902128 0.9318147 0.3577804
v 0.0901558 0.9334111 0.3586356
v 0.0854237 0.9334111 0.3539606
v 0.0845115 0.9340382 0.3553289
v 0.0901558 0.9334111 0.3586356
v 0.0895286 0.9340382 0.3602320
v 0.0955720 0.0022235 0.3610872
v 0.0955720 0.0006271 0.3618853
v 0.0902128 0.0022235 0.3577804
v 0.0901558 0.0006271 0.3586356
v 0.0955720 0.0006271 0.3618853
v 0.0951159 0.0000000 0.3635957
v 0.0901558 0.0006271 0.3586356
v 0.0895286 0.0000000 0.3602320
v 0.0902128 0.9318147 0.3577804
v 0.0901558 0.9334111 0.3586356
v 0.0955720 0.9318147 0.3610872
v 0.0955720 0.9334111 0.3618853
v 0.0901558 0.9334111 0.3586356
v 0.0895286 0.9340382 0.3602320
v 0.0955720 0.9334111 0.3618853
v 0.0951159 0.9340382 0.3635957
v 0.1012732 0.0022235 0.3630256
v 0.1012732 0.0006271 0.3638238
v 0.0955720 0.0022235 0.3610872
v 0.0955720 0.0006271 0.3618853
v 0.1012732 0.0006271 0.3638238
v 0.1010452 0.0000000 0.3655912
v 0.0955720 0.0006271 0.3618853
v 0.0951159 0.0000000 0.3635957
v 0.0955720 0.9318147 0.3610872
v 0.0955720 0.9334111 0.3618853
v 0.1012732 0.9318147 0.3630256
v 0.1012732 0.9334111 0.3638238
v 0.0955720 0.9334111 0.3618853
v 0.0951159 0.9340382 0.3635957
v 0.1012732 0.9334111 0.3638238
v 0.1010452 0.9340382 0.3655912
v 0.1072596 0.0022235 0.3637667
v 0.1072596 0.0006271 0.3645079
v 0.1012732 0.0022235 0.3630256
v 0.1012732 0.0006271 0.3638238
v 0.1072596 0.0006271 0.3645079
v 0.1072026 0.0000000 0.3663323
v 0.1012732 0.0006271 0.3638238
v 0.1010452 0.0000000 0.3655912
v 0.1012732 0.9318147 0.3630256
v 0.1012732 0.9334111 0.3638238
v 0.1072596 0.9318147 0.3637667
v 0.1072596 0.9334111 0.3645079
v 0.1012732 0.9334111 0.3638238
v 0.1010452 0.9340382 0.3655912
v 0.1072596 0.9334111 0.3645079
v 0.1072026 0.9340382 0.3663323
v 0.1198023 0.0000000 0.3679287
v 0.1200304 0.0006271 0.3696961
v 0.1135310 0.0000000 0.3686699
v 0.1135880 0.0006271 0.3704942
v 0.1135310 0.9340382 0.3686699
v 0.1135880 0.9334111 0.3704942
v 0.1198023 0.9340382 0.3679287
v 0.1200304 0.9334111 0.3696961
v 0.1259597 0.0000000 0.3657622
v 0.1263588 0.0006271 0.3674726
v 0.1198023 0.0000000 0.3679287
v 0.1200304 0.0006271 0.3696961
v 0.1198023 0.9340382 0.3679287
v 0.1200304 0.9334111 0.3696961
v 0.1259597 0.9340382 0.3657622
v 0.1263588 0.9334111 0.3674726
v 0.1317180 0.0000000 0.3620564
v 0.1324021 0.0006271 0.3637098
v 0.1259597 0.0000000 0.3657622
v 0.1263588 0.0006271 0.3674726
v 0.1259597 0.9340382 0.3657622
v 0.1263588 0.9334111 0.3674726
v 0.1317180 0.9340382 0.3620564
v 0.1324021 0.9334111 0.3637098
v 0.1368491 0.0000000 0.3566972
v 0.1377613 0.0006271 0.3580655
v 0.1317180 0.0000000 0.3620564
v 0.1324021 0.0006271 0.3637098
v 0.1317180 0.9340382 0.3620564
v 0.1324021 0.9334111 0.3637098
v 0.1368491 0.9340382 0.3566972
v 0.1377613 0.9334111 0.3580655
v 0.1407260 0.0000000 0.3493996
v 0.1419233 0.0006271 0.3502548
v 0.1368491 0.0000000 0.3566972
v 0.1377613 0.0006271 0.3580655
v 0.1368491 0.9340382 0.3566972
v 0.1377613 0.9334111 0.3580655
v 0.1407260 0.9340382 0.3493996
v 0.1419233 0.9334111 0.3502548
v 0.1422083 0.0000000 0.3401635
v 0.1435196 0.0006271 0.3403916
v 0.1407260 0.0000000 0.3493996
v 0.1419233 0.0006271 0.3502548
v 0.1407260 0.9340382 0.3493996
v 0.1419233 0.9334111 0.3502548
v 0.1422083 0.9340382 0.3401635
v 0.1435196 0.9334111 0.3403916
v 0.0799505 0.0000000 0.3493996
v 0.0788103 0.0006271 0.3502548
v 0.0784682 0.0000000 0.3401635
v 0.0771569 0.0006271 0.3403916
v 0.0784682 0.9340382 0.3401635
v 0.0771569 0.9334111 0.3403916
v 0.0799505 0.9340382 0.3493996
v 0.0788103 0.9334111 0.3502548
v 0.0838274 0.0000000 0.3566972
v 0.0829152 0.0006271 0.3580655
v 0.0799505 0.0000000 0.3493996
v 0.0788103 0.0006271 0.3502548
v 0.0799505 0.9340382 0.3493996
v 0.0788103 0.9334111 0.3502548
v 0.0838274 0.9340382 0.3566972
v 0.0829152 0.9334111 0.3580655
v 0.0889585 0.0000000 0.3620564
v 0.0883314 0.0006271 0.3637098
v 0.0838274 0.0000000 0.3566972
v 0.0829152 0.0006271 0.3580655
v 0.0838274 0.9340382 0.3566972
v 0.0829152 0.9334111 0.3580655
v 0.0889585 0.9340382 0.3620564
v 0.0883314 0.9334111 0.3637098
v 0.0947738 0.0000000 0.3657622
v 0.0943177 0.0006271 0.3674726
v 0.0889585 0.0000000 0.3620564
v 0.0883314 0.0006271 0.3637098
v 0.0889585 0.9340382 0.3620564
v 0.0883314 0.9334111 0.3637098
v 0.0947738 0.9340382 0.3657622
v 0.0943177 0.9334111 0.3674726
v 0.1008741 0.0000000 0.3679287
v 0.1006461 0.0006271 0.3696961
v 0.0947738 0.0000000 0.3657622
v 0.0943177 0.0006271 0.3674726
v 0.0947738 0.9340382 0.3657622
v 0.0943177 0.9334111 0.3674726
v 0.1008741 0.9340382 0.3679287
v 0.1006461 0.9334111 0.3696961
v 0.1071455 0.0000000 0.3686699
v 0.1070885 0.0006271 0.3704942
v 0.1008741 0.0000000 0.3679287
v 0.1006461 0.0006271 0.3696961
v 0.1008741 0.9340382 0.3679287
v 0.1006461 0.9334111 0.3696961
v 0.1071455 0.9340382 0.3686699
v 0.1070885 0.9334111 0.3704942
v 0.0786392 0.9302754 -0.3224375
v 0.0785822 0.9330120 -0.3197009
v 0.0790953 0.9302754 -0.3224375
v 0.0790953 0.9330120 -0.3197009
v 0.1415812 0.9330120 -0.3197009
v 0.1415242 0.9340382 -0.3159380
v 0.1420943 0.9330120 -0.3197009
v 0.1421513 0.9340382 -0.3159380
v 0.1416382 0.9302754 -0.3224375
v 0.1415812 0.9330120 -0.3197009
v 0.1420373 0.9302754 -0.3224375
v 0.1420943 0.9330120 -0.3197009
v 0.0790953 0.0010262 -0.3197009
v 0.0791523 0.0000000 -0.3159380
v 0.0785822 0.0010262 -0.3197009
v 0.0785822 0.0000000 -0.3159380
v 0.1415242 0.0000000 -0.3159380
v 0.1415812 0.0010262 -0.3197009
v 0.1421513 0.0000000 -0.3159380
v 0.1420943 0.0010262 -0.3197009
v 0.0790953 0.0037628 -0.3224375
v 0.0790953 0.0010262 -0.3197009
v 0.0786392 0.0037628 -0.3224375
v 0.0785822 0.0010262 -0.3197009
v 0.0772139 0.9264555 -0.3227795
v 0.0786392 0.9265125 -0.3234637
v 0.0772139 0.0075827 -0.3227795
v 0.0786392 0.0075257 -0.3234637
v 0.0790953 0.0075257 -0.3234637
v 0.0790953 0.9265125 -0.3234637
v 0.0790953 0.0075257 -0.3234637
v 0.0790953 0.0037628 -0.3224375
v 0.0786392 0.0075257 -0.3234637
v 0.0786392 0.0037628 -0.3224375
v 0.0786392 0.9265125 -0.3234637
v 0.0786392 0.9302754 -0.3224375
v 0.0790953 0.9265125 -0.3234637
v 0.0790953 0.9302754 -0.3224375
v 0.1402129 0.0075827 -0.3227795
v 0.1416382 0.0075257 -0.3234637
v 0.1401559 0.0041049 -0.3218673
v 0.1416382 0.0037628 -0.3224375
v 0.1420373 0.0037628 -0.3224375
v 0.1420373 0.0075257 -0.3234637
v 0.1416382 0.9265125 -0.3234637
v 0.1416382 0.9302754 -0.3224375
v 0.1420373 0.9265125 -0.3234637
v 0.1420373 0.9302754 -0.3224375
v 0.1434626 0.0075827 -0.3227795
v 0.1420373 0.0075257 -0.3234637
v 0.1434626 0.9264555 -0.3227795
v 0.1420373 0.9265125 -0.3234637
v 0.1416382 0.9265125 -0.3234637
v 0.1416382 0.0075257 -0.3234637
v 0.1070885 0.0006271 0.3704942
v 0.1071455 0.0000000 0.3686699
v 0.1135880 0.0006271 0.3704942
v 0.1135310 0.0000000 0.3686699
v 0.1134739 0.0000000 0.3663323
v 0.1072026 0.0000000 0.3663323
v 0.0955720 0.9318147 0.3610872
v 0.1012732 0.9318147 0.3630256
v 0.0955720 0.0022235 0.3610872
v 0.1012732 0.0022235 0.3630256
v 0.1415812 0.0010262 -0.3197009
v 0.1416382 0.0037628 -0.3224375
v 0.1420943 0.0010262 -0.3197009
v 0.1420373 0.0037628 -0.3224375
v 0.0806917 0.0000000 0.3487154
v 0.0799505 0.0000000 0.3493996
v 0.0792093 0.0000000 0.3399925
v 0.0784682 0.0000000 0.3401635
v 0.0845115 0.0000000 0.3553289
v 0.0838274 0.0000000 0.3566972
v 0.0806917 0.0000000 0.3487154
v 0.0799505 0.0000000 0.3493996
v 0.0951159 0.0000000 0.3635957
v 0.0947738 0.0000000 0.3657622
v 0.0895286 0.0000000 0.3602320
v 0.0838274 0.0000000 0.3566972
v 0.0845115 0.0000000 0.3553289
v 0.0889585 0.0000000 0.3620564
v 0.1012732 0.9318147 0.3630256
v 0.1072596 0.9318147 0.3637667
v 0.1012732 0.0022235 0.3630256
v 0.1072596 0.0022235 0.3637667
v 0.1415242 0.0000000 0.3399925
v 0.1422083 0.0000000 0.3401635
v 0.1399848 0.0000000 0.3487154
v 0.1407260 0.0000000 0.3493996
v 0.1072026 0.0000000 0.3663323
v 0.1071455 0.0000000 0.3686699
v 0.1010452 0.0000000 0.3655912
v 0.1008741 0.0000000 0.3679287
v 0.0951159 0.0000000 0.3635957
v 0.0947738 0.0000000 0.3657622
v 0.1415242 0.0000000 -0.3159380
v 0.1421513 0.0000000 -0.3159380
v 0.1415242 0.0000000 0.3399925
v 0.1422083 0.0000000 0.3401635
v 0.1312049 0.0000000 0.3602320
v 0.1317180 0.0000000 0.3620564
v 0.1255606 0.0000000 0.3635957
v 0.1259597 0.0000000 0.3657622
v 0.1415242 0.9340382 0.3399925
v 0.1422083 0.9340382 0.3401635
v 0.1415242 0.9340382 -0.3159380
v 0.1421513 0.9340382 -0.3159380
v 0.1196313 0.0000000 0.3655912
v 0.1198023 0.0000000 0.3679287
v 0.1134739 0.0000000 0.3663323
v 0.1135310 0.0000000 0.3686699
v 0.1399848 0.9340382 0.3487154
v 0.1407260 0.9340382 0.3493996
v 0.1415242 0.9340382 0.3399925
v 0.1422083 0.9340382 0.3401635
v 0.0792093 0.0000000 0.3399925
v 0.0784682 0.0000000 0.3401635
v 0.0791523 0.0000000 -0.3159380
v 0.0785822 0.0000000 -0.3159380
v 0.1399848 0.0000000 0.3487154
v 0.1407260 0.0000000 0.3493996
v 0.1361650 0.0000000 0.3553289
v 0.1368491 0.0000000 0.3566972
v 0.1312049 0.0000000 0.3602320
v 0.1317180 0.0000000 0.3620564
v 0.0810908 0.9318147 0.3395364
v 0.0822880 0.9318147 0.3472331
v 0.0810908 0.0022235 0.3395364
v 0.0822880 0.0022235 0.3472331
v 0.1350817 0.9318147 0.3531054
v 0.1383885 0.9318147 0.3472331
v 0.1350817 0.0022235 0.3531054
v 0.1383885 0.0022235 0.3472331
v 0.0785822 0.9330120 -0.3197009
v 0.0785822 0.9340382 -0.3159380
v 0.0790953 0.9330120 -0.3197009
v 0.0791523 0.9340382 -0.3159380
v 0.1194033 0.9318147 0.3630256
v 0.1251615 0.9318147 0.3610872
v 0.1194033 0.0022235 0.3630256
v 0.1251615 0.0022235 0.3610872
v 0.1251615 0.9318147 0.3610872
v 0.1304637 0.9318147 0.3577804
v 0.1251615 0.0022235 0.3610872
v 0.1304637 0.0022235 0.3577804
v 0.1304637 0.9318147 0.3577804
v 0.1350817 0.9318147 0.3531054
v 0.1304637 0.0022235 0.3577804
v 0.1350817 0.0022235 0.3531054
v 0.1395857 0.0022235 -0.3156530
v 0.1396427 0.0022235 0.3395364
v 0.1395857 0.0030217 -0.3185606
v 0.1395857 0.0049031 -0.3204420
v 0.1395857 0.0078107 -0.3212402
v 0.1395857 0.9262275 -0.3212402
v 0.1395857 0.9291351 -0.3204420
v 0.1395857 0.9310165 -0.3185606
v 0.1395857 0.9318147 -0.3156530
v 0.1396427 0.9318147 0.3395364
v 0.0810908 0.9310165 -0.3185606
v 0.0810908 0.9318147 -0.3156530
v 0.0810908 0.9291351 -0.3204420
v 0.0810908 0.9262275 -0.3212402
v 0.0810908 0.0078107 -0.3212402
v 0.0810908 0.0049031 -0.3204420
v 0.0810908 0.0030217 -0.3185606
v 0.0810908 0.0022235 -0.3156530
v 0.0810908 0.0022235 0.3395364
v 0.0810908 0.9318147 0.3395364
v 0.1383885 0.9318147 0.3472331
v 0.1396427 0.9318147 0.3395364
v 0.1383885 0.0022235 0.3472331
v 0.1396427 0.0022235 0.3395364
v 0.0822880 0.9318147 0.3472331
v 0.0855948 0.9318147 0.3531054
v 0.0822880 0.0022235 0.3472331
v 0.0855948 0.0022235 0.3531054
v 0.0855948 0.9318147 0.3531054
v 0.0902128 0.9318147 0.3577804
v 0.0855948 0.0022235 0.3531054
v 0.0902128 0.0022235 0.3577804
v 0.0902128 0.9318147 0.3577804
v 0.0955720 0.9318147 0.3610872
v 0.0902128 0.0022235 0.3577804
v 0.0955720 0.0022235 0.3610872
v 0.1134169 0.0022235 0.3637667
v 0.1072596 0.0022235 0.3637667
v 0.1134169 0.9318147 0.3637667
v 0.1072596 0.9318147 0.3637667
v 0.1134169 0.9318147 0.3637667
v 0.1194033 0.9318147 0.3630256
v 0.1134169 0.0022235 0.3637667
v 0.1194033 0.0022235 0.3630256
v 0.1135880 0.9334111 0.3704942
v 0.1135310 0.9340382 0.3686699
v 0.1070885 0.9334111 0.3704942
v 0.1071455 0.9340382 0.3686699
v 0.1072026 0.9340382 0.3663323
v 0.1134739 0.9340382 0.3663323
v 0.1134739 0.9340382 0.3663323
v 0.1135310 0.9340382 0.3686699
v 0.1196313 0.9340382 0.3655912
v 0.1198023 0.9340382 0.3679287
v 0.1255606 0.9340382 0.3635957
v 0.1259597 0.9340382 0.3657622
v 0.1255606 0.9340382 0.3635957
v 0.1259597 0.9340382 0.3657622
v 0.1312049 0.9340382 0.3602320
v 0.1317180 0.9340382 0.3620564
v 0.1312049 0.9340382 0.3602320
v 0.1317180 0.9340382 0.3620564
v 0.1361650 0.9340382 0.3553289
v 0.1368491 0.9340382 0.3566972
v 0.1399848 0.9340382 0.3487154
v 0.1407260 0.9340382 0.3493996
v 0.0791523 0.9340382 -0.3159380
v 0.0785822 0.9340382 -0.3159380
v 0.0792093 0.9340382 0.3399925
v 0.0784682 0.9340382 0.3401635
v 0.0792093 0.9340382 0.3399925
v 0.0784682 0.9340382 0.3401635
v 0.0806917 0.9340382 0.3487154
v 0.0799505 0.9340382 0.3493996
v 0.0845115 0.9340382 0.3553289
v 0.0838274 0.9340382 0.3566972
v 0.0895286 0.9340382 0.3602320
v 0.0889585 0.9340382 0.3620564
v 0.0895286 0.9340382 0.3602320
v 0.0889585 0.9340382 0.3620564
v 0.0951159 0.9340382 0.3635957
v 0.0947738 0.9340382 0.3657622
v 0.0951159 0.9340382 0.3635957
v 0.0947738 0.9340382 0.3657622
v 0.1010452 0.9340382 0.3655912
v 0.1008741 0.9340382 0.3679287
v 0.1255606 0.0000000 0.3635957
v 0.1259597 0.0000000 0.3657622
v 0.1196313 0.0000000 0.3655912
v 0.1198023 0.0000000 0.3679287
vt 0.4827403 0.4175188
vt 0.4828215 0.4189808
vt 0.4813595 0.4180061
vt 0.4814407 0.4194681
vt 0.4738058 0.0010922
vt 0.4742120 0.0010922
vt 0.4738058 0.4019241
vt 0.4742120 0.4016804
vt 0.3487235 0.0057219
vt 0.3489672 0.0059655
vt 0.3487235 0.4063101
vt 0.3489672 0.4063101
vt 0.3342660 0.0200982
vt 0.3346721 0.0203419
vt 0.3342660 0.4211738
vt 0.3346721 0.4209301
vt 0.4731561 0.4063101
vt 0.4729124 0.4063101
vt 0.4731561 0.0057219
vt 0.4729124 0.0059655
vt 0.3336974 0.0198546
vt 0.3341035 0.0200982
vt 0.3336974 0.4209301
vt 0.3341035 0.4211738
vt 0.4732373 0.0010922
vt 0.4736434 0.0010922
vt 0.4732373 0.4021678
vt 0.4736434 0.4021678
vt 0.3342660 0.4282402
vt 0.3346721 0.4282402
vt 0.3342660 0.9918415
vt 0.3346721 0.9918415
vt 0.4721814 0.0010922
vt 0.4721002 0.0025542
vt 0.3496982 0.0010922
vt 0.3496982 0.0025542
vt 0.3480738 0.4211738
vt 0.3476677 0.4209301
vt 0.3480738 0.0200982
vt 0.3476677 0.0203419
vt 0.4731561 0.8795111
vt 0.4729124 0.8792674
vt 0.4731561 0.4789228
vt 0.4729124 0.4789228
vt 0.4876136 0.4019241
vt 0.4872075 0.4016804
vt 0.4876136 0.0010922
vt 0.4872075 0.0010922
vt 0.3487235 0.4789228
vt 0.3489672 0.4789228
vt 0.3487235 0.8795111
vt 0.3489672 0.8792674
vt 0.3486423 0.4209301
vt 0.3482362 0.4211738
vt 0.3486423 0.0198546
vt 0.3482362 0.0200982
vt 0.4881822 0.4021678
vt 0.4877761 0.4021678
vt 0.4881822 0.0010922
vt 0.4877761 0.0010922
vt 0.3480738 0.9918415
vt 0.3476677 0.9918415
vt 0.3480738 0.4282402
vt 0.3476677 0.4282402
vt 0.3496982 0.8841407
vt 0.3496982 0.8826787
vt 0.4721814 0.8841407
vt 0.4721002 0.8826787
vt 0.3341848 0.9942781
vt 0.3336974 0.9940345
vt 0.3341848 0.9918415
vt 0.3336974 0.9918415
vt 0.3342660 0.9918415
vt 0.3346721 0.9918415
vt 0.3342660 0.9942781
vt 0.3346721 0.9940345
vt 0.3496982 0.0010922
vt 0.3496982 0.0025542
vt 0.3492109 0.0015796
vt 0.3493733 0.0030415
vt 0.3341035 0.9964711
vt 0.3336974 0.9964711
vt 0.3341848 0.9942781
vt 0.3336974 0.9942781
vt 0.3342660 0.9942781
vt 0.3346721 0.9942781
vt 0.3342660 0.9964711
vt 0.3346721 0.9964711
vt 0.3492109 0.0018232
vt 0.3493733 0.0030415
vt 0.3488860 0.0032852
vt 0.3491297 0.0040162
vt 0.3341035 0.9989078
vt 0.3336974 0.9989078
vt 0.3341035 0.9964711
vt 0.3336974 0.9967148
vt 0.3342660 0.9964711
vt 0.3346721 0.9967148
vt 0.3342660 0.9989078
vt 0.3346721 0.9989078
vt 0.3488048 0.0035289
vt 0.3491297 0.0040162
vt 0.3487235 0.0057219
vt 0.3489672 0.0059655
vt 0.3481550 0.4258035
vt 0.3486423 0.4260471
vt 0.3481550 0.4282402
vt 0.3486423 0.4282402
vt 0.3480738 0.4282402
vt 0.3476677 0.4282402
vt 0.3480738 0.4258035
vt 0.3476677 0.4260471
vt 0.4721814 0.8841407
vt 0.4721002 0.8826787
vt 0.4726687 0.8834097
vt 0.4725063 0.8821914
vt 0.3481550 0.4233668
vt 0.3486423 0.4236105
vt 0.3481550 0.4258035
vt 0.3486423 0.4258035
vt 0.3480738 0.4258035
vt 0.3476677 0.4258035
vt 0.3480738 0.4233668
vt 0.3476677 0.4236105
vt 0.4726687 0.8834097
vt 0.4725063 0.8821914
vt 0.4729936 0.8819477
vt 0.4727500 0.8809731
vt 0.3482362 0.4211738
vt 0.3486423 0.4211738
vt 0.3481550 0.4233668
vt 0.3486423 0.4233668
vt 0.3480738 0.4233668
vt 0.3476677 0.4233668
vt 0.3480738 0.4211738
vt 0.3476677 0.4211738
vt 0.4730748 0.8817041
vt 0.4727500 0.8809731
vt 0.4731561 0.8795111
vt 0.4729124 0.8792674
vt 0.3480738 0.9942781
vt 0.3476677 0.9940345
vt 0.3480738 0.9918415
vt 0.3476677 0.9918415
vt 0.3492109 0.8834097
vt 0.3493733 0.8821914
vt 0.3496982 0.8841407
vt 0.3496982 0.8826787
vt 0.3481550 0.9918415
vt 0.3486423 0.9918415
vt 0.3481550 0.9942781
vt 0.3486423 0.9940345
vt 0.3480738 0.9964711
vt 0.3476677 0.9964711
vt 0.3480738 0.9942781
vt 0.3476677 0.9942781
vt 0.3488860 0.8819477
vt 0.3491297 0.8809731
vt 0.3492109 0.8834097
vt 0.3493733 0.8821914
vt 0.3481550 0.9942781
vt 0.3486423 0.9942781
vt 0.3481550 0.9964711
vt 0.3486423 0.9964711
vt 0.3480738 0.9989078
vt 0.3476677 0.9989078
vt 0.3480738 0.9964711
vt 0.3476677 0.9967148
vt 0.3487235 0.8795111
vt 0.3489672 0.8792674
vt 0.3488048 0.8817041
vt 0.3491297 0.8809731
vt 0.3481550 0.9964711
vt 0.3486423 0.9967148
vt 0.3482362 0.9989078
vt 0.3486423 0.9989078
vt 0.3341035 0.4233668
vt 0.3336974 0.4233668
vt 0.3341035 0.4211738
vt 0.3336974 0.4211738
vt 0.3342660 0.4211738
vt 0.3346721 0.4211738
vt 0.3342660 0.4233668
vt 0.3346721 0.4233668
vt 0.4731561 0.0057219
vt 0.4729124 0.0059655
vt 0.4730748 0.0035289
vt 0.4727500 0.0040162
vt 0.3341848 0.4258035
vt 0.3336974 0.4258035
vt 0.3341035 0.4233668
vt 0.3336974 0.4236105
vt 0.3342660 0.4233668
vt 0.3346721 0.4236105
vt 0.3342660 0.4258035
vt 0.3346721 0.4258035
vt 0.4729936 0.0032852
vt 0.4727500 0.0040162
vt 0.4726687 0.0018232
vt 0.4725063 0.0030415
vt 0.3341848 0.4282402
vt 0.3336974 0.4282402
vt 0.3341848 0.4258035
vt 0.3336974 0.4260471
vt 0.4726687 0.0015796
vt 0.4725063 0.0030415
vt 0.4721814 0.0010922
vt 0.4721002 0.0025542
vt 0.3489672 0.4457841
vt 0.3487235 0.4457841
vt 0.3489672 0.4394488
vt 0.3487235 0.4394488
vt 0.4813595 0.4165441
vt 0.4813595 0.4180061
vt 0.4800600 0.4165441
vt 0.4799787 0.4180061
vt 0.4729124 0.4394488
vt 0.4731561 0.4394488
vt 0.4729124 0.4457841
vt 0.4731561 0.4457841
vt 0.3405201 0.0057219
vt 0.3404389 0.0040162
vt 0.3418197 0.0057219
vt 0.3418197 0.0040162
vt 0.4729124 0.4333572
vt 0.4731561 0.4333572
vt 0.4729124 0.4394488
vt 0.4731561 0.4394488
vt 0.3391393 0.0062092
vt 0.3391393 0.0045036
vt 0.3405201 0.0057219
vt 0.3404389 0.0040162
vt 0.3489672 0.4394488
vt 0.3487235 0.4394488
vt 0.3489672 0.4333572
vt 0.3487235 0.4333572
vt 0.4800600 0.4165441
vt 0.4799787 0.4180061
vt 0.4786792 0.4160568
vt 0.4786792 0.4175188
vt 0.4729124 0.4272655
vt 0.4731561 0.4275091
vt 0.4729124 0.4333572
vt 0.4731561 0.4333572
vt 0.3379210 0.0071839
vt 0.3377585 0.0057219
vt 0.3391393 0.0062092
vt 0.3391393 0.0045036
vt 0.3489672 0.4333572
vt 0.3487235 0.4333572
vt 0.3489672 0.4272655
vt 0.3487235 0.4275091
vt 0.4786792 0.4160568
vt 0.4786792 0.4175188
vt 0.4774608 0.4148384
vt 0.4772984 0.4163005
vt 0.4729124 0.4216611
vt 0.4731561 0.4219048
vt 0.4729124 0.4272655
vt 0.4731561 0.4272655
vt 0.3367839 0.0091332
vt 0.3365402 0.0079149
vt 0.3379210 0.0071839
vt 0.3377585 0.0057219
vt 0.3489672 0.4272655
vt 0.3487235 0.4272655
vt 0.3489672 0.4216611
vt 0.3487235 0.4219048
vt 0.4774608 0.4148384
vt 0.4772984 0.4163005
vt 0.4763237 0.4128891
vt 0.4760801 0.4143511
vt 0.4729124 0.4160568
vt 0.4731561 0.4165441
vt 0.4729124 0.4216611
vt 0.4731561 0.4216611
vt 0.3357280 0.0120572
vt 0.3354843 0.0108389
vt 0.3367026 0.0093769
vt 0.3365402 0.0079149
vt 0.3489672 0.4216611
vt 0.3487235 0.4216611
vt 0.3489672 0.4160568
vt 0.3487235 0.4165441
vt 0.4762425 0.4128891
vt 0.4760801 0.4143511
vt 0.4752678 0.4102088
vt 0.4750242 0.4114271
vt 0.4729124 0.4111834
vt 0.4731561 0.4114271
vt 0.4729124 0.4160568
vt 0.4731561 0.4160568
vt 0.3349970 0.0154686
vt 0.3345909 0.0147376
vt 0.3357280 0.0120572
vt 0.3354843 0.0108389
vt 0.3489672 0.4160568
vt 0.3487235 0.4160568
vt 0.3489672 0.4111834
vt 0.3487235 0.4114271
vt 0.4751866 0.4099651
vt 0.4750242 0.4114271
vt 0.4745368 0.4065538
vt 0.4741307 0.4072848
vt 0.4729124 0.4063101
vt 0.4731561 0.4063101
vt 0.4729124 0.4111834
vt 0.4731561 0.4111834
vt 0.3346721 0.0203419
vt 0.3342660 0.0200982
vt 0.3349970 0.0157122
vt 0.3345909 0.0147376
vt 0.3489672 0.4111834
vt 0.3487235 0.4111834
vt 0.3489672 0.4063101
vt 0.3487235 0.4063101
vt 0.4744556 0.4063101
vt 0.4741307 0.4072848
vt 0.4742120 0.4016804
vt 0.4738058 0.4019241
vt 0.4729124 0.4740495
vt 0.4731561 0.4740495
vt 0.4729124 0.4789228
vt 0.4731561 0.4786792
vt 0.3473428 0.0157122
vt 0.3477489 0.0147376
vt 0.3476677 0.0203419
vt 0.3480738 0.0200982
vt 0.3489672 0.4789228
vt 0.3487235 0.4786792
vt 0.3489672 0.4740495
vt 0.3487235 0.4740495
vt 0.4872075 0.4016804
vt 0.4876136 0.4019241
vt 0.4868826 0.4063101
vt 0.4872887 0.4072848
vt 0.4729124 0.4691761
vt 0.4731561 0.4691761
vt 0.4729124 0.4740495
vt 0.4731561 0.4738058
vt 0.3466118 0.0120572
vt 0.3468554 0.0108389
vt 0.3473428 0.0154686
vt 0.3477489 0.0147376
vt 0.3489672 0.4740495
vt 0.3487235 0.4738058
vt 0.3489672 0.4691761
vt 0.3487235 0.4691761
vt 0.4868826 0.4065538
vt 0.4872887 0.4072848
vt 0.4861516 0.4099651
vt 0.4863953 0.4114271
vt 0.4729124 0.4635718
vt 0.4731561 0.4635718
vt 0.4729124 0.4691761
vt 0.4731561 0.4686888
vt 0.3456371 0.0093769
vt 0.3457995 0.0079149
vt 0.3465305 0.0120572
vt 0.3468554 0.0108389
vt 0.3489672 0.4691761
vt 0.3487235 0.4686888
vt 0.3489672 0.4635718
vt 0.3487235 0.4635718
vt 0.4860704 0.4102088
vt 0.4863953 0.4114271
vt 0.4851770 0.4128891
vt 0.4853394 0.4143511
vt 0.4729124 0.4577238
vt 0.4731561 0.4577238
vt 0.4729124 0.4635718
vt 0.4731561 0.4633282
vt 0.3444188 0.0071839
vt 0.3445000 0.0057219
vt 0.3455559 0.0091332
vt 0.3457995 0.0079149
vt 0.3489672 0.4635718
vt 0.3487235 0.4633282
vt 0.3489672 0.4577238
vt 0.3487235 0.4577238
vt 0.4850957 0.4128891
vt 0.4853394 0.4143511
vt 0.4839586 0.4148384
vt 0.4840398 0.4163005
vt 0.4729124 0.4518758
vt 0.4731561 0.4518758
vt 0.4729124 0.4577238
vt 0.4731561 0.4574802
vt 0.3432004 0.0062092
vt 0.3432004 0.0045036
vt 0.3444188 0.0071839
vt 0.3445000 0.0057219
vt 0.3489672 0.4577238
vt 0.3487235 0.4574802
vt 0.3489672 0.4518758
vt 0.3487235 0.4518758
vt 0.4839586 0.4148384
vt 0.4840398 0.4163005
vt 0.4827403 0.4160568
vt 0.4827403 0.4175188
vt 0.4729124 0.4457841
vt 0.4731561 0.4457841
vt 0.4729124 0.4518758
vt 0.4731561 0.4516322
vt 0.3418197 0.0057219
vt 0.3418197 0.0040162
vt 0.3431192 0.0062092
vt 0.3432004 0.0045036
vt 0.3489672 0.4518758
vt 0.3487235 0.4516322
vt 0.3489672 0.4457841
vt 0.3487235 0.4457841
vt 0.4826591 0.4160568
vt 0.4827403 0.4175188
vt 0.4813595 0.4165441
vt 0.4813595 0.4180061
vt 0.3390581 0.0030415
vt 0.3390581 0.0015796
vt 0.3404389 0.0025542
vt 0.3404389 0.0010922
vt 0.4799787 0.4194681
vt 0.4799787 0.4211738
vt 0.4785980 0.4189808
vt 0.4785167 0.4206865
vt 0.3376773 0.0045036
vt 0.3375961 0.0027979
vt 0.3390581 0.0030415
vt 0.3389769 0.0015796
vt 0.4785980 0.4189808
vt 0.4785167 0.4204428
vt 0.4772172 0.4177625
vt 0.4771360 0.4192245
vt 0.3364590 0.0066966
vt 0.3362965 0.0052345
vt 0.3376773 0.0045036
vt 0.3375149 0.0030415
vt 0.4772172 0.4177625
vt 0.4770547 0.4192245
vt 0.4759988 0.4155695
vt 0.4758364 0.4170314
vt 0.3353219 0.0101079
vt 0.3350782 0.0086459
vt 0.3364590 0.0066966
vt 0.3362153 0.0054782
vt 0.4759988 0.4155695
vt 0.4757552 0.4167878
vt 0.4748617 0.4121581
vt 0.4746181 0.4136201
vt 0.3344284 0.0144939
vt 0.3341035 0.0135192
vt 0.3353219 0.0101079
vt 0.3349970 0.0088896
vt 0.4748617 0.4121581
vt 0.4745368 0.4131328
vt 0.4739683 0.4077721
vt 0.4736434 0.4087468
vt 0.3341035 0.0200982
vt 0.3336974 0.0198546
vt 0.3344284 0.0144939
vt 0.3341035 0.0137629
vt 0.4739683 0.4077721
vt 0.4735622 0.4082595
vt 0.4736434 0.4021678
vt 0.4732373 0.4024115
vt 0.3479113 0.0144939
vt 0.3482362 0.0137629
vt 0.3482362 0.0200982
vt 0.3486423 0.0198546
vt 0.4877761 0.4021678
vt 0.4881822 0.4024115
vt 0.4874512 0.4077721
vt 0.4877761 0.4082595
vt 0.3470179 0.0101079
vt 0.3473428 0.0088896
vt 0.3479113 0.0144939
vt 0.3482362 0.0135192
vt 0.4874512 0.4077721
vt 0.4877761 0.4087468
vt 0.4865577 0.4121581
vt 0.4868826 0.4131328
vt 0.3458808 0.0066966
vt 0.3461244 0.0054782
vt 0.3470179 0.0101079
vt 0.3472615 0.0086459
vt 0.4865577 0.4121581
vt 0.4868014 0.4136201
vt 0.4854206 0.4155695
vt 0.4856643 0.4167878
vt 0.3445812 0.0045036
vt 0.3448249 0.0030415
vt 0.3458808 0.0066966
vt 0.3460432 0.0052345
vt 0.4854206 0.4155695
vt 0.4855831 0.4170314
vt 0.4841211 0.4177625
vt 0.4843647 0.4192245
vt 0.3432817 0.0030415
vt 0.3433629 0.0015796
vt 0.3445812 0.0045036
vt 0.3447437 0.0027979
vt 0.4841211 0.4177625
vt 0.4842835 0.4192245
vt 0.4828215 0.4189808
vt 0.4829027 0.4204428
vt 0.3419009 0.0025542
vt 0.3419009 0.0010922
vt 0.3432817 0.0030415
vt 0.3432817 0.0015796
vt 0.4828215 0.4189808
vt 0.4828215 0.4206865
vt 0.4814407 0.4194681
vt 0.4814407 0.4211738
vt 0.3481550 0.9942781
vt 0.3481550 0.9964711
vt 0.3480738 0.9942781
vt 0.3480738 0.9964711
vt 0.3342660 0.9964711
vt 0.3342660 0.9989078
vt 0.3341035 0.9964711
vt 0.3341035 0.9989078
vt 0.3342660 0.9942781
vt 0.3342660 0.9964711
vt 0.3341848 0.9942781
vt 0.3341035 0.9964711
vt 0.3480738 0.4233668
vt 0.3480738 0.4211738
vt 0.3481550 0.4233668
vt 0.3482362 0.4211738
vt 0.3342660 0.4211738
vt 0.3342660 0.4233668
vt 0.3341035 0.4211738
vt 0.3341035 0.4233668
vt 0.3480738 0.4258035
vt 0.3480738 0.4233668
vt 0.3481550 0.4258035
vt 0.3481550 0.4233668
vt 0.3486423 0.9918415
vt 0.3481550 0.9918415
vt 0.3486423 0.4282402
vt 0.3481550 0.4282402
vt 0.3480738 0.4282402
vt 0.3480738 0.9918415
vt 0.3480738 0.4282402
vt 0.3480738 0.4258035
vt 0.3481550 0.4282402
vt 0.3481550 0.4258035
vt 0.3481550 0.9918415
vt 0.3481550 0.9942781
vt 0.3480738 0.9918415
vt 0.3480738 0.9942781
vt 0.3346721 0.4282402
vt 0.3342660 0.4282402
vt 0.3346721 0.4260471
vt 0.3342660 0.4258035
vt 0.3341848 0.4258035
vt 0.3341848 0.4282402
vt 0.3342660 0.9918415
vt 0.3342660 0.9942781
vt 0.3341848 0.9918415
vt 0.3341848 0.9942781
vt 0.3336974 0.4282402
vt 0.3341848 0.4282402
vt 0.3336974 0.9918415
vt 0.3341848 0.9918415
vt 0.3342660 0.9918415
vt 0.3342660 0.4282402
vt 0.3419009 0.0010922
vt 0.3419009 0.0025542
vt 0.3404389 0.0010922
vt 0.3404389 0.0025542
vt 0.3404389 0.0040162
vt 0.3418197 0.0040162
vt 0.3489672 0.4577238
vt 0.3489672 0.4518758
vt 0.4729124 0.4577238
vt 0.4729124 0.4518758
vt 0.3342660 0.4233668
vt 0.3342660 0.4258035
vt 0.3341035 0.4233668
vt 0.3341848 0.4258035
vt 0.3477489 0.0147376
vt 0.3479113 0.0144939
vt 0.3480738 0.0200982
vt 0.3482362 0.0200982
vt 0.3468554 0.0108389
vt 0.3470179 0.0101079
vt 0.3477489 0.0147376
vt 0.3479113 0.0144939
vt 0.3445000 0.0057219
vt 0.3445812 0.0045036
vt 0.3457995 0.0079149
vt 0.3470179 0.0101079
vt 0.3468554 0.0108389
vt 0.3458808 0.0066966
vt 0.3489672 0.4518758
vt 0.3489672 0.4457841
vt 0.4729124 0.4518758
vt 0.4729124 0.4457841
vt 0.3342660 0.0200982
vt 0.3341035 0.0200982
vt 0.3345909 0.0147376
vt 0.3344284 0.0144939
vt 0.3418197 0.0040162
vt 0.3419009 0.0025542
vt 0.3432004 0.0045036
vt 0.3432817 0.0030415
vt 0.3445000 0.0057219
vt 0.3445812 0.0045036
vt 0.3342660 0.4211738
vt 0.3341035 0.4211738
vt 0.3342660 0.0200982
vt 0.3341035 0.0200982
vt 0.3365402 0.0079149
vt 0.3364590 0.0066966
vt 0.3377585 0.0057219
vt 0.3376773 0.0045036
vt 0.4738058 0.4019241
vt 0.4736434 0.4021678
vt 0.4738058 0.0010922
vt 0.4736434 0.0010922
vt 0.3391393 0.0045036
vt 0.3390581 0.0030415
vt 0.3404389 0.0040162
vt 0.3404389 0.0025542
vt 0.4741307 0.4072848
vt 0.4739683 0.4077721
vt 0.4738058 0.4019241
vt 0.4736434 0.4021678
vt 0.3480738 0.0200982
vt 0.3482362 0.0200982
vt 0.3480738 0.4211738
vt 0.3482362 0.4211738
vt 0.3345909 0.0147376
vt 0.3344284 0.0144939
vt 0.3354843 0.0108389
vt 0.3353219 0.0101079
vt 0.3365402 0.0079149
vt 0.3364590 0.0066966
vt 0.3489672 0.4789228
vt 0.3489672 0.4740495
vt 0.4729124 0.4789228
vt 0.4729124 0.4740495
vt 0.3489672 0.4160568
vt 0.3489672 0.4111834
vt 0.4729124 0.4160568
vt 0.4729124 0.4111834
vt 0.3481550 0.9964711
vt 0.3482362 0.9989078
vt 0.3480738 0.9964711
vt 0.3480738 0.9989078
vt 0.3489672 0.4333572
vt 0.3489672 0.4272655
vt 0.4729124 0.4333572
vt 0.4729124 0.4272655
vt 0.3489672 0.4272655
vt 0.3489672 0.4216611
vt 0.4729124 0.4272655
vt 0.4729124 0.4216611
vt 0.3489672 0.4216611
vt 0.3489672 0.4160568
vt 0.4729124 0.4216611
vt 0.4729124 0.4160568
vt 0.4729124 0.0059655
vt 0.4729124 0.4063101
vt 0.4727500 0.0040162
vt 0.4725063 0.0030415
vt 0.4721002 0.0025542
vt 0.3496982 0.0025542
vt 0.3493733 0.0030415
vt 0.3491297 0.0040162
vt 0.3489672 0.0059655
vt 0.3489672 0.4063101
vt 0.3491297 0.8809731
vt 0.3489672 0.8792674
vt 0.3493733 0.8821914
vt 0.3496982 0.8826787
vt 0.4721002 0.8826787
vt 0.4725063 0.8821914
vt 0.4727500 0.8809731
vt 0.4729124 0.8792674
vt 0.4729124 0.4789228
vt 0.3489672 0.4789228
vt 0.3489672 0.4111834
vt 0.3489672 0.4063101
vt 0.4729124 0.4111834
vt 0.4729124 0.4063101
vt 0.3489672 0.4740495
vt 0.3489672 0.4691761
vt 0.4729124 0.4740495
vt 0.4729124 0.4691761
vt 0.3489672 0.4691761
vt 0.3489672 0.4635718
vt 0.4729124 0.4691761
vt 0.4729124 0.4635718
vt 0.3489672 0.4635718
vt 0.3489672 0.4577238
vt 0.4729124 0.4635718
vt 0.4729124 0.4577238
vt 0.4729124 0.4394488
vt 0.4729124 0.4457841
vt 0.3489672 0.4394488
vt 0.3489672 0.4457841
vt 0.3489672 0.4394488
vt 0.3489672 0.4333572
vt 0.4729124 0.4394488
vt 0.4729124 0.4333572
vt 0.4799787 0.4211738
vt 0.4799787 0.4194681
vt 0.4814407 0.4211738
vt 0.4814407 0.4194681
vt 0.4813595 0.4180061
vt 0.4799787 0.4180061
vt 0.4799787 0.4180061
vt 0.4799787 0.4194681
vt 0.4786792 0.4175188
vt 0.4785980 0.4189808
vt 0.4772984 0.4163005
vt 0.4772172 0.4177625
vt 0.4772984 0.4163005
vt 0.4772172 0.4177625
vt 0.4760801 0.4143511
vt 0.4759988 0.4155695
vt 0.4760801 0.4143511
vt 0.4759988 0.4155695
vt 0.4750242 0.4114271
vt 0.4748617 0.4121581
vt 0.4741307 0.4072848
vt 0.4739683 0.4077721
vt 0.4876136 0.0010922
vt 0.4877761 0.0010922
vt 0.4876136 0.4019241
vt 0.4877761 0.4021678
vt 0.4876136 0.4019241
vt 0.4877761 0.4021678
vt 0.4872887 0.4072848
vt 0.4874512 0.4077721
vt 0.4863953 0.4114271
vt 0.4865577 0.4121581
vt 0.4853394 0.4143511
vt 0.4854206 0.4155695
vt 0.4853394 0.4143511
vt 0.4854206 0.4155695
vt 0.4840398 0.4163005
vt 0.4841211 0.4177625
vt 0.4840398 0.4163005
vt 0.4841211 0.4177625
vt 0.4827403 0.4175188
vt 0.4828215 0.4189808
vt 0.3377585 0.0057219
vt 0.3376773 0.0045036
vt 0.3391393 0.0045036
vt 0.3390581 0.0030415
vn 0.0344595 0.9878378 -0.1516216
vn -0.0369791 0.9868804 0.1571612
vn 0.0090039 0.9881750 -0.1530659
vn -0.0090208 0.9877776 0.1556087
vn -0.3110391 0.9503971 0.0000000
vn -0.7588669 0.6512458 0.0000000
vn -0.3110391 0.9503971 0.0000000
vn -0.7588669 0.6512458 0.0000000
vn -0.7588669 0.6512458 0.0000000
vn -1.0000000 0.0000000 0.0000000
vn -0.7588669 0.6512458 0.0000000
vn -0.9999981 0.0000000 -0.0019608
vn -0.3110391 -0.9503971 0.0000000
vn -0.7588669 -0.6512458 0.0000000
vn -0.3110391 -0.9503971 0.0000000
vn -0.7588669 -0.6512458 0.0000000
vn -0.7588669 -0.6512458 0.0000000
vn -0.9999981 0.0000000 -0.0019608
vn -0.7588669 -0.6512458 0.0000000
vn -1.0000000 0.0000000 0.0000000
vn 0.7588669 -0.6512458 0.0000000
vn 0.3110391 -0.9503971 0.0000000
vn 0.7588669 -0.6512458 0.0000000
vn 0.3110391 -0.9503971 0.0000000
vn 0.7588669 0.6512458 0.0000000
vn 0.3110391 0.9503971 0.0000000
vn 0.7588669 0.6512458 0.0000000
vn 0.3110391 0.9503971 0.0000000
vn -0.3349111 0.0000000 -0.9422497
vn -0.7381862 0.0000000 -0.6745970
vn -0.3349111 0.0000000 -0.9422497
vn -0.7381862 0.0000000 -0.6745970
vn -0.7381862 0.0000000 -0.6745970
vn -1.0000000 0.0000000 0.0000000
vn -0.7381862 0.0000000 -0.6745970
vn -1.0000000 0.0000000 0.0000000
vn 0.3110391 -0.9503971 0.0000000
vn 0.7588669 -0.6512458 0.0000000
vn 0.3110391 -0.9503971 0.0000000
vn 0.7588669 -0.6512458 0.0000000
vn 0.7588669 -0.6512458 0.0000000
vn 1.0000000 0.0000000 0.0000000
vn 0.7588669 -0.6512458 0.0000000
vn 0.9999981 0.0000000 -0.0019608
vn 0.3110391 0.9503971 0.0000000
vn 0.7588669 0.6512458 0.0000000
vn 0.3110391 0.9503971 0.0000000
vn 0.7588669 0.6512458 0.0000000
vn 0.7588669 0.6512458 0.0000000
vn 0.9999981 0.0000000 -0.0019608
vn 0.7588669 0.6512458 0.0000000
vn 1.0000000 0.0000000 0.0000000
vn -0.7588669 -0.6512458 0.0000000
vn -0.3110391 -0.9503971 0.0000000
vn -0.7588669 -0.6512458 0.0000000
vn -0.3110391 -0.9503971 0.0000000
vn -0.7588669 0.6512458 0.0000000
vn -0.3110391 0.9503971 0.0000000
vn -0.7588669 0.6512458 0.0000000
vn -0.3110391 0.9503971 0.0000000
vn 0.3349111 0.0000000 -0.9422497
vn 0.7381861 0.0000000 -0.6745971
vn 0.3349111 0.0000000 -0.9422497
vn 0.7381861 0.0000000 -0.6745971
vn 0.7381861 0.0000000 -0.6745971
vn 1.0000000 0.0000000 0.0000000
vn 0.7381861 0.0000000 -0.6745971
vn 1.0000000 0.0000000 0.0000000
vn 0.3439543 0.4713447 -0.8121143
vn 0.7316735 0.3381956 -0.5918425
vn 0.3349111 0.0000000 -0.9422497
vn 0.7355451 0.0000000 -0.6774758
vn -0.3349111 0.0000000 -0.9422497
vn -0.7381862 0.0000000 -0.6745970
vn -0.3439543 0.4713447 -0.8121143
vn -0.7316733 0.3381957 -0.5918427
vn -0.7381862 0.0000000 -0.6745970
vn -1.0000000 0.0000000 0.0000000
vn -0.7316733 0.3381957 -0.5918427
vn -1.0000000 0.0000000 0.0000000
vn 0.3365690 0.8160210 -0.4699266
vn 0.7374757 0.5847824 -0.3378743
vn 0.3439543 0.4713447 -0.8121143
vn 0.7316735 0.3381956 -0.5918425
vn -0.3439543 0.4713447 -0.8121143
vn -0.7316733 0.3381957 -0.5918427
vn -0.3365691 0.8160211 -0.4699265
vn -0.7374757 0.5847824 -0.3378744
vn -0.7316733 0.3381957 -0.5918427
vn -1.0000000 0.0000000 0.0000000
vn -0.7374757 0.5847824 -0.3378744
vn -1.0000000 0.0000000 0.0000000
vn 0.3110391 0.9503971 0.0000000
vn 0.7588669 0.6512458 0.0000000
vn 0.3365690 0.8160210 -0.4699266
vn 0.7374757 0.5847824 -0.3378743
vn -0.3365691 0.8160211 -0.4699265
vn -0.7374757 0.5847824 -0.3378744
vn -0.3110391 0.9503971 0.0000000
vn -0.7588669 0.6512458 0.0000000
vn -0.7374757 0.5847824 -0.3378744
vn -1.0000000 0.0000000 0.0000000
vn -0.7588669 0.6512458 0.0000000
vn -1.0000000 0.0000000 0.0000000
vn -0.3439543 -0.4713447 -0.8121143
vn -0.7316735 -0.3381957 -0.5918426
vn -0.3349111 0.0000000 -0.9422497
vn -0.7355452 0.0000000 -0.6774757
vn 0.3349111 0.0000000 -0.9422497
vn 0.7381861 0.0000000 -0.6745971
vn 0.3439542 -0.4713448 -0.8121142
vn 0.7316735 -0.3381957 -0.5918426
vn 0.7381861 0.0000000 -0.6745971
vn 1.0000000 0.0000000 0.0000000
vn 0.7316735 -0.3381957 -0.5918426
vn 1.0000000 0.0000000 0.0000000
vn -0.3365691 -0.8160211 -0.4699265
vn -0.7374757 -0.5847824 -0.3378743
vn -0.3439543 -0.4713447 -0.8121143
vn -0.7316735 -0.3381957 -0.5918426
vn 0.3439542 -0.4713448 -0.8121142
vn 0.7316735 -0.3381957 -0.5918426
vn 0.3365690 -0.8160210 -0.4699266
vn 0.7374756 -0.5847825 -0.3378743
vn 0.7316735 -0.3381957 -0.5918426
vn 1.0000000 0.0000000 0.0000000
vn 0.7374756 -0.5847825 -0.3378743
vn 1.0000000 0.0000000 0.0000000
vn -0.3110391 -0.9503971 0.0000000
vn -0.7588669 -0.6512458 0.0000000
vn -0.3365691 -0.8160211 -0.4699265
vn -0.7374757 -0.5847824 -0.3378743
vn 0.3365690 -0.8160210 -0.4699266
vn 0.7374756 -0.5847825 -0.3378743
vn 0.3110391 -0.9503971 0.0000000
vn 0.7588669 -0.6512458 0.0000000
vn 0.7374756 -0.5847825 -0.3378743
vn 1.0000000 0.0000000 0.0000000
vn 0.7588669 -0.6512458 0.0000000
vn 1.0000000 0.0000000 0.0000000
vn 0.3439543 0.4713447 -0.8121143
vn 0.7316735 0.3381956 -0.5918425
vn 0.3349111 0.0000000 -0.9422497
vn 0.7381861 0.0000000 -0.6745971
vn 0.7316735 0.3381956 -0.5918425
vn 1.0000000 0.0000000 0.0000000
vn 0.7381861 0.0000000 -0.6745971
vn 1.0000000 0.0000000 0.0000000
vn -0.3349111 0.0000000 -0.9422497
vn -0.7355452 0.0000000 -0.6774757
vn -0.3439543 0.4713447 -0.8121143
vn -0.7316733 0.3381957 -0.5918427
vn 0.3365690 0.8160210 -0.4699266
vn 0.7374757 0.5847824 -0.3378743
vn 0.3439543 0.4713447 -0.8121143
vn 0.7316735 0.3381956 -0.5918425
vn 0.7374757 0.5847824 -0.3378743
vn 1.0000000 0.0000000 0.0000000
vn 0.7316735 0.3381956 -0.5918425
vn 1.0000000 0.0000000 0.0000000
vn -0.3439543 0.4713447 -0.8121143
vn -0.7316733 0.3381957 -0.5918427
vn -0.3365691 0.8160211 -0.4699265
vn -0.7374757 0.5847824 -0.3378744
vn 0.3110391 0.9503971 0.0000000
vn 0.7588669 0.6512458 0.0000000
vn 0.3365690 0.8160210 -0.4699266
vn 0.7374757 0.5847824 -0.3378743
vn 0.7588669 0.6512458 0.0000000
vn 1.0000000 0.0000000 0.0000000
vn 0.7374757 0.5847824 -0.3378743
vn 1.0000000 0.0000000 0.0000000
vn -0.3365691 0.8160211 -0.4699265
vn -0.7374757 0.5847824 -0.3378744
vn -0.3110391 0.9503971 0.0000000
vn -0.7588669 0.6512458 0.0000000
vn 0.3365690 -0.8160210 -0.4699266
vn 0.7374756 -0.5847825 -0.3378743
vn 0.3110391 -0.9503971 0.0000000
vn 0.7588669 -0.6512458 0.0000000
vn -0.3110391 -0.9503971 0.0000000
vn -0.7588669 -0.6512458 0.0000000
vn -0.3365691 -0.8160211 -0.4699265
vn -0.7374757 -0.5847824 -0.3378743
vn -0.7588669 -0.6512458 0.0000000
vn -1.0000000 0.0000000 0.0000000
vn -0.7374757 -0.5847824 -0.3378743
vn -1.0000000 0.0000000 0.0000000
vn 0.3439542 -0.4713448 -0.8121142
vn 0.7316735 -0.3381957 -0.5918426
vn 0.3365690 -0.8160210 -0.4699266
vn 0.7374756 -0.5847825 -0.3378743
vn -0.3365691 -0.8160211 -0.4699265
vn -0.7374757 -0.5847824 -0.3378743
vn -0.3439543 -0.4713447 -0.8121143
vn -0.7316735 -0.3381957 -0.5918426
vn -0.7374757 -0.5847824 -0.3378743
vn -1.0000000 0.0000000 0.0000000
vn -0.7316735 -0.3381957 -0.5918426
vn -1.0000000 0.0000000 0.0000000
vn 0.3349111 0.0000000 -0.9422497
vn 0.7355451 0.0000000 -0.6774758
vn 0.3439542 -0.4713448 -0.8121142
vn 0.7316735 -0.3381957 -0.5918426
vn -0.7316735 -0.3381957 -0.5918426
vn -1.0000000 0.0000000 0.0000000
vn -0.7381862 0.0000000 -0.6745970
vn -1.0000000 0.0000000 0.0000000
vn 0.0600574 0.0000000 -0.9981949
vn 0.0367961 0.7557374 -0.6538402
vn -0.0600574 0.0000000 -0.9981949
vn -0.0367961 0.7557373 -0.6538403
vn 0.0367961 0.7557374 -0.6538402
vn 0.0090039 0.9881750 -0.1530659
vn -0.0367961 0.7557373 -0.6538403
vn -0.0090039 0.9881750 -0.1530658
vn -0.0600574 0.0000000 -0.9981949
vn -0.0367962 -0.7557374 -0.6538402
vn 0.0600574 0.0000000 -0.9981949
vn 0.0367961 -0.7557374 -0.6538402
vn -0.0367962 -0.7557374 -0.6538402
vn -0.0090039 -0.9881750 -0.1530658
vn 0.0367961 -0.7557374 -0.6538402
vn 0.0090038 -0.9881750 -0.1530659
vn -0.2226339 0.0000000 -0.9749021
vn -0.1445619 -0.7559384 -0.6384818
vn -0.0600574 0.0000000 -0.9981949
vn -0.0367962 -0.7557374 -0.6538402
vn -0.1445619 -0.7559384 -0.6384818
vn -0.0344595 -0.9878378 -0.1516216
vn -0.0367962 -0.7557374 -0.6538402
vn -0.0090039 -0.9881750 -0.1530658
vn -0.0600574 0.0000000 -0.9981949
vn -0.0367961 0.7557373 -0.6538403
vn -0.2226339 0.0000000 -0.9749021
vn -0.1445619 0.7559384 -0.6384818
vn -0.0367961 0.7557373 -0.6538403
vn -0.0090039 0.9881750 -0.1530658
vn -0.1445619 0.7559384 -0.6384818
vn -0.0344595 0.9878378 -0.1516216
vn -0.4273022 0.0000000 -0.9041088
vn -0.2807893 -0.7466441 -0.6030588
vn -0.2226339 0.0000000 -0.9749021
vn -0.1445619 -0.7559384 -0.6384818
vn -0.2807893 -0.7466441 -0.6030588
vn -0.0684181 -0.9861645 -0.1509917
vn -0.1445619 -0.7559384 -0.6384818
vn -0.0344595 -0.9878378 -0.1516216
vn -0.2226339 0.0000000 -0.9749021
vn -0.1445619 0.7559384 -0.6384818
vn -0.4273022 0.0000000 -0.9041088
vn -0.2807893 0.7466441 -0.6030588
vn -0.1445619 0.7559384 -0.6384818
vn -0.0344595 0.9878378 -0.1516216
vn -0.2807893 0.7466441 -0.6030588
vn -0.0684181 0.9861645 -0.1509917
vn -0.6243595 0.0000000 -0.7811371
vn -0.4229493 -0.7335527 -0.5319909
vn -0.4273022 0.0000000 -0.9041088
vn -0.2807893 -0.7466441 -0.6030588
vn -0.4229493 -0.7335527 -0.5319909
vn -0.1140874 -0.9830937 -0.1432161
vn -0.2807893 -0.7466441 -0.6030588
vn -0.0684181 -0.9861645 -0.1509917
vn -0.4273022 0.0000000 -0.9041088
vn -0.2807893 0.7466441 -0.6030588
vn -0.6243595 0.0000000 -0.7811371
vn -0.4229493 0.7335527 -0.5319909
vn -0.2807893 0.7466441 -0.6030588
vn -0.0684181 0.9861645 -0.1509917
vn -0.4229493 0.7335527 -0.5319909
vn -0.1140874 0.9830937 -0.1432162
vn -0.8000000 0.0000000 -0.6000000
vn -0.5610285 -0.7104148 -0.4249210
vn -0.6243595 0.0000000 -0.7811371
vn -0.4229493 -0.7335527 -0.5319909
vn -0.5610285 -0.7104148 -0.4249210
vn -0.1698891 -0.9768622 -0.1299151
vn -0.4229493 -0.7335527 -0.5319909
vn -0.1140874 -0.9830937 -0.1432161
vn -0.6243595 0.0000000 -0.7811371
vn -0.4229493 0.7335527 -0.5319909
vn -0.8000000 0.0000000 -0.6000000
vn -0.5610285 0.7104148 -0.4249210
vn -0.4229493 0.7335527 -0.5319909
vn -0.1140874 0.9830937 -0.1432162
vn -0.5610285 0.7104148 -0.4249210
vn -0.1698891 0.9768622 -0.1299151
vn -0.9474359 0.0000000 -0.3199456
vn -0.6943104 -0.6785306 -0.2398527
vn -0.8000000 0.0000000 -0.6000000
vn -0.5610285 -0.7104148 -0.4249210
vn -0.6943104 -0.6785306 -0.2398527
vn -0.2458581 -0.9656903 -0.0836424
vn -0.5610285 -0.7104148 -0.4249210
vn -0.1698891 -0.9768622 -0.1299151
vn -0.8000000 0.0000000 -0.6000000
vn -0.5610285 0.7104148 -0.4249210
vn -0.9474359 0.0000000 -0.3199456
vn -0.6943104 0.6785306 -0.2398527
vn -0.5610285 0.7104148 -0.4249210
vn -0.1698891 0.9768622 -0.1299151
vn -0.6943104 0.6785306 -0.2398527
vn -0.2434221 0.9660814 -0.0862120
vn -0.9999981 0.0000000 -0.0019608
vn -0.7588669 -0.6512458 0.0000000
vn -0.9474359 0.0000000 -0.3199456
vn -0.6943104 -0.6785306 -0.2398527
vn -0.7588669 -0.6512458 0.0000000
vn -0.3110391 -0.9503971 0.0000000
vn -0.6943104 -0.6785306 -0.2398527
vn -0.2458581 -0.9656903 -0.0836424
vn -0.9474359 0.0000000 -0.3199456
vn -0.6943104 0.6785306 -0.2398527
vn -0.9999981 0.0000000 -0.0019608
vn -0.7588669 0.6512458 0.0000000
vn -0.6943104 0.6785306 -0.2398527
vn -0.2458581 0.9656903 -0.0836424
vn -0.7588669 0.6512458 0.0000000
vn -0.3110391 0.9503971 0.0000000
vn 0.9474359 0.0000000 -0.3199456
vn 0.6943104 -0.6785306 -0.2398527
vn 0.9999981 0.0000000 -0.0019608
vn 0.7588669 -0.6512458 0.0000000
vn 0.6943104 -0.6785306 -0.2398527
vn 0.2458581 -0.9656903 -0.0836424
vn 0.7588669 -0.6512458 0.0000000
vn 0.3110391 -0.9503971 0.0000000
vn 0.9999981 0.0000000 -0.0019608
vn 0.7588669 0.6512458 0.0000000
vn 0.9474359 0.0000000 -0.3199456
vn 0.6943104 0.6785305 -0.2398527
vn 0.7588669 0.6512458 0.0000000
vn 0.3110391 0.9503971 0.0000000
vn 0.6943104 0.6785305 -0.2398527
vn 0.2458581 0.9656903 -0.0836424
vn 0.8000000 0.0000000 -0.6000000
vn 0.5610285 -0.7104148 -0.4249210
vn 0.9474359 0.0000000 -0.3199456
vn 0.6943104 -0.6785306 -0.2398527
vn 0.5610285 -0.7104148 -0.4249210
vn 0.1698890 -0.9768622 -0.1299152
vn 0.6943104 -0.6785306 -0.2398527
vn 0.2458581 -0.9656903 -0.0836424
vn 0.9474359 0.0000000 -0.3199456
vn 0.6943104 0.6785305 -0.2398527
vn 0.8000000 0.0000000 -0.6000000
vn 0.5610286 0.7104147 -0.4249210
vn 0.6943104 0.6785305 -0.2398527
vn 0.2458581 0.9656903 -0.0836424
vn 0.5610286 0.7104147 -0.4249210
vn 0.1698891 0.9768622 -0.1299152
vn 0.6243595 0.0000000 -0.7811371
vn 0.4229493 -0.7335527 -0.5319909
vn 0.8000000 0.0000000 -0.6000000
vn 0.5610285 -0.7104148 -0.4249210
vn 0.4229493 -0.7335527 -0.5319909
vn 0.1140874 -0.9830937 -0.1432162
vn 0.5610285 -0.7104148 -0.4249210
vn 0.1698890 -0.9768622 -0.1299152
vn 0.8000000 0.0000000 -0.6000000
vn 0.5610286 0.7104147 -0.4249210
vn 0.6243595 0.0000000 -0.7811371
vn 0.4229493 0.7335527 -0.5319909
vn 0.5610286 0.7104147 -0.4249210
vn 0.1698891 0.9768622 -0.1299152
vn 0.4229493 0.7335527 -0.5319909
vn 0.1140874 0.9830937 -0.1432162
vn 0.4273021 0.0000000 -0.9041089
vn 0.2807893 -0.7466441 -0.6030588
vn 0.6243595 0.0000000 -0.7811371
vn 0.4229493 -0.7335527 -0.5319909
vn 0.2807893 -0.7466441 -0.6030588
vn 0.0684181 -0.9861645 -0.1509917
vn 0.4229493 -0.7335527 -0.5319909
vn 0.1140874 -0.9830937 -0.1432162
vn 0.6243595 0.0000000 -0.7811371
vn 0.4229493 0.7335527 -0.5319909
vn 0.4273021 0.0000000 -0.9041089
vn 0.2807891 0.7466442 -0.6030588
vn 0.4229493 0.7335527 -0.5319909
vn 0.1140874 0.9830937 -0.1432162
vn 0.2807891 0.7466442 -0.6030588
vn 0.0684181 0.9861645 -0.1509917
vn 0.2226339 0.0000000 -0.9749021
vn 0.1445618 -0.7559384 -0.6384818
vn 0.4273021 0.0000000 -0.9041089
vn 0.2807893 -0.7466441 -0.6030588
vn 0.1445618 -0.7559384 -0.6384818
vn 0.0344595 -0.9878378 -0.1516216
vn 0.2807893 -0.7466441 -0.6030588
vn 0.0684181 -0.9861645 -0.1509917
vn 0.4273021 0.0000000 -0.9041089
vn 0.2807891 0.7466442 -0.6030588
vn 0.2226339 0.0000000 -0.9749021
vn 0.1445618 0.7559384 -0.6384818
vn 0.2807891 0.7466442 -0.6030588
vn 0.0684181 0.9861645 -0.1509917
vn 0.1445618 0.7559384 -0.6384818
vn 0.0344595 0.9878378 -0.1516216
vn 0.0600574 0.0000000 -0.9981949
vn 0.0367961 -0.7557374 -0.6538402
vn 0.2226339 0.0000000 -0.9749021
vn 0.1445618 -0.7559384 -0.6384818
vn 0.0367961 -0.7557374 -0.6538402
vn 0.0090038 -0.9881750 -0.1530659
vn 0.1445618 -0.7559384 -0.6384818
vn 0.0344595 -0.9878378 -0.1516216
vn 0.2226339 0.0000000 -0.9749021
vn 0.1445618 0.7559384 -0.6384818
vn 0.0600574 0.0000000 -0.9981949
vn 0.0367961 0.7557374 -0.6538402
vn 0.1445618 0.7559384 -0.6384818
vn 0.0344595 0.9878378 -0.1516216
vn 0.0367961 0.7557374 -0.6538402
vn 0.0090039 0.9881750 -0.1530659
vn 0.0369791 -0.9868804 0.1571612
vn 0.1511873 -0.7498884 0.6440573
vn 0.0090208 -0.9877776 0.1556088
vn 0.0397182 -0.7518071 0.6581858
vn 0.0090209 0.9877776 0.1556088
vn 0.0397183 0.7518071 0.6581858
vn 0.0369791 0.9868804 0.1571612
vn 0.1511874 0.7498883 0.6440574
vn 0.0761376 -0.9850305 0.1546545
vn 0.2916382 -0.7403124 0.6057102
vn 0.0369791 -0.9868804 0.1571612
vn 0.1511873 -0.7498884 0.6440573
vn 0.0369791 0.9868804 0.1571612
vn 0.1511874 0.7498883 0.6440574
vn 0.0761376 0.9850305 0.1546545
vn 0.2916383 0.7403123 0.6057102
vn 0.1226385 -0.9811085 0.1496191
vn 0.4378911 -0.7231837 0.5340944
vn 0.0761376 -0.9850305 0.1546545
vn 0.2916382 -0.7403124 0.6057102
vn 0.0761376 0.9850305 0.1546545
vn 0.2916383 0.7403123 0.6057102
vn 0.1226385 0.9811085 0.1496191
vn 0.4378910 0.7231838 0.5340943
vn 0.1871141 -0.9734988 0.1314855
vn 0.5884687 -0.6915339 0.4189100
vn 0.1226385 -0.9811085 0.1496191
vn 0.4378911 -0.7231837 0.5340944
vn 0.1226385 0.9811085 0.1496191
vn 0.4378910 0.7231838 0.5340943
vn 0.1871141 0.9734988 0.1314855
vn 0.5884687 0.6915339 0.4189100
vn 0.2608798 -0.9616746 0.0844023
vn 0.7148587 -0.6581738 0.2361869
vn 0.1871141 -0.9734988 0.1314855
vn 0.5884687 -0.6915339 0.4189100
vn 0.1871141 0.9734988 0.1314855
vn 0.5884687 0.6915339 0.4189100
vn 0.2608799 0.9616745 0.0844023
vn 0.7148587 0.6581738 0.2361869
vn 0.3110391 -0.9503971 0.0000000
vn 0.7588669 -0.6512458 0.0000000
vn 0.2608798 -0.9616746 0.0844023
vn 0.7148587 -0.6581738 0.2361869
vn 0.2608799 0.9616745 0.0844023
vn 0.7148587 0.6581738 0.2361869
vn 0.3110391 0.9503971 0.0000000
vn 0.7588669 0.6512458 0.0000000
vn -0.2608797 -0.9616746 0.0844023
vn -0.7148587 -0.6581738 0.2361869
vn -0.3110391 -0.9503971 0.0000000
vn -0.7588669 -0.6512458 0.0000000
vn -0.3110391 0.9503971 0.0000000
vn -0.7588669 0.6512458 0.0000000
vn -0.2608797 0.9616746 0.0844023
vn -0.7148587 0.6581738 0.2361869
vn -0.1871141 -0.9734988 0.1314855
vn -0.5884687 -0.6915339 0.4189100
vn -0.2608797 -0.9616746 0.0844023
vn -0.7148587 -0.6581738 0.2361869
vn -0.2608797 0.9616746 0.0844023
vn -0.7148587 0.6581738 0.2361869
vn -0.1871141 0.9734988 0.1314855
vn -0.5884687 0.6915339 0.4189100
vn -0.1226385 -0.9811085 0.1496191
vn -0.4378910 -0.7231838 0.5340943
vn -0.1871141 -0.9734988 0.1314855
vn -0.5884687 -0.6915339 0.4189100
vn -0.1871141 0.9734988 0.1314855
vn -0.5884687 0.6915339 0.4189100
vn -0.1226385 0.9811085 0.1496191
vn -0.4378910 0.7231838 0.5340943
vn -0.0761376 -0.9850305 0.1546545
vn -0.2916380 -0.7403124 0.6057101
vn -0.1226385 -0.9811085 0.1496191
vn -0.4378910 -0.7231838 0.5340943
vn -0.1226385 0.9811085 0.1496191
vn -0.4378910 0.7231838 0.5340943
vn -0.0761376 0.9850305 0.1546545
vn -0.2916380 0.7403124 0.6057101
vn -0.0369791 -0.9868804 0.1571612
vn -0.1511872 -0.7498884 0.6440573
vn -0.0761376 -0.9850305 0.1546545
vn -0.2916380 -0.7403124 0.6057101
vn -0.0761376 0.9850305 0.1546545
vn -0.2916380 0.7403124 0.6057101
vn -0.0369791 0.9868804 0.1571612
vn -0.1511872 0.7498884 0.6440573
vn -0.0090208 -0.9877776 0.1556087
vn -0.0397180 -0.7518071 0.6581858
vn -0.0369791 -0.9868804 0.1571612
vn -0.1511872 -0.7498884 0.6440573
vn -0.0369791 0.9868804 0.1571612
vn -0.1511872 0.7498884 0.6440573
vn -0.0090208 0.9877776 0.1556087
vn -0.0397180 0.7518071 0.6581858
vn -0.3439543 0.4713447 -0.8121143
vn -0.3365691 0.8160211 -0.4699265
vn 0.3439543 0.4713447 -0.8121143
vn 0.3365690 0.8160210 -0.4699266
vn -0.3365691 0.8160211 -0.4699265
vn -0.3110391 0.9503971 0.0000000
vn 0.3365690 0.8160210 -0.4699266
vn 0.3110391 0.9503971 0.0000000
vn -0.3439543 0.4713447 -0.8121143
vn -0.3365691 0.8160211 -0.4699265
vn 0.3439543 0.4713447 -0.8121143
vn 0.3365690 0.8160210 -0.4699266
vn 0.3365690 -0.8160210 -0.4699266
vn 0.3110391 -0.9503971 0.0000000
vn -0.3365691 -0.8160211 -0.4699265
vn -0.3110391 -0.9503971 0.0000000
vn -0.3110391 -0.9503971 0.0000000
vn -0.3365691 -0.8160211 -0.4699265
vn 0.3110391 -0.9503971 0.0000000
vn 0.3365690 -0.8160210 -0.4699266
vn 0.3439542 -0.4713448 -0.8121142
vn 0.3365690 -0.8160210 -0.4699266
vn -0.3439543 -0.4713447 -0.8121143
vn -0.3365691 -0.8160211 -0.4699265
vn -0.7355452 0.0000000 -0.6774757
vn -0.3349111 0.0000000 -0.9422497
vn -0.7355452 0.0000000 -0.6774757
vn -0.3349111 0.0000000 -0.9422497
vn 0.3349111 0.0000000 -0.9422497
vn 0.3349111 0.0000000 -0.9422497
vn 0.3349111 0.0000000 -0.9422497
vn 0.3439542 -0.4713448 -0.8121142
vn -0.3349111 0.0000000 -0.9422497
vn -0.3439543 -0.4713447 -0.8121143
vn -0.3349111 0.0000000 -0.9422497
vn -0.3439543 0.4713447 -0.8121143
vn 0.3349111 0.0000000 -0.9422497
vn 0.3439543 0.4713447 -0.8121143
vn -0.7381862 0.0000000 -0.6745970
vn -0.3349111 0.0000000 -0.9422497
vn -0.7316735 -0.3381957 -0.5918426
vn -0.3439543 -0.4713447 -0.8121143
vn 0.3439542 -0.4713448 -0.8121142
vn 0.3349111 0.0000000 -0.9422497
vn -0.3349111 0.0000000 -0.9422497
vn -0.3439543 0.4713447 -0.8121143
vn 0.3349111 0.0000000 -0.9422497
vn 0.3439543 0.4713447 -0.8121143
vn 0.7355451 0.0000000 -0.6774758
vn 0.3349111 0.0000000 -0.9422497
vn 0.7355451 0.0000000 -0.6774758
vn 0.3349111 0.0000000 -0.9422497
vn -0.3349111 0.0000000 -0.9422497
vn -0.3349111 0.0000000 -0.9422497
vn -0.0397180 -0.7518071 0.6581858
vn -0.0090208 -0.9877776 0.1556087
vn 0.0397182 -0.7518071 0.6581858
vn 0.0090208 -0.9877776 0.1556088
vn -0.0090039 -0.9881750 -0.1530658
vn 0.0090038 -0.9881750 -0.1530659
vn 0.4273021 0.0000000 -0.9041089
vn 0.2226339 0.0000000 -0.9749021
vn 0.4273021 0.0000000 -0.9041089
vn 0.2226339 0.0000000 -0.9749021
vn -0.3365691 -0.8160211 -0.4699265
vn -0.3439543 -0.4713447 -0.8121143
vn 0.3365690 -0.8160210 -0.4699266
vn 0.3439542 -0.4713448 -0.8121142
vn 0.2434221 -0.9660814 -0.0862120
vn -0.2608797 -0.9616746 0.0844023
vn 0.3110391 -0.9503971 0.0000000
vn -0.3110391 -0.9503971 0.0000000
vn 0.1698890 -0.9768622 -0.1299152
vn -0.1871141 -0.9734988 0.1314855
vn 0.2434221 -0.9660814 -0.0862120
vn -0.2608797 -0.9616746 0.0844023
vn 0.0684181 -0.9861645 -0.1509917
vn -0.0761376 -0.9850305 0.1546545
vn 0.1140874 -0.9830937 -0.1432162
vn -0.1871141 -0.9734988 0.1314855
vn 0.1698890 -0.9768622 -0.1299152
vn -0.1226385 -0.9811085 0.1496191
vn 0.2226339 0.0000000 -0.9749021
vn 0.0600574 0.0000000 -0.9981949
vn 0.2226339 0.0000000 -0.9749021
vn 0.0600574 0.0000000 -0.9981949
vn -0.3110391 -0.9503971 0.0000000
vn 0.3110391 -0.9503971 0.0000000
vn -0.2434221 -0.9660814 -0.0862120
vn 0.2608798 -0.9616746 0.0844023
vn 0.0090038 -0.9881750 -0.1530659
vn -0.0090208 -0.9877776 0.1556087
vn 0.0344595 -0.9878378 -0.1516216
vn -0.0369791 -0.9868804 0.1571612
vn 0.0684181 -0.9861645 -0.1509917
vn -0.0761376 -0.9850305 0.1546545
vn -0.3110391 -0.9503971 0.0000000
vn 0.3110391 -0.9503971 0.0000000
vn -0.3110391 -0.9503971 0.0000000
vn 0.3110391 -0.9503971 0.0000000
vn -0.1140874 -0.9830937 -0.1432161
vn 0.1226385 -0.9811085 0.1496191
vn -0.0684181 -0.9861645 -0.1509917
vn 0.0761376 -0.9850305 0.1546545
vn -0.3110391 0.9503971 0.0000000
vn 0.3110391 0.9503971 0.0000000
vn -0.3110391 0.9503971 0.0000000
vn 0.3110391 0.9503971 0.0000000
vn -0.0344595 -0.9878378 -0.1516216
vn 0.0369791 -0.9868804 0.1571612
vn -0.0090039 -0.9881750 -0.1530658
vn 0.0090208 -0.9877776 0.1556088
vn -0.2434221 0.9660814 -0.0862120
vn 0.2608799 0.9616745 0.0844023
vn -0.3110391 0.9503971 0.0000000
vn 0.3110391 0.9503971 0.0000000
vn 0.3110391 -0.9503971 0.0000000
vn -0.3110391 -0.9503971 0.0000000
vn 0.3110391 -0.9503971 0.0000000
vn -0.3110391 -0.9503971 0.0000000
vn -0.2434221 -0.9660814 -0.0862120
vn 0.2608798 -0.9616746 0.0844023
vn -0.1698891 -0.9768622 -0.1299151
vn 0.1871141 -0.9734988 0.1314855
vn -0.1140874 -0.9830937 -0.1432161
vn 0.1226385 -0.9811085 0.1496191
vn 0.9999981 0.0000000 -0.0019608
vn 0.9474359 0.0000000 -0.3199456
vn 0.9999981 0.0000000 -0.0019608
vn 0.9474359 0.0000000 -0.3199456
vn -0.8000000 0.0000000 -0.6000000
vn -0.9474359 0.0000000 -0.3199456
vn -0.8000000 0.0000000 -0.6000000
vn -0.9474359 0.0000000 -0.3199456
vn -0.3365691 0.8160211 -0.4699265
vn -0.3110391 0.9503971 0.0000000
vn 0.3365690 0.8160210 -0.4699266
vn 0.3110391 0.9503971 0.0000000
vn -0.2226339 0.0000000 -0.9749021
vn -0.4273022 0.0000000 -0.9041088
vn -0.2226339 0.0000000 -0.9749021
vn -0.4273022 0.0000000 -0.9041088
vn -0.4273022 0.0000000 -0.9041088
vn -0.6243595 0.0000000 -0.7811371
vn -0.4273022 0.0000000 -0.9041088
vn -0.6243595 0.0000000 -0.7811371
vn -0.6243595 0.0000000 -0.7811371
vn -0.8000000 0.0000000 -0.6000000
vn -0.6243595 0.0000000 -0.7811371
vn -0.8000000 0.0000000 -0.6000000
vn -1.0000000 0.0000000 0.0000000
vn -0.9999981 0.0000000 -0.0019608
vn -1.0000000 0.0000000 0.0000000
vn -1.0000000 0.0000000 0.0000000
vn -1.0000000 0.0000000 0.0000000
vn -1.0000000 0.0000000 0.0000000
vn -1.0000000 0.0000000 0.0000000
vn -1.0000000 0.0000000 0.0000000
vn -1.0000000 0.0000000 0.0000000
vn -0.9999981 0.0000000 -0.0019608
vn 1.0000000 0.0000000 0.0000000
vn 1.0000000 0.0000000 0.0000000
vn 1.0000000 0.0000000 0.0000000
vn 1.0000000 0.0000000 0.0000000
vn 1.0000000 0.0000000 0.0000000
vn 1.0000000 0.0000000 0.0000000
vn 1.0000000 0.0000000 0.0000000
vn 1.0000000 0.0000000 0.0000000
vn 0.9999981 0.0000000 -0.0019608
vn 0.9999981 0.0000000 -0.0019608
vn -0.9474359 0.0000000 -0.3199456
vn -0.9999981 0.0000000 -0.0019608
vn -0.9474359 0.0000000 -0.3199456
vn -0.9999981 0.0000000 -0.0019608
vn 0.9474359 0.0000000 -0.3199456
vn 0.8000000 0.0000000 -0.6000000
vn 0.9474359 0.0000000 -0.3199456
vn 0.8000000 0.0000000 -0.6000000
vn 0.8000000 0.0000000 -0.6000000
vn 0.6243595 0.0000000 -0.7811371
vn 0.8000000 0.0000000 -0.6000000
vn 0.6243595 0.0000000 -0.7811371
vn 0.6243595 0.0000000 -0.7811371
vn 0.4273021 0.0000000 -0.9041089
vn 0.6243595 0.0000000 -0.7811371
vn 0.4273021 0.0000000 -0.9041089
vn -0.0600574 0.0000000 -0.9981949
vn 0.0600574 0.0000000 -0.9981949
vn -0.0600574 0.0000000 -0.9981949
vn 0.0600574 0.0000000 -0.9981949
vn -0.0600574 0.0000000 -0.9981949
vn -0.2226339 0.0000000 -0.9749021
vn -0.0600574 0.0000000 -0.9981949
vn -0.2226339 0.0000000 -0.9749021
vn 0.0397183 0.7518071 0.6581858
vn 0.0090209 0.9877776 0.1556088
vn -0.0397180 0.7518071 0.6581858
vn -0.0090208 0.9877776 0.1556087
vn 0.0090039 0.9881750 -0.1530659
vn -0.0090039 0.9881750 -0.1530658
vn -0.0090039 0.9881750 -0.1530658
vn 0.0090209 0.9877776 0.1556088
vn -0.0344595 0.9878378 -0.1516216
vn 0.0369791 0.9868804 0.1571612
vn -0.0684181 0.9861645 -0.1509917
vn 0.0761376 0.9850305 0.1546545
vn -0.0684181 0.9861645 -0.1509917
vn 0.0761376 0.9850305 0.1546545
vn -0.1140874 0.9830937 -0.1432162
vn 0.1226385 0.9811085 0.1496191
vn -0.1140874 0.9830937 -0.1432162
vn 0.1226385 0.9811085 0.1496191
vn -0.1698891 0.9768622 -0.1299151
vn 0.1871141 0.9734988 0.1314855
vn -0.2434221 0.9660814 -0.0862120
vn 0.2608799 0.9616745 0.0844023
vn 0.3110391 0.9503971 0.0000000
vn -0.3110391 0.9503971 0.0000000
vn 0.3110391 0.9503971 0.0000000
vn -0.3110391 0.9503971 0.0000000
vn 0.3110391 0.9503971 0.0000000
vn -0.3110391 0.9503971 0.0000000
vn 0.2434221 0.9660814 -0.0862120
vn -0.2608797 0.9616746 0.0844023
vn 0.1698891 0.9768622 -0.1299152
vn -0.1871141 0.9734988 0.1314855
vn 0.1140874 0.9830937 -0.1432162
vn -0.1226385 0.9811085 0.1496191
vn 0.1140874 0.9830937 -0.1432162
vn -0.1226385 0.9811085 0.1496191
vn 0.0684181 0.9861645 -0.1509917
vn -0.0761376 0.9850305 0.1546545
vn 0.0684181 0.9861645 -0.1509917
vn -0.0761376 0.9850305 0.1546545
vn 0.0344595 0.9878378 -0.1516216
vn -0.0369791 0.9868804 0.1571612
vn -0.0684181 -0.9861645 -0.1509917
vn 0.0761376 -0.9850305 0.1546545
vn -0.0344595 -0.9878378 -0.1516216
vn 0.0369791 -0.9868804 0.1571612
f 5344/5344/5344 5345/5345/5345 5346/5346/5346
f 5345/5345/5345 5347/5347/5347 5346/5346/5346
f 5348/5348/5348 5349/5349/5349 5350/5350/5350
f 5349/5349/5349 5351/5351/5351 5350/5350/5350
f 5352/5352/5352 5353/5353/5353 5354/5354/5354
f 5353/5353/5353 5355/5355/5355 5354/5354/5354
f 5356/5356/5356 5357/5357/5357 5358/5358/5358
f 5357/5357/5357 5359/5359/5359 5358/5358/5358
f 5360/5360/5360 5361/5361/5361 5362/5362/5362
f 5361/5361/5361 5363/5363/5363 5362/5362/5362
f 5364/5364/5364 5365/5365/5365 5366/5366/5366
f 5365/5365/5365 5367/5367/5367 5366/5366/5366
f 5368/5368/5368 5369/5369/5369 5370/5370/5370
f 5369/5369/5369 5371/5371/5371 5370/5370/5370
f 5372/5372/5372 5373/5373/5373 5374/5374/5374
f 5373/5373/5373 5375/5375/5375 5374/5374/5374
f 5376/5376/5376 5377/5377/5377 5378/5378/5378
f 5377/5377/5377 5379/5379/5379 5378/5378/5378
f 5380/5380/5380 5381/5381/5381 5382/5382/5382
f 5381/5381/5381 5383/5383/5383 5382/5382/5382
f 5384/5384/5384 5385/5385/5385 5386/5386/5386
f 5385/5385/5385 5387/5387/5387 5386/5386/5386
f 5388/5388/5388 5389/5389/5389 5390/5390/5390
f 5389/5389/5389 5391/5391/5391 5390/5390/5390
f 5392/5392/5392 5393/5393/5393 5394/5394/5394
f 5393/5393/5393 5395/5395/5395 5394/5394/5394
f 5396/5396/5396 5397/5397/5397 5398/5398/5398
f 5397/5397/5397 5399/5399/5399 5398/5398/5398
f 5400/5400/5400 5401/5401/5401 5402/5402/5402
f 5401/5401/5401 5403/5403/5403 5402/5402/5402
f 5404/5404/5404 5405/5405/5405 5406/5406/5406
f 5405/5405/5405 5407/5407/5407 5406/5406/5406
f 5408/5408/5408 5409/5409/5409 5410/5410/5410
f 5409/5409/5409 5411/5411/5411 5410/5410/5410
f 5412/5412/5412 5413/5413/5413 5414/5414/5414
f 5413/5413/5413 5415/5415/5415 5414/5414/5414
f 5416/5416/5416 5417/5417/5417 5418/5418/5418
f 5417/5417/5417 5419/5419/5419 5418/5418/5418
f 5420/5420/5420 5421/5421/5421 5422/5422/5422
f 5421/5421/5421 5423/5423/5423 5422/5422/5422
f 5424/5424/5424 5425/5425/5425 5426/5426/5426
f 5425/5425/5425 5427/5427/5427 5426/5426/5426
f 5428/5428/5428 5429/5429/5429 5430/5430/5430
f 5429/5429/5429 5431/5431/5431 5430/5430/5430
f 5432/5432/5432 5433/5433/5433 5434/5434/5434
f 5433/5433/5433 5435/5435/5435 5434/5434/5434
f 5436/5436/5436 5437/5437/5437 5438/5438/5438
f 5437/5437/5437 5439/5439/5439 5438/5438/5438
f 5440/5440/5440 5441/5441/5441 5442/5442/5442
f 5441/5441/5441 5443/5443/5443 5442/5442/5442
f 5444/5444/5444 5445/5445/5445 5446/5446/5446
f 5445/5445/5445 5447/5447/5447 5446/5446/5446
f 5448/5448/5448 5449/5449/5449 5450/5450/5450
f 5449/5449/5449 5451/5451/5451 5450/5450/5450
f 5452/5452/5452 5453/5453/5453 5454/5454/5454
f 5453/5453/5453 5455/5455/5455 5454/5454/5454
f 5456/5456/5456 5457/5457/5457 5458/5458/5458
f 5457/5457/5457 5459/5459/5459 5458/5458/5458
f 5460/5460/5460 5461/5461/5461 5462/5462/5462
f 5461/5461/5461 5463/5463/5463 5462/5462/5462
f 5464/5464/5464 5465/5465/5465 5466/5466/5466
f 5465/5465/5465 5467/5467/5467 5466/5466/5466
f 5468/5468/5468 5469/5469/5469 5470/5470/5470
f 5469/5469/5469 5471/5471/5471 5470/5470/5470
f 5472/5472/5472 5473/5473/5473 5474/5474/5474
f 5473/5473/5473 5475/5475/5475 5474/5474/5474
f 5476/5476/5476 5477/5477/5477 5478/5478/5478
f 5477/5477/5477 5479/5479/5479 5478/5478/5478
f 5480/5480/5480 5481/5481/5481 5482/5482/5482
f 5481/5481/5481 5483/5483/5483 5482/5482/5482
f 5484/5484/5484 5485/5485/5485 5486/5486/5486
f 5485/5485/5485 5487/5487/5487 5486/5486/5486
f 5488/5488/5488 5489/5489/5489 5490/5490/5490
f 5489/5489/5489 5491/5491/5491 5490/5490/5490
f 5492/5492/5492 5493/5493/5493 5494/5494/5494
f 5493/5493/5493 5495/5495/5495 5494/5494/5494
f 5496/5496/5496 5497/5497/5497 5498/5498/5498
f 5497/5497/5497 5499/5499/5499 5498/5498/5498
f 5500/5500/5500 5501/5501/5501 5502/5502/5502
f 5501/5501/5501 5503/5503/5503 5502/5502/5502
f 5504/5504/5504 5505/5505/5505 5506/5506/5506
f 5505/5505/5505 5507/5507/5507 5506/5506/5506
f 5508/5508/5508 5509/5509/5509 5510/5510/5510
f 5509/5509/5509 5511/5511/5511 5510/5510/5510
f 5512/5512/5512 5513/5513/5513 5514/5514/5514
f 5513/5513/5513 5515/5515/5515 5514/5514/5514
f 5516/5516/5516 5517/5517/5517 5518/5518/5518
f 5517/5517/5517 5519/5519/5519 5518/5518/5518
f 5520/5520/5520 5521/5521/5521 5522/5522/5522
f 5521/5521/5521 5523/5523/5523 5522/5522/5522
f 5524/5524/5524 5525/5525/5525 5526/5526/5526
f 5525/5525/5525 5527/5527/5527 5526/5526/5526
f 5528/5528/5528 5529/5529/5529 5530/5530/5530
f 5529/5529/5529 5531/5531/5531 5530/5530/5530
f 5532/5532/5532 5533/5533/5533 5534/5534/5534
f 5533/5533/5533 5535/5535/5535 5534/5534/5534
f 5536/5536/5536 5537/5537/5537 5538/5538/5538
f 5537/5537/5537 5539/5539/5539 5538/5538/5538
f 5540/5540/5540 5541/5541/5541 5542/5542/5542
f 5541/5541/5541 5543/5543/5543 5542/5542/5542
f 5544/5544/5544 5545/5545/5545 5546/5546/5546
f 5545/5545/5545 5547/5547/5547 5546/5546/5546
f 5548/5548/5548 5549/5549/5549 5550/5550/5550
f 5549/5549/5549 5551/5551/5551 5550/5550/5550
f 5552/5552/5552 5553/5553/5553 5554/5554/5554
f 5553/5553/5553 5555/5555/5555 5554/5554/5554
f 5556/5556/5556 5557/5557/5557 5558/5558/5558
f 5557/5557/5557 5559/5559/5559 5558/5558/5558
f 5560/5560/5560 5561/5561/5561 5562/5562/5562
f 5561/5561/5561 5563/5563/5563 5562/5562/5562
f 5564/5564/5564 5565/5565/5565 5566/5566/5566
f 5565/5565/5565 5567/5567/5567 5566/5566/5566
f 5568/5568/5568 5569/5569/5569 5570/5570/5570
f 5569/5569/5569 5571/5571/5571 5570/5570/5570
f 5572/5572/5572 5573/5573/5573 5574/5574/5574
f 5573/5573/5573 5575/5575/5575 5574/5574/5574
f 5576/5576/5576 5577/5577/5577 5578/5578/5578
f 5577/5577/5577 5579/5579/5579 5578/5578/5578
f 5580/5580/5580 5581/5581/5581 5582/5582/5582
f 5581/5581/5581 5583/5583/5583 5582/5582/5582
f 5584/5584/5584 5585/5585/5585 5586/5586/5586
f 5585/5585/5585 5587/5587/5587 5586/5586/5586
f 5588/5588/5588 5589/5589/5589 5590/5590/5590
f 5589/5589/5589 5591/5591/5591 5590/5590/5590
f 5592/5592/5592 5593/5593/5593 5594/5594/5594
f 5593/5593/5593 5595/5595/5595 5594/5594/5594
f 5596/5596/5596 5597/5597/5597 5598/5598/5598
f 5597/5597/5597 5599/5599/5599 5598/5598/5598
f 5600/5600/5600 5601/5601/5601 5602/5602/5602
f 5601/5601/5601 5603/5603/5603 5602/5602/5602
f 5604/5604/5604 5605/5605/5605 5606/5606/5606
f 5605/5605/5605 5607/5607/5607 5606/5606/5606
f 5608/5608/5608 5609/5609/5609 5610/5610/5610
f 5609/5609/5609 5611/5611/5611 5610/5610/5610
f 5612/5612/5612 5613/5613/5613 5614/5614/5614
f 5613/5613/5613 5615/5615/5615 5614/5614/5614
f 5616/5616/5616 5617/5617/5617 5618/5618/5618
f 5617/5617/5617 5619/5619/5619 5618/5618/5618
f 5620/5620/5620 5621/5621/5621 5622/5622/5622
f 5621/5621/5621 5623/5623/5623 5622/5622/5622
f 5624/5624/5624 5625/5625/5625 5626/5626/5626
f 5625/5625/5625 5627/5627/5627 5626/5626/5626
f 5628/5628/5628 5629/5629/5629 5630/5630/5630
f 5629/5629/5629 5631/5631/5631 5630/5630/5630
f 5632/5632/5632 5633/5633/5633 5634/5634/5634
f 5633/5633/5633 5635/5635/5635 5634/5634/5634
f 5636/5636/5636 5637/5637/5637 5638/5638/5638
f 5637/5637/5637 5639/5639/5639 5638/5638/5638
f 5640/5640/5640 5641/5641/5641 5642/5642/5642
f 5641/5641/5641 5643/5643/5643 5642/5642/5642
f 5644/5644/5644 5645/5645/5645 5646/5646/5646
f 5645/5645/5645 5647/5647/5647 5646/5646/5646
f 5648/5648/5648 5649/5649/5649 5650/5650/5650
f 5649/5649/5649 5651/5651/5651 5650/5650/5650
f 5652/5652/5652 5653/5653/5653 5654/5654/5654
f 5653/5653/5653 5655/5655/5655 5654/5654/5654
f 5656/5656/5656 5657/5657/5657 5658/5658/5658
f 5657/5657/5657 5659/5659/5659 5658/5658/5658
f 5660/5660/5660 5661/5661/5661 5662/5662/5662
f 5661/5661/5661 5663/5663/5663 5662/5662/5662
f 5664/5664/5664 5665/5665/5665 5666/5666/5666
f 5665/5665/5665 5667/5667/5667 5666/5666/5666
f 5668/5668/5668 5669/5669/5669 5670/5670/5670
f 5669/5669/5669 5671/5671/5671 5670/5670/5670
f 5672/5672/5672 5673/5673/5673 5674/5674/5674
f 5673/5673/5673 5675/5675/5675 5674/5674/5674
f 5676/5676/5676 5677/5677/5677 5678/5678/5678
f 5677/5677/5677 5679/5679/5679 5678/5678/5678
f 5680/5680/5680 5681/5681/5681 5682/5682/5682
f 5681/5681/5681 5683/5683/5683 5682/5682/5682
f 5684/5684/5684 5685/5685/5685 5686/5686/5686
f 5685/5685/5685 5687/5687/5687 5686/5686/5686
f 5688/5688/5688 5689/5689/5689 5690/5690/5690
f 5689/5689/5689 5691/5691/5691 5690/5690/5690
f 5692/5692/5692 5693/5693/5693 5694/5694/5694
f 5693/5693/5693 5695/5695/5695 5694/5694/5694
f 5696/5696/5696 5697/5697/5697 5698/5698/5698
f 5697/5697/5697 5699/5699/5699 5698/5698/5698
f 5700/5700/5700 5701/5701/5701 5702/5702/5702
f 5701/5701/5701 5703/5703/5703 5702/5702/5702
f 5704/5704/5704 5705/5705/5705 5706/5706/5706
f 5705/5705/5705 5707/5707/5707 5706/5706/5706
f 5708/5708/5708 5709/5709/5709 5710/5710/5710
f 5709/5709/5709 5711/5711/5711 5710/5710/5710
f 5712/5712/5712 5713/5713/5713 5714/5714/5714
f 5713/5713/5713 5715/5715/5715 5714/5714/5714
f 5716/5716/5716 5717/5717/5717 5718/5718/5718
f 5717/5717/5717 5719/5719/5719 5718/5718/5718
f 5720/5720/5720 5721/5721/5721 5722/5722/5722
f 5721/5721/5721 5723/5723/5723 5722/5722/5722
f 5724/5724/5724 5725/5725/5725 5726/5726/5726
f 5725/5725/5725 5727/5727/5727 5726/5726/5726
f 5728/5728/5728 5729/5729/5729 5730/5730/5730
f 5729/5729/5729 5731/5731/5731 5730/5730/5730
f 5732/5732/5732 5733/5733/5733 5734/5734/5734
f 5733/5733/5733 5735/5735/5735 5734/5734/5734
f 5736/5736/5736 5737/5737/5737 5738/5738/5738
f 5737/5737/5737 5739/5739/5739 5738/5738/5738
f 5740/5740/5740 5741/5741/5741 5742/5742/5742
f 5741/5741/5741 5743/5743/5743 5742/5742/5742
f 5744/5744/5744 5745/5745/5745 5746/5746/5746
f 5745/5745/5745 5747/5747/5747 5746/5746/5746
f 5748/5748/5748 5749/5749/5749 5750/5750/5750
f 5749/5749/5749 5751/5751/5751 5750/5750/5750
f 5752/5752/5752 5753/5753/5753 5754/5754/5754
f 5753/5753/5753 5755/5755/5755 5754/5754/5754
f 5756/5756/5756 5757/5757/5757 5758/5758/5758
f 5757/5757/5757 5759/5759/5759 5758/5758/5758
f 5760/5760/5760 5761/5761/5761 5762/5762/5762
f 5761/5761/5761 5763/5763/5763 5762/5762/5762
f 5764/5764/5764 5765/5765/5765 5766/5766/5766
f 5765/5765/5765 5767/5767/5767 5766/5766/5766
f 5768/5768/5768 5769/5769/5769 5770/5770/5770
f 5769/5769/5769 5771/5771/5771 5770/5770/5770
f 5772/5772/5772 5773/5773/5773 5774/5774/5774
f 5773/5773/5773 5775/5775/5775 5774/5774/5774
f 5776/5776/5776 5777/5777/5777 5778/5778/5778
f 5777/5777/5777 5779/5779/5779 5778/5778/5778
f 5780/5780/5780 5781/5781/5781 5782/5782/5782
f 5781/5781/5781 5783/5783/5783 5782/5782/5782
f 5784/5784/5784 5785/5785/5785 5786/5786/5786
f 5785/5785/5785 5787/5787/5787 5786/5786/5786
f 5788/5788/5788 5789/5789/5789 5790/5790/5790
f 5789/5789/5789 5791/5791/5791 5790/5790/5790
f 5792/5792/5792 5793/5793/5793 5794/5794/5794
f 5793/5793/5793 5795/5795/5795 5794/5794/5794
f 5796/5796/5796 5797/5797/5797 5798/5798/5798
f 5797/5797/5797 5799/5799/5799 5798/5798/5798
f 5800/5800/5800 5801/5801/5801 5802/5802/5802
f 5801/5801/5801 5803/5803/5803 5802/5802/5802
f 5804/5804/5804 5805/5805/5805 5806/5806/5806
f 5805/5805/5805 5807/5807/5807 5806/5806/5806
f 5808/5808/5808 5809/5809/5809 5810/5810/5810
f 5809/5809/5809 5811/5811/5811 5810/5810/5810
f 5812/5812/5812 5813/5813/5813 5814/5814/5814
f 5813/5813/5813 5815/5815/5815 5814/5814/5814
f 5816/5816/5816 5817/5817/5817 5818/5818/5818
f 5817/5817/5817 5819/5819/5819 5818/5818/5818
f 5820/5820/5820 5821/5821/5821 5822/5822/5822
f 5821/5821/5821 5823/5823/5823 5822/5822/5822
f 5824/5824/5824 5825/5825/5825 5826/5826/5826
f 5825/5825/5825 5827/5827/5827 5826/5826/5826
f 5828/5828/5828 5829/5829/5829 5830/5830/5830
f 5829/5829/5829 5831/5831/5831 5830/5830/5830
f 5832/5832/5832 5833/5833/5833 5834/5834/5834
f 5833/5833/5833 5835/5835/5835 5834/5834/5834
f 5836/5836/5836 5837/5837/5837 5838/5838/5838
f 5837/5837/5837 5839/5839/5839 5838/5838/5838
f 5840/5840/5840 5841/5841/5841 5842/5842/5842
f 5841/5841/5841 5843/5843/5843 5842/5842/5842
f 5844/5844/5844 5845/5845/5845 5846/5846/5846
f 5845/5845/5845 5847/5847/5847 5846/5846/5846
f 5848/5848/5848 5849/5849/5849 5850/5850/5850
f 5849/5849/5849 5851/5851/5851 5850/5850/5850
f 5852/5852/5852 5853/5853/5853 5854/5854/5854
f 5853/5853/5853 5855/5855/5855 5854/5854/5854
f 5856/5856/5856 5857/5857/5857 5858/5858/5858
f 5857/5857/5857 5859/5859/5859 5858/5858/5858
f 5860/5860/5860 5861/5861/5861 5862/5862/5862
f 5861/5861/5861 5863/5863/5863 5862/5862/5862
f 5864/5864/5864 5865/5865/5865 5866/5866/5866
f 5865/5865/5865 5867/5867/5867 5866/5866/5866
f 5868/5868/5868 5869/5869/5869 5870/5870/5870
f 5869/5869/5869 5871/5871/5871 5870/5870/5870
f 5872/5872/5872 5873/5873/5873 5874/5874/5874
f 5873/5873/5873 5875/5875/5875 5874/5874/5874
f 5876/5876/5876 5877/5877/5877 5878/5878/5878
f 5877/5877/5877 5879/5879/5879 5878/5878/5878
f 5880/5880/5880 5881/5881/5881 5882/5882/5882
f 5882/5882/5882 5881/5881/5881 5883/5883/5883
f 5884/5884/5884 5883/5883/5883 5885/5885/5885
f 5883/5883/5883 5881/5881/5881 5885/5885/5885
f 5886/5886/5886 5887/5887/5887 5888/5888/5888
f 5887/5887/5887 5889/5889/5889 5888/5888/5888
f 5890/5890/5890 5891/5891/5891 5892/5892/5892
f 5891/5891/5891 5893/5893/5893 5892/5892/5892
f 5894/5894/5894 5895/5895/5895 5896/5896/5896
f 5896/5896/5896 5895/5895/5895 5897/5897/5897
f 5897/5897/5897 5895/5895/5895 5898/5898/5898
f 5895/5895/5895 5899/5899/5899 5898/5898/5898
f 5900/5900/5900 5901/5901/5901 5902/5902/5902
f 5901/5901/5901 5903/5903/5903 5902/5902/5902
f 5904/5904/5904 5905/5905/5905 5906/5906/5906
f 5906/5906/5906 5905/5905/5905 5907/5907/5907
f 5908/5908/5908 5907/5907/5907 5909/5909/5909
f 5907/5907/5907 5905/5905/5905 5909/5909/5909
f 5910/5910/5910 5911/5911/5911 5912/5912/5912
f 5912/5912/5912 5911/5911/5911 5913/5913/5913
f 5914/5914/5914 5913/5913/5913 5915/5915/5915
f 5913/5913/5913 5911/5911/5911 5915/5915/5915
f 5916/5916/5916 5917/5917/5917 5918/5918/5918
f 5917/5917/5917 5919/5919/5919 5918/5918/5918
f 5920/5920/5920 5921/5921/5921 5922/5922/5922
f 5921/5921/5921 5923/5923/5923 5922/5922/5922
f 5924/5924/5924 5925/5925/5925 5926/5926/5926
f 5925/5925/5925 5927/5927/5927 5926/5926/5926
f 5928/5928/5928 5929/5929/5929 5930/5930/5930
f 5929/5929/5929 5931/5931/5931 5930/5930/5930
f 5932/5932/5932 5933/5933/5933 5934/5934/5934
f 5935/5935/5935 5936/5936/5936 5937/5937/5937
f 5936/5936/5936 5934/5934/5934 5937/5937/5937
f 5934/5934/5934 5933/5933/5933 5937/5937/5937
f 5938/5938/5938 5939/5939/5939 5940/5940/5940
f 5939/5939/5939 5941/5941/5941 5940/5940/5940
f 5942/5942/5942 5943/5943/5943 5944/5944/5944
f 5943/5943/5943 5945/5945/5945 5944/5944/5944
f 5946/5946/5946 5947/5947/5947 5948/5948/5948
f 5947/5947/5947 5949/5949/5949 5948/5948/5948
f 5948/5948/5948 5949/5949/5949 5950/5950/5950
f 5949/5949/5949 5951/5951/5951 5950/5950/5950
f 5952/5952/5952 5953/5953/5953 5954/5954/5954
f 5953/5953/5953 5955/5955/5955 5954/5954/5954
f 5956/5956/5956 5957/5957/5957 5958/5958/5958
f 5957/5957/5957 5959/5959/5959 5958/5958/5958
f 5960/5960/5960 5961/5961/5961 5962/5962/5962
f 5961/5961/5961 5963/5963/5963 5962/5962/5962
f 5964/5964/5964 5965/5965/5965 5966/5966/5966
f 5965/5965/5965 5967/5967/5967 5966/5966/5966
f 5968/5968/5968 5969/5969/5969 5970/5970/5970
f 5969/5969/5969 5971/5971/5971 5970/5970/5970
f 5972/5972/5972 5973/5973/5973 5974/5974/5974
f 5973/5973/5973 5975/5975/5975 5974/5974/5974
f 5976/5976/5976 5977/5977/5977 5978/5978/5978
f 5977/5977/5977 5979/5979/5979 5978/5978/5978
f 5978/5978/5978 5979/5979/5979 5980/5980/5980
f 5979/5979/5979 5981/5981/5981 5980/5980/5980
f 5982/5982/5982 5983/5983/5983 5984/5984/5984
f 5983/5983/5983 5985/5985/5985 5984/5984/5984
f 5986/5986/5986 5987/5987/5987 5988/5988/5988
f 5987/5987/5987 5989/5989/5989 5988/5988/5988
f 5990/5990/5990 5991/5991/5991 5992/5992/5992
f 5991/5991/5991 5993/5993/5993 5992/5992/5992
f 5994/5994/5994 5995/5995/5995 5996/5996/5996
f 5995/5995/5995 5997/5997/5997 5996/5996/5996
f 5998/5998/5998 5999/5999/5999 6000/6000/6000
f 5999/5999/5999 6001/6001/6001 6000/6000/6000
f 6002/6002/6002 6003/6003/6003 6004/6004/6004
f 6003/6003/6003 6005/6005/6005 6004/6004/6004
f 6006/6006/6006 6007/6007/6007 6008/6008/6008
f 6009/6009/6009 6008/6008/6008 6010/6010/6010
f 6011/6011/6011 6010/6010/6010 6012/6012/6012
f 6010/6010/6010 6008/6008/6008 6012/6012/6012
f 6008/6008/6008 6007/6007/6007 6012/6012/6012
f 6013/6013/6013 6012/6012/6012 6014/6014/6014
f 6012/6012/6012 6007/6007/6007 6014/6014/6014
f 6007/6007/6007 6015/6015/6015 6014/6014/6014
f 6016/6016/6016 6017/6017/6017 6018/6018/6018
f 6019/6019/6019 6018/6018/6018 6020/6020/6020
f 6021/6021/6021 6020/6020/6020 6022/6022/6022
f 6020/6020/6020 6018/6018/6018 6022/6022/6022
f 6018/6018/6018 6017/6017/6017 6022/6022/6022
f 6023/6023/6023 6022/6022/6022 6024/6024/6024
f 6022/6022/6022 6017/6017/6017 6024/6024/6024
f 6017/6017/6017 6025/6025/6025 6024/6024/6024
f 6026/6026/6026 6027/6027/6027 6028/6028/6028
f 6027/6027/6027 6029/6029/6029 6028/6028/6028
f 6030/6030/6030 6031/6031/6031 6032/6032/6032
f 6031/6031/6031 6033/6033/6033 6032/6032/6032
f 6034/6034/6034 6035/6035/6035 6036/6036/6036
f 6035/6035/6035 6037/6037/6037 6036/6036/6036
f 6038/6038/6038 6039/6039/6039 6040/6040/6040
f 6039/6039/6039 6041/6041/6041 6040/6040/6040
f 6042/6042/6042 6043/6043/6043 6044/6044/6044
f 6043/6043/6043 6045/6045/6045 6044/6044/6044
f 6046/6046/6046 6047/6047/6047 6048/6048/6048
f 6047/6047/6047 6049/6049/6049 6048/6048/6048
f 6050/6050/6050 6051/6051/6051 6052/6052/6052
f 6052/6052/6052 6051/6051/6051 6053/6053/6053
f 6054/6054/6054 6053/6053/6053 6055/6055/6055
f 6053/6053/6053 6051/6051/6051 6055/6055/6055
f 6056/6056/6056 6057/6057/6057 6058/6058/6058
f 6057/6057/6057 6059/6059/6059 6058/6058/6058
f 6058/6058/6058 6059/6059/6059 6060/6060/6060
f 6059/6059/6059 6061/6061/6061 6060/6060/6060
f 6062/6062/6062 6063/6063/6063 6064/6064/6064
f 6063/6063/6063 6065/6065/6065 6064/6064/6064
f 6066/6066/6066 6067/6067/6067 6068/6068/6068
f 6067/6067/6067 6069/6069/6069 6068/6068/6068
f 6068/6068/6068 6069/6069/6069 6070/6070/6070
f 6069/6069/6069 6071/6071/6071 6070/6070/6070
f 6072/6072/6072 6073/6073/6073 6074/6074/6074
f 6073/6073/6073 6075/6075/6075 6074/6074/6074
f 6076/6076/6076 6077/6077/6077 6078/6078/6078
f 6077/6077/6077 6079/6079/6079 6078/6078/6078
f 6078/6078/6078 6079/6079/6079 6080/6080/6080
f 6079/6079/6079 6081/6081/6081 6080/6080/6080
f 6080/6080/6080 6081/6081/6081 6082/6082/6082
f 6081/6081/6081 6083/6083/6083 6082/6082/6082
f 6084/6084/6084 6085/6085/6085 6086/6086/6086
f 6085/6085/6085 6087/6087/6087 6086/6086/6086
f 6088/6088/6088 6089/6089/6089 6090/6090/6090
f 6089/6089/6089 6091/6091/6091 6090/6090/6090
f 6092/6092/6092 6093/6093/6093 6094/6094/6094
f 6093/6093/6093 6095/6095/6095 6094/6094/6094
v 0.1395655 0.0194007 -0.3153094
v 0.1395655 0.0187440 -0.3137224
v 0.0811199 0.0194007 -0.3153094
v 0.0811199 0.0187440 -0.3137224
v 0.1395655 0.9152942 -0.3137224
v 0.1395655 0.9146376 -0.3153094
v 0.0811199 0.9152942 -0.3137224
v 0.0811199 0.9146376 -0.3153094
v 0.1396203 0.9152942 0.3395231
v 0.1395655 0.9152942 -0.3137224
v 0.1384163 0.9152942 0.3472392
v 0.1350781 0.9152942 0.3530947
v 0.1304813 0.9152942 0.3578010
v 0.1251183 0.9152942 0.3610844
v 0.1194270 0.9152942 0.3630546
v 0.1134073 0.9152942 0.3637660
v 0.1072781 0.9152942 0.3637660
v 0.1012584 0.9152942 0.3630546
v 0.0955671 0.9152942 0.3610844
v 0.0902041 0.9152942 0.3578010
v 0.0856073 0.9152942 0.3530947
v 0.0823238 0.9152942 0.3472392
v 0.0810651 0.9152942 0.3395231
v 0.0811199 0.9152942 -0.3137224
v 0.1395655 0.9146376 -0.3153094
v 0.1395655 0.9130506 -0.3159662
v 0.0811199 0.9146376 -0.3153094
v 0.0811199 0.9130506 -0.3159662
v 0.0811199 0.0209877 -0.3159662
v 0.0811199 0.0194007 -0.3153094
v 0.1395655 0.0194007 -0.3153094
v 0.1395655 0.0209877 -0.3159662
v 0.0823238 0.0187440 0.3472392
v 0.0810651 0.0187440 0.3395231
v 0.0856073 0.0187440 0.3530947
v 0.0902041 0.0187440 0.3578010
v 0.0955671 0.0187440 0.3610844
v 0.1012584 0.0187440 0.3630546
v 0.1072781 0.0187440 0.3637660
v 0.1134073 0.0187440 0.3637660
v 0.1194270 0.0187440 0.3630546
v 0.1251183 0.0187440 0.3610844
v 0.1304813 0.0187440 0.3578010
v 0.1350781 0.0187440 0.3530947
v 0.1384163 0.0187440 0.3472392
v 0.1396203 0.0187440 0.3395231
v 0.1395655 0.0187440 -0.3137224
v 0.0811199 0.0187440 -0.3137224
vt 0.7752998 0.7549985
vt 0.7752998 0.7525618
vt 0.7393181 0.7549985
vt 0.7393181 0.7525618
vt 0.7031741 0.7525618
vt 0.7031741 0.7549985
vt 0.7391557 0.7525618
vt 0.7391557 0.7549985
vt 0.7030928 0.0278934
vt 0.7031741 0.7525618
vt 0.7039051 0.0193651
vt 0.7059356 0.0127860
vt 0.7087784 0.0076690
vt 0.7120273 0.0040139
vt 0.7156011 0.0018210
vt 0.7192561 0.0010899
vt 0.7230736 0.0010899
vt 0.7267286 0.0018210
vt 0.7303024 0.0040139
vt 0.7335513 0.0076690
vt 0.7363941 0.0127860
vt 0.7384247 0.0193651
vt 0.7392369 0.0278934
vt 0.7391557 0.7525618
vt 0.7030928 0.9989101
vt 0.7030928 0.9964734
vt 0.6670300 0.9989101
vt 0.6670300 0.9964734
vt 0.6670300 0.0035266
vt 0.6670300 0.0010899
vt 0.7030928 0.0010899
vt 0.7030928 0.0035266
vt 0.7400491 0.0193651
vt 0.7392369 0.0278934
vt 0.7420797 0.0127860
vt 0.7449225 0.0076690
vt 0.7481714 0.0040139
vt 0.7517452 0.0018210
vt 0.7554002 0.0010899
vt 0.7592177 0.0010899
vt 0.7628727 0.0018210
vt 0.7664465 0.0040139
vt 0.7696954 0.0076690
vt 0.7725382 0.0127860
vt 0.7745688 0.0193651
vt 0.7753810 0.0278934
vt 0.7752998 0.7525618
vt 0.7393181 0.7525618
vn 0.0000000 -0.7057216 -0.7084892
vn 0.0000000 -0.9999981 -0.0019608
vn 0.0000000 -0.7057216 -0.7084892
vn 0.0000000 -0.9999981 -0.0019608
vn 0.0000000 0.9999981 -0.0019608
vn 0.0000000 0.7084892 -0.7057216
vn 0.0000000 0.9999981 -0.0019608
vn 0.0000000 0.7084892 -0.7057216
vn 0.0000000 1.0000000 0.0000000
vn 0.0000000 0.9999981 -0.0019608
vn 0.0000000 1.0000000 0.0000000
vn 0.0000000 1.0000000 0.0000000
vn 0.0000000 1.0000000 0.0000000
vn 0.0000000 1.0000000 0.0000000
vn 0.0000000 1.0000000 0.0000000
vn 0.0000000 1.0000000 0.0000000
vn 0.0000000 1.0000000 0.0000000
vn 0.0000000 1.0000000 0.0000000
vn 0.0000000 1.0000000 0.0000000
vn 0.0000000 1.0000000 0.0000000
vn 0.0000000 1.0000000 0.0000000
vn 0.0000000 1.0000000 0.0000000
vn 0.0000000 1.0000000 0.0000000
vn 0.0000000 0.9999981 -0.0019608
vn 0.0000000 0.7084892 -0.7057216
vn 0.0000000 0.0000000 -1.0000000
vn 0.0000000 0.7084892 -0.7057216
vn 0.0000000 0.0000000 -1.0000000
vn 0.0000000 0.0000000 -1.0000000
vn 0.0000000 -0.7057216 -0.7084892
vn 0.0000000 -0.7057216 -0.7084892
vn 0.0000000 0.0000000 -1.0000000
vn 0.0000000 -1.0000000 0.0000000
vn 0.0000000 -1.0000000 0.0000000
vn 0.0000000 -1.0000000 0.0000000
vn 0.0000000 -1.0000000 0.0000000
vn 0.0000000 -1.0000000 0.0000000
vn 0.0000000 -1.0000000 0.0000000
vn 0.0000000 -1.0000000 0.0000000
vn 0.0000000 -1.0000000 0.0000000
vn 0.0000000 -1.0000000 0.0000000
vn 0.0000000 -1.0000000 0.0000000
vn 0.0000000 -1.0000000 0.0000000
vn 0.0000000 -1.0000000 0.0000000
vn 0.0000000 -1.0000000 0.0000000
vn 0.0000000 -1.0000000 0.0000000
vn 0.0000000 -1.0000000 0.0000000
vn 0.0000000 -1.0000000 0.0000000
f 6096/6096/6096 6097/6097/6097 6098/6098/6098
f 6097/6097/6097 6099/6099/6099 6098/6098/6098
f 6100/6100/6100 6101/6101/6101 6102/6102/6102
f 6101/6101/6101 6103/6103/6103 6102/6102/6102
f 6104/6104/6104 6105/6105/6105 6106/6106/6106
f 6107/6107/6107 6106/6106/6106 6108/6108/6108
f 6106/6106/6106 6105/6105/6105 6108/6108/6108
f 6109/6109/6109 6108/6108/6108 6110/6110/6110
f 6111/6111/6111 6110/6110/6110 6112/6112/6112
f 6110/6110/6110 6108/6108/6108 6112/6112/6112
f 6108/6108/6108 6105/6105/6105 6112/6112/6112
f 6113/6113/6113 6112/6112/6112 6114/6114/6114
f 6115/6115/6115 6114/6114/6114 6116/6116/6116
f 6114/6114/6114 6112/6112/6112 6116/6116/6116
f 6112/6112/6112 6105/6105/6105 6116/6116/6116
f 6117/6117/6117 6116/6116/6116 6118/6118/6118
f 6116/6116/6116 6105/6105/6105 6118/6118/6118
f 6105/6105/6105 6119/6119/6119 6118/6118/6118
f 6120/6120/6120 6121/6121/6121 6122/6122/6122
f 6122/6122/6122 6121/6121/6121 6123/6123/6123
f 6123/6123/6123 6121/6121/6121 6124/6124/6124
f 6125/6125/6125 6124/6124/6124 6126/6126/6126
f 6126/6126/6126 6124/6124/6124 6127/6127/6127
f 6124/6124/6124 6121/6121/6121 6127/6127/6127
f 6128/6128/6128 6129/6129/6129 6130/6130/6130
f 6131/6131/6131 6130/6130/6130 6132/6132/6132
f 6130/6130/6130 6129/6129/6129 6132/6132/6132
f 6133/6133/6133 6132/6132/6132 6134/6134/6134
f 6135/6135/6135 6134/6134/6134 6136/6136/6136
f 6134/6134/6134 6132/6132/6132 6136/6136/6136
f 6132/6132/6132 6129/6129/6129 6136/6136/6136
f 6137/6137/6137 6136/6136/6136 6138/6138/6138
f 6139/6139/6139 6138/6138/6138 6140/6140/6140
f 6138/6138/6138 6136/6136/6136 6140/6140/6140
f 6136/6136/6136 6129/6129/6129 6140/6140/6140
f 6141/6141/6141 6140/6140/6140 6142/6142/6142
f 6140/6140/6140 6129/6129/6129 6142/6142/6142
f 6129/6129/6129 6143/6143/6143 6142/6142/6142
v 0.2619730 0.0029831 0.3185078
v 0.2610376 0.0008784 0.3183909
v 0.2619730 0.0029831 -0.3376281
v 0.2610960 0.0008784 -0.3379204
v 0.2619730 0.9565813 -0.3376281
v 0.2610960 0.9586860 -0.3379204
v 0.2619730 0.9565813 0.3185078
v 0.2610376 0.9586860 0.3183909
v 0.1494892 0.0029831 -0.3376281
v 0.1503661 0.0008784 -0.3379204
v 0.1494892 0.0029831 0.3185078
v 0.1503661 0.0008784 0.3183909
v 0.1494892 0.9565813 0.3185078
v 0.1503661 0.9586860 0.3183909
v 0.1494892 0.9565813 -0.3376281
v 0.1503661 0.9586860 -0.3379204
v 0.2610960 0.9553536 -0.3437083
v 0.2619730 0.9542428 -0.3418375
v 0.2610960 0.9519627 -0.3446438
v 0.2619730 0.9516704 -0.3425391
v 0.1503661 0.0008784 -0.3379204
v 0.1494892 0.0029831 -0.3376281
v 0.1503661 0.0018138 -0.3413113
v 0.1494892 0.0036846 -0.3402590
v 0.2610960 0.0018138 -0.3413113
v 0.2619730 0.0036846 -0.3402590
v 0.2610960 0.0008784 -0.3379204
v 0.2619730 0.0029831 -0.3376281
v 0.2610960 0.0076017 -0.3446438
v 0.2619730 0.0078940 -0.3425391
v 0.2610960 0.0042108 -0.3437083
v 0.2619730 0.0053216 -0.3418375
v 0.2003524 0.9586860 0.3483242
v 0.2003524 0.9565813 0.3492011
v 0.2111097 0.9586860 0.3483242
v 0.2111097 0.9565813 0.3492011
v 0.2111097 0.0008784 0.3483242
v 0.2111097 0.0029831 0.3492011
v 0.2003524 0.0008784 0.3483242
v 0.2003524 0.0029831 0.3492011
v 0.2217501 0.0008784 0.3475057
v 0.2218670 0.0029831 0.3483826
v 0.2111097 0.0008784 0.3483242
v 0.2111097 0.0029831 0.3492011
v 0.2111097 0.9586860 0.3483242
v 0.2111097 0.9565813 0.3492011
v 0.2217501 0.9586860 0.3475057
v 0.2218670 0.9565813 0.3483826
v 0.2217501 0.9586860 0.3475057
v 0.2218670 0.9565813 0.3483826
v 0.2322150 0.9586860 0.3454010
v 0.2324489 0.9565813 0.3462195
v 0.2421538 0.0008784 0.3416593
v 0.2425631 0.0029831 0.3424778
v 0.2322150 0.0008784 0.3454010
v 0.2324489 0.0029831 0.3462195
v 0.2322150 0.9586860 0.3454010
v 0.2324489 0.9565813 0.3462195
v 0.2421538 0.9586860 0.3416593
v 0.2425631 0.9565813 0.3424778
v 0.2511572 0.0008784 0.3361053
v 0.2517419 0.0029831 0.3368069
v 0.2421538 0.0008784 0.3416593
v 0.2425631 0.0029831 0.3424778
v 0.2421538 0.9586860 0.3416593
v 0.2425631 0.9565813 0.3424778
v 0.2511572 0.9586860 0.3361053
v 0.2517419 0.9565813 0.3368069
v 0.2581728 0.0008784 0.3283881
v 0.2589913 0.0029831 0.3287974
v 0.2511572 0.0008784 0.3361053
v 0.2517419 0.0029831 0.3368069
v 0.2511572 0.9586860 0.3361053
v 0.2517419 0.9565813 0.3368069
v 0.2581728 0.9586860 0.3283881
v 0.2589913 0.9565813 0.3287974
v 0.2581728 0.9586860 0.3283881
v 0.2589913 0.9565813 0.3287974
v 0.2610376 0.9586860 0.3183909
v 0.2619730 0.9565813 0.3185078
v 0.1532308 0.0008784 0.3283881
v 0.1524124 0.0029831 0.3287974
v 0.1503661 0.0008784 0.3183909
v 0.1494892 0.0029831 0.3185078
v 0.1503661 0.9586860 0.3183909
v 0.1494892 0.9565813 0.3185078
v 0.1532308 0.9586860 0.3283881
v 0.1524124 0.9565813 0.3287974
v 0.1603049 0.0008784 0.3361053
v 0.1597203 0.0029831 0.3368069
v 0.1532308 0.0008784 0.3283881
v 0.1524124 0.0029831 0.3287974
v 0.1532308 0.9586860 0.3283881
v 0.1524124 0.9565813 0.3287974
v 0.1603049 0.9586860 0.3361053
v 0.1597203 0.9565813 0.3368069
v 0.1693083 0.0008784 0.3416593
v 0.1688991 0.0029831 0.3424778
v 0.1603049 0.0008784 0.3361053
v 0.1597203 0.0029831 0.3368069
v 0.1603049 0.9586860 0.3361053
v 0.1597203 0.9565813 0.3368069
v 0.1693083 0.9586860 0.3416593
v 0.1688991 0.9565813 0.3424778
v 0.1792471 0.0008784 0.3454010
v 0.1790133 0.0029831 0.3462195
v 0.1693083 0.0008784 0.3416593
v 0.1688991 0.0029831 0.3424778
v 0.1693083 0.9586860 0.3416593
v 0.1688991 0.9565813 0.3424778
v 0.1792471 0.9586860 0.3454010
v 0.1790133 0.9565813 0.3462195
v 0.1897121 0.0008784 0.3475057
v 0.1895951 0.0029831 0.3483826
v 0.1792471 0.0008784 0.3454010
v 0.1790133 0.0029831 0.3462195
v 0.1792471 0.9586860 0.3454010
v 0.1790133 0.9565813 0.3462195
v 0.1897121 0.9586860 0.3475057
v 0.1895951 0.9565813 0.3483826
v 0.1897121 0.9586860 0.3475057
v 0.1895951 0.9565813 0.3483826
v 0.2003524 0.9586860 0.3483242
v 0.2003524 0.9565813 0.3492011
v 0.2610960 0.9582182 -0.3397328
v 0.2619730 0.9558798 -0.3402590
v 0.2606868 0.9578090 -0.3413698
v 0.2610960 0.9565813 -0.3424806
v 0.1524124 0.0029831 0.3287974
v 0.1524124 0.9565813 0.3287974
v 0.1494892 0.0029831 0.3185078
v 0.1494892 0.9565813 0.3185078
v 0.2322150 0.0008784 0.3454010
v 0.2324489 0.0029831 0.3462195
v 0.2217501 0.0008784 0.3475057
v 0.2218670 0.0029831 0.3483826
v 0.2324489 0.9565813 0.3462195
v 0.2218670 0.9565813 0.3483826
v 0.2003524 0.0008784 0.3483242
v 0.2003524 0.0029831 0.3492011
v 0.1897121 0.0008784 0.3475057
v 0.1895951 0.0029831 0.3483826
v 0.2003524 0.9565813 0.3492011
v 0.1895951 0.9565813 0.3483826
v 0.2425631 0.0029831 0.3424778
v 0.2425631 0.9565813 0.3424778
v 0.2324489 0.0029831 0.3462195
v 0.2324489 0.9565813 0.3462195
v 0.1895951 0.0029831 0.3483826
v 0.1895951 0.9565813 0.3483826
v 0.1790133 0.0029831 0.3462195
v 0.1790133 0.9565813 0.3462195
v 0.2517419 0.0029831 0.3368069
v 0.2517419 0.9565813 0.3368069
v 0.2425631 0.0029831 0.3424778
v 0.2425631 0.9565813 0.3424778
v 0.1688991 0.0029831 0.3424778
v 0.1688991 0.9565813 0.3424778
v 0.1597203 0.0029831 0.3368069
v 0.1524124 0.9565813 0.3287974
v 0.1524124 0.0029831 0.3287974
v 0.1597203 0.9565813 0.3368069
v 0.1790133 0.0029831 0.3462195
v 0.1790133 0.9565813 0.3462195
v 0.1688991 0.0029831 0.3424778
v 0.1688991 0.9565813 0.3424778
v 0.2610376 0.0008784 0.3183909
v 0.2619730 0.0029831 0.3185078
v 0.2581728 0.0008784 0.3283881
v 0.2589913 0.0029831 0.3287974
v 0.2619730 0.9565813 0.3185078
v 0.2589913 0.9565813 0.3287974
v 0.2589913 0.0029831 0.3287974
v 0.2589913 0.9565813 0.3287974
v 0.2517419 0.0029831 0.3368069
v 0.2517419 0.9565813 0.3368069
v 0.2610960 0.9586860 -0.3379204
v 0.2619730 0.9565813 -0.3376281
v 0.2610960 0.9582182 -0.3397328
v 0.2619730 0.9558798 -0.3402590
v 0.2610960 0.9565813 -0.3424806
v 0.2610960 0.9553536 -0.3437083
v 0.2619730 0.9542428 -0.3418375
v 0.2610960 0.9519627 -0.3446438
v 0.2619730 0.9516704 -0.3425391
v 0.2610960 0.0076017 -0.3446438
v 0.2619730 0.0078940 -0.3425391
v 0.2610960 0.0042108 -0.3437083
v 0.2619730 0.0053216 -0.3418375
v 0.2610960 0.0018138 -0.3413113
v 0.2619730 0.0036846 -0.3402590
v 0.2619730 0.0029831 -0.3376281
v 0.2619730 0.0029831 0.3185078
v 0.2619730 0.9565813 0.3185078
v 0.2003524 0.9565813 0.3492011
v 0.2003524 0.0029831 0.3492011
v 0.2111097 0.9565813 0.3492011
v 0.2218670 0.0029831 0.3483826
v 0.2218670 0.9565813 0.3483826
v 0.2111097 0.0029831 0.3492011
v 0.1494892 0.0029831 -0.3376281
v 0.1494892 0.0029831 0.3185078
v 0.1494892 0.0036846 -0.3402590
v 0.1503661 0.0018138 -0.3413113
v 0.1503661 0.0042108 -0.3437083
v 0.1494892 0.0053216 -0.3418375
v 0.1503661 0.0042108 -0.3437083
v 0.1503661 0.0076017 -0.3446438
v 0.1494892 0.0078940 -0.3425391
v 0.1503661 0.0076017 -0.3446438
v 0.1503661 0.9519627 -0.3446438
v 0.1494892 0.9516704 -0.3425391
v 0.1503661 0.9519627 -0.3446438
v 0.1503661 0.9553536 -0.3437083
v 0.1494892 0.9542428 -0.3418375
v 0.1503661 0.9553536 -0.3437083
v 0.1503661 0.9565813 -0.3424806
v 0.1494892 0.9558798 -0.3402590
v 0.1503661 0.9565813 -0.3424806
v 0.1507754 0.9578090 -0.3413698
v 0.1503661 0.9582182 -0.3397328
v 0.1503661 0.9586860 -0.3379204
v 0.1494892 0.9565813 -0.3376281
v 0.1494892 0.9565813 0.3185078
vt 0.1429538 0.5083351
vt 0.1429538 0.5077000
vt 0.1919049 0.5081763
vt 0.1919579 0.5077000
vt 0.1919049 0.7048010
vt 0.1919579 0.7053567
vt 0.1429538 0.7047217
vt 0.1429538 0.7053567
vt 0.0844771 0.5081763
vt 0.0843977 0.5077000
vt 0.1377412 0.5083351
vt 0.1377412 0.5077000
vt 0.1377412 0.7047217
vt 0.1377412 0.7053567
vt 0.0844771 0.7048010
vt 0.0843977 0.7053567
vt 0.1923019 0.7048010
vt 0.1921431 0.7045629
vt 0.1923548 0.7043247
vt 0.1921696 0.7040866
vt 0.0843713 0.5077000
vt 0.0844771 0.5081763
vt 0.0842125 0.5077794
vt 0.0843184 0.5082557
vt 0.1921431 0.5077794
vt 0.1920372 0.5082557
vt 0.1919843 0.5077000
vt 0.1919049 0.5081763
vt 0.1923548 0.5086526
vt 0.1921696 0.5088908
vt 0.1923019 0.5082557
vt 0.1921431 0.5084939
vt 0.1401491 0.7053567
vt 0.1401491 0.7047217
vt 0.1405460 0.7053567
vt 0.1405460 0.7047217
vt 0.1405460 0.5077000
vt 0.1405460 0.5083351
vt 0.1401491 0.5077000
vt 0.1401491 0.5083351
vt 0.1409429 0.5077000
vt 0.1409429 0.5083351
vt 0.1405460 0.5077000
vt 0.1405460 0.5083351
vt 0.1405460 0.7053567
vt 0.1405460 0.7047217
vt 0.1409429 0.7053567
vt 0.1409429 0.7047217
vt 0.1409429 0.7053567
vt 0.1409429 0.7047217
vt 0.1413398 0.7053567
vt 0.1413398 0.7047217
vt 0.1417367 0.5077000
vt 0.1417367 0.5083351
vt 0.1413398 0.5077000
vt 0.1413398 0.5083351
vt 0.1413398 0.7053567
vt 0.1413398 0.7047217
vt 0.1417367 0.7053567
vt 0.1417367 0.7047217
vt 0.1421336 0.5077000
vt 0.1421336 0.5083351
vt 0.1417367 0.5077000
vt 0.1417367 0.5083351
vt 0.1417367 0.7053567
vt 0.1417367 0.7047217
vt 0.1421336 0.7053567
vt 0.1421336 0.7047217
vt 0.1425305 0.5077000
vt 0.1425569 0.5083351
vt 0.1421600 0.5077000
vt 0.1421336 0.5083351
vt 0.1421600 0.7053567
vt 0.1421336 0.7047217
vt 0.1425305 0.7053567
vt 0.1425569 0.7047217
vt 0.1425569 0.7053567
vt 0.1425569 0.7047217
vt 0.1429274 0.7053567
vt 0.1429538 0.7047217
vt 0.1381381 0.5077000
vt 0.1381381 0.5083351
vt 0.1377412 0.5077000
vt 0.1377412 0.5083351
vt 0.1377412 0.7053567
vt 0.1377412 0.7047217
vt 0.1381381 0.7053567
vt 0.1381381 0.7047217
vt 0.1385350 0.5077000
vt 0.1385350 0.5083351
vt 0.1381381 0.5077000
vt 0.1381381 0.5083351
vt 0.1381381 0.7053567
vt 0.1381381 0.7047217
vt 0.1385350 0.7053567
vt 0.1385350 0.7047217
vt 0.1389319 0.5077000
vt 0.1389319 0.5083351
vt 0.1385350 0.5077000
vt 0.1385350 0.5083351
vt 0.1385350 0.7053567
vt 0.1385350 0.7047217
vt 0.1389319 0.7053567
vt 0.1389319 0.7047217
vt 0.1393288 0.5077000
vt 0.1393288 0.5083351
vt 0.1389319 0.5077000
vt 0.1389319 0.5083351
vt 0.1389319 0.7053567
vt 0.1389319 0.7047217
vt 0.1393288 0.7053567
vt 0.1393288 0.7047217
vt 0.1397522 0.5077000
vt 0.1397522 0.5083351
vt 0.1393553 0.5077000
vt 0.1393288 0.5083351
vt 0.1393553 0.7053567
vt 0.1393288 0.7047217
vt 0.1397522 0.7053567
vt 0.1397522 0.7047217
vt 0.1397522 0.7053567
vt 0.1397522 0.7047217
vt 0.1401491 0.7053567
vt 0.1401491 0.7047217
vt 0.1920637 0.7052773
vt 0.1920372 0.7047217
vt 0.1921696 0.7051979
vt 0.1922225 0.7050392
vt 0.1381381 0.5083351
vt 0.1381381 0.7047217
vt 0.1377412 0.5083351
vt 0.1377412 0.7047217
vt 0.1413398 0.5077000
vt 0.1413398 0.5083351
vt 0.1409429 0.5077000
vt 0.1409429 0.5083351
vt 0.1413398 0.7047217
vt 0.1409429 0.7047217
vt 0.1401491 0.5077000
vt 0.1401491 0.5083351
vt 0.1397522 0.5077000
vt 0.1397522 0.5083351
vt 0.1401491 0.7047217
vt 0.1397522 0.7047217
vt 0.1417367 0.5083351
vt 0.1417367 0.7047217
vt 0.1413398 0.5083351
vt 0.1413398 0.7047217
vt 0.1397522 0.5083351
vt 0.1397522 0.7047217
vt 0.1393288 0.5083351
vt 0.1393288 0.7047217
vt 0.1421336 0.5083351
vt 0.1421336 0.7047217
vt 0.1417367 0.5083351
vt 0.1417367 0.7047217
vt 0.1389319 0.5083351
vt 0.1389319 0.7047217
vt 0.1385350 0.5083351
vt 0.1381381 0.7047217
vt 0.1381381 0.5083351
vt 0.1385350 0.7047217
vt 0.1393288 0.5083351
vt 0.1393288 0.7047217
vt 0.1389319 0.5083351
vt 0.1389319 0.7047217
vt 0.1429274 0.5077000
vt 0.1429538 0.5083351
vt 0.1425569 0.5077000
vt 0.1425569 0.5083351
vt 0.1429538 0.7047217
vt 0.1425569 0.7047217
vt 0.1425569 0.5083351
vt 0.1425569 0.7047217
vt 0.1421336 0.5083351
vt 0.1421336 0.7047217
vt 0.1919843 0.7053567
vt 0.1919049 0.7048010
vt 0.1920637 0.7052773
vt 0.1920372 0.7047217
vt 0.1922225 0.7050392
vt 0.1923019 0.7048804
vt 0.1921431 0.7045629
vt 0.1923548 0.7043247
vt 0.1921696 0.7040866
vt 0.1923548 0.5087320
vt 0.1921696 0.5088908
vt 0.1923019 0.5081763
vt 0.1921431 0.5084939
vt 0.1921696 0.5078588
vt 0.1920372 0.5082557
vt 0.1919049 0.5081763
vt 0.1429538 0.5083351
vt 0.1429538 0.7047217
vt 0.1401491 0.7047217
vt 0.1401491 0.5083351
vt 0.1405460 0.7047217
vt 0.1409429 0.5083351
vt 0.1409429 0.7047217
vt 0.1405460 0.5083351
vt 0.0844771 0.5081763
vt 0.1377412 0.5083351
vt 0.0843184 0.5082557
vt 0.0841861 0.5078588
vt 0.0840538 0.5081763
vt 0.0842390 0.5084939
vt 0.0840538 0.5082557
vt 0.0840008 0.5086526
vt 0.0842125 0.5088908
vt 0.0840008 0.5087320
vt 0.0840008 0.7043247
vt 0.0842125 0.7040866
vt 0.0840008 0.7043247
vt 0.0840538 0.7048010
vt 0.0842390 0.7045629
vt 0.0840538 0.7048804
vt 0.0841331 0.7050392
vt 0.0843184 0.7047217
vt 0.0841331 0.7050392
vt 0.0842125 0.7051979
vt 0.0842919 0.7052773
vt 0.0843713 0.7053567
vt 0.0844771 0.7048010
vt 0.1377412 0.7047217
vn 0.9999903 -0.0019685 0.0039370
vn 0.7071041 -0.7071041 0.0027729
vn 1.0000000 0.0000000 0.0000000
vn 0.7071041 -0.7071041 -0.0027729
vn 0.9999981 0.0019608 0.0000000
vn 0.7084892 0.7057216 0.0000000
vn 0.9999903 0.0019685 0.0039370
vn 0.7071041 0.7071041 0.0027729
vn -1.0000000 0.0000000 0.0000000
vn -0.7071041 -0.7071041 -0.0027729
vn -0.9999903 -0.0019685 0.0039370
vn -0.7071041 -0.7071041 0.0027729
vn -0.9999903 0.0019685 0.0039370
vn -0.7071041 0.7071041 0.0027729
vn -0.9999981 0.0019608 0.0000000
vn -0.7084892 0.7057216 0.0000000
vn 0.7203071 0.2817200 -0.6338702
vn 1.0000000 0.0000000 0.0000000
vn 0.7057216 0.0000000 -0.7084892
vn 0.9999981 0.0000000 -0.0019608
vn -0.7071041 -0.7071041 -0.0027729
vn -1.0000000 0.0000000 0.0000000
vn -0.6898012 -0.6273906 -0.3613245
vn -1.0000000 0.0000000 0.0000000
vn 0.6898012 -0.6273906 -0.3613245
vn 1.0000000 0.0000000 0.0000000
vn 0.7071041 -0.7071041 -0.0027729
vn 1.0000000 0.0000000 0.0000000
vn 0.7057216 0.0000000 -0.7084892
vn 0.9999981 0.0000000 -0.0019608
vn 0.6898012 -0.3613245 -0.6273906
vn 1.0000000 0.0000000 0.0000000
vn -0.0253460 0.7040578 0.7096902
vn -0.0364868 0.0000000 0.9993341
vn 0.0253460 0.7040578 0.7096902
vn 0.0364868 0.0000000 0.9993341
vn 0.0253461 -0.7040577 0.7096903
vn 0.0364868 0.0000000 0.9993341
vn -0.0253460 -0.7040578 0.7096902
vn -0.0364868 0.0000000 0.9993341
vn 0.0971711 -0.7066989 0.7008098
vn 0.1367867 0.0000000 0.9906005
vn 0.0253461 -0.7040577 0.7096903
vn 0.0364868 0.0000000 0.9993341
vn 0.0253460 0.7040578 0.7096902
vn 0.0364868 0.0000000 0.9993341
vn 0.0971711 0.7066989 0.7008098
vn 0.1367867 0.0000000 0.9906005
vn 0.0971711 0.7066989 0.7008098
vn 0.1367867 0.0000000 0.9906005
vn 0.1950240 0.7058011 0.6810363
vn 0.2759999 0.0000000 0.9611577
vn 0.3105691 -0.7052505 0.6373135
vn 0.4367227 0.0000000 0.8995962
vn 0.1950239 -0.7058012 0.6810362
vn 0.2759999 0.0000000 0.9611577
vn 0.1950240 0.7058011 0.6810363
vn 0.2759999 0.0000000 0.9611577
vn 0.3105690 0.7052506 0.6373135
vn 0.4367227 0.0000000 0.8995962
vn 0.4535527 -0.7036735 0.5469310
vn 0.6363831 0.0000000 0.7713732
vn 0.3105691 -0.7052505 0.6373135
vn 0.4367227 0.0000000 0.8995962
vn 0.3105690 0.7052506 0.6373135
vn 0.4367227 0.0000000 0.8995962
vn 0.4535527 0.7036735 0.5469310
vn 0.6363831 0.0000000 0.7713732
vn 0.6169919 -0.7083979 0.3427731
vn 0.8715044 0.0000000 0.4903877
vn 0.4535527 -0.7036735 0.5469310
vn 0.6363831 0.0000000 0.7713732
vn 0.4535527 0.7036735 0.5469310
vn 0.6363831 0.0000000 0.7713732
vn 0.6169918 0.7083980 0.3427731
vn 0.8715044 0.0000000 0.4903877
vn 0.6169918 0.7083980 0.3427731
vn 0.8715044 0.0000000 0.4903877
vn 0.7071041 0.7071041 0.0027729
vn 0.9999826 0.0000000 0.0059054
vn -0.6169917 -0.7083980 0.3427732
vn -0.8715043 0.0000000 0.4903879
vn -0.7071041 -0.7071041 0.0027729
vn -0.9999826 0.0000000 0.0059054
vn -0.7071041 0.7071041 0.0027729
vn -0.9999826 0.0000000 0.0059054
vn -0.6169916 0.7083981 0.3427733
vn -0.8715043 0.0000000 0.4903879
vn -0.4535527 -0.7036735 0.5469310
vn -0.6363829 0.0000000 0.7713733
vn -0.6169917 -0.7083980 0.3427732
vn -0.8715043 0.0000000 0.4903879
vn -0.6169916 0.7083981 0.3427733
vn -0.8715043 0.0000000 0.4903879
vn -0.4535527 0.7036735 0.5469310
vn -0.6363829 0.0000000 0.7713733
vn -0.3105690 -0.7052506 0.6373135
vn -0.4367225 0.0000000 0.8995963
vn -0.4535527 -0.7036735 0.5469310
vn -0.6363829 0.0000000 0.7713733
vn -0.4535527 0.7036735 0.5469310
vn -0.6363829 0.0000000 0.7713733
vn -0.3105690 0.7052506 0.6373135
vn -0.4367225 0.0000000 0.8995963
vn -0.1950240 -0.7058011 0.6810363
vn -0.2759999 0.0000000 0.9611577
vn -0.3105690 -0.7052506 0.6373135
vn -0.4367225 0.0000000 0.8995963
vn -0.3105690 0.7052506 0.6373135
vn -0.4367225 0.0000000 0.8995963
vn -0.1950240 0.7058011 0.6810363
vn -0.2759999 0.0000000 0.9611577
vn -0.0971711 -0.7066989 0.7008098
vn -0.1367867 0.0000000 0.9906005
vn -0.1950240 -0.7058011 0.6810363
vn -0.2759999 0.0000000 0.9611577
vn -0.1950240 0.7058011 0.6810363
vn -0.2759999 0.0000000 0.9611577
vn -0.0971711 0.7066989 0.7008098
vn -0.1367867 0.0000000 0.9906005
vn -0.0971711 0.7066989 0.7008098
vn -0.1367867 0.0000000 0.9906005
vn -0.0253460 0.7040578 0.7096902
vn -0.0364868 0.0000000 0.9993341
vn 0.6930901 0.6772660 -0.2468540
vn 1.0000000 0.0000000 0.0000000
vn 0.5593848 0.7182636 -0.4137463
vn 0.6862562 0.5590476 -0.4653152
vn -0.8715043 0.0000000 0.4903879
vn -0.8715043 0.0000000 0.4903879
vn -0.9999826 0.0000000 0.0059054
vn -0.9999826 0.0000000 0.0059054
vn 0.1950239 -0.7058012 0.6810362
vn 0.2759999 0.0000000 0.9611577
vn 0.0971711 -0.7066989 0.7008098
vn 0.1367867 0.0000000 0.9906005
vn 0.2759999 0.0000000 0.9611577
vn 0.1367867 0.0000000 0.9906005
vn -0.0253460 -0.7040578 0.7096902
vn -0.0364868 0.0000000 0.9993341
vn -0.0971711 -0.7066989 0.7008098
vn -0.1367867 0.0000000 0.9906005
vn -0.0364868 0.0000000 0.9993341
vn -0.1367867 0.0000000 0.9906005
vn 0.4367227 0.0000000 0.8995962
vn 0.4367227 0.0000000 0.8995962
vn 0.2759999 0.0000000 0.9611577
vn 0.2759999 0.0000000 0.9611577
vn -0.1367867 0.0000000 0.9906005
vn -0.1367867 0.0000000 0.9906005
vn -0.2759999 0.0000000 0.9611577
vn -0.2759999 0.0000000 0.9611577
vn 0.6363831 0.0000000 0.7713732
vn 0.6363831 0.0000000 0.7713732
vn 0.4367227 0.0000000 0.8995962
vn 0.4367227 0.0000000 0.8995962
vn -0.4367225 0.0000000 0.8995963
vn -0.4367225 0.0000000 0.8995963
vn -0.6363829 0.0000000 0.7713733
vn -0.8715043 0.0000000 0.4903879
vn -0.8715043 0.0000000 0.4903879
vn -0.6363829 0.0000000 0.7713733
vn -0.2759999 0.0000000 0.9611577
vn -0.2759999 0.0000000 0.9611577
vn -0.4367225 0.0000000 0.8995963
vn -0.4367225 0.0000000 0.8995963
vn 0.7071041 -0.7071041 0.0027729
vn 0.9999826 0.0000000 0.0059054
vn 0.6169919 -0.7083979 0.3427731
vn 0.8715044 0.0000000 0.4903877
vn 0.9999826 0.0000000 0.0059054
vn 0.8715044 0.0000000 0.4903877
vn 0.8715044 0.0000000 0.4903877
vn 0.8715044 0.0000000 0.4903877
vn 0.6363831 0.0000000 0.7713732
vn 0.6363831 0.0000000 0.7713732
vn 0.7084892 0.7057216 0.0000000
vn 0.9999981 0.0019608 0.0000000
vn 0.6930901 0.6772660 -0.2468540
vn 1.0000000 0.0000000 0.0000000
vn 0.6862562 0.5590476 -0.4653152
vn 0.7203071 0.2817200 -0.6338702
vn 1.0000000 0.0000000 0.0000000
vn 0.7057216 0.0000000 -0.7084892
vn 0.9999981 0.0000000 -0.0019608
vn 0.7057216 0.0000000 -0.7084892
vn 0.9999981 0.0000000 -0.0019608
vn 0.6898012 -0.3613245 -0.6273906
vn 1.0000000 0.0000000 0.0000000
vn 0.6898012 -0.6273906 -0.3613245
vn 1.0000000 0.0000000 0.0000000
vn 0.9999981 -0.0019608 0.0000000
vn 0.9999826 0.0000000 0.0059054
vn 0.9999826 0.0000000 0.0059054
vn -0.0364868 0.0000000 0.9993341
vn -0.0364868 0.0000000 0.9993341
vn 0.0364868 0.0000000 0.9993341
vn 0.1367867 0.0000000 0.9906005
vn 0.1367867 0.0000000 0.9906005
vn 0.0364868 0.0000000 0.9993341
vn -0.9999981 -0.0019608 0.0000000
vn -0.9999826 0.0000000 0.0059054
vn -1.0000000 0.0000000 0.0000000
vn -0.6898012 -0.6273906 -0.3613245
vn -0.6898012 -0.3613245 -0.6273906
vn -1.0000000 0.0000000 0.0000000
vn -0.6898012 -0.3613245 -0.6273906
vn -0.7057216 0.0000000 -0.7084892
vn -0.9999981 0.0000000 -0.0019608
vn -0.7057216 0.0000000 -0.7084892
vn -0.7057216 0.0000000 -0.7084892
vn -0.9999981 0.0000000 -0.0019608
vn -0.7057216 0.0000000 -0.7084892
vn -0.7203072 0.2817201 -0.6338701
vn -1.0000000 0.0000000 0.0000000
vn -0.7203072 0.2817201 -0.6338701
vn -0.6862561 0.5590477 -0.4653152
vn -1.0000000 0.0000000 0.0000000
vn -0.6862561 0.5590477 -0.4653152
vn -0.5593849 0.7182635 -0.4137463
vn -0.6930900 0.6772661 -0.2468540
vn -0.7084892 0.7057216 0.0000000
vn -0.9999981 0.0019608 0.0000000
vn -0.9999826 0.0000000 0.0059054
f 6144/6144/6144 6145/6145/6145 6146/6146/6146
f 6145/6145/6145 6147/6147/6147 6146/6146/6146
f 6148/6148/6148 6149/6149/6149 6150/6150/6150
f 6149/6149/6149 6151/6151/6151 6150/6150/6150
f 6152/6152/6152 6153/6153/6153 6154/6154/6154
f 6153/6153/6153 6155/6155/6155 6154/6154/6154
f 6156/6156/6156 6157/6157/6157 6158/6158/6158
f 6157/6157/6157 6159/6159/6159 6158/6158/6158
f 6160/6160/6160 6161/6161/6161 6162/6162/6162
f 6161/6161/6161 6163/6163/6163 6162/6162/6162
f 6164/6164/6164 6165/6165/6165 6166/6166/6166
f 6165/6165/6165 6167/6167/6167 6166/6166/6166
f 6168/6168/6168 6169/6169/6169 6170/6170/6170
f 6169/6169/6169 6171/6171/6171 6170/6170/6170
f 6172/6172/6172 6173/6173/6173 6174/6174/6174
f 6173/6173/6173 6175/6175/6175 6174/6174/6174
f 6176/6176/6176 6177/6177/6177 6178/6178/6178
f 6177/6177/6177 6179/6179/6179 6178/6178/6178
f 6180/6180/6180 6181/6181/6181 6182/6182/6182
f 6181/6181/6181 6183/6183/6183 6182/6182/6182
f 6184/6184/6184 6185/6185/6185 6186/6186/6186
f 6185/6185/6185 6187/6187/6187 6186/6186/6186
f 6188/6188/6188 6189/6189/6189 6190/6190/6190
f 6189/6189/6189 6191/6191/6191 6190/6190/6190
f 6192/6192/6192 6193/6193/6193 6194/6194/6194
f 6193/6193/6193 6195/6195/6195 6194/6194/6194
f 6196/6196/6196 6197/6197/6197 6198/6198/6198
f 6197/6197/6197 6199/6199/6199 6198/6198/6198
f 6200/6200/6200 6201/6201/6201 6202/6202/6202
f 6201/6201/6201 6203/6203/6203 6202/6202/6202
f 6204/6204/6204 6205/6205/6205 6206/6206/6206
f 6205/6205/6205 6207/6207/6207 6206/6206/6206
f 6208/6208/6208 6209/6209/6209 6210/6210/6210
f 6209/6209/6209 6211/6211/6211 6210/6210/6210
f 6212/6212/6212 6213/6213/6213 6214/6214/6214
f 6213/6213/6213 6215/6215/6215 6214/6214/6214
f 6216/6216/6216 6217/6217/6217 6218/6218/6218
f 6217/6217/6217 6219/6219/6219 6218/6218/6218
f 6220/6220/6220 6221/6221/6221 6222/6222/6222
f 6221/6221/6221 6223/6223/6223 6222/6222/6222
f 6224/6224/6224 6225/6225/6225 6226/6226/6226
f 6225/6225/6225 6227/6227/6227 6226/6226/6226
f 6228/6228/6228 6229/6229/6229 6230/6230/6230
f 6229/6229/6229 6231/6231/6231 6230/6230/6230
f 6232/6232/6232 6233/6233/6233 6234/6234/6234
f 6233/6233/6233 6235/6235/6235 6234/6234/6234
f 6236/6236/6236 6237/6237/6237 6238/6238/6238
f 6237/6237/6237 6239/6239/6239 6238/6238/6238
f 6240/6240/6240 6241/6241/6241 6242/6242/6242
f 6241/6241/6241 6243/6243/6243 6242/6242/6242
f 6244/6244/6244 6245/6245/6245 6246/6246/6246
f 6245/6245/6245 6247/6247/6247 6246/6246/6246
f 6248/6248/6248 6249/6249/6249 6250/6250/6250
f 6249/6249/6249 6251/6251/6251 6250/6250/6250
f 6252/6252/6252 6253/6253/6253 6254/6254/6254
f 6253/6253/6253 6255/6255/6255 6254/6254/6254
f 6256/6256/6256 6257/6257/6257 6258/6258/6258
f 6257/6257/6257 6259/6259/6259 6258/6258/6258
f 6260/6260/6260 6261/6261/6261 6262/6262/6262
f 6261/6261/6261 6263/6263/6263 6262/6262/6262
f 6264/6264/6264 6265/6265/6265 6266/6266/6266
f 6265/6265/6265 6267/6267/6267 6266/6266/6266
f 6268/6268/6268 6269/6269/6269 6270/6270/6270
f 6269/6269/6269 6271/6271/6271 6270/6270/6270
f 6272/6272/6272 6273/6273/6273 6274/6274/6274
f 6273/6273/6273 6275/6275/6275 6274/6274/6274
f 6276/6276/6276 6277/6277/6277 6278/6278/6278
f 6278/6278/6278 6277/6277/6277 6279/6279/6279
f 6277/6277/6277 6280/6280/6280 6279/6279/6279
f 6280/6280/6280 6281/6281/6281 6279/6279/6279
f 6282/6282/6282 6283/6283/6283 6284/6284/6284
f 6284/6284/6284 6283/6283/6283 6285/6285/6285
f 6283/6283/6283 6286/6286/6286 6285/6285/6285
f 6286/6286/6286 6287/6287/6287 6285/6285/6285
f 6288/6288/6288 6289/6289/6289 6290/6290/6290
f 6289/6289/6289 6291/6291/6291 6290/6290/6290
f 6292/6292/6292 6293/6293/6293 6294/6294/6294
f 6293/6293/6293 6295/6295/6295 6294/6294/6294
f 6296/6296/6296 6297/6297/6297 6298/6298/6298
f 6297/6297/6297 6299/6299/6299 6298/6298/6298
f 6300/6300/6300 6301/6301/6301 6302/6302/6302
f 6303/6303/6303 6304/6304/6304 6305/6305/6305
f 6304/6304/6304 6302/6302/6302 6305/6305/6305
f 6302/6302/6302 6301/6301/6301 6305/6305/6305
f 6306/6306/6306 6307/6307/6307 6308/6308/6308
f 6307/6307/6307 6309/6309/6309 6308/6308/6308
f 6310/6310/6310 6311/6311/6311 6312/6312/6312
f 6312/6312/6312 6311/6311/6311 6313/6313/6313
f 6311/6311/6311 6314/6314/6314 6313/6313/6313
f 6314/6314/6314 6315/6315/6315 6313/6313/6313
f 6316/6316/6316 6317/6317/6317 6318/6318/6318
f 6317/6317/6317 6319/6319/6319 6318/6318/6318
f 6320/6320/6320 6321/6321/6321 6322/6322/6322
f 6322/6322/6322 6321/6321/6321 6323/6323/6323
f 6324/6324/6324 6323/6323/6323 6325/6325/6325
f 6325/6325/6325 6323/6323/6323 6326/6326/6326
f 6323/6323/6323 6321/6321/6321 6326/6326/6326
f 6327/6327/6327 6328/6328/6328 6329/6329/6329
f 6329/6329/6329 6328/6328/6328 6330/6330/6330
f 6328/6328/6328 6326/6326/6326 6330/6330/6330
f 6331/6331/6331 6332/6332/6332 6333/6333/6333
f 6333/6333/6333 6332/6332/6332 6334/6334/6334
f 6332/6332/6332 6330/6330/6330 6334/6334/6334
f 6330/6330/6330 6326/6326/6326 6334/6334/6334
f 6326/6326/6326 6321/6321/6321 6334/6334/6334
f 6335/6335/6335 6334/6334/6334 6336/6336/6336
f 6334/6334/6334 6321/6321/6321 6336/6336/6336
f 6321/6321/6321 6337/6337/6337 6336/6336/6336
f 6338/6338/6338 6339/6339/6339 6340/6340/6340
f 6341/6341/6341 6342/6342/6342 6343/6343/6343
f 6342/6342/6342 6340/6340/6340 6343/6343/6343
f 6340/6340/6340 6339/6339/6339 6343/6343/6343
f 6344/6344/6344 6345/6345/6345 6346/6346/6346
f 6347/6347/6347 6346/6346/6346 6348/6348/6348
f 6348/6348/6348 6346/6346/6346 6349/6349/6349
f 6350/6350/6350 6349/6349/6349 6351/6351/6351
f 6351/6351/6351 6349/6349/6349 6352/6352/6352
f 6349/6349/6349 6346/6346/6346 6352/6352/6352
f 6353/6353/6353 6352/6352/6352 6354/6354/6354
f 6354/6354/6354 6352/6352/6352 6355/6355/6355
f 6356/6356/6356 6355/6355/6355 6357/6357/6357
f 6357/6357/6357 6355/6355/6355 6358/6358/6358
f 6355/6355/6355 6352/6352/6352 6358/6358/6358
f 6352/6352/6352 6346/6346/6346 6358/6358/6358
f 6346/6346/6346 6345/6345/6345 6358/6358/6358
f 6359/6359/6359 6358/6358/6358 6360/6360/6360
f 6360/6360/6360 6358/6358/6358 6361/6361/6361
f 6362/6362/6362 6361/6361/6361 6363/6363/6363
f 6363/6363/6363 6361/6361/6361 6364/6364/6364
f 6364/6364/6364 6361/6361/6361 6365/6365/6365
f 6365/6365/6365 6361/6361/6361 6366/6366/6366
f 6361/6361/6361 6358/6358/6358 6366/6366/6366
f 6358/6358/6358 6345/6345/6345 6366/6366/6366
f 6345/6345/6345 6367/6367/6367 6366/6366/6366
v 0.1901957 0.9595644 0.3439619
v 0.1899614 0.9595644 0.3454262
v 0.2005041 0.9595644 0.3446648
v 0.2004456 0.9595644 0.3461877
v 0.2574349 0.9595644 -0.3380357
v 0.2553263 0.9586858 -0.3379185
v 0.2575520 0.9595644 0.3178980
v 0.2554435 0.9586858 0.3176051
v 0.2553263 0.9586858 -0.3379185
v 0.2544478 0.9565773 -0.3376257
v 0.2554435 0.9586858 0.3176051
v 0.2545064 0.9565773 0.3174880
v 0.2554435 0.0008786 0.3176051
v 0.2545064 0.0029871 0.3174880
v 0.2553263 0.0008786 -0.3379185
v 0.2544478 0.0029871 -0.3376257
v 0.2610663 0.0008786 0.3184251
v 0.2589577 0.0000000 0.3180737
v 0.2610663 0.0008786 -0.3379185
v 0.2589577 0.0000000 -0.3380357
v 0.2610663 0.9586858 -0.3379185
v 0.2589577 0.9595644 -0.3380357
v 0.2610663 0.9586858 0.3184251
v 0.2589577 0.9595644 0.3180737
v 0.2553263 0.0076142 -0.3446542
v 0.2544478 0.0079070 -0.3425456
v 0.2553263 0.9519501 -0.3446542
v 0.2544478 0.9516573 -0.3425456
v 0.2589577 0.9520673 -0.3455327
v 0.2610663 0.9519501 -0.3446542
v 0.2589577 0.0074971 -0.3455327
v 0.2610663 0.0076142 -0.3446542
v 0.1561075 0.0008786 -0.3379185
v 0.1569861 0.0029871 -0.3376257
v 0.1560489 0.0008786 0.3176051
v 0.1569275 0.0029871 0.3174880
v 0.1539404 0.9595644 0.3178980
v 0.1560489 0.9586858 0.3176051
v 0.1539990 0.9595644 -0.3380357
v 0.1561075 0.9586858 -0.3379185
v 0.1560489 0.9586858 0.3176051
v 0.1569275 0.9565773 0.3174880
v 0.1561075 0.9586858 -0.3379185
v 0.1569861 0.9565773 -0.3376257
v 0.1503676 0.0008786 -0.3379185
v 0.1524761 0.0000000 -0.3380357
v 0.1503676 0.0008786 0.3184251
v 0.1524761 0.0000000 0.3180737
v 0.1503676 0.9586858 0.3184251
v 0.1524761 0.9595644 0.3180737
v 0.1503676 0.9586858 -0.3379185
v 0.1524761 0.9595644 -0.3380357
v 0.1561075 0.9519501 -0.3446542
v 0.1569861 0.9516573 -0.3425456
v 0.1561075 0.0076142 -0.3446542
v 0.1569861 0.0079070 -0.3425456
v 0.1524761 0.0074971 -0.3455327
v 0.1503676 0.0076142 -0.3446542
v 0.1524761 0.9520673 -0.3455327
v 0.1503676 0.9519501 -0.3446542
v 0.2589577 0.9558159 -0.3445370
v 0.2610663 0.9553473 -0.3437170
v 0.2589577 0.9520673 -0.3455327
v 0.2610663 0.9519501 -0.3446542
v 0.2574349 0.9520673 -0.3455327
v 0.2553263 0.9519501 -0.3446542
v 0.2574349 0.9558159 -0.3445370
v 0.2553263 0.9553473 -0.3437170
v 0.2589577 0.9564601 -0.3438928
v 0.2610663 0.9565773 -0.3424871
v 0.2589577 0.9558159 -0.3445370
v 0.2610663 0.9553473 -0.3437170
v 0.2574349 0.9558159 -0.3445370
v 0.2553263 0.9553473 -0.3437170
v 0.2574349 0.9564601 -0.3438928
v 0.2553263 0.9565773 -0.3424871
v 0.2589577 0.9593301 -0.3389142
v 0.2589577 0.9581587 -0.3415499
v 0.2574349 0.9593301 -0.3389142
v 0.2574349 0.9581587 -0.3415499
v 0.2589577 0.9595644 -0.3380357
v 0.2610663 0.9586858 -0.3379185
v 0.2589577 0.9593301 -0.3389142
v 0.2610663 0.9582172 -0.3397342
v 0.1524761 0.0037485 -0.3445370
v 0.1503676 0.0042171 -0.3437170
v 0.1524761 0.0074971 -0.3455327
v 0.1503676 0.0076142 -0.3446542
v 0.1539990 0.0074971 -0.3455327
v 0.1561075 0.0076142 -0.3446542
v 0.1539990 0.0037485 -0.3445370
v 0.1561075 0.0042171 -0.3437170
v 0.1539990 0.0037485 -0.3445370
v 0.1561075 0.0042171 -0.3437170
v 0.1539990 0.0009957 -0.3417842
v 0.1561075 0.0018157 -0.3413156
v 0.1561075 0.0042171 -0.3437170
v 0.1569861 0.0053299 -0.3418428
v 0.1561075 0.0018157 -0.3413156
v 0.1569861 0.0036900 -0.3402028
v 0.1524761 0.0000000 -0.3380357
v 0.1503676 0.0008786 -0.3379185
v 0.1524761 0.0009957 -0.3417842
v 0.1503676 0.0018157 -0.3413156
v 0.1539990 0.0009957 -0.3417842
v 0.1561075 0.0018157 -0.3413156
v 0.1539990 0.0000000 -0.3380357
v 0.1561075 0.0008786 -0.3379185
v 0.1539990 0.9558159 -0.3445370
v 0.1561075 0.9553473 -0.3437170
v 0.1539990 0.9520673 -0.3455327
v 0.1561075 0.9519501 -0.3446542
v 0.1524761 0.9520673 -0.3455327
v 0.1503676 0.9519501 -0.3446542
v 0.1524761 0.9558159 -0.3445370
v 0.1503676 0.9553473 -0.3437170
v 0.1539990 0.9564601 -0.3438928
v 0.1561075 0.9565773 -0.3424871
v 0.1539990 0.9558159 -0.3445370
v 0.1561075 0.9553473 -0.3437170
v 0.1524761 0.9558159 -0.3445370
v 0.1503676 0.9553473 -0.3437170
v 0.1524761 0.9564601 -0.3438928
v 0.1503676 0.9565773 -0.3424871
v 0.1539990 0.9593301 -0.3389142
v 0.1539990 0.9581587 -0.3415499
v 0.1524761 0.9593301 -0.3389142
v 0.1524761 0.9581587 -0.3415499
v 0.1539990 0.9595644 -0.3380357
v 0.1561075 0.9586858 -0.3379185
v 0.1539990 0.9593301 -0.3389142
v 0.1561075 0.9582172 -0.3397342
v 0.1524761 0.9593301 -0.3389142
v 0.1503676 0.9582172 -0.3397342
v 0.1524761 0.9595644 -0.3380357
v 0.1503676 0.9586858 -0.3379185
v 0.2589577 0.0009957 -0.3417842
v 0.2610663 0.0018157 -0.3413156
v 0.2589577 0.0000000 -0.3380357
v 0.2610663 0.0008786 -0.3379185
v 0.2553263 0.0008786 -0.3379185
v 0.2544478 0.0029871 -0.3376257
v 0.2553263 0.0018157 -0.3413156
v 0.2544478 0.0036900 -0.3402028
v 0.2589577 0.0037485 -0.3445370
v 0.2610663 0.0042171 -0.3437170
v 0.2589577 0.0009957 -0.3417842
v 0.2610663 0.0018157 -0.3413156
v 0.2574349 0.0009957 -0.3417842
v 0.2553263 0.0018157 -0.3413156
v 0.2574349 0.0037485 -0.3445370
v 0.2553263 0.0042171 -0.3437170
v 0.2553263 0.0018157 -0.3413156
v 0.2544478 0.0036900 -0.3402028
v 0.2553263 0.0042171 -0.3437170
v 0.2544478 0.0053299 -0.3418428
v 0.2589577 0.0074971 -0.3455327
v 0.2610663 0.0076142 -0.3446542
v 0.2589577 0.0037485 -0.3445370
v 0.2610663 0.0042171 -0.3437170
v 0.2574349 0.0037485 -0.3445370
v 0.2553263 0.0042171 -0.3437170
v 0.2574349 0.0074971 -0.3455327
v 0.2553263 0.0076142 -0.3446542
v 0.2006213 0.9565773 0.3416777
v 0.2005627 0.9586858 0.3425562
v 0.2108126 0.9565773 0.3416777
v 0.2108712 0.9586858 0.3425562
v 0.2005627 0.9586858 0.3425562
v 0.2005041 0.9595644 0.3446648
v 0.2108712 0.9586858 0.3425562
v 0.2109297 0.9595644 0.3446648
v 0.2108126 0.0029871 0.3416777
v 0.2108712 0.0008786 0.3425562
v 0.2006213 0.0029871 0.3416777
v 0.2005627 0.0008786 0.3425562
v 0.2108712 0.0008786 0.3425562
v 0.2109297 0.0000000 0.3446648
v 0.2005627 0.0008786 0.3425562
v 0.2005041 0.0000000 0.3446648
v 0.2208282 0.0029871 0.3409749
v 0.2209453 0.0008786 0.3418534
v 0.2108126 0.0029871 0.3416777
v 0.2108712 0.0008786 0.3425562
v 0.2108126 0.9565773 0.3416777
v 0.2108712 0.9586858 0.3425562
v 0.2208282 0.9565773 0.3409749
v 0.2209453 0.9586858 0.3418534
v 0.2108712 0.9586858 0.3425562
v 0.2109297 0.9595644 0.3446648
v 0.2209453 0.9586858 0.3418534
v 0.2212382 0.9595644 0.3439619
v 0.2303752 0.0029871 0.3390420
v 0.2306095 0.0008786 0.3398620
v 0.2208282 0.0029871 0.3409749
v 0.2209453 0.0008786 0.3418534
v 0.2306095 0.0008786 0.3398620
v 0.2311952 0.0000000 0.3419120
v 0.2209453 0.0008786 0.3418534
v 0.2109297 0.0000000 0.3446648
v 0.2108712 0.0008786 0.3425562
v 0.2212382 0.0000000 0.3439619
v 0.2208282 0.9565773 0.3409749
v 0.2209453 0.9586858 0.3418534
v 0.2303752 0.9565773 0.3390420
v 0.2306095 0.9586858 0.3398620
v 0.2392780 0.0029871 0.3357035
v 0.2396294 0.0008786 0.3365235
v 0.2303752 0.0029871 0.3390420
v 0.2306095 0.0008786 0.3398620
v 0.2396294 0.0008786 0.3365235
v 0.2405665 0.0000000 0.3383978
v 0.2306095 0.0008786 0.3398620
v 0.2311952 0.0000000 0.3419120
v 0.2303752 0.9565773 0.3390420
v 0.2306095 0.9586858 0.3398620
v 0.2392780 0.9565773 0.3357035
v 0.2396294 0.9586858 0.3365235
v 0.2209453 0.9586858 0.3418534
v 0.2212382 0.9595644 0.3439619
v 0.2306095 0.9586858 0.3398620
v 0.2311952 0.9595644 0.3419120
v 0.2396294 0.9586858 0.3365235
v 0.2405665 0.9595644 0.3383978
v 0.2469507 0.0029871 0.3310178
v 0.2475364 0.0008786 0.3317207
v 0.2392780 0.0029871 0.3357035
v 0.2396294 0.0008786 0.3365235
v 0.2475364 0.0008786 0.3317207
v 0.2488836 0.0000000 0.3333607
v 0.2396294 0.0008786 0.3365235
v 0.2405665 0.0000000 0.3383978
v 0.2392780 0.9565773 0.3357035
v 0.2396294 0.9586858 0.3365235
v 0.2469507 0.9565773 0.3310178
v 0.2475364 0.9586858 0.3317207
v 0.2524564 0.0029871 0.3251608
v 0.2532764 0.0008786 0.3256293
v 0.2469507 0.0029871 0.3310178
v 0.2475364 0.0008786 0.3317207
v 0.2532764 0.0008786 0.3256293
v 0.2551506 0.0000000 0.3266836
v 0.2475364 0.0008786 0.3317207
v 0.2488836 0.0000000 0.3333607
v 0.2469507 0.9565773 0.3310178
v 0.2475364 0.9586858 0.3317207
v 0.2524564 0.9565773 0.3251608
v 0.2532764 0.9586858 0.3256293
v 0.2545064 0.0029871 0.3174880
v 0.2554435 0.0008786 0.3176051
v 0.2524564 0.0029871 0.3251608
v 0.2532764 0.0008786 0.3256293
v 0.2553263 0.0008786 -0.3379185
v 0.2574349 0.0000000 -0.3380357
v 0.2554435 0.0008786 0.3176051
v 0.2575520 0.0000000 0.3178980
v 0.2532764 0.0008786 0.3256293
v 0.2551506 0.0000000 0.3266836
v 0.2524564 0.9565773 0.3251608
v 0.2532764 0.9586858 0.3256293
v 0.2545064 0.9565773 0.3174880
v 0.2554435 0.9586858 0.3176051
v 0.2532764 0.9586858 0.3256293
v 0.2551506 0.9595644 0.3266836
v 0.2554435 0.9586858 0.3176051
v 0.2575520 0.9595644 0.3178980
v 0.1589775 0.0029871 0.3251608
v 0.1581575 0.0008786 0.3256293
v 0.1569275 0.0029871 0.3174880
v 0.1560489 0.0008786 0.3176051
v 0.1581575 0.0008786 0.3256293
v 0.1562832 0.0000000 0.3266836
v 0.1560489 0.0008786 0.3176051
v 0.1539990 0.0000000 -0.3380357
v 0.1561075 0.0008786 -0.3379185
v 0.1539404 0.0000000 0.3178980
v 0.1569275 0.9565773 0.3174880
v 0.1560489 0.9586858 0.3176051
v 0.1589775 0.9565773 0.3251608
v 0.1581575 0.9586858 0.3256293
v 0.1644831 0.0029871 0.3310178
v 0.1639560 0.0008786 0.3317207
v 0.1589775 0.0029871 0.3251608
v 0.1581575 0.0008786 0.3256293
v 0.1589775 0.9565773 0.3251608
v 0.1581575 0.9586858 0.3256293
v 0.1644831 0.9565773 0.3310178
v 0.1639560 0.9586858 0.3317207
v 0.1560489 0.9586858 0.3176051
v 0.1539404 0.9595644 0.3178980
v 0.1581575 0.9586858 0.3256293
v 0.1562832 0.9595644 0.3266836
v 0.1639560 0.9586858 0.3317207
v 0.1625503 0.9595644 0.3333607
v 0.1721559 0.0029871 0.3357035
v 0.1718045 0.0008786 0.3365235
v 0.1644831 0.0029871 0.3310178
v 0.1639560 0.0008786 0.3317207
v 0.1718045 0.0008786 0.3365235
v 0.1708673 0.0000000 0.3383978
v 0.1639560 0.0008786 0.3317207
v 0.1562832 0.0000000 0.3266836
v 0.1581575 0.0008786 0.3256293
v 0.1625503 0.0000000 0.3333607
v 0.1644831 0.9565773 0.3310178
v 0.1639560 0.9586858 0.3317207
v 0.1721559 0.9565773 0.3357035
v 0.1718045 0.9586858 0.3365235
v 0.1810587 0.0029871 0.3390420
v 0.1808244 0.0008786 0.3398620
v 0.1721559 0.0029871 0.3357035
v 0.1718045 0.0008786 0.3365235
v 0.1721559 0.9565773 0.3357035
v 0.1718045 0.9586858 0.3365235
v 0.1810587 0.9565773 0.3390420
v 0.1808244 0.9586858 0.3398620
v 0.1718045 0.9586858 0.3365235
v 0.1708673 0.9595644 0.3383978
v 0.1808244 0.9586858 0.3398620
v 0.1802387 0.9595644 0.3419120
v 0.1906057 0.0029871 0.3409749
v 0.1904885 0.0008786 0.3418534
v 0.1810587 0.0029871 0.3390420
v 0.1808244 0.0008786 0.3398620
v 0.1810587 0.9565773 0.3390420
v 0.1808244 0.9586858 0.3398620
v 0.1906057 0.9565773 0.3409749
v 0.1904885 0.9586858 0.3418534
v 0.1808244 0.9586858 0.3398620
v 0.1802387 0.9595644 0.3419120
v 0.1904885 0.9586858 0.3418534
v 0.1901957 0.9595644 0.3439619
v 0.2006213 0.0029871 0.3416777
v 0.2005627 0.0008786 0.3425562
v 0.1906057 0.0029871 0.3409749
v 0.1904885 0.0008786 0.3418534
v 0.2005627 0.0008786 0.3425562
v 0.2005041 0.0000000 0.3446648
v 0.1904885 0.0008786 0.3418534
v 0.1708673 0.0000000 0.3383978
v 0.1718045 0.0008786 0.3365235
v 0.1802387 0.0000000 0.3419120
v 0.1808244 0.0008786 0.3398620
v 0.1901957 0.0000000 0.3439619
v 0.1906057 0.9565773 0.3409749
v 0.1904885 0.9586858 0.3418534
v 0.2006213 0.9565773 0.3416777
v 0.2005627 0.9586858 0.3425562
v 0.1904885 0.9586858 0.3418534
v 0.1901957 0.9595644 0.3439619
v 0.2005627 0.9586858 0.3425562
v 0.2005041 0.9595644 0.3446648
v 0.2004456 0.9595644 0.3461877
v 0.2003870 0.9586858 0.3482962
v 0.2109883 0.9595644 0.3461877
v 0.2111054 0.9586858 0.3482962
v 0.2109883 0.0000000 0.3461877
v 0.2111054 0.0008786 0.3482962
v 0.2004456 0.0000000 0.3461877
v 0.2003870 0.0008786 0.3482962
v 0.2214725 0.0000000 0.3454262
v 0.2217653 0.0008786 0.3475348
v 0.2109883 0.0000000 0.3461877
v 0.2111054 0.0008786 0.3482962
v 0.2109883 0.9595644 0.3461877
v 0.2111054 0.9586858 0.3482962
v 0.2214725 0.9595644 0.3454262
v 0.2217653 0.9586858 0.3475348
v 0.2316052 0.0000000 0.3433177
v 0.2321909 0.0008786 0.3453677
v 0.2214725 0.0000000 0.3454262
v 0.2217653 0.0008786 0.3475348
v 0.2214725 0.9595644 0.3454262
v 0.2217653 0.9586858 0.3475348
v 0.2316052 0.9595644 0.3433177
v 0.2321909 0.9586858 0.3453677
v 0.2412108 0.0000000 0.3397448
v 0.2421479 0.0008786 0.3416777
v 0.2316052 0.0000000 0.3433177
v 0.2321909 0.0008786 0.3453677
v 0.2316052 0.9595644 0.3433177
v 0.2321909 0.9586858 0.3453677
v 0.2412108 0.9595644 0.3397448
v 0.2421479 0.9586858 0.3416777
v 0.2497621 0.0000000 0.3344735
v 0.2511678 0.0008786 0.3361135
v 0.2412108 0.0000000 0.3397448
v 0.2421479 0.0008786 0.3416777
v 0.2412108 0.9595644 0.3397448
v 0.2421479 0.9586858 0.3416777
v 0.2497621 0.9595644 0.3344735
v 0.2511678 0.9586858 0.3361135
v 0.2563220 0.0000000 0.3273279
v 0.2581963 0.0008786 0.3283821
v 0.2497621 0.0000000 0.3344735
v 0.2511678 0.0008786 0.3361135
v 0.2497621 0.9595644 0.3344735
v 0.2511678 0.9586858 0.3361135
v 0.2563220 0.9595644 0.3273279
v 0.2581963 0.9586858 0.3283821
v 0.2589577 0.0000000 0.3180737
v 0.2610663 0.0008786 0.3184251
v 0.2563220 0.0000000 0.3273279
v 0.2581963 0.0008786 0.3283821
v 0.2563220 0.9595644 0.3273279
v 0.2581963 0.9586858 0.3283821
v 0.2589577 0.9595644 0.3180737
v 0.2610663 0.9586858 0.3184251
v 0.1551118 0.0000000 0.3273279
v 0.1532376 0.0008786 0.3283821
v 0.1524761 0.0000000 0.3180737
v 0.1503676 0.0008786 0.3184251
v 0.1524761 0.9595644 0.3180737
v 0.1503676 0.9586858 0.3184251
v 0.1551118 0.9595644 0.3273279
v 0.1532376 0.9586858 0.3283821
v 0.1616717 0.0000000 0.3344735
v 0.1603246 0.0008786 0.3361135
v 0.1551118 0.0000000 0.3273279
v 0.1532376 0.0008786 0.3283821
v 0.1551118 0.9595644 0.3273279
v 0.1532376 0.9586858 0.3283821
v 0.1616717 0.9595644 0.3344735
v 0.1603246 0.9586858 0.3361135
v 0.1702231 0.0000000 0.3397448
v 0.1692859 0.0008786 0.3416777
v 0.1616717 0.0000000 0.3344735
v 0.1603246 0.0008786 0.3361135
v 0.1616717 0.9595644 0.3344735
v 0.1603246 0.9586858 0.3361135
v 0.1702231 0.9595644 0.3397448
v 0.1692859 0.9586858 0.3416777
v 0.1798287 0.0000000 0.3433177
v 0.1792430 0.0008786 0.3453677
v 0.1702231 0.0000000 0.3397448
v 0.1692859 0.0008786 0.3416777
v 0.1702231 0.9595644 0.3397448
v 0.1692859 0.9586858 0.3416777
v 0.1798287 0.9595644 0.3433177
v 0.1792430 0.9586858 0.3453677
v 0.1899614 0.0000000 0.3454262
v 0.1896685 0.0008786 0.3475348
v 0.1798287 0.0000000 0.3433177
v 0.1792430 0.0008786 0.3453677
v 0.1798287 0.9595644 0.3433177
v 0.1792430 0.9586858 0.3453677
v 0.1899614 0.9595644 0.3454262
v 0.1896685 0.9586858 0.3475348
v 0.2004456 0.0000000 0.3461877
v 0.2003870 0.0008786 0.3482962
v 0.1899614 0.0000000 0.3454262
v 0.1896685 0.0008786 0.3475348
v 0.1899614 0.9595644 0.3454262
v 0.1896685 0.9586858 0.3475348
v 0.2004456 0.9595644 0.3461877
v 0.2003870 0.9586858 0.3482962
v 0.2589577 0.9581587 -0.3415499
v 0.2589577 0.9564601 -0.3438928
v 0.2574349 0.9581587 -0.3415499
v 0.2574349 0.9564601 -0.3438928
v 0.2557363 0.9578072 -0.3413742
v 0.2553263 0.9565773 -0.3424871
v 0.2553263 0.9586858 -0.3379185
v 0.2574349 0.9595644 -0.3380357
v 0.2553263 0.9582172 -0.3397342
v 0.2574349 0.9593301 -0.3389142
v 0.2557363 0.9578072 -0.3413742
v 0.2574349 0.9581587 -0.3415499
v 0.1539990 0.9581587 -0.3415499
v 0.1539990 0.9593301 -0.3389142
v 0.1556975 0.9578072 -0.3413742
v 0.1561075 0.9582172 -0.3397342
v 0.1524761 0.9564601 -0.3438928
v 0.1524761 0.9581587 -0.3415499
v 0.1539990 0.9564601 -0.3438928
v 0.1539990 0.9581587 -0.3415499
v 0.1561075 0.9565773 -0.3424871
v 0.1556975 0.9578072 -0.3413742
v 0.2589577 0.9581587 -0.3415499
v 0.2589577 0.9593301 -0.3389142
v 0.2606563 0.9578072 -0.3413742
v 0.2610663 0.9582172 -0.3397342
v 0.2610663 0.9565773 -0.3424871
v 0.2589577 0.9564601 -0.3438928
v 0.2606563 0.9578072 -0.3413742
v 0.2589577 0.9581587 -0.3415499
v 0.1524761 0.9581587 -0.3415499
v 0.1524761 0.9564601 -0.3438928
v 0.1507776 0.9578072 -0.3413742
v 0.1503676 0.9565773 -0.3424871
v 0.1503676 0.9582172 -0.3397342
v 0.1524761 0.9593301 -0.3389142
v 0.1507776 0.9578072 -0.3413742
v 0.1524761 0.9581587 -0.3415499
v 0.1524761 0.9558159 -0.3445370
v 0.1524761 0.9564601 -0.3438928
v 0.1539990 0.9558159 -0.3445370
v 0.1539990 0.9564601 -0.3438928
v 0.2574349 0.9593301 -0.3389142
v 0.2574349 0.9595644 -0.3380357
v 0.2589577 0.9593301 -0.3389142
v 0.2589577 0.9595644 -0.3380357
v 0.2574349 0.9558159 -0.3445370
v 0.2574349 0.9564601 -0.3438928
v 0.2589577 0.9558159 -0.3445370
v 0.2589577 0.9564601 -0.3438928
v 0.1539990 0.0009957 -0.3417842
v 0.1539990 0.0000000 -0.3380357
v 0.1524761 0.0009957 -0.3417842
v 0.1524761 0.0000000 -0.3380357
v 0.1539990 0.0037485 -0.3445370
v 0.1539990 0.0009957 -0.3417842
v 0.1524761 0.0037485 -0.3445370
v 0.1503676 0.0042171 -0.3437170
v 0.1503676 0.0018157 -0.3413156
v 0.1524761 0.0009957 -0.3417842
v 0.1561075 0.0076142 -0.3446542
v 0.1539990 0.0074971 -0.3455327
v 0.1561075 0.9519501 -0.3446542
v 0.1539990 0.9520673 -0.3455327
v 0.1524761 0.0074971 -0.3455327
v 0.1524761 0.9520673 -0.3455327
v 0.1539990 0.0074971 -0.3455327
v 0.1539990 0.0037485 -0.3445370
v 0.1524761 0.0074971 -0.3455327
v 0.1524761 0.0037485 -0.3445370
v 0.1524761 0.9520673 -0.3455327
v 0.1524761 0.9558159 -0.3445370
v 0.1539990 0.9520673 -0.3455327
v 0.1539990 0.9558159 -0.3445370
v 0.2574349 0.0037485 -0.3445370
v 0.2574349 0.0074971 -0.3455327
v 0.2589577 0.0037485 -0.3445370
v 0.2589577 0.0074971 -0.3455327
v 0.2574349 0.9520673 -0.3455327
v 0.2574349 0.9558159 -0.3445370
v 0.2589577 0.9520673 -0.3455327
v 0.2589577 0.9558159 -0.3445370
v 0.2553263 0.9519501 -0.3446542
v 0.2574349 0.9520673 -0.3455327
v 0.2553263 0.0076142 -0.3446542
v 0.2574349 0.0074971 -0.3455327
v 0.2589577 0.9520673 -0.3455327
v 0.2589577 0.0074971 -0.3455327
v 0.2109297 0.0000000 0.3446648
v 0.2109883 0.0000000 0.3461877
v 0.2005041 0.0000000 0.3446648
v 0.2004456 0.0000000 0.3461877
v 0.1810587 0.9565773 0.3390420
v 0.1906057 0.9565773 0.3409749
v 0.1810587 0.0029871 0.3390420
v 0.1906057 0.0029871 0.3409749
v 0.2553263 0.0018157 -0.3413156
v 0.2574349 0.0009957 -0.3417842
v 0.2553263 0.0008786 -0.3379185
v 0.2574349 0.0000000 -0.3380357
v 0.2589577 0.0000000 -0.3380357
v 0.2589577 0.0009957 -0.3417842
v 0.2574349 0.0037485 -0.3445370
v 0.2589577 0.0037485 -0.3445370
v 0.1708673 0.0000000 0.3383978
v 0.1702231 0.0000000 0.3397448
v 0.1625503 0.0000000 0.3333607
v 0.1616717 0.0000000 0.3344735
v 0.2005041 0.0000000 0.3446648
v 0.2004456 0.0000000 0.3461877
v 0.1901957 0.0000000 0.3439619
v 0.1899614 0.0000000 0.3454262
v 0.1562832 0.0000000 0.3266836
v 0.1551118 0.0000000 0.3273279
v 0.1539404 0.0000000 0.3178980
v 0.1524761 0.0000000 0.3180737
v 0.2109297 0.9595644 0.3446648
v 0.2109883 0.9595644 0.3461877
v 0.2212382 0.9595644 0.3439619
v 0.2214725 0.9595644 0.3454262
v 0.1539404 0.9595644 0.3178980
v 0.1524761 0.9595644 0.3180737
v 0.1562832 0.9595644 0.3266836
v 0.1551118 0.9595644 0.3273279
v 0.1625503 0.0000000 0.3333607
v 0.1616717 0.0000000 0.3344735
v 0.1562832 0.0000000 0.3266836
v 0.1551118 0.0000000 0.3273279
v 0.1802387 0.0000000 0.3419120
v 0.1798287 0.0000000 0.3433177
v 0.1708673 0.0000000 0.3383978
v 0.1702231 0.0000000 0.3397448
v 0.1906057 0.9565773 0.3409749
v 0.2006213 0.9565773 0.3416777
v 0.1906057 0.0029871 0.3409749
v 0.2006213 0.0029871 0.3416777
v 0.2575520 0.0000000 0.3178980
v 0.2589577 0.0000000 0.3180737
v 0.2551506 0.0000000 0.3266836
v 0.2563220 0.0000000 0.3273279
v 0.1901957 0.0000000 0.3439619
v 0.1899614 0.0000000 0.3454262
v 0.1802387 0.0000000 0.3419120
v 0.1798287 0.0000000 0.3433177
v 0.2574349 0.0000000 -0.3380357
v 0.2589577 0.0000000 -0.3380357
v 0.2575520 0.0000000 0.3178980
v 0.2589577 0.0000000 0.3180737
v 0.2405665 0.0000000 0.3383978
v 0.2412108 0.0000000 0.3397448
v 0.2311952 0.0000000 0.3419120
v 0.2316052 0.0000000 0.3433177
v 0.2575520 0.9595644 0.3178980
v 0.2589577 0.9595644 0.3180737
v 0.2574349 0.9595644 -0.3380357
v 0.2589577 0.9595644 -0.3380357
v 0.2212382 0.0000000 0.3439619
v 0.2214725 0.0000000 0.3454262
v 0.2109297 0.0000000 0.3446648
v 0.2109883 0.0000000 0.3461877
v 0.2551506 0.9595644 0.3266836
v 0.2563220 0.9595644 0.3273279
v 0.2575520 0.9595644 0.3178980
v 0.2589577 0.9595644 0.3180737
v 0.1539404 0.0000000 0.3178980
v 0.1524761 0.0000000 0.3180737
v 0.1539990 0.0000000 -0.3380357
v 0.1524761 0.0000000 -0.3380357
v 0.2551506 0.0000000 0.3266836
v 0.2563220 0.0000000 0.3273279
v 0.2488836 0.0000000 0.3333607
v 0.2497621 0.0000000 0.3344735
v 0.2405665 0.0000000 0.3383978
v 0.2412108 0.0000000 0.3397448
v 0.1569275 0.9565773 0.3174880
v 0.1589775 0.9565773 0.3251608
v 0.1569275 0.0029871 0.3174880
v 0.1589775 0.0029871 0.3251608
v 0.2469507 0.9565773 0.3310178
v 0.2524564 0.9565773 0.3251608
v 0.2469507 0.0029871 0.3310178
v 0.2524564 0.0029871 0.3251608
v 0.1524761 0.9593301 -0.3389142
v 0.1524761 0.9595644 -0.3380357
v 0.1539990 0.9593301 -0.3389142
v 0.1539990 0.9595644 -0.3380357
v 0.2208282 0.9565773 0.3409749
v 0.2303752 0.9565773 0.3390420
v 0.2208282 0.0029871 0.3409749
v 0.2303752 0.0029871 0.3390420
v 0.2303752 0.9565773 0.3390420
v 0.2392780 0.9565773 0.3357035
v 0.2303752 0.0029871 0.3390420
v 0.2392780 0.0029871 0.3357035
v 0.2392780 0.9565773 0.3357035
v 0.2469507 0.9565773 0.3310178
v 0.2392780 0.0029871 0.3357035
v 0.2469507 0.0029871 0.3310178
v 0.2544478 0.0029871 -0.3376257
v 0.2545064 0.0029871 0.3174880
v 0.2544478 0.0036900 -0.3402028
v 0.2553263 0.0042171 -0.3437170
v 0.2544478 0.0053299 -0.3418428
v 0.2553263 0.0076142 -0.3446542
v 0.2544478 0.0079070 -0.3425456
v 0.2553263 0.9519501 -0.3446542
v 0.2544478 0.9516573 -0.3425456
v 0.2553263 0.9553473 -0.3437170
v 0.2544478 0.9542344 -0.3418428
v 0.2553263 0.9553473 -0.3437170
v 0.2553263 0.9565773 -0.3424871
v 0.2553263 0.9582172 -0.3397342
v 0.2557363 0.9578072 -0.3413742
v 0.2544478 0.9558744 -0.3402028
v 0.2553263 0.9582172 -0.3397342
v 0.2553263 0.9586858 -0.3379185
v 0.2544478 0.9565773 -0.3376257
v 0.2545064 0.9565773 0.3174880
v 0.1561075 0.9586858 -0.3379185
v 0.1569861 0.9565773 -0.3376257
v 0.1561075 0.9582172 -0.3397342
v 0.1569861 0.9558744 -0.3402028
v 0.1556975 0.9578072 -0.3413742
v 0.1561075 0.9565773 -0.3424871
v 0.1561075 0.9553473 -0.3437170
v 0.1569861 0.9542344 -0.3418428
v 0.1561075 0.9553473 -0.3437170
v 0.1561075 0.9519501 -0.3446542
v 0.1569861 0.9516573 -0.3425456
v 0.1569861 0.0079070 -0.3425456
v 0.1561075 0.0076142 -0.3446542
v 0.1561075 0.0042171 -0.3437170
v 0.1569861 0.0053299 -0.3418428
v 0.1569861 0.0036900 -0.3402028
v 0.1561075 0.0018157 -0.3413156
v 0.1561075 0.0008786 -0.3379185
v 0.1569861 0.0029871 -0.3376257
v 0.1569275 0.0029871 0.3174880
v 0.1569275 0.9565773 0.3174880
v 0.2524564 0.9565773 0.3251608
v 0.2545064 0.9565773 0.3174880
v 0.2524564 0.0029871 0.3251608
v 0.2545064 0.0029871 0.3174880
v 0.1589775 0.9565773 0.3251608
v 0.1644831 0.9565773 0.3310178
v 0.1589775 0.0029871 0.3251608
v 0.1644831 0.0029871 0.3310178
v 0.1644831 0.9565773 0.3310178
v 0.1721559 0.9565773 0.3357035
v 0.1644831 0.0029871 0.3310178
v 0.1721559 0.0029871 0.3357035
v 0.1721559 0.9565773 0.3357035
v 0.1810587 0.9565773 0.3390420
v 0.1721559 0.0029871 0.3357035
v 0.1810587 0.0029871 0.3390420
v 0.2108126 0.0029871 0.3416777
v 0.2006213 0.0029871 0.3416777
v 0.2108126 0.9565773 0.3416777
v 0.2006213 0.9565773 0.3416777
v 0.2108126 0.9565773 0.3416777
v 0.2208282 0.9565773 0.3409749
v 0.2108126 0.0029871 0.3416777
v 0.2208282 0.0029871 0.3409749
v 0.2005041 0.9595644 0.3446648
v 0.2004456 0.9595644 0.3461877
v 0.2109297 0.9595644 0.3446648
v 0.2109883 0.9595644 0.3461877
v 0.2212382 0.9595644 0.3439619
v 0.2214725 0.9595644 0.3454262
v 0.2311952 0.9595644 0.3419120
v 0.2316052 0.9595644 0.3433177
v 0.2311952 0.9595644 0.3419120
v 0.2316052 0.9595644 0.3433177
v 0.2405665 0.9595644 0.3383978
v 0.2412108 0.9595644 0.3397448
v 0.2396294 0.9586858 0.3365235
v 0.2405665 0.9595644 0.3383978
v 0.2475364 0.9586858 0.3317207
v 0.2551506 0.9595644 0.3266836
v 0.2532764 0.9586858 0.3256293
v 0.2488836 0.9595644 0.3333607
v 0.2412108 0.9595644 0.3397448
v 0.2497621 0.9595644 0.3344735
v 0.2488836 0.9595644 0.3333607
v 0.2497621 0.9595644 0.3344735
v 0.2551506 0.9595644 0.3266836
v 0.2563220 0.9595644 0.3273279
v 0.1539990 0.9595644 -0.3380357
v 0.1524761 0.9595644 -0.3380357
v 0.1539404 0.9595644 0.3178980
v 0.1524761 0.9595644 0.3180737
v 0.1562832 0.9595644 0.3266836
v 0.1551118 0.9595644 0.3273279
v 0.1625503 0.9595644 0.3333607
v 0.1616717 0.9595644 0.3344735
v 0.1639560 0.9586858 0.3317207
v 0.1625503 0.9595644 0.3333607
v 0.1718045 0.9586858 0.3365235
v 0.1708673 0.9595644 0.3383978
v 0.1616717 0.9595644 0.3344735
v 0.1702231 0.9595644 0.3397448
v 0.1708673 0.9595644 0.3383978
v 0.1702231 0.9595644 0.3397448
v 0.1802387 0.9595644 0.3419120
v 0.1798287 0.9595644 0.3433177
v 0.1802387 0.9595644 0.3419120
v 0.1798287 0.9595644 0.3433177
v 0.1901957 0.9595644 0.3439619
v 0.1899614 0.9595644 0.3454262
v 0.2311952 0.0000000 0.3419120
v 0.2316052 0.0000000 0.3433177
v 0.2212382 0.0000000 0.3439619
v 0.2214725 0.0000000 0.3454262
vt 0.4827403 0.4177624
vt 0.4828215 0.4187371
vt 0.4813595 0.4182498
vt 0.4814407 0.4192244
vt 0.4738058 0.0010922
vt 0.4742119 0.0010922
vt 0.4738058 0.4019240
vt 0.4742119 0.4016804
vt 0.3487235 0.0057219
vt 0.3491297 0.0059655
vt 0.3487235 0.4063101
vt 0.3490484 0.4063101
vt 0.4731560 0.4063101
vt 0.4727499 0.4063101
vt 0.4731560 0.0057219
vt 0.4727499 0.0059655
vt 0.3336974 0.0198546
vt 0.3341035 0.0200982
vt 0.3336974 0.4209301
vt 0.3341035 0.4211738
vt 0.4732373 0.0010922
vt 0.4736434 0.0010922
vt 0.4732373 0.4021678
vt 0.4736434 0.4021678
vt 0.4721814 0.0010922
vt 0.4721002 0.0030415
vt 0.3496982 0.0010922
vt 0.3496982 0.0030415
vt 0.3341035 0.9918413
vt 0.3336974 0.9918413
vt 0.3341035 0.4282401
vt 0.3336974 0.4282401
vt 0.4731560 0.8795110
vt 0.4727499 0.8792673
vt 0.4731560 0.4789228
vt 0.4727499 0.4789228
vt 0.4876136 0.4019240
vt 0.4872075 0.4016804
vt 0.4875324 0.0010922
vt 0.4872075 0.0010922
vt 0.3487235 0.4789228
vt 0.3490484 0.4789228
vt 0.3487235 0.8795110
vt 0.3491297 0.8792673
vt 0.3486423 0.4209301
vt 0.3482362 0.4211738
vt 0.3486423 0.0198546
vt 0.3482362 0.0200982
vt 0.4881822 0.4021678
vt 0.4877761 0.4021678
vt 0.4881822 0.0010922
vt 0.4877761 0.0010922
vt 0.3496982 0.8841406
vt 0.3496982 0.8821913
vt 0.4721814 0.8841406
vt 0.4721002 0.8821913
vt 0.3482362 0.4282401
vt 0.3486423 0.4282401
vt 0.3482362 0.9918413
vt 0.3486423 0.9918413
vt 0.3341035 0.9942780
vt 0.3336974 0.9940343
vt 0.3341035 0.9918413
vt 0.3336974 0.9918413
vt 0.3342660 0.9918413
vt 0.3346721 0.9918413
vt 0.3342660 0.9942780
vt 0.3346721 0.9940343
vt 0.3341035 0.9947653
vt 0.3336974 0.9952527
vt 0.3341035 0.9942780
vt 0.3336974 0.9942780
vt 0.3342660 0.9942780
vt 0.3346721 0.9942780
vt 0.3342660 0.9947653
vt 0.3346721 0.9952527
vt 0.3341035 0.9984203
vt 0.3341035 0.9964710
vt 0.3342660 0.9984203
vt 0.3342660 0.9964710
vt 0.3341035 0.9989077
vt 0.3336974 0.9989077
vt 0.3341035 0.9984203
vt 0.3336974 0.9976893
vt 0.3482362 0.4258034
vt 0.3486423 0.4260471
vt 0.3482362 0.4282401
vt 0.3486423 0.4282401
vt 0.3480738 0.4282401
vt 0.3476677 0.4282401
vt 0.3480738 0.4258034
vt 0.3476677 0.4260471
vt 0.3480738 0.4258034
vt 0.3476677 0.4255597
vt 0.3480738 0.4233668
vt 0.3476677 0.4236104
vt 0.4726687 0.8834096
vt 0.4725063 0.8817040
vt 0.4729936 0.8819476
vt 0.4726687 0.8807293
vt 0.3482362 0.4211738
vt 0.3486423 0.4211738
vt 0.3482362 0.4233668
vt 0.3486423 0.4233668
vt 0.3480738 0.4233668
vt 0.3476677 0.4233668
vt 0.3480738 0.4211738
vt 0.3476677 0.4211738
vt 0.3480738 0.9942780
vt 0.3476677 0.9940343
vt 0.3480738 0.9918413
vt 0.3476677 0.9918413
vt 0.3482362 0.9918413
vt 0.3486423 0.9918413
vt 0.3482362 0.9942780
vt 0.3486423 0.9940343
vt 0.3480738 0.9947653
vt 0.3476677 0.9952527
vt 0.3480738 0.9942780
vt 0.3476677 0.9942780
vt 0.3482362 0.9942780
vt 0.3486423 0.9942780
vt 0.3482362 0.9947653
vt 0.3486423 0.9952527
vt 0.3480738 0.9984203
vt 0.3480738 0.9964710
vt 0.3482362 0.9984203
vt 0.3482362 0.9964710
vt 0.3480738 0.9989077
vt 0.3476677 0.9989077
vt 0.3480738 0.9984203
vt 0.3476677 0.9976893
vt 0.3482362 0.9984203
vt 0.3486423 0.9976893
vt 0.3482362 0.9989077
vt 0.3486423 0.9989077
vt 0.3341035 0.4233668
vt 0.3336974 0.4233668
vt 0.3341035 0.4211738
vt 0.3336974 0.4211738
vt 0.4731560 0.0057219
vt 0.4727499 0.0059655
vt 0.4730748 0.0035289
vt 0.4726687 0.0042599
vt 0.3341035 0.4258034
vt 0.3336974 0.4255597
vt 0.3341035 0.4233668
vt 0.3336974 0.4236104
vt 0.3342660 0.4233668
vt 0.3346721 0.4236104
vt 0.3342660 0.4258034
vt 0.3346721 0.4255597
vt 0.4729936 0.0032852
vt 0.4726687 0.0042599
vt 0.4726687 0.0018232
vt 0.4725063 0.0032852
vt 0.3341035 0.4282401
vt 0.3336974 0.4282401
vt 0.3341035 0.4258034
vt 0.3336974 0.4260471
vt 0.3342660 0.4258034
vt 0.3346721 0.4260471
vt 0.3342660 0.4282401
vt 0.3346721 0.4282401
vt 0.3490484 0.4457841
vt 0.3487235 0.4457841
vt 0.3490484 0.4394488
vt 0.3487235 0.4394488
vt 0.4813595 0.4165441
vt 0.4813595 0.4182498
vt 0.4800599 0.4165441
vt 0.4799787 0.4182498
vt 0.4727499 0.4394488
vt 0.4731560 0.4394488
vt 0.4727499 0.4457841
vt 0.4731560 0.4457841
vt 0.3405201 0.0057219
vt 0.3404389 0.0037726
vt 0.3418197 0.0057219
vt 0.3419009 0.0037726
vt 0.4727499 0.4333571
vt 0.4731560 0.4333571
vt 0.4727499 0.4394488
vt 0.4731560 0.4394488
vt 0.3490484 0.4394488
vt 0.3487235 0.4394488
vt 0.3490484 0.4333571
vt 0.3487235 0.4333571
vt 0.4800599 0.4165441
vt 0.4799787 0.4182498
vt 0.4786792 0.4160568
vt 0.4785979 0.4177624
vt 0.4727499 0.4272654
vt 0.4731560 0.4272654
vt 0.4727499 0.4333571
vt 0.4731560 0.4333571
vt 0.3379210 0.0071839
vt 0.3377585 0.0054782
vt 0.3391393 0.0062092
vt 0.3404389 0.0037726
vt 0.3405201 0.0057219
vt 0.3391393 0.0042599
vt 0.3490484 0.4333571
vt 0.3487235 0.4333571
vt 0.3490484 0.4272654
vt 0.3487235 0.4272654
vt 0.4727499 0.4216611
vt 0.4731560 0.4216611
vt 0.4727499 0.4272654
vt 0.4731560 0.4272654
vt 0.3367026 0.0093769
vt 0.3365402 0.0076712
vt 0.3379210 0.0071839
vt 0.3377585 0.0054782
vt 0.3490484 0.4272654
vt 0.3487235 0.4272654
vt 0.3490484 0.4216611
vt 0.3487235 0.4216611
vt 0.4786792 0.4160568
vt 0.4785979 0.4177624
vt 0.4774608 0.4148384
vt 0.4772984 0.4165441
vt 0.4762425 0.4128891
vt 0.4760801 0.4145947
vt 0.4727499 0.4160568
vt 0.4731560 0.4160568
vt 0.4727499 0.4216611
vt 0.4731560 0.4216611
vt 0.3357280 0.0120572
vt 0.3354031 0.0108389
vt 0.3367026 0.0093769
vt 0.3365402 0.0076712
vt 0.3490484 0.4216611
vt 0.3487235 0.4216611
vt 0.3490484 0.4160568
vt 0.3487235 0.4160568
vt 0.4727499 0.4111834
vt 0.4731560 0.4111834
vt 0.4727499 0.4160568
vt 0.4731560 0.4160568
vt 0.3349970 0.0157122
vt 0.3345909 0.0147376
vt 0.3357280 0.0120572
vt 0.3354031 0.0108389
vt 0.3490484 0.4160568
vt 0.3487235 0.4160568
vt 0.3490484 0.4111834
vt 0.3487235 0.4111834
vt 0.4727499 0.4063101
vt 0.4731560 0.4063101
vt 0.4727499 0.4111834
vt 0.4731560 0.4111834
vt 0.3346721 0.4209301
vt 0.3342660 0.4211738
vt 0.3346721 0.0203419
vt 0.3342660 0.0200982
vt 0.3349970 0.0157122
vt 0.3345909 0.0147376
vt 0.3490484 0.4111834
vt 0.3487235 0.4111834
vt 0.3490484 0.4063101
vt 0.3487235 0.4063101
vt 0.4744556 0.4063101
vt 0.4741307 0.4072848
vt 0.4742119 0.4016804
vt 0.4738058 0.4019240
vt 0.4727499 0.4740494
vt 0.4731560 0.4740494
vt 0.4727499 0.4789228
vt 0.4731560 0.4789228
vt 0.3473428 0.0157122
vt 0.3477489 0.0147376
vt 0.3476677 0.0203419
vt 0.3480738 0.4211738
vt 0.3476677 0.4209301
vt 0.3480738 0.0200982
vt 0.3490484 0.4789228
vt 0.3487235 0.4789228
vt 0.3490484 0.4740494
vt 0.3487235 0.4740494
vt 0.4727499 0.4691761
vt 0.4731560 0.4691761
vt 0.4727499 0.4740494
vt 0.4731560 0.4740494
vt 0.3490484 0.4740494
vt 0.3487235 0.4740494
vt 0.3490484 0.4691761
vt 0.3487235 0.4691761
vt 0.4872075 0.4016804
vt 0.4876136 0.4019240
vt 0.4868826 0.4063101
vt 0.4872887 0.4072848
vt 0.4861516 0.4099650
vt 0.4863953 0.4114271
vt 0.4727499 0.4635718
vt 0.4731560 0.4635718
vt 0.4727499 0.4691761
vt 0.4731560 0.4691761
vt 0.3456371 0.0093769
vt 0.3457995 0.0076712
vt 0.3466118 0.0120572
vt 0.3477489 0.0147376
vt 0.3473428 0.0157122
vt 0.3469367 0.0108389
vt 0.3490484 0.4691761
vt 0.3487235 0.4691761
vt 0.3490484 0.4635718
vt 0.3487235 0.4635718
vt 0.4727499 0.4577238
vt 0.4731560 0.4577238
vt 0.4727499 0.4635718
vt 0.4731560 0.4635718
vt 0.3490484 0.4635718
vt 0.3487235 0.4635718
vt 0.3490484 0.4577238
vt 0.3487235 0.4577238
vt 0.4851769 0.4128891
vt 0.4853394 0.4145947
vt 0.4839586 0.4148384
vt 0.4841211 0.4165441
vt 0.4727499 0.4518757
vt 0.4731560 0.4518757
vt 0.4727499 0.4577238
vt 0.4731560 0.4577238
vt 0.3490484 0.4577238
vt 0.3487235 0.4577238
vt 0.3490484 0.4518757
vt 0.3487235 0.4518757
vt 0.4839586 0.4148384
vt 0.4841211 0.4165441
vt 0.4827403 0.4160568
vt 0.4827403 0.4177624
vt 0.4727499 0.4457841
vt 0.4731560 0.4457841
vt 0.4727499 0.4518757
vt 0.4731560 0.4518757
vt 0.3418197 0.0057219
vt 0.3419009 0.0037726
vt 0.3432004 0.0062092
vt 0.3457995 0.0076712
vt 0.3456371 0.0093769
vt 0.3445812 0.0054782
vt 0.3444188 0.0071839
vt 0.3432004 0.0042599
vt 0.3490484 0.4518757
vt 0.3487235 0.4518757
vt 0.3490484 0.4457841
vt 0.3487235 0.4457841
vt 0.4827403 0.4160568
vt 0.4827403 0.4177624
vt 0.4813595 0.4165441
vt 0.4813595 0.4182498
vt 0.4814407 0.4192244
vt 0.4814407 0.4211738
vt 0.4799787 0.4192244
vt 0.4799787 0.4211738
vt 0.3404389 0.0030415
vt 0.3404389 0.0010922
vt 0.3419009 0.0030415
vt 0.3419009 0.0010922
vt 0.3390581 0.0032852
vt 0.3390581 0.0015796
vt 0.3404389 0.0030415
vt 0.3404389 0.0010922
vt 0.4799787 0.4192244
vt 0.4799787 0.4211738
vt 0.4785979 0.4187371
vt 0.4785979 0.4206864
vt 0.3377585 0.0047472
vt 0.3375961 0.0027979
vt 0.3390581 0.0032852
vt 0.3389769 0.0015796
vt 0.4785979 0.4187371
vt 0.4785167 0.4206864
vt 0.4772984 0.4175187
vt 0.4771359 0.4192244
vt 0.3364590 0.0069402
vt 0.3362965 0.0052345
vt 0.3377585 0.0047472
vt 0.3375961 0.0027979
vt 0.4772984 0.4175187
vt 0.4771359 0.4192244
vt 0.4759988 0.4153258
vt 0.4758364 0.4170314
vt 0.3353219 0.0101079
vt 0.3350782 0.0086459
vt 0.3364590 0.0069402
vt 0.3362965 0.0052345
vt 0.4759988 0.4153258
vt 0.4758364 0.4170314
vt 0.4748617 0.4121581
vt 0.4746181 0.4136201
vt 0.3344284 0.0144939
vt 0.3341035 0.0135192
vt 0.3353219 0.0101079
vt 0.3350782 0.0086459
vt 0.4748617 0.4121581
vt 0.4746181 0.4133764
vt 0.4739683 0.4077721
vt 0.4736434 0.4087467
vt 0.3341035 0.0200982
vt 0.3336974 0.0198546
vt 0.3344284 0.0144939
vt 0.3341035 0.0137629
vt 0.4739683 0.4077721
vt 0.4736434 0.4085031
vt 0.4736434 0.4021678
vt 0.4732373 0.4024114
vt 0.3479113 0.0144939
vt 0.3482362 0.0137629
vt 0.3482362 0.0200982
vt 0.3486423 0.0198546
vt 0.4877761 0.4021678
vt 0.4881822 0.4024114
vt 0.4874512 0.4077721
vt 0.4877761 0.4085031
vt 0.3470179 0.0101079
vt 0.3472615 0.0086459
vt 0.3479113 0.0144939
vt 0.3482362 0.0135192
vt 0.4874512 0.4077721
vt 0.4877761 0.4087467
vt 0.4865577 0.4121581
vt 0.4868014 0.4133764
vt 0.3458808 0.0069402
vt 0.3460432 0.0052345
vt 0.3470179 0.0101079
vt 0.3472615 0.0086459
vt 0.4865577 0.4121581
vt 0.4868014 0.4136201
vt 0.4854206 0.4153258
vt 0.4855831 0.4170314
vt 0.3445812 0.0047472
vt 0.3447437 0.0027979
vt 0.3458808 0.0069402
vt 0.3460432 0.0052345
vt 0.4854206 0.4153258
vt 0.4855831 0.4170314
vt 0.4841211 0.4175187
vt 0.4842835 0.4192244
vt 0.3432817 0.0032852
vt 0.3432817 0.0015796
vt 0.3445812 0.0047472
vt 0.3447437 0.0027979
vt 0.4841211 0.4175187
vt 0.4842023 0.4192244
vt 0.4828215 0.4187371
vt 0.4828215 0.4206864
vt 0.3419009 0.0030415
vt 0.3419009 0.0010922
vt 0.3432817 0.0032852
vt 0.3432817 0.0015796
vt 0.4828215 0.4187371
vt 0.4828215 0.4206864
vt 0.4814407 0.4192244
vt 0.4814407 0.4211738
vt 0.3341035 0.9964710
vt 0.3341035 0.9947653
vt 0.3342660 0.9964710
vt 0.3342660 0.9947653
vt 0.3346721 0.9964710
vt 0.3346721 0.9952527
vt 0.3346721 0.9989077
vt 0.3342660 0.9989077
vt 0.3346721 0.9976893
vt 0.3342660 0.9984203
vt 0.3345096 0.9964710
vt 0.3342660 0.9964710
vt 0.3480738 0.9964710
vt 0.3480738 0.9984203
vt 0.3476677 0.9967147
vt 0.3476677 0.9976893
vt 0.3482362 0.9947653
vt 0.3482362 0.9964710
vt 0.3480738 0.9947653
vt 0.3480738 0.9964710
vt 0.3476677 0.9952527
vt 0.3478301 0.9964710
vt 0.3341035 0.9964710
vt 0.3341035 0.9984203
vt 0.3336974 0.9967147
vt 0.3336974 0.9976893
vt 0.3336974 0.9952527
vt 0.3341035 0.9947653
vt 0.3338599 0.9964710
vt 0.3341035 0.9964710
vt 0.3482362 0.9964710
vt 0.3482362 0.9947653
vt 0.3486423 0.9964710
vt 0.3486423 0.9952527
vt 0.3486423 0.9976893
vt 0.3482362 0.9984203
vt 0.3484799 0.9964710
vt 0.3482362 0.9964710
vt 0.3482362 0.9942780
vt 0.3482362 0.9947653
vt 0.3480738 0.9942780
vt 0.3480738 0.9947653
vt 0.3342660 0.9984203
vt 0.3342660 0.9989077
vt 0.3341035 0.9984203
vt 0.3341035 0.9989077
vt 0.3342660 0.9942780
vt 0.3342660 0.9947653
vt 0.3341035 0.9942780
vt 0.3341035 0.9947653
vt 0.3480738 0.4233668
vt 0.3480738 0.4211738
vt 0.3482362 0.4233668
vt 0.3482362 0.4211738
vt 0.3480738 0.4258034
vt 0.3480738 0.4233668
vt 0.3482362 0.4258034
vt 0.3486423 0.4255597
vt 0.3486423 0.4236104
vt 0.3482362 0.4233668
vt 0.3476677 0.4282401
vt 0.3480738 0.4282401
vt 0.3476677 0.9918413
vt 0.3480738 0.9918413
vt 0.3482362 0.4282401
vt 0.3482362 0.9918413
vt 0.3480738 0.4282401
vt 0.3480738 0.4258034
vt 0.3482362 0.4282401
vt 0.3482362 0.4258034
vt 0.3482362 0.9918413
vt 0.3482362 0.9942780
vt 0.3480738 0.9918413
vt 0.3480738 0.9942780
vt 0.3342660 0.4258034
vt 0.3342660 0.4282401
vt 0.3341035 0.4258034
vt 0.3341035 0.4282401
vt 0.3342660 0.9918413
vt 0.3342660 0.9942780
vt 0.3341035 0.9918413
vt 0.3341035 0.9942780
vt 0.3346721 0.9918413
vt 0.3342660 0.9918413
vt 0.3346721 0.4282401
vt 0.3342660 0.4282401
vt 0.3341035 0.9918413
vt 0.3341035 0.4282401
vt 0.3404389 0.0037726
vt 0.3404389 0.0030415
vt 0.3419009 0.0037726
vt 0.3419009 0.0030415
vt 0.3490484 0.4577238
vt 0.3490484 0.4518757
vt 0.4727499 0.4577238
vt 0.4727499 0.4518757
vt 0.3346721 0.4233668
vt 0.3342660 0.4233668
vt 0.3346721 0.4211738
vt 0.3342660 0.4211738
vt 0.3341035 0.4211738
vt 0.3341035 0.4233668
vt 0.3342660 0.4258034
vt 0.3341035 0.4258034
vt 0.3457995 0.0076712
vt 0.3458808 0.0069402
vt 0.3469367 0.0108389
vt 0.3470179 0.0101079
vt 0.3419009 0.0037726
vt 0.3419009 0.0030415
vt 0.3432004 0.0042599
vt 0.3432817 0.0032852
vt 0.3477489 0.0147376
vt 0.3479113 0.0144939
vt 0.3480738 0.0200982
vt 0.3482362 0.0200982
vt 0.4799787 0.4182498
vt 0.4799787 0.4192244
vt 0.4785979 0.4177624
vt 0.4785979 0.4187371
vt 0.4876136 0.4019240
vt 0.4877761 0.4021678
vt 0.4872887 0.4072848
vt 0.4874512 0.4077721
vt 0.3469367 0.0108389
vt 0.3470179 0.0101079
vt 0.3477489 0.0147376
vt 0.3479113 0.0144939
vt 0.3445812 0.0054782
vt 0.3445812 0.0047472
vt 0.3457995 0.0076712
vt 0.3458808 0.0069402
vt 0.3490484 0.4518757
vt 0.3490484 0.4457841
vt 0.4727499 0.4518757
vt 0.4727499 0.4457841
vt 0.3342660 0.0200982
vt 0.3341035 0.0200982
vt 0.3345909 0.0147376
vt 0.3344284 0.0144939
vt 0.3432004 0.0042599
vt 0.3432817 0.0032852
vt 0.3445812 0.0054782
vt 0.3445812 0.0047472
vt 0.3342660 0.4211738
vt 0.3341035 0.4211738
vt 0.3342660 0.0200982
vt 0.3341035 0.0200982
vt 0.3365402 0.0076712
vt 0.3364590 0.0069402
vt 0.3377585 0.0054782
vt 0.3377585 0.0047472
vt 0.4738058 0.4019240
vt 0.4736434 0.4021678
vt 0.4738058 0.0010922
vt 0.4736434 0.0010922
vt 0.3391393 0.0042599
vt 0.3390581 0.0032852
vt 0.3404389 0.0037726
vt 0.3404389 0.0030415
vt 0.4741307 0.4072848
vt 0.4739683 0.4077721
vt 0.4738058 0.4019240
vt 0.4736434 0.4021678
vt 0.3480738 0.0200982
vt 0.3482362 0.0200982
vt 0.3480738 0.4211738
vt 0.3482362 0.4211738
vt 0.3345909 0.0147376
vt 0.3344284 0.0144939
vt 0.3354031 0.0108389
vt 0.3353219 0.0101079
vt 0.3365402 0.0076712
vt 0.3364590 0.0069402
vt 0.3490484 0.4789228
vt 0.3490484 0.4740494
vt 0.4727499 0.4789228
vt 0.4727499 0.4740494
vt 0.3490484 0.4160568
vt 0.3490484 0.4111834
vt 0.4727499 0.4160568
vt 0.4727499 0.4111834
vt 0.3482362 0.9984203
vt 0.3482362 0.9989077
vt 0.3480738 0.9984203
vt 0.3480738 0.9989077
vt 0.3490484 0.4333571
vt 0.3490484 0.4272654
vt 0.4727499 0.4333571
vt 0.4727499 0.4272654
vt 0.3490484 0.4272654
vt 0.3490484 0.4216611
vt 0.4727499 0.4272654
vt 0.4727499 0.4216611
vt 0.3490484 0.4216611
vt 0.3490484 0.4160568
vt 0.4727499 0.4216611
vt 0.4727499 0.4160568
vt 0.4727499 0.0059655
vt 0.4727499 0.4063101
vt 0.4726687 0.0042599
vt 0.4726687 0.0015796
vt 0.4725063 0.0032852
vt 0.4721814 0.0010922
vt 0.4721002 0.0030415
vt 0.3496982 0.0010922
vt 0.3496982 0.0030415
vt 0.3492109 0.0015796
vt 0.3493733 0.0032852
vt 0.3492109 0.0018232
vt 0.3490484 0.0025542
vt 0.3488048 0.0045036
vt 0.3488048 0.0035289
vt 0.3492109 0.0042599
vt 0.3488048 0.0045036
vt 0.3487235 0.0057219
vt 0.3491297 0.0059655
vt 0.3490484 0.4063101
vt 0.3487235 0.8795110
vt 0.3491297 0.8792673
vt 0.3488048 0.8807293
vt 0.3492109 0.8807293
vt 0.3488860 0.8819476
vt 0.3490484 0.8826786
vt 0.3492109 0.8834096
vt 0.3493733 0.8817040
vt 0.3492109 0.8834096
vt 0.3496982 0.8841406
vt 0.3496982 0.8821913
vt 0.4721002 0.8821913
vt 0.4721814 0.8841406
vt 0.4726687 0.8834096
vt 0.4725063 0.8817040
vt 0.4726687 0.8807293
vt 0.4730748 0.8817040
vt 0.4731560 0.8795110
vt 0.4727499 0.8792673
vt 0.4727499 0.4789228
vt 0.3490484 0.4789228
vt 0.3490484 0.4111834
vt 0.3490484 0.4063101
vt 0.4727499 0.4111834
vt 0.4727499 0.4063101
vt 0.3490484 0.4740494
vt 0.3490484 0.4691761
vt 0.4727499 0.4740494
vt 0.4727499 0.4691761
vt 0.3490484 0.4691761
vt 0.3490484 0.4635718
vt 0.4727499 0.4691761
vt 0.4727499 0.4635718
vt 0.3490484 0.4635718
vt 0.3490484 0.4577238
vt 0.4727499 0.4635718
vt 0.4727499 0.4577238
vt 0.4727499 0.4394488
vt 0.4727499 0.4457841
vt 0.3490484 0.4394488
vt 0.3490484 0.4457841
vt 0.3490484 0.4394488
vt 0.3490484 0.4333571
vt 0.4727499 0.4394488
vt 0.4727499 0.4333571
vt 0.4813595 0.4182498
vt 0.4814407 0.4192244
vt 0.4799787 0.4182498
vt 0.4799787 0.4192244
vt 0.4785979 0.4177624
vt 0.4785979 0.4187371
vt 0.4772984 0.4165441
vt 0.4772984 0.4175187
vt 0.4772984 0.4165441
vt 0.4772984 0.4175187
vt 0.4760801 0.4145947
vt 0.4759988 0.4153258
vt 0.4762425 0.4128891
vt 0.4760801 0.4145947
vt 0.4751866 0.4099650
vt 0.4741307 0.4072848
vt 0.4744556 0.4063101
vt 0.4749429 0.4114271
vt 0.4759988 0.4153258
vt 0.4748617 0.4121581
vt 0.4749429 0.4114271
vt 0.4748617 0.4121581
vt 0.4741307 0.4072848
vt 0.4739683 0.4077721
vt 0.4875324 0.0010922
vt 0.4877761 0.0010922
vt 0.4876136 0.4019240
vt 0.4877761 0.4021678
vt 0.4872887 0.4072848
vt 0.4874512 0.4077721
vt 0.4863953 0.4114271
vt 0.4865577 0.4121581
vt 0.4861516 0.4099650
vt 0.4863953 0.4114271
vt 0.4851769 0.4128891
vt 0.4853394 0.4145947
vt 0.4865577 0.4121581
vt 0.4854206 0.4153258
vt 0.4853394 0.4145947
vt 0.4854206 0.4153258
vt 0.4841211 0.4165441
vt 0.4841211 0.4175187
vt 0.4841211 0.4165441
vt 0.4841211 0.4175187
vt 0.4827403 0.4177624
vt 0.4828215 0.4187371
vt 0.3377585 0.0054782
vt 0.3377585 0.0047472
vt 0.3391393 0.0042599
vt 0.3390581 0.0032852
vn 0.0314383 0.9721694 -0.2321599
vn -0.0315507 0.9707909 0.2378437
vn 0.0071289 0.9719078 -0.2352539
vn -0.0095270 0.9717564 0.2357938
vn -0.2391908 0.9709726 0.0000000
vn -0.7084892 0.7057216 0.0000000
vn -0.2391908 0.9709726 0.0000000
vn -0.7071041 0.7071041 -0.0027729
vn -0.7084892 0.7057216 0.0000000
vn -0.9999981 0.0019608 0.0000000
vn -0.7071041 0.7071041 -0.0027729
vn -0.9999961 0.0019646 -0.0019646
vn -0.7071041 -0.7071041 -0.0027729
vn -0.9999961 -0.0019646 -0.0019646
vn -0.7071041 -0.7071041 -0.0027729
vn -0.9999981 0.0000000 0.0019608
vn 0.7071041 -0.7071041 0.0027729
vn 0.2397414 -0.9708339 0.0023737
vn 0.7071041 -0.7071041 -0.0027729
vn 0.2397414 -0.9708339 -0.0023737
vn 0.7071041 0.7071041 -0.0027729
vn 0.2391908 0.9709726 0.0000000
vn 0.7071041 0.7071041 0.0027729
vn 0.2397413 0.9708339 0.0023737
vn -0.7057216 0.0000000 -0.7084892
vn -0.9999981 0.0000000 -0.0019608
vn -0.7057216 0.0000000 -0.7084892
vn -0.9999981 0.0000000 -0.0019608
vn 0.2391908 0.0000000 -0.9709726
vn 0.7057216 0.0000000 -0.7084892
vn 0.2391908 0.0000000 -0.9709726
vn 0.7057216 0.0000000 -0.7084892
vn 0.7071041 -0.7071041 -0.0027729
vn 0.9999981 0.0000000 0.0019608
vn 0.7071041 -0.7071041 -0.0027729
vn 0.9999961 -0.0019646 -0.0019646
vn 0.2391908 0.9709726 0.0000000
vn 0.7071041 0.7071041 -0.0027729
vn 0.2391908 0.9709726 0.0000000
vn 0.7084892 0.7057216 0.0000000
vn 0.7071041 0.7071041 -0.0027729
vn 0.9999923 0.0000000 -0.0039292
vn 0.7084892 0.7057216 0.0000000
vn 0.9999981 0.0019608 0.0000000
vn -0.7071041 -0.7071041 -0.0027729
vn -0.2397414 -0.9708339 -0.0023737
vn -0.7071041 -0.7071041 0.0027729
vn -0.2397413 -0.9708339 0.0023737
vn -0.7071041 0.7071041 0.0027729
vn -0.2397413 0.9708339 0.0023737
vn -0.7071041 0.7071041 -0.0027729
vn -0.2391908 0.9709726 0.0000000
vn 0.7057216 0.0000000 -0.7084892
vn 0.9999981 0.0000000 -0.0019608
vn 0.7057216 0.0000000 -0.7084892
vn 0.9999981 0.0000000 -0.0019608
vn -0.2391908 0.0000000 -0.9709726
vn -0.7057216 0.0000000 -0.7084892
vn -0.2391908 0.0000000 -0.9709726
vn -0.7057216 0.0000000 -0.7084892
vn 0.2542054 0.3576612 -0.8985867
vn 0.7203071 0.2817200 -0.6338702
vn 0.2391908 0.0000000 -0.9709726
vn 0.7057216 0.0000000 -0.7084892
vn -0.2391908 0.0000000 -0.9709726
vn -0.7057216 0.0000000 -0.7084892
vn -0.2542055 0.3576612 -0.8985867
vn -0.7203072 0.2817201 -0.6338701
vn 0.1812846 0.7312838 -0.6575408
vn 0.6862562 0.5590476 -0.4653152
vn 0.2542054 0.3576612 -0.8985867
vn 0.7203071 0.2817200 -0.6338702
vn -0.2542055 0.3576612 -0.8985867
vn -0.7203072 0.2817201 -0.6338701
vn -0.1812845 0.7312837 -0.6575409
vn -0.6862561 0.5590477 -0.4653152
vn 0.1779749 0.9343685 -0.3086753
vn 0.1529353 0.8558490 -0.4940984
vn -0.1779749 0.9343685 -0.3086753
vn -0.1529352 0.8558490 -0.4940985
vn 0.2391908 0.9709726 0.0000000
vn 0.7084892 0.7057216 0.0000000
vn 0.1779749 0.9343685 -0.3086753
vn 0.6930901 0.6772660 -0.2468540
vn -0.2458422 -0.4855383 -0.8389364
vn -0.6898012 -0.3613245 -0.6273906
vn -0.2391908 0.0000000 -0.9709726
vn -0.7057216 0.0000000 -0.7084892
vn 0.2391908 0.0000000 -0.9709726
vn 0.7057216 0.0000000 -0.7084892
vn 0.2458422 -0.4855383 -0.8389364
vn 0.6898012 -0.3613245 -0.6273906
vn 0.2458422 -0.4855383 -0.8389364
vn 0.6898012 -0.3613245 -0.6273906
vn 0.2458422 -0.8389364 -0.4855383
vn 0.6898012 -0.6273906 -0.3613245
vn 0.6898012 -0.3613245 -0.6273906
vn 1.0000000 0.0000000 0.0000000
vn 0.6898012 -0.6273906 -0.3613245
vn 1.0000000 0.0000000 0.0000000
vn -0.2397414 -0.9708339 -0.0023737
vn -0.7071041 -0.7071041 -0.0027729
vn -0.2458422 -0.8389364 -0.4855383
vn -0.6898012 -0.6273906 -0.3613245
vn 0.2458422 -0.8389364 -0.4855383
vn 0.6898012 -0.6273906 -0.3613245
vn 0.2397414 -0.9708339 -0.0023737
vn 0.7071041 -0.7071041 -0.0027729
vn 0.2542054 0.3576612 -0.8985867
vn 0.7203071 0.2817200 -0.6338702
vn 0.2391908 0.0000000 -0.9709726
vn 0.7057216 0.0000000 -0.7084892
vn -0.2391908 0.0000000 -0.9709726
vn -0.7057216 0.0000000 -0.7084892
vn -0.2542055 0.3576612 -0.8985867
vn -0.7203072 0.2817201 -0.6338701
vn 0.1812846 0.7312838 -0.6575408
vn 0.6862562 0.5590476 -0.4653152
vn 0.2542054 0.3576612 -0.8985867
vn 0.7203071 0.2817200 -0.6338702
vn -0.2542055 0.3576612 -0.8985867
vn -0.7203072 0.2817201 -0.6338701
vn -0.1812845 0.7312837 -0.6575409
vn -0.6862561 0.5590477 -0.4653152
vn 0.1779749 0.9343685 -0.3086753
vn 0.1529353 0.8558490 -0.4940984
vn -0.1779749 0.9343685 -0.3086753
vn -0.1529352 0.8558490 -0.4940985
vn 0.2391908 0.9709726 0.0000000
vn 0.7084892 0.7057216 0.0000000
vn 0.1779749 0.9343685 -0.3086753
vn 0.6930901 0.6772660 -0.2468540
vn -0.1779749 0.9343685 -0.3086753
vn -0.6930900 0.6772661 -0.2468540
vn -0.2391908 0.9709726 0.0000000
vn -0.7071041 0.7071041 -0.0027729
vn 0.2458422 -0.8389364 -0.4855383
vn 0.6898012 -0.6273906 -0.3613245
vn 0.2397414 -0.9708339 -0.0023737
vn 0.7071041 -0.7071041 -0.0027729
vn -0.7071041 -0.7071041 -0.0027729
vn -0.9999981 0.0000000 0.0019608
vn -0.6898012 -0.6273906 -0.3613245
vn -1.0000000 0.0000000 0.0000000
vn 0.2458422 -0.4855383 -0.8389364
vn 0.6898012 -0.3613245 -0.6273906
vn 0.2458422 -0.8389364 -0.4855383
vn 0.6898012 -0.6273906 -0.3613245
vn -0.2458422 -0.8389364 -0.4855383
vn -0.6898012 -0.6273906 -0.3613245
vn -0.2458422 -0.4855383 -0.8389364
vn -0.6898012 -0.3613245 -0.6273906
vn -0.6898012 -0.6273906 -0.3613245
vn -1.0000000 0.0000000 0.0000000
vn -0.6898012 -0.3613245 -0.6273906
vn -1.0000000 0.0000000 0.0000000
vn 0.2391908 0.0000000 -0.9709726
vn 0.7057216 0.0000000 -0.7084892
vn 0.2458422 -0.4855383 -0.8389364
vn 0.6898012 -0.3613245 -0.6273906
vn -0.2458422 -0.4855383 -0.8389364
vn -0.6898012 -0.3613245 -0.6273906
vn -0.2391908 0.0000000 -0.9709726
vn -0.7057216 0.0000000 -0.7084892
vn 0.0364868 0.0000000 -0.9993341
vn 0.0253461 0.7096903 -0.7040577
vn -0.0364868 0.0000000 -0.9993341
vn -0.0253460 0.7096902 -0.7040578
vn 0.0253461 0.7096903 -0.7040577
vn 0.0071289 0.9719078 -0.2352539
vn -0.0253460 0.7096902 -0.7040578
vn -0.0071290 0.9719078 -0.2352539
vn -0.0364868 0.0000000 -0.9993341
vn -0.0253461 -0.7096903 -0.7040577
vn 0.0364868 0.0000000 -0.9993341
vn 0.0253461 -0.7096903 -0.7040577
vn -0.0253461 -0.7096903 -0.7040577
vn -0.0071290 -0.9719078 -0.2352539
vn 0.0253461 -0.7096903 -0.7040577
vn 0.0071290 -0.9719078 -0.2352539
vn -0.1343270 0.0000000 -0.9909371
vn -0.0940570 -0.7083671 -0.6995493
vn -0.0364868 0.0000000 -0.9993341
vn -0.0253461 -0.7096903 -0.7040577
vn -0.0364868 0.0000000 -0.9993341
vn -0.0253460 0.7096902 -0.7040578
vn -0.1343270 0.0000000 -0.9909371
vn -0.0940570 0.7083671 -0.6995493
vn -0.0253460 0.7096902 -0.7040578
vn -0.0095103 0.9724296 -0.2330027
vn -0.0940570 0.7083671 -0.6995493
vn -0.0314383 0.9721694 -0.2321599
vn -0.2731246 0.0000000 -0.9619787
vn -0.1916054 -0.7107946 -0.6768001
vn -0.1343270 0.0000000 -0.9909371
vn -0.0940570 -0.7083671 -0.6995493
vn -0.1916054 -0.7107946 -0.6768001
vn -0.0641647 -0.9723417 -0.2245764
vn -0.0940570 -0.7083671 -0.6995493
vn -0.0095103 -0.9724296 -0.2330027
vn -0.0253461 -0.7096903 -0.7040577
vn -0.0314383 -0.9721694 -0.2321599
vn -0.1343270 0.0000000 -0.9909371
vn -0.0940570 0.7083671 -0.6995493
vn -0.2731246 0.0000000 -0.9619787
vn -0.1916054 0.7107946 -0.6768001
vn -0.4335800 0.0000000 -0.9011151
vn -0.3032369 -0.7129292 -0.6322810
vn -0.2731246 0.0000000 -0.9619787
vn -0.1916054 -0.7107946 -0.6768001
vn -0.3032369 -0.7129292 -0.6322810
vn -0.1004959 -0.9722974 -0.2110413
vn -0.1916054 -0.7107946 -0.6768001
vn -0.0641647 -0.9723417 -0.2245764
vn -0.2731246 0.0000000 -0.9619787
vn -0.1916054 0.7107946 -0.6768001
vn -0.4335800 0.0000000 -0.9011151
vn -0.3032369 0.7129292 -0.6322810
vn -0.0940570 0.7083671 -0.6995493
vn -0.0314383 0.9721694 -0.2321599
vn -0.1916054 0.7107946 -0.6768001
vn -0.0641647 0.9723417 -0.2245764
vn -0.3032369 0.7129292 -0.6322810
vn -0.1004959 0.9722974 -0.2110413
vn -0.6243595 0.0000000 -0.7811371
vn -0.4349473 -0.7171648 -0.5445140
vn -0.4335800 0.0000000 -0.9011151
vn -0.3032369 -0.7129292 -0.6322810
vn -0.4349473 -0.7171648 -0.5445140
vn -0.1479375 -0.9717965 -0.1836466
vn -0.3032369 -0.7129292 -0.6322810
vn -0.1004959 -0.9722974 -0.2110413
vn -0.4335800 0.0000000 -0.9011151
vn -0.3032369 0.7129292 -0.6322810
vn -0.6243595 0.0000000 -0.7811371
vn -0.4349473 0.7171648 -0.5445140
vn -0.8715044 0.0000000 -0.4903878
vn -0.5981060 -0.7281291 -0.3348093
vn -0.6243595 0.0000000 -0.7811371
vn -0.4349473 -0.7171648 -0.5445140
vn -0.5981060 -0.7281291 -0.3348093
vn -0.2045487 -0.9722377 -0.1136382
vn -0.4349473 -0.7171648 -0.5445140
vn -0.1479375 -0.9717965 -0.1836466
vn -0.6243595 0.0000000 -0.7811371
vn -0.4349473 0.7171648 -0.5445140
vn -0.8715044 0.0000000 -0.4903878
vn -0.5981059 0.7281291 -0.3348095
vn -0.9999923 0.0000000 -0.0039292
vn -0.7071041 -0.7071041 -0.0027729
vn -0.8715044 0.0000000 -0.4903878
vn -0.5981060 -0.7281291 -0.3348093
vn -0.7071041 -0.7071041 -0.0027729
vn -0.2397414 -0.9708339 -0.0023737
vn -0.7071041 -0.7071041 -0.0027729
vn -0.2391908 -0.9709726 0.0000000
vn -0.5981060 -0.7281291 -0.3348093
vn -0.2045487 -0.9722377 -0.1136382
vn -0.8715044 0.0000000 -0.4903878
vn -0.5981059 0.7281291 -0.3348095
vn -0.9999923 0.0000000 -0.0039292
vn -0.7071041 0.7071041 -0.0027729
vn -0.5981059 0.7281291 -0.3348095
vn -0.2045487 0.9722377 -0.1136382
vn -0.7071041 0.7071041 -0.0027729
vn -0.2391908 0.9709726 0.0000000
vn 0.8715044 0.0000000 -0.4903878
vn 0.5981060 -0.7281291 -0.3348093
vn 0.9999923 0.0000000 -0.0039292
vn 0.7071041 -0.7071041 -0.0027729
vn 0.5981060 -0.7281291 -0.3348093
vn 0.2045487 -0.9722377 -0.1136382
vn 0.7071041 -0.7071041 -0.0027729
vn 0.2397414 -0.9708339 -0.0023737
vn 0.7071041 -0.7071041 -0.0027729
vn 0.2391908 -0.9709726 0.0000000
vn 0.9999923 0.0000000 -0.0039292
vn 0.7071041 0.7071041 -0.0027729
vn 0.8715044 0.0000000 -0.4903878
vn 0.5981060 0.7281291 -0.3348093
vn 0.6243595 0.0000000 -0.7811371
vn 0.4349472 -0.7171648 -0.5445141
vn 0.8715044 0.0000000 -0.4903878
vn 0.5981060 -0.7281291 -0.3348093
vn 0.8715044 0.0000000 -0.4903878
vn 0.5981060 0.7281291 -0.3348093
vn 0.6243595 0.0000000 -0.7811371
vn 0.4349473 0.7171648 -0.5445141
vn 0.7071041 0.7071041 -0.0027729
vn 0.2391908 0.9709726 0.0000000
vn 0.5981060 0.7281291 -0.3348093
vn 0.2045487 0.9722377 -0.1136382
vn 0.4349473 0.7171648 -0.5445141
vn 0.1479375 0.9717965 -0.1836466
vn 0.4335800 0.0000000 -0.9011151
vn 0.3032368 -0.7129292 -0.6322811
vn 0.6243595 0.0000000 -0.7811371
vn 0.4349472 -0.7171648 -0.5445141
vn 0.3032368 -0.7129292 -0.6322811
vn 0.1004958 -0.9722974 -0.2110413
vn 0.4349472 -0.7171648 -0.5445141
vn 0.2045487 -0.9722377 -0.1136382
vn 0.5981060 -0.7281291 -0.3348093
vn 0.1479375 -0.9717965 -0.1836466
vn 0.6243595 0.0000000 -0.7811371
vn 0.4349473 0.7171648 -0.5445141
vn 0.4335800 0.0000000 -0.9011151
vn 0.3032368 0.7129292 -0.6322811
vn 0.2731246 0.0000000 -0.9619787
vn 0.1916054 -0.7107946 -0.6768001
vn 0.4335800 0.0000000 -0.9011151
vn 0.3032368 -0.7129292 -0.6322811
vn 0.4335800 0.0000000 -0.9011151
vn 0.3032368 0.7129292 -0.6322811
vn 0.2731246 0.0000000 -0.9619787
vn 0.1916055 0.7107945 -0.6768002
vn 0.3032368 0.7129292 -0.6322811
vn 0.1004958 0.9722974 -0.2110413
vn 0.1916055 0.7107945 -0.6768002
vn 0.0641646 0.9723417 -0.2245764
vn 0.1343270 0.0000000 -0.9909371
vn 0.0940570 -0.7083671 -0.6995493
vn 0.2731246 0.0000000 -0.9619787
vn 0.1916054 -0.7107946 -0.6768001
vn 0.2731246 0.0000000 -0.9619787
vn 0.1916055 0.7107945 -0.6768002
vn 0.1343270 0.0000000 -0.9909371
vn 0.0940570 0.7083671 -0.6995493
vn 0.1916055 0.7107945 -0.6768002
vn 0.0641646 0.9723417 -0.2245764
vn 0.0940570 0.7083671 -0.6995493
vn 0.0314383 0.9721694 -0.2321599
vn 0.0364868 0.0000000 -0.9993341
vn 0.0253461 -0.7096903 -0.7040577
vn 0.1343270 0.0000000 -0.9909371
vn 0.0940570 -0.7083671 -0.6995493
vn 0.0253461 -0.7096903 -0.7040577
vn 0.0095103 -0.9724296 -0.2330027
vn 0.0940570 -0.7083671 -0.6995493
vn 0.1004958 -0.9722974 -0.2110413
vn 0.3032368 -0.7129292 -0.6322811
vn 0.0641646 -0.9723417 -0.2245764
vn 0.1916054 -0.7107946 -0.6768001
vn 0.0314383 -0.9721694 -0.2321599
vn 0.1343270 0.0000000 -0.9909371
vn 0.0940570 0.7083671 -0.6995493
vn 0.0364868 0.0000000 -0.9993341
vn 0.0253461 0.7096903 -0.7040577
vn 0.0940570 0.7083671 -0.6995493
vn 0.0314383 0.9721694 -0.2321599
vn 0.0253461 0.7096903 -0.7040577
vn 0.0071289 0.9719078 -0.2352539
vn -0.0095270 0.9717564 0.2357938
vn -0.0253460 0.7040578 0.7096902
vn 0.0095271 0.9717564 0.2357938
vn 0.0253460 0.7040578 0.7096902
vn 0.0095271 -0.9717564 0.2357938
vn 0.0253461 -0.7040577 0.7096903
vn -0.0095270 -0.9717564 0.2357938
vn -0.0253460 -0.7040578 0.7096902
vn 0.0315507 -0.9707909 0.2378437
vn 0.0971711 -0.7066989 0.7008098
vn 0.0095271 -0.9717564 0.2357938
vn 0.0253461 -0.7040577 0.7096903
vn 0.0095271 0.9717564 0.2357938
vn 0.0253460 0.7040578 0.7096902
vn 0.0315507 0.9707909 0.2378437
vn 0.0971711 0.7066989 0.7008098
vn 0.0669053 -0.9713659 0.2279737
vn 0.1950239 -0.7058012 0.6810362
vn 0.0315507 -0.9707909 0.2378437
vn 0.0971711 -0.7066989 0.7008098
vn 0.0315507 0.9707909 0.2378437
vn 0.0971711 0.7066989 0.7008098
vn 0.0669054 0.9713659 0.2279737
vn 0.1950240 0.7058011 0.6810363
vn 0.1061863 -0.9708461 0.2149008
vn 0.3105691 -0.7052505 0.6373135
vn 0.0669053 -0.9713659 0.2279737
vn 0.1950239 -0.7058012 0.6810362
vn 0.0669054 0.9713659 0.2279737
vn 0.1950240 0.7058011 0.6810363
vn 0.1061863 0.9708461 0.2149008
vn 0.3105690 0.7052506 0.6373135
vn 0.1568861 -0.9696067 0.1877487
vn 0.4535527 -0.7036735 0.5469310
vn 0.1061863 -0.9708461 0.2149008
vn 0.3105691 -0.7052505 0.6373135
vn 0.1061863 0.9708461 0.2149008
vn 0.3105690 0.7052506 0.6373135
vn 0.1568860 0.9696067 0.1877487
vn 0.4535527 0.7036735 0.5469310
vn 0.2142850 -0.9693846 0.1198976
vn 0.6169919 -0.7083979 0.3427731
vn 0.1568861 -0.9696067 0.1877487
vn 0.4535527 -0.7036735 0.5469310
vn 0.1568860 0.9696067 0.1877487
vn 0.4535527 0.7036735 0.5469310
vn 0.2142850 0.9693846 0.1198976
vn 0.6169918 0.7083980 0.3427731
vn 0.2397414 -0.9708339 0.0023737
vn 0.7071041 -0.7071041 0.0027729
vn 0.2142850 -0.9693846 0.1198976
vn 0.6169919 -0.7083979 0.3427731
vn 0.2142850 0.9693846 0.1198976
vn 0.6169918 0.7083980 0.3427731
vn 0.2397413 0.9708339 0.0023737
vn 0.7071041 0.7071041 0.0027729
vn -0.2142850 -0.9693846 0.1198976
vn -0.6169917 -0.7083980 0.3427732
vn -0.2397413 -0.9708339 0.0023737
vn -0.7071041 -0.7071041 0.0027729
vn -0.2397413 0.9708339 0.0023737
vn -0.7071041 0.7071041 0.0027729
vn -0.2142850 0.9693846 0.1198976
vn -0.6169916 0.7083981 0.3427733
vn -0.1568859 -0.9696067 0.1877488
vn -0.4535527 -0.7036735 0.5469310
vn -0.2142850 -0.9693846 0.1198976
vn -0.6142708 -0.7090255 0.3463442
vn -0.2142850 0.9693846 0.1198976
vn -0.6169916 0.7083981 0.3427733
vn -0.1568858 0.9696067 0.1877488
vn -0.4535527 0.7036735 0.5469310
vn -0.1061863 -0.9708461 0.2149008
vn -0.3105690 -0.7052506 0.6373135
vn -0.1568859 -0.9696067 0.1877488
vn -0.4535527 -0.7036735 0.5469310
vn -0.1568858 0.9696067 0.1877488
vn -0.4535527 0.7036735 0.5469310
vn -0.1061863 0.9708461 0.2149008
vn -0.3105690 0.7052506 0.6373135
vn -0.0669052 -0.9713659 0.2279736
vn -0.1950240 -0.7058011 0.6810363
vn -0.1061863 -0.9708461 0.2149008
vn -0.3105690 -0.7052506 0.6373135
vn -0.1061863 0.9708461 0.2149008
vn -0.3105690 0.7052506 0.6373135
vn -0.0669052 0.9713659 0.2279736
vn -0.1950240 0.7058011 0.6810363
vn -0.0315507 -0.9707909 0.2378437
vn -0.0971711 -0.7066989 0.7008098
vn -0.0669052 -0.9713659 0.2279736
vn -0.1950240 -0.7058011 0.6810363
vn -0.0669052 0.9713659 0.2279736
vn -0.1950240 0.7058011 0.6810363
vn -0.0315507 0.9707909 0.2378437
vn -0.0971711 0.7066989 0.7008098
vn -0.0095270 -0.9717564 0.2357938
vn -0.0253460 -0.7040578 0.7096902
vn -0.0315507 -0.9707909 0.2378437
vn -0.0971711 -0.7066989 0.7008098
vn -0.0315507 0.9707909 0.2378437
vn -0.0971711 0.7066989 0.7008098
vn -0.0095270 0.9717564 0.2357938
vn -0.0253460 0.7040578 0.7096902
vn 0.1529353 0.8558490 -0.4940984
vn 0.1812846 0.7312838 -0.6575408
vn -0.1529352 0.8558490 -0.4940985
vn -0.1812845 0.7312837 -0.6575409
vn -0.5593849 0.7182635 -0.4137463
vn -0.6862561 0.5590477 -0.4653152
vn -0.7084892 0.7057216 0.0000000
vn -0.2391908 0.9709726 0.0000000
vn -0.6930900 0.6772661 -0.2468540
vn -0.1779749 0.9343685 -0.3086753
vn -0.5593849 0.7182635 -0.4137463
vn -0.1529352 0.8558490 -0.4940985
vn 0.1529353 0.8558490 -0.4940984
vn 0.1779749 0.9343685 -0.3086753
vn 0.5593848 0.7182636 -0.4137463
vn 0.6930901 0.6772660 -0.2468540
vn -0.1812845 0.7312837 -0.6575409
vn -0.1529352 0.8558490 -0.4940985
vn 0.1812846 0.7312838 -0.6575408
vn 0.1529353 0.8558490 -0.4940984
vn 0.6862562 0.5590476 -0.4653152
vn 0.5593848 0.7182636 -0.4137463
vn 0.1529353 0.8558490 -0.4940984
vn 0.1779749 0.9343685 -0.3086753
vn 0.5593848 0.7182636 -0.4137463
vn 0.6930901 0.6772660 -0.2468540
vn 0.6862562 0.5590476 -0.4653152
vn 0.1812846 0.7312838 -0.6575408
vn 0.5593848 0.7182636 -0.4137463
vn 0.1529353 0.8558490 -0.4940984
vn -0.1529352 0.8558490 -0.4940985
vn -0.1812845 0.7312837 -0.6575409
vn -0.5593849 0.7182635 -0.4137463
vn -0.6862561 0.5590477 -0.4653152
vn -0.6930900 0.6772661 -0.2468540
vn -0.1779749 0.9343685 -0.3086753
vn -0.5593849 0.7182635 -0.4137463
vn -0.1529352 0.8558490 -0.4940985
vn -0.2542055 0.3576612 -0.8985867
vn -0.1812845 0.7312837 -0.6575409
vn 0.2542054 0.3576612 -0.8985867
vn 0.1812846 0.7312838 -0.6575408
vn -0.1779749 0.9343685 -0.3086753
vn -0.2391908 0.9709726 0.0000000
vn 0.1779749 0.9343685 -0.3086753
vn 0.2391908 0.9709726 0.0000000
vn -0.2542055 0.3576612 -0.8985867
vn -0.1812845 0.7312837 -0.6575409
vn 0.2542054 0.3576612 -0.8985867
vn 0.1812846 0.7312838 -0.6575408
vn 0.2458422 -0.8389364 -0.4855383
vn 0.2397414 -0.9708339 -0.0023737
vn -0.2458422 -0.8389364 -0.4855383
vn -0.2397414 -0.9708339 -0.0023737
vn 0.2458422 -0.4855383 -0.8389364
vn 0.2458422 -0.8389364 -0.4855383
vn -0.2458422 -0.4855383 -0.8389364
vn -0.6898012 -0.3613245 -0.6273906
vn -0.6898012 -0.6273906 -0.3613245
vn -0.2458422 -0.8389364 -0.4855383
vn 0.7057216 0.0000000 -0.7084892
vn 0.2391908 0.0000000 -0.9709726
vn 0.7057216 0.0000000 -0.7084892
vn 0.2391908 0.0000000 -0.9709726
vn -0.2391908 0.0000000 -0.9709726
vn -0.2391908 0.0000000 -0.9709726
vn 0.2391908 0.0000000 -0.9709726
vn 0.2458422 -0.4855383 -0.8389364
vn -0.2391908 0.0000000 -0.9709726
vn -0.2458422 -0.4855383 -0.8389364
vn -0.2391908 0.0000000 -0.9709726
vn -0.2542055 0.3576612 -0.8985867
vn 0.2391908 0.0000000 -0.9709726
vn 0.2542054 0.3576612 -0.8985867
vn -0.2458422 -0.4855383 -0.8389364
vn -0.2391908 0.0000000 -0.9709726
vn 0.2458422 -0.4855383 -0.8389364
vn 0.2391908 0.0000000 -0.9709726
vn -0.2391908 0.0000000 -0.9709726
vn -0.2542055 0.3576612 -0.8985867
vn 0.2391908 0.0000000 -0.9709726
vn 0.2542054 0.3576612 -0.8985867
vn -0.7057216 0.0000000 -0.7084892
vn -0.2391908 0.0000000 -0.9709726
vn -0.7057216 0.0000000 -0.7084892
vn -0.2391908 0.0000000 -0.9709726
vn 0.2391908 0.0000000 -0.9709726
vn 0.2391908 0.0000000 -0.9709726
vn -0.0095103 -0.9724296 -0.2330027
vn 0.0095271 -0.9717564 0.2357938
vn 0.0071290 -0.9719078 -0.2352539
vn -0.0095270 -0.9717564 0.2357938
vn 0.2731246 0.0000000 -0.9619787
vn 0.1343270 0.0000000 -0.9909371
vn 0.2731246 0.0000000 -0.9619787
vn 0.1343270 0.0000000 -0.9909371
vn -0.6898012 -0.6273906 -0.3613245
vn -0.2458422 -0.8389364 -0.4855383
vn -0.7071041 -0.7071041 -0.0027729
vn -0.2397414 -0.9708339 -0.0023737
vn 0.2397414 -0.9708339 -0.0023737
vn 0.2458422 -0.8389364 -0.4855383
vn -0.2458422 -0.4855383 -0.8389364
vn 0.2458422 -0.4855383 -0.8389364
vn 0.1004958 -0.9722974 -0.2110413
vn -0.1061863 -0.9708461 0.2149008
vn 0.1479375 -0.9717965 -0.1836466
vn -0.1568859 -0.9696067 0.1877488
vn 0.0071290 -0.9719078 -0.2352539
vn -0.0095270 -0.9717564 0.2357938
vn 0.0314383 -0.9721694 -0.2321599
vn -0.0315507 -0.9707909 0.2378437
vn 0.2045487 -0.9722377 -0.1136382
vn -0.2142850 -0.9693846 0.1198976
vn 0.2391908 -0.9709726 0.0000000
vn -0.2397413 -0.9708339 0.0023737
vn -0.0071290 0.9719078 -0.2352539
vn 0.0095271 0.9717564 0.2357938
vn -0.0314383 0.9721694 -0.2321599
vn 0.0315507 0.9707909 0.2378437
vn 0.2391908 0.9709726 0.0000000
vn -0.2397413 0.9708339 0.0023737
vn 0.2045487 0.9722377 -0.1136382
vn -0.2142850 0.9693846 0.1198976
vn 0.1479375 -0.9717965 -0.1836466
vn -0.1568859 -0.9696067 0.1877488
vn 0.2045487 -0.9722377 -0.1136382
vn -0.2142850 -0.9693846 0.1198976
vn 0.0641646 -0.9723417 -0.2245764
vn -0.0669052 -0.9713659 0.2279736
vn 0.1004958 -0.9722974 -0.2110413
vn -0.1061863 -0.9708461 0.2149008
vn 0.1343270 0.0000000 -0.9909371
vn 0.0364868 0.0000000 -0.9993341
vn 0.1343270 0.0000000 -0.9909371
vn 0.0364868 0.0000000 -0.9993341
vn -0.2391908 -0.9709726 0.0000000
vn 0.2397414 -0.9708339 0.0023737
vn -0.2045487 -0.9722377 -0.1136382
vn 0.2142850 -0.9693846 0.1198976
vn 0.0314383 -0.9721694 -0.2321599
vn -0.0315507 -0.9707909 0.2378437
vn 0.0641646 -0.9723417 -0.2245764
vn -0.0669052 -0.9713659 0.2279736
vn -0.2397414 -0.9708339 -0.0023737
vn 0.2397414 -0.9708339 -0.0023737
vn -0.2391908 -0.9709726 0.0000000
vn 0.2397414 -0.9708339 0.0023737
vn -0.1004959 -0.9722974 -0.2110413
vn 0.1061863 -0.9708461 0.2149008
vn -0.0641647 -0.9723417 -0.2245764
vn 0.0669053 -0.9713659 0.2279737
vn -0.2391908 0.9709726 0.0000000
vn 0.2397413 0.9708339 0.0023737
vn -0.2391908 0.9709726 0.0000000
vn 0.2391908 0.9709726 0.0000000
vn -0.0314383 -0.9721694 -0.2321599
vn 0.0315507 -0.9707909 0.2378437
vn -0.0071290 -0.9719078 -0.2352539
vn 0.0095271 -0.9717564 0.2357938
vn -0.2045487 0.9722377 -0.1136382
vn 0.2142850 0.9693846 0.1198976
vn -0.2391908 0.9709726 0.0000000
vn 0.2397413 0.9708339 0.0023737
vn 0.2391908 -0.9709726 0.0000000
vn -0.2397413 -0.9708339 0.0023737
vn 0.2397414 -0.9708339 -0.0023737
vn -0.2397414 -0.9708339 -0.0023737
vn -0.2045487 -0.9722377 -0.1136382
vn 0.2142850 -0.9693846 0.1198976
vn -0.1479375 -0.9717965 -0.1836466
vn 0.1568861 -0.9696067 0.1877487
vn -0.1004959 -0.9722974 -0.2110413
vn 0.1061863 -0.9708461 0.2149008
vn 0.9999923 0.0000000 -0.0039292
vn 0.8715044 0.0000000 -0.4903878
vn 0.9999923 0.0000000 -0.0039292
vn 0.8732767 0.0000000 -0.4872245
vn -0.6243595 0.0000000 -0.7811371
vn -0.8715044 0.0000000 -0.4903878
vn -0.6243595 0.0000000 -0.7811371
vn -0.8732767 0.0000000 -0.4872245
vn -0.1779749 0.9343685 -0.3086753
vn -0.2391908 0.9709726 0.0000000
vn 0.1779749 0.9343685 -0.3086753
vn 0.2391908 0.9709726 0.0000000
vn -0.1343270 0.0000000 -0.9909371
vn -0.2731246 0.0000000 -0.9619787
vn -0.1343270 0.0000000 -0.9909371
vn -0.2731246 0.0000000 -0.9619787
vn -0.2731246 0.0000000 -0.9619787
vn -0.4335800 0.0000000 -0.9011151
vn -0.2731246 0.0000000 -0.9619787
vn -0.4335800 0.0000000 -0.9011151
vn -0.4335800 0.0000000 -0.9011151
vn -0.6243595 0.0000000 -0.7811371
vn -0.4335800 0.0000000 -0.9011151
vn -0.6243595 0.0000000 -0.7811371
vn -0.9999981 0.0000000 0.0019608
vn -0.9999923 0.0000000 -0.0039292
vn -1.0000000 0.0000000 0.0000000
vn -0.6898012 -0.3613245 -0.6273906
vn -1.0000000 0.0000000 0.0000000
vn -0.7057216 0.0000000 -0.7084892
vn -0.9999981 0.0000000 -0.0019608
vn -0.7057216 0.0000000 -0.7084892
vn -0.9999981 0.0000000 -0.0019608
vn -0.7203072 0.2817201 -0.6338701
vn -1.0000000 0.0000000 0.0000000
vn -0.7203072 0.2817201 -0.6338701
vn -0.6862561 0.5590477 -0.4653152
vn -0.6930900 0.6772661 -0.2468540
vn -0.5593849 0.7182635 -0.4137463
vn -1.0000000 0.0000000 0.0000000
vn -0.6930900 0.6772661 -0.2468540
vn -0.7084892 0.7057216 0.0000000
vn -0.9999981 0.0000000 0.0019608
vn -0.9999923 0.0000000 -0.0039292
vn 0.7084892 0.7057216 0.0000000
vn 0.9999981 0.0000000 0.0019608
vn 0.6930901 0.6772660 -0.2468540
vn 1.0000000 0.0000000 0.0000000
vn 0.5593848 0.7182636 -0.4137463
vn 0.6862562 0.5590476 -0.4653152
vn 0.7203071 0.2817200 -0.6338702
vn 1.0000000 0.0000000 0.0000000
vn 0.7203071 0.2817200 -0.6338702
vn 0.7057216 0.0000000 -0.7084892
vn 0.9999981 0.0000000 -0.0019608
vn 0.9999981 0.0000000 -0.0019608
vn 0.7057216 0.0000000 -0.7084892
vn 0.6898012 -0.3613245 -0.6273906
vn 1.0000000 0.0000000 0.0000000
vn 1.0000000 0.0000000 0.0000000
vn 0.6898012 -0.6273906 -0.3613245
vn 0.7071041 -0.7071041 -0.0027729
vn 0.9999981 0.0000000 0.0019608
vn 0.9999923 0.0000000 -0.0039292
vn 0.9999923 0.0000000 -0.0039292
vn -0.8732767 0.0000000 -0.4872245
vn -0.9999923 0.0000000 -0.0039292
vn -0.8715044 0.0000000 -0.4903878
vn -0.9999923 0.0000000 -0.0039292
vn 0.8732767 0.0000000 -0.4872245
vn 0.6243595 0.0000000 -0.7811371
vn 0.8715044 0.0000000 -0.4903878
vn 0.6243595 0.0000000 -0.7811371
vn 0.6243595 0.0000000 -0.7811371
vn 0.4335800 0.0000000 -0.9011151
vn 0.6243595 0.0000000 -0.7811371
vn 0.4335800 0.0000000 -0.9011151
vn 0.4335800 0.0000000 -0.9011151
vn 0.2731246 0.0000000 -0.9619787
vn 0.4335800 0.0000000 -0.9011151
vn 0.2731246 0.0000000 -0.9619787
vn -0.0364868 0.0000000 -0.9993341
vn 0.0364868 0.0000000 -0.9993341
vn -0.0364868 0.0000000 -0.9993341
vn 0.0364868 0.0000000 -0.9993341
vn -0.0364868 0.0000000 -0.9993341
vn -0.1343270 0.0000000 -0.9909371
vn -0.0364868 0.0000000 -0.9993341
vn -0.1343270 0.0000000 -0.9909371
vn 0.0095103 0.9724296 -0.2330027
vn -0.0095270 0.9717564 0.2357938
vn -0.0071290 0.9719078 -0.2352539
vn 0.0095271 0.9717564 0.2357938
vn -0.0314383 0.9721694 -0.2321599
vn 0.0315507 0.9707909 0.2378437
vn -0.0641647 0.9723417 -0.2245764
vn 0.0669054 0.9713659 0.2279737
vn -0.0641647 0.9723417 -0.2245764
vn 0.0669054 0.9713659 0.2279737
vn -0.1004959 0.9722974 -0.2110413
vn 0.1061863 0.9708461 0.2149008
vn -0.3032369 0.7129292 -0.6322810
vn -0.1004959 0.9722974 -0.2110413
vn -0.4349473 0.7171648 -0.5445140
vn -0.2045487 0.9722377 -0.1136382
vn -0.5981059 0.7281291 -0.3348095
vn -0.1479374 0.9717965 -0.1836467
vn 0.1061863 0.9708461 0.2149008
vn 0.1568860 0.9696067 0.1877487
vn -0.1479374 0.9717965 -0.1836467
vn 0.1568860 0.9696067 0.1877487
vn -0.2045487 0.9722377 -0.1136382
vn 0.2142850 0.9693846 0.1198976
vn 0.2391908 0.9709726 0.0000000
vn -0.2391908 0.9709726 0.0000000
vn 0.2391908 0.9709726 0.0000000
vn -0.2397413 0.9708339 0.0023737
vn 0.2045487 0.9722377 -0.1136382
vn -0.2142850 0.9693846 0.1198976
vn 0.1479375 0.9717965 -0.1836466
vn -0.1568858 0.9696067 0.1877488
vn 0.4349473 0.7171648 -0.5445141
vn 0.1479375 0.9717965 -0.1836466
vn 0.3032368 0.7129292 -0.6322811
vn 0.1004958 0.9722974 -0.2110413
vn -0.1568858 0.9696067 0.1877488
vn -0.1061863 0.9708461 0.2149008
vn 0.1004958 0.9722974 -0.2110413
vn -0.1061863 0.9708461 0.2149008
vn 0.0641646 0.9723417 -0.2245764
vn -0.0669052 0.9713659 0.2279736
vn 0.0641646 0.9723417 -0.2245764
vn -0.0669052 0.9713659 0.2279736
vn 0.0314383 0.9721694 -0.2321599
vn -0.0315507 0.9707909 0.2378437
vn -0.0641647 -0.9723417 -0.2245764
vn 0.0669053 -0.9713659 0.2279737
vn -0.0314383 -0.9721694 -0.2321599
vn 0.0315507 -0.9707909 0.2378437
f 6368/6368/6368 6369/6369/6369 6370/6370/6370
f 6369/6369/6369 6371/6371/6371 6370/6370/6370
f 6372/6372/6372 6373/6373/6373 6374/6374/6374
f 6373/6373/6373 6375/6375/6375 6374/6374/6374
f 6376/6376/6376 6377/6377/6377 6378/6378/6378
f 6377/6377/6377 6379/6379/6379 6378/6378/6378
f 6380/6380/6380 6381/6381/6381 6382/6382/6382
f 6381/6381/6381 6383/6383/6383 6382/6382/6382
f 6384/6384/6384 6385/6385/6385 6386/6386/6386
f 6385/6385/6385 6387/6387/6387 6386/6386/6386
f 6388/6388/6388 6389/6389/6389 6390/6390/6390
f 6389/6389/6389 6391/6391/6391 6390/6390/6390
f 6392/6392/6392 6393/6393/6393 6394/6394/6394
f 6393/6393/6393 6395/6395/6395 6394/6394/6394
f 6396/6396/6396 6397/6397/6397 6398/6398/6398
f 6397/6397/6397 6399/6399/6399 6398/6398/6398
f 6400/6400/6400 6401/6401/6401 6402/6402/6402
f 6401/6401/6401 6403/6403/6403 6402/6402/6402
f 6404/6404/6404 6405/6405/6405 6406/6406/6406
f 6405/6405/6405 6407/6407/6407 6406/6406/6406
f 6408/6408/6408 6409/6409/6409 6410/6410/6410
f 6409/6409/6409 6411/6411/6411 6410/6410/6410
f 6412/6412/6412 6413/6413/6413 6414/6414/6414
f 6413/6413/6413 6415/6415/6415 6414/6414/6414
f 6416/6416/6416 6417/6417/6417 6418/6418/6418
f 6417/6417/6417 6419/6419/6419 6418/6418/6418
f 6420/6420/6420 6421/6421/6421 6422/6422/6422
f 6421/6421/6421 6423/6423/6423 6422/6422/6422
f 6424/6424/6424 6425/6425/6425 6426/6426/6426
f 6425/6425/6425 6427/6427/6427 6426/6426/6426
f 6428/6428/6428 6429/6429/6429 6430/6430/6430
f 6429/6429/6429 6431/6431/6431 6430/6430/6430
f 6432/6432/6432 6433/6433/6433 6434/6434/6434
f 6433/6433/6433 6435/6435/6435 6434/6434/6434
f 6436/6436/6436 6437/6437/6437 6438/6438/6438
f 6437/6437/6437 6439/6439/6439 6438/6438/6438
f 6440/6440/6440 6441/6441/6441 6442/6442/6442
f 6441/6441/6441 6443/6443/6443 6442/6442/6442
f 6444/6444/6444 6445/6445/6445 6446/6446/6446
f 6445/6445/6445 6447/6447/6447 6446/6446/6446
f 6448/6448/6448 6449/6449/6449 6450/6450/6450
f 6449/6449/6449 6451/6451/6451 6450/6450/6450
f 6452/6452/6452 6453/6453/6453 6454/6454/6454
f 6453/6453/6453 6455/6455/6455 6454/6454/6454
f 6456/6456/6456 6457/6457/6457 6458/6458/6458
f 6457/6457/6457 6459/6459/6459 6458/6458/6458
f 6460/6460/6460 6461/6461/6461 6462/6462/6462
f 6461/6461/6461 6463/6463/6463 6462/6462/6462
f 6464/6464/6464 6465/6465/6465 6466/6466/6466
f 6465/6465/6465 6467/6467/6467 6466/6466/6466
f 6468/6468/6468 6469/6469/6469 6470/6470/6470
f 6469/6469/6469 6471/6471/6471 6470/6470/6470
f 6472/6472/6472 6473/6473/6473 6474/6474/6474
f 6473/6473/6473 6475/6475/6475 6474/6474/6474
f 6476/6476/6476 6477/6477/6477 6478/6478/6478
f 6477/6477/6477 6479/6479/6479 6478/6478/6478
f 6480/6480/6480 6481/6481/6481 6482/6482/6482
f 6481/6481/6481 6483/6483/6483 6482/6482/6482
f 6484/6484/6484 6485/6485/6485 6486/6486/6486
f 6485/6485/6485 6487/6487/6487 6486/6486/6486
f 6488/6488/6488 6489/6489/6489 6490/6490/6490
f 6489/6489/6489 6491/6491/6491 6490/6490/6490
f 6492/6492/6492 6493/6493/6493 6494/6494/6494
f 6493/6493/6493 6495/6495/6495 6494/6494/6494
f 6496/6496/6496 6497/6497/6497 6498/6498/6498
f 6497/6497/6497 6499/6499/6499 6498/6498/6498
f 6500/6500/6500 6501/6501/6501 6502/6502/6502
f 6501/6501/6501 6503/6503/6503 6502/6502/6502
f 6504/6504/6504 6505/6505/6505 6506/6506/6506
f 6505/6505/6505 6507/6507/6507 6506/6506/6506
f 6508/6508/6508 6509/6509/6509 6510/6510/6510
f 6509/6509/6509 6511/6511/6511 6510/6510/6510
f 6512/6512/6512 6513/6513/6513 6514/6514/6514
f 6513/6513/6513 6515/6515/6515 6514/6514/6514
f 6516/6516/6516 6517/6517/6517 6518/6518/6518
f 6517/6517/6517 6519/6519/6519 6518/6518/6518
f 6520/6520/6520 6521/6521/6521 6522/6522/6522
f 6521/6521/6521 6523/6523/6523 6522/6522/6522
f 6524/6524/6524 6525/6525/6525 6526/6526/6526
f 6525/6525/6525 6527/6527/6527 6526/6526/6526
f 6528/6528/6528 6529/6529/6529 6530/6530/6530
f 6529/6529/6529 6531/6531/6531 6530/6530/6530
f 6532/6532/6532 6533/6533/6533 6534/6534/6534
f 6533/6533/6533 6535/6535/6535 6534/6534/6534
f 6536/6536/6536 6537/6537/6537 6538/6538/6538
f 6537/6537/6537 6539/6539/6539 6538/6538/6538
f 6540/6540/6540 6541/6541/6541 6542/6542/6542
f 6541/6541/6541 6543/6543/6543 6542/6542/6542
f 6544/6544/6544 6545/6545/6545 6546/6546/6546
f 6545/6545/6545 6547/6547/6547 6546/6546/6546
f 6548/6548/6548 6549/6549/6549 6550/6550/6550
f 6549/6549/6549 6551/6551/6551 6550/6550/6550
f 6552/6552/6552 6553/6553/6553 6554/6554/6554
f 6553/6553/6553 6555/6555/6555 6554/6554/6554
f 6556/6556/6556 6557/6557/6557 6558/6558/6558
f 6557/6557/6557 6559/6559/6559 6558/6558/6558
f 6560/6560/6560 6561/6561/6561 6562/6562/6562
f 6561/6561/6561 6563/6563/6563 6562/6562/6562
f 6564/6564/6564 6565/6565/6565 6566/6566/6566
f 6567/6567/6567 6568/6568/6568 6569/6569/6569
f 6568/6568/6568 6566/6566/6566 6569/6569/6569
f 6566/6566/6566 6565/6565/6565 6569/6569/6569
f 6570/6570/6570 6571/6571/6571 6572/6572/6572
f 6571/6571/6571 6573/6573/6573 6572/6572/6572
f 6574/6574/6574 6575/6575/6575 6576/6576/6576
f 6575/6575/6575 6577/6577/6577 6576/6576/6576
f 6578/6578/6578 6579/6579/6579 6580/6580/6580
f 6579/6579/6579 6581/6581/6581 6580/6580/6580
f 6582/6582/6582 6583/6583/6583 6584/6584/6584
f 6583/6583/6583 6585/6585/6585 6584/6584/6584
f 6586/6586/6586 6587/6587/6587 6588/6588/6588
f 6587/6587/6587 6589/6589/6589 6588/6588/6588
f 6588/6588/6588 6589/6589/6589 6590/6590/6590
f 6589/6589/6589 6591/6591/6591 6590/6590/6590
f 6592/6592/6592 6593/6593/6593 6594/6594/6594
f 6593/6593/6593 6595/6595/6595 6594/6594/6594
f 6596/6596/6596 6597/6597/6597 6598/6598/6598
f 6597/6597/6597 6599/6599/6599 6598/6598/6598
f 6600/6600/6600 6601/6601/6601 6602/6602/6602
f 6601/6601/6601 6603/6603/6603 6602/6602/6602
f 6604/6604/6604 6605/6605/6605 6606/6606/6606
f 6605/6605/6605 6607/6607/6607 6606/6606/6606
f 6608/6608/6608 6609/6609/6609 6610/6610/6610
f 6609/6609/6609 6611/6611/6611 6610/6610/6610
f 6612/6612/6612 6613/6613/6613 6614/6614/6614
f 6613/6613/6613 6615/6615/6615 6614/6614/6614
f 6616/6616/6616 6617/6617/6617 6618/6618/6618
f 6617/6617/6617 6619/6619/6619 6618/6618/6618
f 6620/6620/6620 6621/6621/6621 6622/6622/6622
f 6621/6621/6621 6623/6623/6623 6622/6622/6622
f 6622/6622/6622 6623/6623/6623 6624/6624/6624
f 6623/6623/6623 6625/6625/6625 6624/6624/6624
f 6626/6626/6626 6627/6627/6627 6628/6628/6628
f 6627/6627/6627 6629/6629/6629 6628/6628/6628
f 6630/6630/6630 6631/6631/6631 6632/6632/6632
f 6631/6631/6631 6633/6633/6633 6632/6632/6632
f 6634/6634/6634 6635/6635/6635 6636/6636/6636
f 6635/6635/6635 6637/6637/6637 6636/6636/6636
f 6638/6638/6638 6639/6639/6639 6640/6640/6640
f 6641/6641/6641 6642/6642/6642 6643/6643/6643
f 6642/6642/6642 6640/6640/6640 6643/6643/6643
f 6640/6640/6640 6639/6639/6639 6643/6643/6643
f 6644/6644/6644 6645/6645/6645 6646/6646/6646
f 6645/6645/6645 6647/6647/6647 6646/6646/6646
f 6648/6648/6648 6649/6649/6649 6650/6650/6650
f 6649/6649/6649 6651/6651/6651 6650/6650/6650
f 6652/6652/6652 6653/6653/6653 6654/6654/6654
f 6653/6653/6653 6655/6655/6655 6654/6654/6654
f 6656/6656/6656 6657/6657/6657 6658/6658/6658
f 6657/6657/6657 6659/6659/6659 6658/6658/6658
f 6658/6658/6658 6659/6659/6659 6660/6660/6660
f 6659/6659/6659 6661/6661/6661 6660/6660/6660
f 6662/6662/6662 6663/6663/6663 6664/6664/6664
f 6663/6663/6663 6665/6665/6665 6664/6664/6664
f 6666/6666/6666 6667/6667/6667 6668/6668/6668
f 6669/6669/6669 6670/6670/6670 6671/6671/6671
f 6670/6670/6670 6668/6668/6668 6671/6671/6671
f 6668/6668/6668 6667/6667/6667 6671/6671/6671
f 6672/6672/6672 6673/6673/6673 6674/6674/6674
f 6673/6673/6673 6675/6675/6675 6674/6674/6674
f 6676/6676/6676 6677/6677/6677 6678/6678/6678
f 6677/6677/6677 6679/6679/6679 6678/6678/6678
f 6680/6680/6680 6681/6681/6681 6682/6682/6682
f 6681/6681/6681 6683/6683/6683 6682/6682/6682
f 6684/6684/6684 6685/6685/6685 6686/6686/6686
f 6685/6685/6685 6687/6687/6687 6686/6686/6686
f 6688/6688/6688 6689/6689/6689 6690/6690/6690
f 6689/6689/6689 6691/6691/6691 6690/6690/6690
f 6692/6692/6692 6693/6693/6693 6694/6694/6694
f 6693/6693/6693 6695/6695/6695 6694/6694/6694
f 6696/6696/6696 6697/6697/6697 6698/6698/6698
f 6697/6697/6697 6699/6699/6699 6698/6698/6698
f 6700/6700/6700 6701/6701/6701 6702/6702/6702
f 6701/6701/6701 6703/6703/6703 6702/6702/6702
f 6704/6704/6704 6705/6705/6705 6706/6706/6706
f 6707/6707/6707 6708/6708/6708 6709/6709/6709
f 6708/6708/6708 6710/6710/6710 6709/6709/6709
f 6709/6709/6709 6710/6710/6710 6711/6711/6711
f 6710/6710/6710 6706/6706/6706 6711/6711/6711
f 6706/6706/6706 6705/6705/6705 6711/6711/6711
f 6712/6712/6712 6713/6713/6713 6714/6714/6714
f 6713/6713/6713 6715/6715/6715 6714/6714/6714
f 6716/6716/6716 6717/6717/6717 6718/6718/6718
f 6717/6717/6717 6719/6719/6719 6718/6718/6718
f 6720/6720/6720 6721/6721/6721 6722/6722/6722
f 6721/6721/6721 6723/6723/6723 6722/6722/6722
f 6724/6724/6724 6725/6725/6725 6726/6726/6726
f 6725/6725/6725 6727/6727/6727 6726/6726/6726
f 6728/6728/6728 6729/6729/6729 6730/6730/6730
f 6729/6729/6729 6731/6731/6731 6730/6730/6730
f 6732/6732/6732 6733/6733/6733 6734/6734/6734
f 6733/6733/6733 6735/6735/6735 6734/6734/6734
f 6736/6736/6736 6737/6737/6737 6738/6738/6738
f 6737/6737/6737 6739/6739/6739 6738/6738/6738
f 6740/6740/6740 6741/6741/6741 6742/6742/6742
f 6741/6741/6741 6743/6743/6743 6742/6742/6742
f 6744/6744/6744 6745/6745/6745 6746/6746/6746
f 6745/6745/6745 6747/6747/6747 6746/6746/6746
f 6748/6748/6748 6749/6749/6749 6750/6750/6750
f 6749/6749/6749 6751/6751/6751 6750/6750/6750
f 6752/6752/6752 6753/6753/6753 6754/6754/6754
f 6753/6753/6753 6755/6755/6755 6754/6754/6754
f 6756/6756/6756 6757/6757/6757 6758/6758/6758
f 6757/6757/6757 6759/6759/6759 6758/6758/6758
f 6760/6760/6760 6761/6761/6761 6762/6762/6762
f 6761/6761/6761 6763/6763/6763 6762/6762/6762
f 6764/6764/6764 6765/6765/6765 6766/6766/6766
f 6765/6765/6765 6767/6767/6767 6766/6766/6766
f 6768/6768/6768 6769/6769/6769 6770/6770/6770
f 6769/6769/6769 6771/6771/6771 6770/6770/6770
f 6772/6772/6772 6773/6773/6773 6774/6774/6774
f 6773/6773/6773 6775/6775/6775 6774/6774/6774
f 6776/6776/6776 6777/6777/6777 6778/6778/6778
f 6777/6777/6777 6779/6779/6779 6778/6778/6778
f 6780/6780/6780 6781/6781/6781 6782/6782/6782
f 6781/6781/6781 6783/6783/6783 6782/6782/6782
f 6784/6784/6784 6785/6785/6785 6786/6786/6786
f 6785/6785/6785 6787/6787/6787 6786/6786/6786
f 6788/6788/6788 6789/6789/6789 6790/6790/6790
f 6789/6789/6789 6791/6791/6791 6790/6790/6790
f 6792/6792/6792 6793/6793/6793 6794/6794/6794
f 6793/6793/6793 6795/6795/6795 6794/6794/6794
f 6796/6796/6796 6797/6797/6797 6798/6798/6798
f 6797/6797/6797 6799/6799/6799 6798/6798/6798
f 6800/6800/6800 6801/6801/6801 6802/6802/6802
f 6801/6801/6801 6803/6803/6803 6802/6802/6802
f 6804/6804/6804 6805/6805/6805 6806/6806/6806
f 6805/6805/6805 6807/6807/6807 6806/6806/6806
f 6808/6808/6808 6809/6809/6809 6810/6810/6810
f 6809/6809/6809 6811/6811/6811 6810/6810/6810
f 6812/6812/6812 6813/6813/6813 6814/6814/6814
f 6813/6813/6813 6815/6815/6815 6814/6814/6814
f 6816/6816/6816 6817/6817/6817 6818/6818/6818
f 6817/6817/6817 6819/6819/6819 6818/6818/6818
f 6820/6820/6820 6821/6821/6821 6822/6822/6822
f 6821/6821/6821 6823/6823/6823 6822/6822/6822
f 6824/6824/6824 6825/6825/6825 6826/6826/6826
f 6825/6825/6825 6827/6827/6827 6826/6826/6826
f 6826/6826/6826 6827/6827/6827 6828/6828/6828
f 6827/6827/6827 6829/6829/6829 6828/6828/6828
f 6830/6830/6830 6831/6831/6831 6832/6832/6832
f 6831/6831/6831 6833/6833/6833 6832/6832/6832
f 6832/6832/6832 6833/6833/6833 6834/6834/6834
f 6833/6833/6833 6835/6835/6835 6834/6834/6834
f 6836/6836/6836 6837/6837/6837 6838/6838/6838
f 6837/6837/6837 6839/6839/6839 6838/6838/6838
f 6840/6840/6840 6841/6841/6841 6842/6842/6842
f 6841/6841/6841 6843/6843/6843 6842/6842/6842
f 6844/6844/6844 6842/6842/6842 6845/6845/6845
f 6842/6842/6842 6843/6843/6843 6845/6845/6845
f 6846/6846/6846 6847/6847/6847 6848/6848/6848
f 6847/6847/6847 6849/6849/6849 6848/6848/6848
f 6850/6850/6850 6851/6851/6851 6852/6852/6852
f 6851/6851/6851 6853/6853/6853 6852/6852/6852
f 6854/6854/6854 6855/6855/6855 6856/6856/6856
f 6855/6855/6855 6857/6857/6857 6856/6856/6856
f 6858/6858/6858 6859/6859/6859 6860/6860/6860
f 6859/6859/6859 6861/6861/6861 6860/6860/6860
f 6862/6862/6862 6863/6863/6863 6864/6864/6864
f 6863/6863/6863 6865/6865/6865 6864/6864/6864
f 6866/6866/6866 6867/6867/6867 6868/6868/6868
f 6867/6867/6867 6869/6869/6869 6868/6868/6868
f 6870/6870/6870 6871/6871/6871 6872/6872/6872
f 6871/6871/6871 6873/6873/6873 6872/6872/6872
f 6874/6874/6874 6875/6875/6875 6876/6876/6876
f 6875/6875/6875 6877/6877/6877 6876/6876/6876
f 6878/6878/6878 6879/6879/6879 6880/6880/6880
f 6881/6881/6881 6880/6880/6880 6882/6882/6882
f 6882/6882/6882 6880/6880/6880 6883/6883/6883
f 6880/6880/6880 6879/6879/6879 6883/6883/6883
f 6884/6884/6884 6885/6885/6885 6886/6886/6886
f 6886/6886/6886 6885/6885/6885 6887/6887/6887
f 6885/6885/6885 6888/6888/6888 6887/6887/6887
f 6888/6888/6888 6889/6889/6889 6887/6887/6887
f 6890/6890/6890 6891/6891/6891 6892/6892/6892
f 6891/6891/6891 6893/6893/6893 6892/6892/6892
f 6894/6894/6894 6895/6895/6895 6896/6896/6896
f 6895/6895/6895 6897/6897/6897 6896/6896/6896
f 6898/6898/6898 6899/6899/6899 6900/6900/6900
f 6899/6899/6899 6901/6901/6901 6900/6900/6900
f 6902/6902/6902 6903/6903/6903 6904/6904/6904
f 6903/6903/6903 6905/6905/6905 6904/6904/6904
f 6906/6906/6906 6907/6907/6907 6908/6908/6908
f 6908/6908/6908 6907/6907/6907 6909/6909/6909
f 6907/6907/6907 6910/6910/6910 6909/6909/6909
f 6910/6910/6910 6911/6911/6911 6909/6909/6909
f 6912/6912/6912 6913/6913/6913 6914/6914/6914
f 6913/6913/6913 6915/6915/6915 6914/6914/6914
f 6916/6916/6916 6917/6917/6917 6918/6918/6918
f 6917/6917/6917 6919/6919/6919 6918/6918/6918
f 6920/6920/6920 6921/6921/6921 6922/6922/6922
f 6922/6922/6922 6921/6921/6921 6923/6923/6923
f 6923/6923/6923 6921/6921/6921 6924/6924/6924
f 6924/6924/6924 6921/6921/6921 6925/6925/6925
f 6921/6921/6921 6926/6926/6926 6925/6925/6925
f 6926/6926/6926 6927/6927/6927 6925/6925/6925
f 6928/6928/6928 6929/6929/6929 6930/6930/6930
f 6929/6929/6929 6931/6931/6931 6930/6930/6930
f 6932/6932/6932 6933/6933/6933 6934/6934/6934
f 6933/6933/6933 6935/6935/6935 6934/6934/6934
f 6936/6936/6936 6937/6937/6937 6938/6938/6938
f 6937/6937/6937 6939/6939/6939 6938/6938/6938
f 6940/6940/6940 6941/6941/6941 6942/6942/6942
f 6941/6941/6941 6943/6943/6943 6942/6942/6942
f 6944/6944/6944 6945/6945/6945 6946/6946/6946
f 6945/6945/6945 6947/6947/6947 6946/6946/6946
f 6948/6948/6948 6949/6949/6949 6950/6950/6950
f 6949/6949/6949 6951/6951/6951 6950/6950/6950
f 6952/6952/6952 6953/6953/6953 6954/6954/6954
f 6953/6953/6953 6955/6955/6955 6954/6954/6954
f 6956/6956/6956 6957/6957/6957 6958/6958/6958
f 6957/6957/6957 6959/6959/6959 6958/6958/6958
f 6960/6960/6960 6961/6961/6961 6962/6962/6962
f 6961/6961/6961 6963/6963/6963 6962/6962/6962
f 6964/6964/6964 6965/6965/6965 6966/6966/6966
f 6965/6965/6965 6967/6967/6967 6966/6966/6966
f 6968/6968/6968 6969/6969/6969 6970/6970/6970
f 6969/6969/6969 6971/6971/6971 6970/6970/6970
f 6972/6972/6972 6973/6973/6973 6974/6974/6974
f 6973/6973/6973 6975/6975/6975 6974/6974/6974
f 6976/6976/6976 6977/6977/6977 6978/6978/6978
f 6977/6977/6977 6979/6979/6979 6978/6978/6978
f 6980/6980/6980 6981/6981/6981 6982/6982/6982
f 6981/6981/6981 6983/6983/6983 6982/6982/6982
f 6984/6984/6984 6985/6985/6985 6986/6986/6986
f 6985/6985/6985 6987/6987/6987 6986/6986/6986
f 6988/6988/6988 6989/6989/6989 6990/6990/6990
f 6989/6989/6989 6991/6991/6991 6990/6990/6990
f 6992/6992/6992 6993/6993/6993 6994/6994/6994
f 6993/6993/6993 6995/6995/6995 6994/6994/6994
f 6994/6994/6994 6995/6995/6995 6996/6996/6996
f 6995/6995/6995 6997/6997/6997 6996/6996/6996
f 6998/6998/6998 6999/6999/6999 7000/7000/7000
f 6999/6999/6999 7001/7001/7001 7000/7000/7000
f 7002/7002/7002 7003/7003/7003 7004/7004/7004
f 7003/7003/7003 7005/7005/7005 7004/7004/7004
f 7006/7006/7006 7007/7007/7007 7008/7008/7008
f 7007/7007/7007 7009/7009/7009 7008/7008/7008
f 7010/7010/7010 7011/7011/7011 7012/7012/7012
f 7011/7011/7011 7013/7013/7013 7012/7012/7012
f 7014/7014/7014 7015/7015/7015 7016/7016/7016
f 7015/7015/7015 7017/7017/7017 7016/7016/7016
f 7018/7018/7018 7019/7019/7019 7020/7020/7020
f 7019/7019/7019 7021/7021/7021 7020/7020/7020
f 7022/7022/7022 7023/7023/7023 7024/7024/7024
f 7025/7025/7025 7026/7026/7026 7027/7027/7027
f 7027/7027/7027 7026/7026/7026 7028/7028/7028
f 7026/7026/7026 7024/7024/7024 7028/7028/7028
f 7029/7029/7029 7030/7030/7030 7031/7031/7031
f 7031/7031/7031 7030/7030/7030 7032/7032/7032
f 7030/7030/7030 7028/7028/7028 7032/7032/7032
f 7028/7028/7028 7024/7024/7024 7032/7032/7032
f 7024/7024/7024 7023/7023/7023 7032/7032/7032
f 7033/7033/7033 7032/7032/7032 7034/7034/7034
f 7035/7035/7035 7036/7036/7036 7037/7037/7037
f 7036/7036/7036 7034/7034/7034 7037/7037/7037
f 7034/7034/7034 7032/7032/7032 7037/7037/7037
f 7038/7038/7038 7037/7037/7037 7039/7039/7039
f 7039/7039/7039 7037/7037/7037 7040/7040/7040
f 7037/7037/7037 7032/7032/7032 7040/7040/7040
f 7032/7032/7032 7023/7023/7023 7040/7040/7040
f 7023/7023/7023 7041/7041/7041 7040/7040/7040
f 7042/7042/7042 7043/7043/7043 7044/7044/7044
f 7043/7043/7043 7045/7045/7045 7044/7044/7044
f 7044/7044/7044 7045/7045/7045 7046/7046/7046
f 7046/7046/7046 7045/7045/7045 7047/7047/7047
f 7047/7047/7047 7045/7045/7045 7048/7048/7048
f 7048/7048/7048 7045/7045/7045 7049/7049/7049
f 7045/7045/7045 7043/7043/7043 7049/7049/7049
f 7050/7050/7050 7049/7049/7049 7051/7051/7051
f 7051/7051/7051 7049/7049/7049 7052/7052/7052
f 7052/7052/7052 7049/7049/7049 7053/7053/7053
f 7054/7054/7054 7053/7053/7053 7055/7055/7055
f 7055/7055/7055 7053/7053/7053 7056/7056/7056
f 7056/7056/7056 7053/7053/7053 7057/7057/7057
f 7053/7053/7053 7049/7049/7049 7057/7057/7057
f 7049/7049/7049 7043/7043/7043 7057/7057/7057
f 7058/7058/7058 7057/7057/7057 7059/7059/7059
f 7059/7059/7059 7057/7057/7057 7060/7060/7060
f 7060/7060/7060 7057/7057/7057 7061/7061/7061
f 7057/7057/7057 7043/7043/7043 7061/7061/7061
f 7043/7043/7043 7062/7062/7062 7061/7061/7061
f 7063/7063/7063 7064/7064/7064 7065/7065/7065
f 7064/7064/7064 7066/7066/7066 7065/7065/7065
f 7067/7067/7067 7068/7068/7068 7069/7069/7069
f 7068/7068/7068 7070/7070/7070 7069/7069/7069
f 7071/7071/7071 7072/7072/7072 7073/7073/7073
f 7072/7072/7072 7074/7074/7074 7073/7073/7073
f 7075/7075/7075 7076/7076/7076 7077/7077/7077
f 7076/7076/7076 7078/7078/7078 7077/7077/7077
f 7079/7079/7079 7080/7080/7080 7081/7081/7081
f 7080/7080/7080 7082/7082/7082 7081/7081/7081
f 7083/7083/7083 7084/7084/7084 7085/7085/7085
f 7084/7084/7084 7086/7086/7086 7085/7085/7085
f 7087/7087/7087 7088/7088/7088 7089/7089/7089
f 7088/7088/7088 7090/7090/7090 7089/7089/7089
f 7091/7091/7091 7092/7092/7092 7093/7093/7093
f 7092/7092/7092 7094/7094/7094 7093/7093/7093
f 7095/7095/7095 7096/7096/7096 7097/7097/7097
f 7096/7096/7096 7098/7098/7098 7097/7097/7097
f 7099/7099/7099 7100/7100/7100 7101/7101/7101
f 7102/7102/7102 7103/7103/7103 7104/7104/7104
f 7103/7103/7103 7101/7101/7101 7104/7104/7104
f 7101/7101/7101 7100/7100/7100 7104/7104/7104
f 7100/7100/7100 7105/7105/7105 7104/7104/7104
f 7105/7105/7105 7106/7106/7106 7104/7104/7104
f 7107/7107/7107 7108/7108/7108 7109/7109/7109
f 7108/7108/7108 7110/7110/7110 7109/7109/7109
f 7111/7111/7111 7112/7112/7112 7113/7113/7113
f 7112/7112/7112 7114/7114/7114 7113/7113/7113
f 7115/7115/7115 7116/7116/7116 7117/7117/7117
f 7116/7116/7116 7118/7118/7118 7117/7117/7117
f 7119/7119/7119 7120/7120/7120 7121/7121/7121
f 7121/7121/7121 7120/7120/7120 7122/7122/7122
f 7120/7120/7120 7123/7123/7123 7122/7122/7122
f 7123/7123/7123 7124/7124/7124 7122/7122/7122
f 7125/7125/7125 7126/7126/7126 7127/7127/7127
f 7126/7126/7126 7128/7128/7128 7127/7127/7127
f 7129/7129/7129 7130/7130/7130 7131/7131/7131
f 7130/7130/7130 7132/7132/7132 7131/7131/7131
f 7133/7133/7133 7134/7134/7134 7135/7135/7135
f 7134/7134/7134 7136/7136/7136 7135/7135/7135
v 0.2544519 0.0196445 -0.3371347
v 0.2544519 0.0187440 -0.3350522
v 0.1569706 0.0196445 -0.3371347
v 0.1569706 0.0187440 -0.3350522
v 0.2544519 0.9408204 -0.3350522
v 0.2544519 0.9399199 -0.3371347
v 0.1569706 0.9408204 -0.3350522
v 0.1569706 0.9399199 -0.3371347
v 0.2544519 0.9399199 -0.3371347
v 0.2544519 0.9378374 -0.3380352
v 0.1569706 0.9399199 -0.3371347
v 0.1569706 0.9378374 -0.3380352
v 0.2545082 0.9408204 0.3174873
v 0.2544519 0.9408204 -0.3350522
v 0.2524820 0.9408204 0.3251417
v 0.2469100 0.9408204 0.3310514
v 0.2392556 0.9408204 0.3357228
v 0.2303630 0.9408204 0.3390435
v 0.2208512 0.9408204 0.3409571
v 0.2108329 0.9408204 0.3416888
v 0.2005895 0.9408204 0.3416888
v 0.1906275 0.9408204 0.3409571
v 0.1810595 0.9408204 0.3390435
v 0.1721668 0.9408204 0.3357228
v 0.1645124 0.9408204 0.3310514
v 0.1589967 0.9408204 0.3251417
v 0.1569143 0.9408204 0.3174873
v 0.1569706 0.9408204 -0.3350522
v 0.1569706 0.9378374 -0.3380352
v 0.2544519 0.9378374 -0.3380352
v 0.1569706 0.0217269 -0.3380352
v 0.1569706 0.0196445 -0.3371347
v 0.2544519 0.0196445 -0.3371347
v 0.2544519 0.0217269 -0.3380352
v 0.1589967 0.0187440 0.3251417
v 0.1569143 0.0187440 0.3174873
v 0.1645124 0.0187440 0.3310514
v 0.1721668 0.0187440 0.3357228
v 0.1810595 0.0187440 0.3390435
v 0.1906275 0.0187440 0.3409571
v 0.2005895 0.0187440 0.3416888
v 0.2108329 0.0187440 0.3416888
v 0.2208512 0.0187440 0.3409571
v 0.2303630 0.0187440 0.3390435
v 0.2392556 0.0187440 0.3357228
v 0.2469100 0.0187440 0.3310514
v 0.2524820 0.0187440 0.3251417
v 0.2545082 0.0187440 0.3174873
v 0.2544519 0.0187440 -0.3350522
v 0.1569706 0.0187440 -0.3350522
vt 0.7752998 0.7549985
vt 0.7752998 0.7515871
vt 0.7393181 0.7549985
vt 0.7393181 0.7515871
vt 0.7031741 0.7515871
vt 0.7031741 0.7549985
vt 0.7391557 0.7515871
vt 0.7391557 0.7549985
vt 0.7030928 0.9989101
vt 0.7030928 0.9957424
vt 0.6670300 0.9989101
vt 0.6670300 0.9957424
vt 0.7030928 0.0278934
vt 0.7031741 0.7515871
vt 0.7039051 0.0193651
vt 0.7059356 0.0127860
vt 0.7087784 0.0076690
vt 0.7120273 0.0040139
vt 0.7156011 0.0018210
vt 0.7192561 0.0010899
vt 0.7230736 0.0010899
vt 0.7267286 0.0018210
vt 0.7303024 0.0040139
vt 0.7335513 0.0076690
vt 0.7363941 0.0127860
vt 0.7384247 0.0193651
vt 0.7392369 0.0278934
vt 0.7391557 0.7515871
vt 0.6670300 0.9957424
vt 0.7030928 0.9957424
vt 0.6670300 0.0042577
vt 0.6670300 0.0010899
vt 0.7030928 0.0010899
vt 0.7030928 0.0042577
vt 0.7400491 0.0193651
vt 0.7392369 0.0278934
vt 0.7420797 0.0127860
vt 0.7449225 0.0076690
vt 0.7481714 0.0040139
vt 0.7517452 0.0018210
vt 0.7554002 0.0010899
vt 0.7592177 0.0010899
vt 0.7628727 0.0018210
vt 0.7664465 0.0040139
vt 0.7696954 0.0076690
vt 0.7725382 0.0127860
vt 0.7745688 0.0193651
vt 0.7753810 0.0278934
vt 0.7752998 0.7515871
vt 0.7393181 0.7515871
vn 0.0000000 -0.7057216 -0.7084892
vn 0.0000000 -0.9999981 -0.0019608
vn 0.0000000 -0.7057216 -0.7084892
vn 0.0000000 -0.9999981 -0.0019608
vn 0.0000000 0.9999981 -0.0019608
vn 0.0000000 0.7084892 -0.7057216
vn 0.0000000 0.9999981 -0.0019608
vn 0.0000000 0.7084892 -0.7057216
vn 0.0000000 0.7084892 -0.7057216
vn 0.0000000 0.0019608 -0.9999981
vn 0.0000000 0.7084892 -0.7057216
vn 0.0000000 0.0019608 -0.9999981
vn 0.0000000 1.0000000 0.0000000
vn 0.0000000 0.9999981 -0.0019608
vn 0.0000000 1.0000000 0.0000000
vn 0.0000000 1.0000000 0.0000000
vn 0.0000000 1.0000000 0.0000000
vn 0.0000000 1.0000000 0.0000000
vn 0.0000000 1.0000000 0.0000000
vn 0.0000000 1.0000000 0.0000000
vn 0.0000000 1.0000000 0.0000000
vn 0.0000000 1.0000000 0.0000000
vn 0.0000000 1.0000000 0.0000000
vn 0.0000000 1.0000000 0.0000000
vn 0.0000000 1.0000000 0.0000000
vn 0.0000000 1.0000000 0.0000000
vn 0.0000000 1.0000000 0.0000000
vn 0.0000000 0.9999981 -0.0019608
vn 0.0000000 0.0000000 -1.0000000
vn 0.0000000 0.0000000 -1.0000000
vn 0.0000000 -0.0019608 -0.9999981
vn 0.0000000 -0.7057216 -0.7084892
vn 0.0000000 -0.7057216 -0.7084892
vn 0.0000000 -0.0019608 -0.9999981
vn 0.0000000 -1.0000000 0.0000000
vn 0.0000000 -1.0000000 0.0000000
vn 0.0000000 -1.0000000 0.0000000
vn 0.0000000 -1.0000000 0.0000000
vn 0.0000000 -1.0000000 0.0000000
vn 0.0000000 -1.0000000 0.0000000
vn 0.0000000 -1.0000000 0.0000000
vn 0.0000000 -1.0000000 0.0000000
vn 0.0000000 -1.0000000 0.0000000
vn 0.0000000 -1.0000000 0.0000000
vn 0.0000000 -1.0000000 0.0000000
vn 0.0000000 -1.0000000 0.0000000
vn 0.0000000 -1.0000000 0.0000000
vn 0.0000000 -1.0000000 0.0000000
vn 0.0000000 -0.9999981 -0.0019608
vn 0.0000000 -0.9999981 -0.0019608
f 7137/7137/7137 7138/7138/7138 7139/7139/7139
f 7138/7138/7138 7140/7140/7140 7139/7139/7139
f 7141/7141/7141 7142/7142/7142 7143/7143/7143
f 7142/7142/7142 7144/7144/7144 7143/7143/7143
f 7145/7145/7145 7146/7146/7146 7147/7147/7147
f 7146/7146/7146 7148/7148/7148 7147/7147/7147
f 7149/7149/7149 7150/7150/7150 7151/7151/7151
f 7152/7152/7152 7151/7151/7151 7153/7153/7153
f 7151/7151/7151 7150/7150/7150 7153/7153/7153
f 7154/7154/7154 7153/7153/7153 7155/7155/7155
f 7156/7156/7156 7155/7155/7155 7157/7157/7157
f 7155/7155/7155 7153/7153/7153 7157/7157/7157
f 7153/7153/7153 7150/7150/7150 7157/7157/7157
f 7158/7158/7158 7157/7157/7157 7159/7159/7159
f 7160/7160/7160 7159/7159/7159 7161/7161/7161
f 7159/7159/7159 7157/7157/7157 7161/7161/7161
f 7157/7157/7157 7150/7150/7150 7161/7161/7161
f 7162/7162/7162 7161/7161/7161 7163/7163/7163
f 7161/7161/7161 7150/7150/7150 7163/7163/7163
f 7150/7150/7150 7164/7164/7164 7163/7163/7163
f 7165/7165/7165 7166/7166/7166 7167/7167/7167
f 7168/7168/7168 7167/7167/7167 7169/7169/7169
f 7169/7169/7169 7167/7167/7167 7170/7170/7170
f 7167/7167/7167 7166/7166/7166 7170/7170/7170
f 7171/7171/7171 7172/7172/7172 7173/7173/7173
f 7174/7174/7174 7173/7173/7173 7175/7175/7175
f 7173/7173/7173 7172/7172/7172 7175/7175/7175
f 7176/7176/7176 7175/7175/7175 7177/7177/7177
f 7178/7178/7178 7177/7177/7177 7179/7179/7179
f 7177/7177/7177 7175/7175/7175 7179/7179/7179
f 7175/7175/7175 7172/7172/7172 7179/7179/7179
f 7180/7180/7180 7179/7179/7179 7181/7181/7181
f 7182/7182/7182 7181/7181/7181 7183/7183/7183
f 7181/7181/7181 7179/7179/7179 7183/7183/7183
f 7179/7179/7179 7172/7172/7172 7183/7183/7183
f 7184/7184/7184 7183/7183/7183 7185/7185/7185
f 7183/7183/7183 7172/7172/7172 7185/7185/7185
f 7172/7172/7172 7186/7186/7186 7185/7185/7185
v 0.3803768 0.9991216 -0.3559309
v 0.3812908 0.9969890 -0.3556262
v 0.3803768 0.9981466 -0.3592821
v 0.3812908 0.9963187 -0.3582463
v 0.2696640 0.0008784 -0.3559309
v 0.2688109 0.0030110 -0.3556262
v 0.2696640 0.0018533 -0.3592821
v 0.2688109 0.0036813 -0.3582463
v 0.2696640 0.9969890 -0.3605617
v 0.2688109 0.9946736 -0.3598305
v 0.2696640 0.9981466 -0.3592821
v 0.2688109 0.9963187 -0.3582463
v 0.2696640 0.9981466 -0.3592821
v 0.2688109 0.9963187 -0.3582463
v 0.2696640 0.9991216 -0.3559309
v 0.2688109 0.9969890 -0.3556262
v 0.3803768 0.0076418 -0.3626333
v 0.3812908 0.0078855 -0.3605007
v 0.3803768 0.0042296 -0.3617194
v 0.3812908 0.0053264 -0.3598305
v 0.3410759 0.0008784 0.3295502
v 0.3411977 0.0030110 0.3304032
v 0.3304128 0.0008784 0.3302814
v 0.3304128 0.0030110 0.3311953
v 0.3304128 0.9991216 0.3302814
v 0.3304128 0.9969890 0.3311953
v 0.3410759 0.9991216 0.3295502
v 0.3411977 0.9969890 0.3304032
v 0.3614880 0.0008784 0.3236399
v 0.3618536 0.0030110 0.3244929
v 0.3514952 0.0008784 0.3273567
v 0.3517389 0.0030110 0.3282097
v 0.3704449 0.0008784 0.3181560
v 0.3710542 0.0030110 0.3188262
v 0.3614880 0.0008784 0.3236399
v 0.3618536 0.0030110 0.3244929
v 0.3614880 0.9991216 0.3236399
v 0.3618536 0.9969890 0.3244929
v 0.3704449 0.9991216 0.3181560
v 0.3710542 0.9969890 0.3188262
v 0.3775130 0.0008784 0.3103567
v 0.3783051 0.0030110 0.3108442
v 0.3704449 0.0008784 0.3181560
v 0.3710542 0.0030110 0.3188262
v 0.3775130 0.9991216 0.3103567
v 0.3783051 0.9969890 0.3108442
v 0.3803768 0.9991216 0.3004249
v 0.3812908 0.9969890 0.3005468
v 0.2725887 0.0008784 0.3103567
v 0.2717356 0.0030110 0.3108442
v 0.2697249 0.0008784 0.3004249
v 0.2688109 0.0030110 0.3005468
v 0.2725887 0.9991216 0.3103567
v 0.2717356 0.9969890 0.3108442
v 0.2795958 0.9991216 0.3181560
v 0.2790474 0.9969890 0.3188262
v 0.2886137 0.0008784 0.3236399
v 0.2881872 0.0030110 0.3244929
v 0.2795958 0.0008784 0.3181560
v 0.2790474 0.0030110 0.3188262
v 0.2886137 0.9991216 0.3236399
v 0.2881872 0.9969890 0.3244929
v 0.2986065 0.9991216 0.3273567
v 0.2983628 0.9969890 0.3282097
v 0.3090258 0.0008784 0.3295502
v 0.3089040 0.0030110 0.3304032
v 0.2986065 0.0008784 0.3273567
v 0.2983628 0.0030110 0.3282097
v 0.3196889 0.0008784 0.3302814
v 0.3196279 0.0030110 0.3311953
v 0.3090258 0.0008784 0.3295502
v 0.3089040 0.0030110 0.3304032
v 0.3090258 0.9991216 0.3295502
v 0.3089040 0.9969890 0.3304032
v 0.3196889 0.9991216 0.3302814
v 0.3196279 0.9969890 0.3311953
v 0.2697249 0.9991216 0.3004249
v 0.2688109 0.9969890 0.3005468
v 0.2725887 0.9991216 0.3103567
v 0.2717356 0.9969890 0.3108442
v 0.2717356 0.0030110 0.3108442
v 0.2688109 0.0030110 0.3005468
v 0.3410759 0.9991216 0.3295502
v 0.3411977 0.9969890 0.3304032
v 0.3514952 0.9991216 0.3273567
v 0.3517389 0.9969890 0.3282097
v 0.3514952 0.0008784 0.3273567
v 0.3517389 0.0030110 0.3282097
v 0.3410759 0.0008784 0.3295502
v 0.3411977 0.0030110 0.3304032
v 0.3196279 0.0030110 0.3311953
v 0.3196279 0.9969890 0.3311953
v 0.3089040 0.0030110 0.3304032
v 0.3089040 0.9969890 0.3304032
v 0.3514952 0.9991216 0.3273567
v 0.3517389 0.9969890 0.3282097
v 0.3614880 0.9991216 0.3236399
v 0.3618536 0.9969890 0.3244929
v 0.3618536 0.0030110 0.3244929
v 0.3517389 0.0030110 0.3282097
v 0.2986065 0.9991216 0.3273567
v 0.2983628 0.9969890 0.3282097
v 0.3090258 0.9991216 0.3295502
v 0.3089040 0.9969890 0.3304032
v 0.3089040 0.0030110 0.3304032
v 0.2983628 0.0030110 0.3282097
v 0.2795958 0.0008784 0.3181560
v 0.2790474 0.0030110 0.3188262
v 0.2725887 0.0008784 0.3103567
v 0.2717356 0.0030110 0.3108442
v 0.2790474 0.9969890 0.3188262
v 0.2717356 0.9969890 0.3108442
v 0.3411977 0.0030110 0.3304032
v 0.3411977 0.9969890 0.3304032
v 0.3304128 0.0030110 0.3311953
v 0.3304128 0.9969890 0.3311953
v 0.2795958 0.9991216 0.3181560
v 0.2790474 0.9969890 0.3188262
v 0.2886137 0.9991216 0.3236399
v 0.2881872 0.9969890 0.3244929
v 0.2881872 0.0030110 0.3244929
v 0.2790474 0.0030110 0.3188262
v 0.2986065 0.0008784 0.3273567
v 0.2983628 0.0030110 0.3282097
v 0.2886137 0.0008784 0.3236399
v 0.2881872 0.0030110 0.3244929
v 0.2983628 0.9969890 0.3282097
v 0.2881872 0.9969890 0.3244929
v 0.3803768 0.0008784 0.3004249
v 0.3812908 0.0030110 0.3005468
v 0.3775130 0.0008784 0.3103567
v 0.3783051 0.0030110 0.3108442
v 0.3812908 0.9969890 0.3005468
v 0.3783051 0.9969890 0.3108442
v 0.3783051 0.0030110 0.3108442
v 0.3783051 0.9969890 0.3108442
v 0.3710542 0.0030110 0.3188262
v 0.3618536 0.9969890 0.3244929
v 0.3618536 0.0030110 0.3244929
v 0.3710542 0.9969890 0.3188262
v 0.3704449 0.9991216 0.3181560
v 0.3775130 0.9991216 0.3103567
v 0.3803768 0.9991216 0.3004249
v 0.3812908 0.9969890 0.3005468
v 0.3803768 0.9991216 -0.3559309
v 0.3812908 0.9969890 -0.3556262
v 0.3812908 0.9963187 -0.3582463
v 0.3812908 0.9946736 -0.3598305
v 0.3803768 0.9981466 -0.3592821
v 0.3812908 0.9963187 -0.3582463
v 0.3803768 0.9969890 -0.3605617
v 0.3800112 0.9958313 -0.3617803
v 0.3803768 0.9941862 -0.3621459
v 0.3803768 0.9923582 -0.3626333
v 0.3812908 0.9921145 -0.3605007
v 0.3803768 0.9923582 -0.3626333
v 0.3803768 0.0076418 -0.3626333
v 0.3812908 0.0078855 -0.3605007
v 0.3803768 0.0042296 -0.3617194
v 0.3812908 0.0053264 -0.3598305
v 0.3803768 0.0018533 -0.3592821
v 0.3812908 0.0036813 -0.3582463
v 0.3803768 0.0018533 -0.3592821
v 0.3803768 0.0008784 -0.3559309
v 0.3812908 0.0030110 -0.3556262
v 0.3803768 0.0008784 -0.3559309
v 0.3803768 0.0008784 0.3004249
v 0.3812908 0.0030110 0.3005468
v 0.3304128 0.0008784 0.3302814
v 0.3304128 0.0030110 0.3311953
v 0.3196889 0.0008784 0.3302814
v 0.3196279 0.0030110 0.3311953
v 0.3196889 0.9991216 0.3302814
v 0.3196279 0.9969890 0.3311953
v 0.3304128 0.9991216 0.3302814
v 0.3304128 0.9969890 0.3311953
v 0.2697249 0.0008784 0.3004249
v 0.2688109 0.0030110 0.3005468
v 0.2696640 0.0008784 -0.3559309
v 0.2688109 0.0030110 -0.3556262
v 0.2688109 0.0036813 -0.3582463
v 0.2696640 0.0018533 -0.3592821
v 0.2696640 0.0042296 -0.3617194
v 0.2688109 0.0053264 -0.3598305
v 0.2696640 0.0042296 -0.3617194
v 0.2696640 0.0076418 -0.3626333
v 0.2688109 0.0078855 -0.3605007
v 0.2696640 0.0076418 -0.3626333
v 0.2696640 0.9923582 -0.3626333
v 0.2688109 0.9921145 -0.3605007
v 0.2696640 0.9923582 -0.3626333
v 0.2696640 0.9941862 -0.3621459
v 0.2696640 0.9969890 -0.3605617
v 0.2700905 0.9958313 -0.3617803
v 0.2688109 0.9946736 -0.3598305
v 0.2688109 0.9963187 -0.3582463
v 0.2688109 0.9969890 -0.3556262
v 0.2696640 0.9991216 -0.3559309
v 0.2697249 0.9991216 0.3004249
v 0.2688109 0.9969890 0.3005468
vt 0.1919843 0.9181240
vt 0.1919049 0.9175684
vt 0.1921431 0.9179653
vt 0.1920372 0.9174890
vt 0.0843713 0.7204674
vt 0.0844771 0.7209437
vt 0.0842125 0.7205468
vt 0.0843184 0.7210230
vt 0.0841331 0.9178065
vt 0.0842390 0.9173302
vt 0.0841861 0.9179653
vt 0.0843184 0.9174890
vt 0.0842125 0.9179653
vt 0.0843184 0.9174890
vt 0.0843713 0.9181240
vt 0.0844771 0.9175684
vt 0.1923548 0.7214200
vt 0.1921696 0.7216581
vt 0.1923019 0.7210230
vt 0.1921431 0.7212612
vt 0.1409429 0.7204674
vt 0.1409429 0.7210230
vt 0.1405460 0.7204674
vt 0.1405460 0.7210230
vt 0.1405460 0.9181240
vt 0.1405460 0.9175684
vt 0.1409429 0.9181240
vt 0.1409429 0.9175684
vt 0.1417367 0.7204674
vt 0.1417367 0.7210230
vt 0.1413398 0.7204674
vt 0.1413398 0.7210230
vt 0.1421336 0.7204674
vt 0.1421336 0.7210230
vt 0.1417367 0.7204674
vt 0.1417367 0.7210230
vt 0.1417367 0.9181240
vt 0.1417367 0.9175684
vt 0.1421336 0.9181240
vt 0.1421336 0.9175684
vt 0.1425305 0.7204674
vt 0.1425569 0.7210230
vt 0.1421600 0.7204674
vt 0.1421336 0.7210230
vt 0.1425569 0.9181240
vt 0.1425569 0.9175684
vt 0.1429274 0.9181240
vt 0.1429538 0.9175684
vt 0.1381381 0.7204674
vt 0.1381381 0.7210230
vt 0.1377412 0.7204674
vt 0.1377412 0.7210230
vt 0.1381381 0.9181240
vt 0.1381381 0.9175684
vt 0.1385350 0.9181240
vt 0.1385350 0.9175684
vt 0.1389319 0.7204674
vt 0.1389319 0.7210230
vt 0.1385350 0.7204674
vt 0.1385350 0.7210230
vt 0.1389319 0.9181240
vt 0.1389319 0.9175684
vt 0.1393288 0.9181240
vt 0.1393288 0.9175684
vt 0.1397522 0.7204674
vt 0.1397522 0.7210230
vt 0.1393553 0.7204674
vt 0.1393288 0.7210230
vt 0.1401491 0.7204674
vt 0.1401491 0.7210230
vt 0.1397522 0.7204674
vt 0.1397522 0.7210230
vt 0.1397522 0.9181240
vt 0.1397522 0.9175684
vt 0.1401491 0.9181240
vt 0.1401491 0.9175684
vt 0.1377412 0.9181240
vt 0.1377412 0.9175684
vt 0.1381381 0.9181240
vt 0.1381381 0.9175684
vt 0.1381381 0.7210230
vt 0.1377412 0.7210230
vt 0.1409429 0.9181240
vt 0.1409429 0.9175684
vt 0.1413398 0.9181240
vt 0.1413398 0.9175684
vt 0.1413398 0.7204674
vt 0.1413398 0.7210230
vt 0.1409429 0.7204674
vt 0.1409429 0.7210230
vt 0.1401491 0.7210230
vt 0.1401491 0.9175684
vt 0.1397522 0.7210230
vt 0.1397522 0.9175684
vt 0.1413398 0.9181240
vt 0.1413398 0.9175684
vt 0.1417367 0.9181240
vt 0.1417367 0.9175684
vt 0.1417367 0.7210230
vt 0.1413398 0.7210230
vt 0.1393553 0.9181240
vt 0.1393288 0.9175684
vt 0.1397522 0.9181240
vt 0.1397522 0.9175684
vt 0.1397522 0.7210230
vt 0.1393288 0.7210230
vt 0.1385350 0.7204674
vt 0.1385350 0.7210230
vt 0.1381381 0.7204674
vt 0.1381381 0.7210230
vt 0.1385350 0.9175684
vt 0.1381381 0.9175684
vt 0.1409429 0.7210230
vt 0.1409429 0.9175684
vt 0.1405460 0.7210230
vt 0.1405460 0.9175684
vt 0.1385350 0.9181240
vt 0.1385350 0.9175684
vt 0.1389319 0.9181240
vt 0.1389319 0.9175684
vt 0.1389319 0.7210230
vt 0.1385350 0.7210230
vt 0.1393288 0.7204674
vt 0.1393288 0.7210230
vt 0.1389319 0.7204674
vt 0.1389319 0.7210230
vt 0.1393288 0.9175684
vt 0.1389319 0.9175684
vt 0.1429274 0.7204674
vt 0.1429538 0.7210230
vt 0.1425569 0.7204674
vt 0.1425569 0.7210230
vt 0.1429538 0.9175684
vt 0.1425569 0.9175684
vt 0.1425569 0.7210230
vt 0.1425569 0.9175684
vt 0.1421336 0.7210230
vt 0.1417367 0.9175684
vt 0.1417367 0.7210230
vt 0.1421336 0.9175684
vt 0.1421600 0.9181240
vt 0.1425305 0.9181240
vt 0.1429538 0.9181240
vt 0.1429538 0.9175684
vt 0.1919579 0.9181240
vt 0.1919049 0.9175684
vt 0.1920372 0.9174890
vt 0.1921431 0.9173302
vt 0.1921696 0.9179653
vt 0.1920372 0.9174890
vt 0.1922225 0.9178065
vt 0.1923019 0.9175684
vt 0.1923283 0.9173302
vt 0.1923548 0.9170921
vt 0.1921696 0.9169333
vt 0.1923548 0.9170921
vt 0.1923548 0.7214993
vt 0.1921696 0.7216581
vt 0.1923019 0.7209437
vt 0.1921431 0.7212612
vt 0.1921696 0.7206261
vt 0.1920372 0.7210230
vt 0.1921431 0.7205468
vt 0.1919843 0.7204674
vt 0.1919049 0.7209437
vt 0.1919579 0.7204674
vt 0.1429538 0.7204674
vt 0.1429538 0.7210230
vt 0.1405460 0.7204674
vt 0.1405460 0.7210230
vt 0.1401491 0.7204674
vt 0.1401491 0.7210230
vt 0.1401491 0.9181240
vt 0.1401491 0.9175684
vt 0.1405460 0.9181240
vt 0.1405460 0.9175684
vt 0.1377412 0.7204674
vt 0.1377412 0.7210230
vt 0.0843977 0.7204674
vt 0.0844771 0.7209437
vt 0.0843184 0.7210230
vt 0.0841861 0.7206261
vt 0.0840538 0.7209437
vt 0.0842390 0.7212612
vt 0.0840538 0.7210230
vt 0.0840008 0.7214200
vt 0.0842125 0.7216581
vt 0.0840008 0.7214993
vt 0.0840008 0.9170921
vt 0.0842125 0.9169333
vt 0.0840008 0.9170921
vt 0.0840273 0.9173302
vt 0.0841331 0.9178065
vt 0.0840538 0.9176477
vt 0.0842390 0.9173302
vt 0.0843184 0.9174890
vt 0.0844771 0.9175684
vt 0.0843977 0.9181240
vt 0.1377412 0.9181240
vt 0.1377412 0.9175684
vn 0.7071041 0.7071041 -0.0027729
vn 1.0000000 0.0000000 0.0000000
vn 0.7203072 0.6338701 -0.2817201
vn 1.0000000 0.0000000 0.0000000
vn -0.7071041 -0.7071041 -0.0027729
vn -1.0000000 0.0000000 0.0000000
vn -0.6898012 -0.6273906 -0.3613245
vn -1.0000000 0.0000000 0.0000000
vn -0.6864639 0.4688046 -0.5558682
vn -1.0000000 0.0000000 0.0000000
vn -0.7203070 0.6338703 -0.2817202
vn -1.0000000 0.0000000 0.0000000
vn -0.7203070 0.6338703 -0.2817202
vn -1.0000000 0.0000000 0.0000000
vn -0.7071041 0.7071041 -0.0027729
vn -1.0000000 0.0000000 0.0000000
vn 0.7057216 0.0000000 -0.7084892
vn 0.9999981 0.0000000 -0.0019608
vn 0.6898012 -0.3613245 -0.6273906
vn 1.0000000 0.0000000 0.0000000
vn 0.0971711 -0.7066989 0.7008098
vn 0.1367867 0.0000000 0.9906005
vn 0.0253461 -0.7040577 0.7096903
vn 0.0364868 0.0000000 0.9993341
vn 0.0253460 0.7040578 0.7096902
vn 0.0364868 0.0000000 0.9993341
vn 0.0971711 0.7066989 0.7008098
vn 0.1367867 0.0000000 0.9906005
vn 0.3105691 -0.7052505 0.6373135
vn 0.4367227 0.0000000 0.8995962
vn 0.1950239 -0.7058012 0.6810362
vn 0.2759999 0.0000000 0.9611577
vn 0.4535527 -0.7036735 0.5469310
vn 0.6363831 0.0000000 0.7713732
vn 0.3105691 -0.7052505 0.6373135
vn 0.4367227 0.0000000 0.8995962
vn 0.3105690 0.7052506 0.6373135
vn 0.4367227 0.0000000 0.8995962
vn 0.4535527 0.7036735 0.5469310
vn 0.6363831 0.0000000 0.7713732
vn 0.6169919 -0.7083979 0.3427731
vn 0.8715044 0.0000000 0.4903877
vn 0.4535527 -0.7036735 0.5469310
vn 0.6363831 0.0000000 0.7713732
vn 0.6169918 0.7083980 0.3427731
vn 0.8715044 0.0000000 0.4903877
vn 0.7071041 0.7071041 0.0027729
vn 0.9999826 0.0000000 0.0059054
vn -0.6169917 -0.7083980 0.3427732
vn -0.8715043 0.0000000 0.4903879
vn -0.7071041 -0.7071041 0.0027729
vn -0.9999826 0.0000000 0.0059054
vn -0.6169916 0.7083981 0.3427733
vn -0.8715043 0.0000000 0.4903879
vn -0.4535527 0.7036735 0.5469310
vn -0.6363829 0.0000000 0.7713733
vn -0.3105690 -0.7052506 0.6373135
vn -0.4367225 0.0000000 0.8995963
vn -0.4535527 -0.7036735 0.5469310
vn -0.6363829 0.0000000 0.7713733
vn -0.3105690 0.7052506 0.6373135
vn -0.4367225 0.0000000 0.8995963
vn -0.1950240 0.7058011 0.6810363
vn -0.2759999 0.0000000 0.9611577
vn -0.0971711 -0.7066989 0.7008098
vn -0.1367867 0.0000000 0.9906005
vn -0.1950240 -0.7058011 0.6810363
vn -0.2759999 0.0000000 0.9611577
vn -0.0253460 -0.7040578 0.7096902
vn -0.0364868 0.0000000 0.9993341
vn -0.0971711 -0.7066989 0.7008098
vn -0.1367867 0.0000000 0.9906005
vn -0.0971711 0.7066989 0.7008098
vn -0.1367867 0.0000000 0.9906005
vn -0.0253460 0.7040578 0.7096902
vn -0.0364868 0.0000000 0.9993341
vn -0.7071041 0.7071041 0.0027729
vn -0.9999826 0.0000000 0.0059054
vn -0.6169916 0.7083981 0.3427733
vn -0.8715043 0.0000000 0.4903879
vn -0.8715043 0.0000000 0.4903879
vn -0.9999826 0.0000000 0.0059054
vn 0.0971711 0.7066989 0.7008098
vn 0.1367867 0.0000000 0.9906005
vn 0.1950240 0.7058011 0.6810363
vn 0.2759999 0.0000000 0.9611577
vn 0.1950239 -0.7058012 0.6810362
vn 0.2759999 0.0000000 0.9611577
vn 0.0971711 -0.7066989 0.7008098
vn 0.1367867 0.0000000 0.9906005
vn -0.0364868 0.0000000 0.9993341
vn -0.0364868 0.0000000 0.9993341
vn -0.1367867 0.0000000 0.9906005
vn -0.1367867 0.0000000 0.9906005
vn 0.1950240 0.7058011 0.6810363
vn 0.2759999 0.0000000 0.9611577
vn 0.3105690 0.7052506 0.6373135
vn 0.4367227 0.0000000 0.8995962
vn 0.4367227 0.0000000 0.8995962
vn 0.2759999 0.0000000 0.9611577
vn -0.1950240 0.7058011 0.6810363
vn -0.2759999 0.0000000 0.9611577
vn -0.0971711 0.7066989 0.7008098
vn -0.1367867 0.0000000 0.9906005
vn -0.1367867 0.0000000 0.9906005
vn -0.2759999 0.0000000 0.9611577
vn -0.4535527 -0.7036735 0.5469310
vn -0.6363829 0.0000000 0.7713733
vn -0.6169917 -0.7083980 0.3427732
vn -0.8715043 0.0000000 0.4903879
vn -0.6363829 0.0000000 0.7713733
vn -0.8715043 0.0000000 0.4903879
vn 0.1367867 0.0000000 0.9906005
vn 0.1367867 0.0000000 0.9906005
vn 0.0364868 0.0000000 0.9993341
vn 0.0364868 0.0000000 0.9993341
vn -0.4535527 0.7036735 0.5469310
vn -0.6363829 0.0000000 0.7713733
vn -0.3105690 0.7052506 0.6373135
vn -0.4367225 0.0000000 0.8995963
vn -0.4367225 0.0000000 0.8995963
vn -0.6363829 0.0000000 0.7713733
vn -0.1950240 -0.7058011 0.6810363
vn -0.2759999 0.0000000 0.9611577
vn -0.3105690 -0.7052506 0.6373135
vn -0.4367225 0.0000000 0.8995963
vn -0.2759999 0.0000000 0.9611577
vn -0.4367225 0.0000000 0.8995963
vn 0.7071041 -0.7071041 0.0027729
vn 0.9999826 0.0000000 0.0059054
vn 0.6169919 -0.7083979 0.3427731
vn 0.8715044 0.0000000 0.4903877
vn 0.9999826 0.0000000 0.0059054
vn 0.8715044 0.0000000 0.4903877
vn 0.8715044 0.0000000 0.4903877
vn 0.8715044 0.0000000 0.4903877
vn 0.6363831 0.0000000 0.7713732
vn 0.4367227 0.0000000 0.8995962
vn 0.4367227 0.0000000 0.8995962
vn 0.6363831 0.0000000 0.7713732
vn 0.4535527 0.7036735 0.5469310
vn 0.6169918 0.7083980 0.3427731
vn 0.7071041 0.7071041 0.0027729
vn 0.9999826 0.0000000 0.0059054
vn 0.7071041 0.7071041 -0.0027729
vn 1.0000000 0.0000000 0.0000000
vn 1.0000000 0.0000000 0.0000000
vn 1.0000000 0.0000000 0.0000000
vn 0.7203072 0.6338701 -0.2817201
vn 1.0000000 0.0000000 0.0000000
vn 0.6864638 0.4688047 -0.5558683
vn 0.5593849 0.4137463 -0.7182635
vn 0.6930900 0.2468540 -0.6772661
vn 0.7057216 0.0000000 -0.7084892
vn 0.9999981 0.0000000 -0.0019608
vn 0.7057216 0.0000000 -0.7084892
vn 0.7057216 0.0000000 -0.7084892
vn 0.9999981 0.0000000 -0.0019608
vn 0.6898012 -0.3613245 -0.6273906
vn 1.0000000 0.0000000 0.0000000
vn 0.6898012 -0.6273906 -0.3613245
vn 1.0000000 0.0000000 0.0000000
vn 0.6898012 -0.6273906 -0.3613245
vn 0.7071041 -0.7071041 -0.0027729
vn 1.0000000 0.0000000 0.0000000
vn 0.7071041 -0.7071041 -0.0027729
vn 0.7071041 -0.7071041 0.0027729
vn 0.9999826 0.0000000 0.0059054
vn 0.0253461 -0.7040577 0.7096903
vn 0.0364868 0.0000000 0.9993341
vn -0.0253460 -0.7040578 0.7096902
vn -0.0364868 0.0000000 0.9993341
vn -0.0253460 0.7040578 0.7096902
vn -0.0364868 0.0000000 0.9993341
vn 0.0253460 0.7040578 0.7096902
vn 0.0364868 0.0000000 0.9993341
vn -0.7071041 -0.7071041 0.0027729
vn -0.9999826 0.0000000 0.0059054
vn -0.7071041 -0.7071041 -0.0027729
vn -1.0000000 0.0000000 0.0000000
vn -1.0000000 0.0000000 0.0000000
vn -0.6898012 -0.6273906 -0.3613245
vn -0.6898012 -0.3613245 -0.6273906
vn -1.0000000 0.0000000 0.0000000
vn -0.6898012 -0.3613245 -0.6273906
vn -0.7057216 0.0000000 -0.7084892
vn -0.9999981 0.0000000 -0.0019608
vn -0.7057216 0.0000000 -0.7084892
vn -0.7057216 0.0000000 -0.7084892
vn -0.9999981 0.0000000 -0.0019608
vn -0.7057216 0.0000000 -0.7084892
vn -0.6930899 0.2468540 -0.6772662
vn -0.6864639 0.4688046 -0.5558682
vn -0.5593848 0.4137463 -0.7182636
vn -1.0000000 0.0000000 0.0000000
vn -1.0000000 0.0000000 0.0000000
vn -1.0000000 0.0000000 0.0000000
vn -0.7071041 0.7071041 -0.0027729
vn -0.7071041 0.7071041 0.0027729
vn -0.9999826 0.0000000 0.0059054
f 7187/7187/7187 7188/7188/7188 7189/7189/7189
f 7188/7188/7188 7190/7190/7190 7189/7189/7189
f 7191/7191/7191 7192/7192/7192 7193/7193/7193
f 7192/7192/7192 7194/7194/7194 7193/7193/7193
f 7195/7195/7195 7196/7196/7196 7197/7197/7197
f 7196/7196/7196 7198/7198/7198 7197/7197/7197
f 7199/7199/7199 7200/7200/7200 7201/7201/7201
f 7200/7200/7200 7202/7202/7202 7201/7201/7201
f 7203/7203/7203 7204/7204/7204 7205/7205/7205
f 7204/7204/7204 7206/7206/7206 7205/7205/7205
f 7207/7207/7207 7208/7208/7208 7209/7209/7209
f 7208/7208/7208 7210/7210/7210 7209/7209/7209
f 7211/7211/7211 7212/7212/7212 7213/7213/7213
f 7212/7212/7212 7214/7214/7214 7213/7213/7213
f 7215/7215/7215 7216/7216/7216 7217/7217/7217
f 7216/7216/7216 7218/7218/7218 7217/7217/7217
f 7219/7219/7219 7220/7220/7220 7221/7221/7221
f 7220/7220/7220 7222/7222/7222 7221/7221/7221
f 7223/7223/7223 7224/7224/7224 7225/7225/7225
f 7224/7224/7224 7226/7226/7226 7225/7225/7225
f 7227/7227/7227 7228/7228/7228 7229/7229/7229
f 7228/7228/7228 7230/7230/7230 7229/7229/7229
f 7231/7231/7231 7232/7232/7232 7233/7233/7233
f 7232/7232/7232 7234/7234/7234 7233/7233/7233
f 7235/7235/7235 7236/7236/7236 7237/7237/7237
f 7236/7236/7236 7238/7238/7238 7237/7237/7237
f 7239/7239/7239 7240/7240/7240 7241/7241/7241
f 7240/7240/7240 7242/7242/7242 7241/7241/7241
f 7243/7243/7243 7244/7244/7244 7245/7245/7245
f 7244/7244/7244 7246/7246/7246 7245/7245/7245
f 7247/7247/7247 7248/7248/7248 7249/7249/7249
f 7248/7248/7248 7250/7250/7250 7249/7249/7249
f 7251/7251/7251 7252/7252/7252 7253/7253/7253
f 7252/7252/7252 7254/7254/7254 7253/7253/7253
f 7255/7255/7255 7256/7256/7256 7257/7257/7257
f 7256/7256/7256 7258/7258/7258 7257/7257/7257
f 7259/7259/7259 7260/7260/7260 7261/7261/7261
f 7260/7260/7260 7262/7262/7262 7261/7261/7261
f 7263/7263/7263 7264/7264/7264 7265/7265/7265
f 7265/7265/7265 7264/7264/7264 7266/7266/7266
f 7267/7267/7267 7266/7266/7266 7268/7268/7268
f 7266/7266/7266 7264/7264/7264 7268/7268/7268
f 7269/7269/7269 7270/7270/7270 7271/7271/7271
f 7271/7271/7271 7270/7270/7270 7272/7272/7272
f 7273/7273/7273 7274/7274/7274 7275/7275/7275
f 7275/7275/7275 7274/7274/7274 7276/7276/7276
f 7274/7274/7274 7272/7272/7272 7276/7276/7276
f 7272/7272/7272 7270/7270/7270 7276/7276/7276
f 7277/7277/7277 7278/7278/7278 7279/7279/7279
f 7278/7278/7278 7280/7280/7280 7279/7279/7279
f 7281/7281/7281 7282/7282/7282 7283/7283/7283
f 7283/7283/7283 7282/7282/7282 7284/7284/7284
f 7285/7285/7285 7284/7284/7284 7286/7286/7286
f 7284/7284/7284 7282/7282/7282 7286/7286/7286
f 7287/7287/7287 7288/7288/7288 7289/7289/7289
f 7289/7289/7289 7288/7288/7288 7290/7290/7290
f 7291/7291/7291 7290/7290/7290 7292/7292/7292
f 7290/7290/7290 7288/7288/7288 7292/7292/7292
f 7293/7293/7293 7294/7294/7294 7295/7295/7295
f 7295/7295/7295 7294/7294/7294 7296/7296/7296
f 7294/7294/7294 7297/7297/7297 7296/7296/7296
f 7297/7297/7297 7298/7298/7298 7296/7296/7296
f 7299/7299/7299 7300/7300/7300 7301/7301/7301
f 7300/7300/7300 7302/7302/7302 7301/7301/7301
f 7303/7303/7303 7304/7304/7304 7305/7305/7305
f 7305/7305/7305 7304/7304/7304 7306/7306/7306
f 7307/7307/7307 7306/7306/7306 7308/7308/7308
f 7306/7306/7306 7304/7304/7304 7308/7308/7308
f 7309/7309/7309 7310/7310/7310 7311/7311/7311
f 7311/7311/7311 7310/7310/7310 7312/7312/7312
f 7310/7310/7310 7313/7313/7313 7312/7312/7312
f 7313/7313/7313 7314/7314/7314 7312/7312/7312
f 7315/7315/7315 7316/7316/7316 7317/7317/7317
f 7317/7317/7317 7316/7316/7316 7318/7318/7318
f 7316/7316/7316 7319/7319/7319 7318/7318/7318
f 7319/7319/7319 7320/7320/7320 7318/7318/7318
f 7321/7321/7321 7322/7322/7322 7323/7323/7323
f 7324/7324/7324 7325/7325/7325 7326/7326/7326
f 7325/7325/7325 7323/7323/7323 7326/7326/7326
f 7323/7323/7323 7322/7322/7322 7326/7326/7326
f 7327/7327/7327 7326/7326/7326 7328/7328/7328
f 7326/7326/7326 7322/7322/7322 7328/7328/7328
f 7329/7329/7329 7330/7330/7330 7331/7331/7331
f 7331/7331/7331 7330/7330/7330 7332/7332/7332
f 7333/7333/7333 7332/7332/7332 7334/7334/7334
f 7335/7335/7335 7336/7336/7336 7337/7337/7337
f 7336/7336/7336 7334/7334/7334 7337/7337/7337
f 7337/7337/7337 7334/7334/7334 7338/7338/7338
f 7338/7338/7338 7334/7334/7334 7339/7339/7339
f 7339/7339/7339 7334/7334/7334 7340/7340/7340
f 7340/7340/7340 7334/7334/7334 7341/7341/7341
f 7342/7342/7342 7341/7341/7341 7343/7343/7343
f 7343/7343/7343 7341/7341/7341 7344/7344/7344
f 7341/7341/7341 7334/7334/7334 7344/7344/7344
f 7345/7345/7345 7346/7346/7346 7347/7347/7347
f 7347/7347/7347 7346/7346/7346 7348/7348/7348
f 7346/7346/7346 7344/7344/7344 7348/7348/7348
f 7344/7344/7344 7334/7334/7334 7348/7348/7348
f 7334/7334/7334 7332/7332/7332 7348/7348/7348
f 7349/7349/7349 7348/7348/7348 7350/7350/7350
f 7350/7350/7350 7348/7348/7348 7351/7351/7351
f 7352/7352/7352 7351/7351/7351 7353/7353/7353
f 7353/7353/7353 7351/7351/7351 7354/7354/7354
f 7351/7351/7351 7348/7348/7348 7354/7354/7354
f 7348/7348/7348 7332/7332/7332 7354/7354/7354
f 7332/7332/7332 7330/7330/7330 7354/7354/7354
f 7355/7355/7355 7356/7356/7356 7357/7357/7357
f 7357/7357/7357 7356/7356/7356 7358/7358/7358
f 7359/7359/7359 7360/7360/7360 7361/7361/7361
f 7361/7361/7361 7360/7360/7360 7362/7362/7362
f 7360/7360/7360 7358/7358/7358 7362/7362/7362
f 7358/7358/7358 7356/7356/7356 7362/7362/7362
f 7363/7363/7363 7364/7364/7364 7365/7365/7365
f 7365/7365/7365 7364/7364/7364 7366/7366/7366
f 7366/7366/7366 7364/7364/7364 7367/7367/7367
f 7368/7368/7368 7367/7367/7367 7369/7369/7369
f 7369/7369/7369 7367/7367/7367 7370/7370/7370
f 7371/7371/7371 7370/7370/7370 7372/7372/7372
f 7372/7372/7372 7370/7370/7370 7373/7373/7373
f 7370/7370/7370 7367/7367/7367 7373/7373/7373
f 7374/7374/7374 7373/7373/7373 7375/7375/7375
f 7375/7375/7375 7373/7373/7373 7376/7376/7376
f 7377/7377/7377 7376/7376/7376 7378/7378/7378
f 7379/7379/7379 7380/7380/7380 7381/7381/7381
f 7380/7380/7380 7378/7378/7378 7381/7381/7381
f 7378/7378/7378 7376/7376/7376 7381/7381/7381
f 7376/7376/7376 7373/7373/7373 7381/7381/7381
f 7373/7373/7373 7367/7367/7367 7381/7381/7381
f 7367/7367/7367 7364/7364/7364 7381/7381/7381
f 7382/7382/7382 7381/7381/7381 7383/7383/7383
f 7381/7381/7381 7364/7364/7364 7383/7383/7383
f 7384/7384/7384 7383/7383/7383 7385/7385/7385
f 7385/7385/7385 7383/7383/7383 7386/7386/7386
f 7383/7383/7383 7364/7364/7364 7386/7386/7386
v 0.3094867 1.0000000 0.3259729
v 0.3093036 1.0000000 0.3274378
v 0.3198022 1.0000000 0.3267053
v 0.3197412 1.0000000 0.3281703
v 0.3767515 1.0000000 -0.3560145
v 0.3746762 0.9990844 -0.3558925
v 0.3768736 1.0000000 0.2999093
v 0.3747372 0.9991454 0.2996041
v 0.3804139 0.0008545 0.3003976
v 0.3782775 0.0000000 0.3000924
v 0.3804139 0.0009156 -0.3558925
v 0.3782775 0.0000000 -0.3560145
v 0.3804139 0.9990844 -0.3558925
v 0.3782775 1.0000000 -0.3560145
v 0.3804139 0.9991454 0.3003976
v 0.3782775 1.0000000 0.3000924
v 0.3746762 0.0076299 -0.3626067
v 0.3737606 0.0078740 -0.3605314
v 0.3746762 0.9923701 -0.3626067
v 0.3737606 0.9921260 -0.3605314
v 0.3782775 0.9924922 -0.3635223
v 0.3804139 0.9923701 -0.3626067
v 0.3782775 0.0075078 -0.3635223
v 0.3804139 0.0076299 -0.3626067
v 0.2754270 0.0009156 -0.3558925
v 0.2762815 0.0029909 -0.3556483
v 0.2753659 0.0008545 0.2996041
v 0.2762205 0.0029909 0.2994820
v 0.2732296 1.0000000 0.2999093
v 0.2753659 0.9991454 0.2996041
v 0.2732906 1.0000000 -0.3560145
v 0.2754270 0.9990844 -0.3558925
v 0.2696893 0.0009156 -0.3558925
v 0.2718257 0.0000000 -0.3560145
v 0.2696893 0.0008545 0.3003976
v 0.2718257 0.0000000 0.3000924
v 0.2696893 0.9991454 0.3003976
v 0.2718257 1.0000000 0.3000924
v 0.2696893 0.9990844 -0.3558925
v 0.2718257 1.0000000 -0.3560145
v 0.2718257 0.0075078 -0.3635223
v 0.2696893 0.0076299 -0.3626067
v 0.2718257 0.9924922 -0.3635223
v 0.2696893 0.9923701 -0.3626067
v 0.3782775 0.9933467 -0.3632782
v 0.3804139 0.9942013 -0.3621795
v 0.3782775 0.9924922 -0.3635223
v 0.3804139 0.9923701 -0.3626067
v 0.3767515 0.9924922 -0.3635223
v 0.3746762 0.9923701 -0.3626067
v 0.3767515 0.9933467 -0.3632782
v 0.3746762 0.9942013 -0.3621795
v 0.3782775 0.9983519 -0.3604093
v 0.3782775 0.9960324 -0.3621184
v 0.3767515 0.9983519 -0.3604093
v 0.3767515 0.9960324 -0.3621184
v 0.3782775 1.0000000 -0.3560145
v 0.3804139 0.9990844 -0.3558925
v 0.3782775 0.9990233 -0.3597990
v 0.3804139 0.9981688 -0.3593106
v 0.3767515 0.9990233 -0.3597990
v 0.3746762 0.9981688 -0.3593106
v 0.3767515 1.0000000 -0.3560145
v 0.3746762 0.9990844 -0.3558925
v 0.2718257 0.0037234 -0.3625457
v 0.2696893 0.0042117 -0.3616912
v 0.2718257 0.0075078 -0.3635223
v 0.2696893 0.0076299 -0.3626067
v 0.2754270 0.0076299 -0.3626067
v 0.2762815 0.0078740 -0.3605314
v 0.2754270 0.0042117 -0.3616912
v 0.2762815 0.0053104 -0.3597990
v 0.2732906 0.0037234 -0.3625457
v 0.2754270 0.0042117 -0.3616912
v 0.2732906 0.0009766 -0.3597990
v 0.2754270 0.0018312 -0.3593106
v 0.2754270 0.0042117 -0.3616912
v 0.2762815 0.0053104 -0.3597990
v 0.2754270 0.0018312 -0.3593106
v 0.2762815 0.0037234 -0.3582119
v 0.2718257 0.0000000 -0.3560145
v 0.2696893 0.0009156 -0.3558925
v 0.2718257 0.0009766 -0.3597990
v 0.2696893 0.0018312 -0.3593106
v 0.2732906 0.0009766 -0.3597990
v 0.2754270 0.0018312 -0.3593106
v 0.2732906 0.0000000 -0.3560145
v 0.2754270 0.0009156 -0.3558925
v 0.2754270 0.0018312 -0.3593106
v 0.2762815 0.0037234 -0.3582119
v 0.2754270 0.0009156 -0.3558925
v 0.2762815 0.0029909 -0.3556483
v 0.2732906 0.9933467 -0.3632782
v 0.2754270 0.9942013 -0.3621795
v 0.2732906 0.9924922 -0.3635223
v 0.2754270 0.9923701 -0.3626067
v 0.2718257 0.9924922 -0.3635223
v 0.2696893 0.9923701 -0.3626067
v 0.2718257 0.9933467 -0.3632782
v 0.2696893 0.9942013 -0.3621795
v 0.2732906 0.9983519 -0.3604093
v 0.2732906 0.9960324 -0.3621184
v 0.2718257 0.9983519 -0.3604093
v 0.2718257 0.9960324 -0.3621184
v 0.2732906 0.9933467 -0.3632782
v 0.2718257 0.9933467 -0.3632782
v 0.2732906 0.9990233 -0.3597990
v 0.2754270 0.9981688 -0.3593106
v 0.2732906 0.9983519 -0.3604093
v 0.2754270 0.9969481 -0.3605314
v 0.2718257 0.9983519 -0.3604093
v 0.2696893 0.9969481 -0.3605314
v 0.2718257 0.9990233 -0.3597990
v 0.2696893 0.9981688 -0.3593106
v 0.2732906 1.0000000 -0.3560145
v 0.2754270 0.9990844 -0.3558925
v 0.2732906 0.9990233 -0.3597990
v 0.2754270 0.9981688 -0.3593106
v 0.2754270 0.9990844 -0.3558925
v 0.2762815 0.9970091 -0.3556483
v 0.2754270 0.9981688 -0.3593106
v 0.2762815 0.9962766 -0.3582119
v 0.2718257 0.9990233 -0.3597990
v 0.2696893 0.9981688 -0.3593106
v 0.2718257 1.0000000 -0.3560145
v 0.2696893 0.9990844 -0.3558925
v 0.3782775 0.0009766 -0.3597990
v 0.3804139 0.0018312 -0.3593106
v 0.3782775 0.0000000 -0.3560145
v 0.3804139 0.0009156 -0.3558925
v 0.3767515 0.0000000 -0.3560145
v 0.3746762 0.0009156 -0.3558925
v 0.3767515 0.0009766 -0.3597990
v 0.3746762 0.0018312 -0.3593106
v 0.3746762 0.0009156 -0.3558925
v 0.3737606 0.0029909 -0.3556483
v 0.3746762 0.0018312 -0.3593106
v 0.3737606 0.0037234 -0.3582119
v 0.3782775 0.0037234 -0.3625457
v 0.3804139 0.0042117 -0.3616912
v 0.3782775 0.0009766 -0.3597990
v 0.3804139 0.0018312 -0.3593106
v 0.3767515 0.0009766 -0.3597990
v 0.3746762 0.0018312 -0.3593106
v 0.3767515 0.0037234 -0.3625457
v 0.3746762 0.0042117 -0.3616912
v 0.3746762 0.0018312 -0.3593106
v 0.3737606 0.0037234 -0.3582119
v 0.3746762 0.0042117 -0.3616912
v 0.3737606 0.0053104 -0.3597990
v 0.3782775 0.0075078 -0.3635223
v 0.3804139 0.0076299 -0.3626067
v 0.3782775 0.0037234 -0.3625457
v 0.3804139 0.0042117 -0.3616912
v 0.3746762 0.0042117 -0.3616912
v 0.3737606 0.0053104 -0.3597990
v 0.3746762 0.0076299 -0.3626067
v 0.3737606 0.0078740 -0.3605314
v 0.3198633 0.9991454 0.3245689
v 0.3198022 1.0000000 0.3267053
v 0.3301789 0.9991454 0.3245689
v 0.3303009 1.0000000 0.3267053
v 0.3301789 0.0008545 0.3245689
v 0.3303009 0.0000000 0.3267053
v 0.3198633 0.0008545 0.3245689
v 0.3198022 0.0000000 0.3267053
v 0.3301789 0.9991454 0.3245689
v 0.3303009 1.0000000 0.3267053
v 0.3403113 0.9991454 0.3238365
v 0.3405555 1.0000000 0.3259729
v 0.3497113 0.0029909 0.3210287
v 0.3499555 0.0008545 0.3218832
v 0.3401892 0.0029909 0.3229820
v 0.3301789 0.0008545 0.3245689
v 0.3301789 0.0029909 0.3237144
v 0.3403113 0.0008545 0.3238365
v 0.3499555 0.0008545 0.3218832
v 0.3505048 0.0000000 0.3238975
v 0.3403113 0.0008545 0.3238365
v 0.3303009 0.0000000 0.3267053
v 0.3301789 0.0008545 0.3245689
v 0.3405555 0.0000000 0.3259729
v 0.3401892 0.9970091 0.3229820
v 0.3403113 0.9991454 0.3238365
v 0.3497113 0.9970091 0.3210287
v 0.3499555 0.9991454 0.3218832
v 0.3403113 0.9991454 0.3238365
v 0.3405555 1.0000000 0.3259729
v 0.3499555 0.9991454 0.3218832
v 0.3505048 1.0000000 0.3238975
v 0.3589892 0.0008545 0.3185261
v 0.3599048 0.0000000 0.3204183
v 0.3499555 0.0008545 0.3218832
v 0.3505048 0.0000000 0.3238975
v 0.3497113 0.9970091 0.3210287
v 0.3499555 0.9991454 0.3218832
v 0.3585619 0.9970091 0.3177326
v 0.3589892 0.9991454 0.3185261
v 0.3662528 0.0029909 0.3130326
v 0.3668632 0.0008545 0.3137651
v 0.3585619 0.0029909 0.3177326
v 0.3499555 0.0008545 0.3218832
v 0.3497113 0.0029909 0.3210287
v 0.3589892 0.0008545 0.3185261
v 0.3668632 0.0008545 0.3137651
v 0.3682061 0.0000000 0.3154132
v 0.3589892 0.0008545 0.3185261
v 0.3599048 0.0000000 0.3204183
v 0.3585619 0.9970091 0.3177326
v 0.3589892 0.9991454 0.3185261
v 0.3662528 0.9970091 0.3130326
v 0.3668022 0.9991454 0.3137651
v 0.3589892 0.9991454 0.3185261
v 0.3599048 1.0000000 0.3204183
v 0.3668022 0.9991454 0.3137651
v 0.3682061 1.0000000 0.3154132
v 0.3718074 0.0029909 0.3071729
v 0.3726009 0.0008545 0.3076612
v 0.3662528 0.0029909 0.3130326
v 0.3668632 0.0008545 0.3137651
v 0.3662528 0.9970091 0.3130326
v 0.3668022 0.9991454 0.3137651
v 0.3718074 0.9970091 0.3071729
v 0.3726009 0.9991454 0.3076612
v 0.3668022 0.9991454 0.3137651
v 0.3682061 1.0000000 0.3154132
v 0.3726009 0.9991454 0.3076612
v 0.3744931 1.0000000 0.3086988
v 0.3737606 0.0029909 -0.3556483
v 0.3746762 0.0009156 -0.3558925
v 0.3738217 0.0029909 0.2994820
v 0.3747372 0.0008545 0.2996041
v 0.3718074 0.0029909 0.3071729
v 0.3726009 0.0008545 0.3076612
v 0.3746762 0.0009156 -0.3558925
v 0.3767515 0.0000000 -0.3560145
v 0.3747372 0.0008545 0.2996041
v 0.3768736 0.0000000 0.2999093
v 0.3726009 0.0008545 0.3076612
v 0.3682061 0.0000000 0.3154132
v 0.3668632 0.0008545 0.3137651
v 0.3744931 0.0000000 0.3086988
v 0.3718074 0.9970091 0.3071729
v 0.3726009 0.9991454 0.3076612
v 0.3738217 0.9970091 0.2994820
v 0.3747372 0.9991454 0.2996041
v 0.3726009 0.9991454 0.3076612
v 0.3744931 1.0000000 0.3086988
v 0.3747372 0.9991454 0.2996041
v 0.3768736 1.0000000 0.2999093
v 0.2782958 0.0029909 0.3071729
v 0.2775023 0.0008545 0.3076612
v 0.2762205 0.0029909 0.2994820
v 0.2753659 0.0008545 0.2996041
v 0.2775023 0.0008545 0.3076612
v 0.2756101 0.0000000 0.3086988
v 0.2753659 0.0008545 0.2996041
v 0.2732906 0.0000000 -0.3560145
v 0.2754270 0.0009156 -0.3558925
v 0.2732296 0.0000000 0.2999093
v 0.2762205 0.9970091 0.2994820
v 0.2753659 0.9991454 0.2996041
v 0.2782958 0.9970091 0.3071729
v 0.2775023 0.9991454 0.3076612
v 0.2753659 0.9991454 0.2996041
v 0.2732296 1.0000000 0.2999093
v 0.2775023 0.9991454 0.3076612
v 0.2756101 1.0000000 0.3086988
v 0.2838504 0.0029909 0.3130326
v 0.2832400 0.0008545 0.3137651
v 0.2782958 0.0029909 0.3071729
v 0.2775023 0.0008545 0.3076612
v 0.2782958 0.9970091 0.3071729
v 0.2775023 0.9991454 0.3076612
v 0.2838504 0.9970091 0.3130326
v 0.2832400 0.9991454 0.3137651
v 0.2775023 0.9991454 0.3076612
v 0.2756101 1.0000000 0.3086988
v 0.2832400 0.9991454 0.3137651
v 0.2818971 1.0000000 0.3154132
v 0.2914802 0.0029909 0.3177326
v 0.2911140 0.0008545 0.3185261
v 0.2838504 0.0029909 0.3130326
v 0.2832400 0.0008545 0.3137651
v 0.2838504 0.9970091 0.3130326
v 0.2832400 0.9991454 0.3137651
v 0.2914802 0.9970091 0.3177326
v 0.2911140 0.9991454 0.3185261
v 0.2832400 0.9991454 0.3137651
v 0.2818971 1.0000000 0.3154132
v 0.2911140 0.9991454 0.3185261
v 0.2901984 1.0000000 0.3204183
v 0.3003919 0.0029909 0.3210287
v 0.3001477 0.0008545 0.3218832
v 0.2914802 0.0029909 0.3177326
v 0.2911140 0.0008545 0.3185261
v 0.3001477 0.0008545 0.3218832
v 0.2995984 0.0000000 0.3238975
v 0.2911140 0.0008545 0.3185261
v 0.2901984 0.0000000 0.3204183
v 0.2914802 0.9970091 0.3177326
v 0.2911140 0.9991454 0.3185261
v 0.3003919 0.9970091 0.3210287
v 0.3001477 0.9991454 0.3218832
v 0.2911140 0.9991454 0.3185261
v 0.2901984 1.0000000 0.3204183
v 0.3001477 0.9991454 0.3218832
v 0.2995984 1.0000000 0.3238975
v 0.3099140 0.0029909 0.3229820
v 0.3097919 0.0008545 0.3238365
v 0.3003919 0.0029909 0.3210287
v 0.3001477 0.0008545 0.3218832
v 0.3003919 0.9970091 0.3210287
v 0.3001477 0.9991454 0.3218832
v 0.3099140 0.9970091 0.3229820
v 0.3097919 0.9991454 0.3238365
v 0.3001477 0.9991454 0.3218832
v 0.2995984 1.0000000 0.3238975
v 0.3097919 0.9991454 0.3238365
v 0.3094867 1.0000000 0.3259729
v 0.3198633 0.0008545 0.3245689
v 0.3198022 0.0000000 0.3267053
v 0.3097919 0.0008545 0.3238365
v 0.2995984 0.0000000 0.3238975
v 0.3001477 0.0008545 0.3218832
v 0.3094867 0.0000000 0.3259729
v 0.3099140 0.9970091 0.3229820
v 0.3097919 0.9991454 0.3238365
v 0.3199243 0.9970091 0.3237144
v 0.3198633 0.9991454 0.3245689
v 0.3097919 0.9991454 0.3238365
v 0.3094867 1.0000000 0.3259729
v 0.3198633 0.9991454 0.3245689
v 0.3198022 1.0000000 0.3267053
v 0.3197412 1.0000000 0.3281703
v 0.3196802 0.9991454 0.3303066
v 0.3303009 1.0000000 0.3281703
v 0.3304230 0.9991454 0.3303066
v 0.3303009 0.0000000 0.3281703
v 0.3304230 0.0008545 0.3303066
v 0.3197412 0.0000000 0.3281703
v 0.3196802 0.0008545 0.3303066
v 0.3407996 0.0000000 0.3274378
v 0.3410438 0.0008545 0.3295131
v 0.3303009 0.0000000 0.3281703
v 0.3304230 0.0008545 0.3303066
v 0.3303009 1.0000000 0.3281703
v 0.3304230 0.9991454 0.3303066
v 0.3407996 1.0000000 0.3274378
v 0.3410438 0.9991454 0.3295131
v 0.3509321 0.0000000 0.3253625
v 0.3514814 0.0008545 0.3273768
v 0.3407996 0.0000000 0.3274378
v 0.3410438 0.0008545 0.3295131
v 0.3407996 1.0000000 0.3274378
v 0.3410438 0.9991454 0.3295131
v 0.3509321 1.0000000 0.3253625
v 0.3514814 0.9991454 0.3273768
v 0.3605762 0.0000000 0.3217612
v 0.3614918 0.0008545 0.3236534
v 0.3509321 0.0000000 0.3253625
v 0.3514814 0.0008545 0.3273768
v 0.3509321 1.0000000 0.3253625
v 0.3514814 0.9991454 0.3273768
v 0.3605762 1.0000000 0.3217612
v 0.3614918 0.9991454 0.3236534
v 0.3691217 0.0000000 0.3165118
v 0.3704645 0.0008545 0.3181599
v 0.3605762 0.0000000 0.3217612
v 0.3614918 0.0008545 0.3236534
v 0.3605762 1.0000000 0.3217612
v 0.3614918 0.9991454 0.3236534
v 0.3691217 1.0000000 0.3165118
v 0.3704645 0.9991454 0.3181599
v 0.3756528 0.0000000 0.3093092
v 0.3775450 0.0008545 0.3103469
v 0.3691217 0.0000000 0.3165118
v 0.3704645 0.0008545 0.3181599
v 0.3691217 1.0000000 0.3165118
v 0.3704645 0.9991454 0.3181599
v 0.3756528 1.0000000 0.3093092
v 0.3775450 0.9991454 0.3103469
v 0.3782775 0.0000000 0.3000924
v 0.3804139 0.0008545 0.3003976
v 0.3756528 0.0000000 0.3093092
v 0.3775450 0.0008545 0.3103469
v 0.3756528 1.0000000 0.3093092
v 0.3775450 0.9991454 0.3103469
v 0.3782775 1.0000000 0.3000924
v 0.3804139 0.9991454 0.3003976
v 0.2744504 0.0000000 0.3093092
v 0.2725582 0.0008545 0.3103469
v 0.2718257 0.0000000 0.3000924
v 0.2696893 0.0008545 0.3003976
v 0.2718257 1.0000000 0.3000924
v 0.2696893 0.9991454 0.3003976
v 0.2744504 1.0000000 0.3093092
v 0.2725582 0.9991454 0.3103469
v 0.2809815 0.0000000 0.3165118
v 0.2796387 0.0008545 0.3181599
v 0.2744504 0.0000000 0.3093092
v 0.2725582 0.0008545 0.3103469
v 0.2744504 1.0000000 0.3093092
v 0.2725582 0.9991454 0.3103469
v 0.2809815 1.0000000 0.3165118
v 0.2796387 0.9991454 0.3181599
v 0.2895270 0.0000000 0.3217612
v 0.2886114 0.0008545 0.3236534
v 0.2809815 0.0000000 0.3165118
v 0.2796387 0.0008545 0.3181599
v 0.2809815 1.0000000 0.3165118
v 0.2796387 0.9991454 0.3181599
v 0.2895270 1.0000000 0.3217612
v 0.2886114 0.9991454 0.3236534
v 0.2991711 0.0000000 0.3253625
v 0.2985607 0.0008545 0.3273768
v 0.2895270 0.0000000 0.3217612
v 0.2886114 0.0008545 0.3236534
v 0.2895270 1.0000000 0.3217612
v 0.2886114 0.9991454 0.3236534
v 0.2991711 1.0000000 0.3253625
v 0.2985607 0.9991454 0.3273768
v 0.3093036 0.0000000 0.3274378
v 0.3089984 0.0008545 0.3295131
v 0.2991711 0.0000000 0.3253625
v 0.2985607 0.0008545 0.3273768
v 0.2991711 1.0000000 0.3253625
v 0.2985607 0.9991454 0.3273768
v 0.3093036 1.0000000 0.3274378
v 0.3089984 0.9991454 0.3295131
v 0.3197412 0.0000000 0.3281703
v 0.3196802 0.0008545 0.3303066
v 0.3093036 0.0000000 0.3274378
v 0.3089984 0.0008545 0.3295131
v 0.3093036 1.0000000 0.3274378
v 0.3089984 0.9991454 0.3295131
v 0.3197412 1.0000000 0.3281703
v 0.3196802 0.9991454 0.3303066
v 0.3767515 0.9960324 -0.3621184
v 0.3767515 0.9933467 -0.3632782
v 0.3750424 0.9957883 -0.3617522
v 0.3746762 0.9942013 -0.3621795
v 0.3746762 0.9969481 -0.3605314
v 0.3767515 0.9983519 -0.3604093
v 0.3750424 0.9957883 -0.3617522
v 0.3767515 0.9960324 -0.3621184
v 0.2732906 0.9960324 -0.3621184
v 0.2732906 0.9983519 -0.3604093
v 0.2750608 0.9957883 -0.3617522
v 0.2754270 0.9969481 -0.3605314
v 0.2754270 0.9942013 -0.3621795
v 0.2732906 0.9933467 -0.3632782
v 0.2750608 0.9957883 -0.3617522
v 0.2732906 0.9960324 -0.3621184
v 0.3782775 0.9960324 -0.3621184
v 0.3782775 0.9983519 -0.3604093
v 0.3799866 0.9957883 -0.3617522
v 0.3804139 0.9969481 -0.3605314
v 0.3767515 0.9933467 -0.3632782
v 0.3767515 0.9960324 -0.3621184
v 0.3782775 0.9933467 -0.3632782
v 0.3782775 0.9960324 -0.3621184
v 0.3804139 0.9942013 -0.3621795
v 0.3799866 0.9957883 -0.3617522
v 0.2718257 0.9960324 -0.3621184
v 0.2718257 0.9933467 -0.3632782
v 0.2700556 0.9957883 -0.3617522
v 0.2696893 0.9942013 -0.3621795
v 0.2696893 0.9969481 -0.3605314
v 0.2718257 0.9983519 -0.3604093
v 0.2700556 0.9957883 -0.3617522
v 0.2718257 0.9960324 -0.3621184
v 0.2718257 0.9983519 -0.3604093
v 0.2718257 0.9990233 -0.3597990
v 0.2732906 0.9983519 -0.3604093
v 0.2732906 0.9990233 -0.3597990
v 0.3767515 0.9990233 -0.3597990
v 0.3767515 1.0000000 -0.3560145
v 0.3782775 0.9990233 -0.3597990
v 0.3782775 1.0000000 -0.3560145
v 0.3746762 0.9981688 -0.3593106
v 0.3767515 0.9990233 -0.3597990
v 0.3746762 0.9969481 -0.3605314
v 0.3767515 0.9983519 -0.3604093
v 0.3782775 0.9983519 -0.3604093
v 0.3804139 0.9969481 -0.3605314
v 0.3804139 0.9981688 -0.3593106
v 0.3782775 0.9990233 -0.3597990
v 0.2732906 0.0009766 -0.3597990
v 0.2732906 0.0000000 -0.3560145
v 0.2718257 0.0009766 -0.3597990
v 0.2718257 0.0000000 -0.3560145
v 0.3767515 0.0000000 -0.3560145
v 0.3767515 0.0009766 -0.3597990
v 0.3782775 0.0000000 -0.3560145
v 0.3782775 0.0009766 -0.3597990
v 0.2732906 0.0037234 -0.3625457
v 0.2732906 0.0009766 -0.3597990
v 0.2718257 0.0037234 -0.3625457
v 0.2696893 0.0042117 -0.3616912
v 0.2696893 0.0018312 -0.3593106
v 0.2718257 0.0009766 -0.3597990
v 0.2718257 0.0037234 -0.3625457
v 0.2718257 0.0075078 -0.3635223
v 0.2732906 0.0037234 -0.3625457
v 0.2754270 0.0042117 -0.3616912
v 0.2754270 0.0076299 -0.3626067
v 0.2732906 0.0075078 -0.3635223
v 0.2754270 0.0076299 -0.3626067
v 0.2754270 0.9923701 -0.3626067
v 0.2732906 0.9924922 -0.3635223
v 0.2718257 0.9924922 -0.3635223
v 0.2718257 0.9933467 -0.3632782
v 0.2732906 0.9933467 -0.3632782
v 0.3746762 0.0076299 -0.3626067
v 0.3767515 0.0075078 -0.3635223
v 0.3746762 0.0042117 -0.3616912
v 0.3767515 0.0037234 -0.3625457
v 0.3782775 0.0037234 -0.3625457
v 0.3782775 0.0075078 -0.3635223
v 0.3782775 0.9933467 -0.3632782
v 0.3782775 0.9924922 -0.3635223
v 0.3767515 0.9933467 -0.3632782
v 0.3767515 0.9924922 -0.3635223
v 0.3746762 0.9923701 -0.3626067
v 0.3746762 0.0076299 -0.3626067
v 0.3767515 0.0075078 -0.3635223
v 0.3782775 0.0075078 -0.3635223
v 0.3303009 0.0000000 0.3267053
v 0.3303009 0.0000000 0.3281703
v 0.3198022 0.0000000 0.3267053
v 0.3197412 0.0000000 0.3281703
v 0.3003919 0.9970091 0.3210287
v 0.3099140 0.9970091 0.3229820
v 0.3003919 0.0029909 0.3210287
v 0.3099140 0.0029909 0.3229820
v 0.3767515 0.0009766 -0.3597990
v 0.3767515 0.0037234 -0.3625457
v 0.3782775 0.0009766 -0.3597990
v 0.3782775 0.0037234 -0.3625457
v 0.2911140 0.0008545 0.3185261
v 0.2901984 0.0000000 0.3204183
v 0.2832400 0.0008545 0.3137651
v 0.2756101 0.0000000 0.3086988
v 0.2775023 0.0008545 0.3076612
v 0.2818971 0.0000000 0.3154132
v 0.2895270 0.0000000 0.3217612
v 0.2809815 0.0000000 0.3165118
v 0.3198022 0.0000000 0.3267053
v 0.3197412 0.0000000 0.3281703
v 0.3094867 0.0000000 0.3259729
v 0.3093036 0.0000000 0.3274378
v 0.2756101 0.0000000 0.3086988
v 0.2744504 0.0000000 0.3093092
v 0.2732296 0.0000000 0.2999093
v 0.2718257 0.0000000 0.3000924
v 0.3303009 1.0000000 0.3267053
v 0.3303009 1.0000000 0.3281703
v 0.3405555 1.0000000 0.3259729
v 0.3407996 1.0000000 0.3274378
v 0.2732296 1.0000000 0.2999093
v 0.2718257 1.0000000 0.3000924
v 0.2756101 1.0000000 0.3086988
v 0.2744504 1.0000000 0.3093092
v 0.2818971 0.0000000 0.3154132
v 0.2809815 0.0000000 0.3165118
v 0.2756101 0.0000000 0.3086988
v 0.2744504 0.0000000 0.3093092
v 0.2995984 0.0000000 0.3238975
v 0.2991711 0.0000000 0.3253625
v 0.2901984 0.0000000 0.3204183
v 0.2895270 0.0000000 0.3217612
v 0.3099140 0.9970091 0.3229820
v 0.3199243 0.9970091 0.3237144
v 0.3099140 0.0029909 0.3229820
v 0.3097919 0.0008545 0.3238365
v 0.3198633 0.0008545 0.3245689
v 0.3199243 0.0029909 0.3237144
v 0.3768736 0.0000000 0.2999093
v 0.3782775 0.0000000 0.3000924
v 0.3744931 0.0000000 0.3086988
v 0.3691217 0.0000000 0.3165118
v 0.3682061 0.0000000 0.3154132
v 0.3756528 0.0000000 0.3093092
v 0.3094867 0.0000000 0.3259729
v 0.3093036 0.0000000 0.3274378
v 0.2995984 0.0000000 0.3238975
v 0.2991711 0.0000000 0.3253625
v 0.3767515 0.0000000 -0.3560145
v 0.3782775 0.0000000 -0.3560145
v 0.3768736 0.0000000 0.2999093
v 0.3782775 0.0000000 0.3000924
v 0.3599048 0.0000000 0.3204183
v 0.3605762 0.0000000 0.3217612
v 0.3505048 0.0000000 0.3238975
v 0.3509321 0.0000000 0.3253625
v 0.3768736 1.0000000 0.2999093
v 0.3782775 1.0000000 0.3000924
v 0.3767515 1.0000000 -0.3560145
v 0.3782775 1.0000000 -0.3560145
v 0.3405555 0.0000000 0.3259729
v 0.3407996 0.0000000 0.3274378
v 0.3303009 0.0000000 0.3267053
v 0.3303009 0.0000000 0.3281703
v 0.3744931 1.0000000 0.3086988
v 0.3756528 1.0000000 0.3093092
v 0.3768736 1.0000000 0.2999093
v 0.3782775 1.0000000 0.3000924
v 0.2732296 0.0000000 0.2999093
v 0.2718257 0.0000000 0.3000924
v 0.2732906 0.0000000 -0.3560145
v 0.2718257 0.0000000 -0.3560145
v 0.3682061 0.0000000 0.3154132
v 0.3691217 0.0000000 0.3165118
v 0.3599048 0.0000000 0.3204183
v 0.3605762 0.0000000 0.3217612
v 0.2762205 0.9970091 0.2994820
v 0.2782958 0.9970091 0.3071729
v 0.2762205 0.0029909 0.2994820
v 0.2782958 0.0029909 0.3071729
v 0.3662528 0.9970091 0.3130326
v 0.3718074 0.9970091 0.3071729
v 0.3662528 0.0029909 0.3130326
v 0.3718074 0.0029909 0.3071729
v 0.2718257 0.9990233 -0.3597990
v 0.2718257 1.0000000 -0.3560145
v 0.2732906 0.9990233 -0.3597990
v 0.2732906 1.0000000 -0.3560145
v 0.3401892 0.9970091 0.3229820
v 0.3497113 0.9970091 0.3210287
v 0.3401892 0.0029909 0.3229820
v 0.3497113 0.0029909 0.3210287
v 0.3497113 0.9970091 0.3210287
v 0.3585619 0.9970091 0.3177326
v 0.3497113 0.0029909 0.3210287
v 0.3585619 0.0029909 0.3177326
v 0.3585619 0.9970091 0.3177326
v 0.3662528 0.9970091 0.3130326
v 0.3585619 0.0029909 0.3177326
v 0.3662528 0.0029909 0.3130326
v 0.3737606 0.0029909 -0.3556483
v 0.3738217 0.0029909 0.2994820
v 0.3737606 0.0037234 -0.3582119
v 0.3737606 0.0053104 -0.3597990
v 0.3737606 0.0078740 -0.3605314
v 0.3746762 0.9923701 -0.3626067
v 0.3737606 0.9921260 -0.3605314
v 0.3746762 0.9942013 -0.3621795
v 0.3746762 0.9969481 -0.3605314
v 0.3750424 0.9957883 -0.3617522
v 0.3737606 0.9946896 -0.3597990
v 0.3746762 0.9969481 -0.3605314
v 0.3746762 0.9981688 -0.3593106
v 0.3737606 0.9962766 -0.3582119
v 0.3746762 0.9981688 -0.3593106
v 0.3746762 0.9990844 -0.3558925
v 0.3737606 0.9970091 -0.3556483
v 0.3746762 0.9990844 -0.3558925
v 0.3747372 0.9991454 0.2996041
v 0.3738217 0.9970091 0.2994820
v 0.2753659 0.9991454 0.2996041
v 0.2762205 0.9970091 0.2994820
v 0.2754270 0.9990844 -0.3558925
v 0.2762815 0.9970091 -0.3556483
v 0.2754270 0.9981688 -0.3593106
v 0.2762815 0.9962766 -0.3582119
v 0.2754270 0.9969481 -0.3605314
v 0.2762815 0.9946896 -0.3597990
v 0.2754270 0.9969481 -0.3605314
v 0.2750608 0.9957883 -0.3617522
v 0.2754270 0.9942013 -0.3621795
v 0.2754270 0.9923701 -0.3626067
v 0.2762815 0.9921260 -0.3605314
v 0.2754270 0.9923701 -0.3626067
v 0.2754270 0.0076299 -0.3626067
v 0.2762815 0.0078740 -0.3605314
v 0.2762815 0.0053104 -0.3597990
v 0.2762815 0.0037234 -0.3582119
v 0.2762815 0.0029909 -0.3556483
v 0.2762205 0.0029909 0.2994820
v 0.3718074 0.9970091 0.3071729
v 0.3738217 0.9970091 0.2994820
v 0.3718074 0.0029909 0.3071729
v 0.3738217 0.0029909 0.2994820
v 0.2782958 0.9970091 0.3071729
v 0.2838504 0.9970091 0.3130326
v 0.2782958 0.0029909 0.3071729
v 0.2838504 0.0029909 0.3130326
v 0.2838504 0.9970091 0.3130326
v 0.2914802 0.9970091 0.3177326
v 0.2838504 0.0029909 0.3130326
v 0.2914802 0.0029909 0.3177326
v 0.2914802 0.9970091 0.3177326
v 0.3003919 0.9970091 0.3210287
v 0.2914802 0.0029909 0.3177326
v 0.3003919 0.0029909 0.3210287
v 0.3198633 0.0008545 0.3245689
v 0.3199243 0.0029909 0.3237144
v 0.3301789 0.0008545 0.3245689
v 0.3301789 0.0029909 0.3237144
v 0.3301789 0.9970091 0.3237144
v 0.3301789 0.9991454 0.3245689
v 0.3198633 0.9991454 0.3245689
v 0.3199243 0.9970091 0.3237144
v 0.3403113 0.9991454 0.3238365
v 0.3401892 0.9970091 0.3229820
v 0.3301789 0.9991454 0.3245689
v 0.3301789 0.9970091 0.3237144
v 0.3301789 0.0029909 0.3237144
v 0.3401892 0.0029909 0.3229820
v 0.3198022 1.0000000 0.3267053
v 0.3197412 1.0000000 0.3281703
v 0.3303009 1.0000000 0.3267053
v 0.3303009 1.0000000 0.3281703
v 0.3405555 1.0000000 0.3259729
v 0.3407996 1.0000000 0.3274378
v 0.3505048 1.0000000 0.3238975
v 0.3509321 1.0000000 0.3253625
v 0.3499555 0.9991454 0.3218832
v 0.3505048 1.0000000 0.3238975
v 0.3589892 0.9991454 0.3185261
v 0.3599048 1.0000000 0.3204183
v 0.3509321 1.0000000 0.3253625
v 0.3605762 1.0000000 0.3217612
v 0.3599048 1.0000000 0.3204183
v 0.3605762 1.0000000 0.3217612
v 0.3682061 1.0000000 0.3154132
v 0.3691217 1.0000000 0.3165118
v 0.3682061 1.0000000 0.3154132
v 0.3691217 1.0000000 0.3165118
v 0.3744931 1.0000000 0.3086988
v 0.3756528 1.0000000 0.3093092
v 0.2732906 1.0000000 -0.3560145
v 0.2718257 1.0000000 -0.3560145
v 0.2732296 1.0000000 0.2999093
v 0.2718257 1.0000000 0.3000924
v 0.2756101 1.0000000 0.3086988
v 0.2744504 1.0000000 0.3093092
v 0.2818971 1.0000000 0.3154132
v 0.2809815 1.0000000 0.3165118
v 0.2818971 1.0000000 0.3154132
v 0.2809815 1.0000000 0.3165118
v 0.2901984 1.0000000 0.3204183
v 0.2895270 1.0000000 0.3217612
v 0.2901984 1.0000000 0.3204183
v 0.2895270 1.0000000 0.3217612
v 0.2995984 1.0000000 0.3238975
v 0.2991711 1.0000000 0.3253625
v 0.2995984 1.0000000 0.3238975
v 0.2991711 1.0000000 0.3253625
v 0.3094867 1.0000000 0.3259729
v 0.3093036 1.0000000 0.3274378
v 0.3505048 0.0000000 0.3238975
v 0.3509321 0.0000000 0.3253625
v 0.3405555 0.0000000 0.3259729
v 0.3407996 0.0000000 0.3274378
vt 0.4827403 0.4177624
vt 0.4828215 0.4187371
vt 0.4813595 0.4182498
vt 0.4814407 0.4192244
vt 0.4738058 0.0010922
vt 0.4742119 0.0010922
vt 0.4738058 0.4019240
vt 0.4742119 0.4016804
vt 0.3336974 0.0198546
vt 0.3341035 0.0200982
vt 0.3336974 0.4209301
vt 0.3341035 0.4211738
vt 0.4732373 0.0010922
vt 0.4736434 0.0010922
vt 0.4732373 0.4021678
vt 0.4736434 0.4021678
vt 0.4721814 0.0010922
vt 0.4721814 0.0030415
vt 0.3496982 0.0010922
vt 0.3496982 0.0030415
vt 0.3341035 0.9918413
vt 0.3336974 0.9918413
vt 0.3341035 0.4282401
vt 0.3336974 0.4282401
vt 0.4731560 0.8795110
vt 0.4727499 0.8792673
vt 0.4731560 0.4789228
vt 0.4728312 0.4789228
vt 0.4876136 0.4019240
vt 0.4872075 0.4016804
vt 0.4875324 0.0010922
vt 0.4872075 0.0010922
vt 0.3486423 0.4209301
vt 0.3482362 0.4211738
vt 0.3486423 0.0198546
vt 0.3482362 0.0200982
vt 0.4881822 0.4021678
vt 0.4877761 0.4021678
vt 0.4881822 0.0010922
vt 0.4877761 0.0010922
vt 0.3482362 0.4282401
vt 0.3486423 0.4282401
vt 0.3482362 0.9918413
vt 0.3486423 0.9918413
vt 0.3341035 0.9923287
vt 0.3336974 0.9930597
vt 0.3341035 0.9918413
vt 0.3336974 0.9918413
vt 0.3342660 0.9918413
vt 0.3346721 0.9918413
vt 0.3342660 0.9923287
vt 0.3346721 0.9930597
vt 0.3341035 0.9959837
vt 0.3341035 0.9942780
vt 0.3342660 0.9959837
vt 0.3342660 0.9942780
vt 0.3341035 0.9989077
vt 0.3336974 0.9989077
vt 0.3341035 0.9964710
vt 0.3336974 0.9967147
vt 0.3342660 0.9964710
vt 0.3346721 0.9967147
vt 0.3342660 0.9989077
vt 0.3346721 0.9989077
vt 0.3482362 0.4258034
vt 0.3486423 0.4260471
vt 0.3482362 0.4282401
vt 0.3486423 0.4282401
vt 0.4721814 0.8841406
vt 0.4721814 0.8821913
vt 0.4726687 0.8834096
vt 0.4725063 0.8817040
vt 0.3480738 0.4258034
vt 0.3476677 0.4255597
vt 0.3480738 0.4233668
vt 0.3476677 0.4236104
vt 0.4726687 0.8834096
vt 0.4725063 0.8817040
vt 0.4729936 0.8819476
vt 0.4726687 0.8807293
vt 0.3482362 0.4211738
vt 0.3486423 0.4211738
vt 0.3482362 0.4233668
vt 0.3486423 0.4233668
vt 0.3480738 0.4233668
vt 0.3476677 0.4233668
vt 0.3480738 0.4211738
vt 0.3476677 0.4211738
vt 0.4730748 0.8817040
vt 0.4726687 0.8807293
vt 0.4731560 0.8795110
vt 0.4727499 0.8792673
vt 0.3480738 0.9923287
vt 0.3476677 0.9930597
vt 0.3480738 0.9918413
vt 0.3476677 0.9918413
vt 0.3482362 0.9918413
vt 0.3486423 0.9918413
vt 0.3482362 0.9923287
vt 0.3486423 0.9930597
vt 0.3480738 0.9959837
vt 0.3480738 0.9942780
vt 0.3482362 0.9959837
vt 0.3482362 0.9942780
vt 0.3480738 0.9923287
vt 0.3482362 0.9923287
vt 0.3480738 0.9964710
vt 0.3476677 0.9964710
vt 0.3480738 0.9959837
vt 0.3476677 0.9952527
vt 0.3482362 0.9959837
vt 0.3486423 0.9952527
vt 0.3482362 0.9964710
vt 0.3486423 0.9964710
vt 0.3480738 0.9989077
vt 0.3476677 0.9989077
vt 0.3480738 0.9964710
vt 0.3476677 0.9967147
vt 0.3487235 0.8795110
vt 0.3490484 0.8792673
vt 0.3488048 0.8817040
vt 0.3492109 0.8807293
vt 0.3482362 0.9964710
vt 0.3486423 0.9967147
vt 0.3482362 0.9989077
vt 0.3486423 0.9989077
vt 0.3341035 0.4233668
vt 0.3336974 0.4233668
vt 0.3341035 0.4211738
vt 0.3336974 0.4211738
vt 0.3342660 0.4211738
vt 0.3346721 0.4211738
vt 0.3342660 0.4233668
vt 0.3346721 0.4233668
vt 0.4731560 0.0057219
vt 0.4727499 0.0059655
vt 0.4730748 0.0035289
vt 0.4726687 0.0042599
vt 0.3341035 0.4258034
vt 0.3336974 0.4255597
vt 0.3341035 0.4233668
vt 0.3336974 0.4236104
vt 0.3342660 0.4233668
vt 0.3346721 0.4236104
vt 0.3342660 0.4258034
vt 0.3346721 0.4255597
vt 0.4729936 0.0032852
vt 0.4726687 0.0042599
vt 0.4726687 0.0018232
vt 0.4725063 0.0032852
vt 0.3341035 0.4282401
vt 0.3336974 0.4282401
vt 0.3341035 0.4258034
vt 0.3336974 0.4260471
vt 0.4726687 0.0015796
vt 0.4725063 0.0032852
vt 0.4721814 0.0010922
vt 0.4721814 0.0030415
vt 0.4813595 0.4165441
vt 0.4813595 0.4182498
vt 0.4800599 0.4165441
vt 0.4799787 0.4182498
vt 0.3405201 0.0057219
vt 0.3404389 0.0037726
vt 0.3418197 0.0057219
vt 0.3419009 0.0037726
vt 0.4800599 0.4165441
vt 0.4799787 0.4182498
vt 0.4786792 0.4160568
vt 0.4785979 0.4177624
vt 0.4728312 0.4272654
vt 0.4731560 0.4272654
vt 0.4728312 0.4333571
vt 0.4731560 0.4394488
vt 0.4728312 0.4394488
vt 0.4731560 0.4333571
vt 0.3379210 0.0071839
vt 0.3377585 0.0054782
vt 0.3391393 0.0062092
vt 0.3404389 0.0037726
vt 0.3405201 0.0057219
vt 0.3391393 0.0042599
vt 0.3490484 0.4333571
vt 0.3487235 0.4333571
vt 0.3490484 0.4272654
vt 0.3487235 0.4272654
vt 0.4786792 0.4160568
vt 0.4785979 0.4177624
vt 0.4774608 0.4148384
vt 0.4772984 0.4165441
vt 0.3367026 0.0093769
vt 0.3365402 0.0076712
vt 0.3379210 0.0071839
vt 0.3377585 0.0054782
vt 0.3490484 0.4272654
vt 0.3487235 0.4272654
vt 0.3490484 0.4216611
vt 0.3487235 0.4216611
vt 0.4728312 0.4160568
vt 0.4731560 0.4160568
vt 0.4728312 0.4216611
vt 0.4731560 0.4272654
vt 0.4728312 0.4272654
vt 0.4731560 0.4216611
vt 0.3357280 0.0120572
vt 0.3354031 0.0108389
vt 0.3367026 0.0093769
vt 0.3365402 0.0076712
vt 0.3490484 0.4216611
vt 0.3487235 0.4216611
vt 0.3490484 0.4160568
vt 0.3487235 0.4160568
vt 0.4762425 0.4128891
vt 0.4760801 0.4145947
vt 0.4751866 0.4099650
vt 0.4749429 0.4114271
vt 0.4728312 0.4111834
vt 0.4731560 0.4111834
vt 0.4728312 0.4160568
vt 0.4731560 0.4160568
vt 0.3490484 0.4160568
vt 0.3487235 0.4160568
vt 0.3490484 0.4111834
vt 0.3487235 0.4111834
vt 0.4751866 0.4099650
vt 0.4749429 0.4114271
vt 0.4744556 0.4063101
vt 0.4741307 0.4072848
vt 0.4727499 0.0059655
vt 0.4731560 0.0057219
vt 0.4728312 0.4063101
vt 0.4731560 0.4063101
vt 0.4728312 0.4111834
vt 0.4731560 0.4111834
vt 0.3346721 0.4209301
vt 0.3342660 0.4211738
vt 0.3346721 0.0203419
vt 0.3342660 0.0200982
vt 0.3349970 0.0157122
vt 0.3354031 0.0108389
vt 0.3357280 0.0120572
vt 0.3345909 0.0147376
vt 0.3490484 0.4111834
vt 0.3487235 0.4111834
vt 0.3490484 0.4063101
vt 0.3487235 0.4063101
vt 0.4744556 0.4063101
vt 0.4741307 0.4072848
vt 0.4742119 0.4016804
vt 0.4738058 0.4019240
vt 0.4728312 0.4740494
vt 0.4731560 0.4740494
vt 0.4728312 0.4789228
vt 0.4731560 0.4789228
vt 0.3473428 0.0157122
vt 0.3477489 0.0147376
vt 0.3476677 0.0203419
vt 0.3480738 0.4211738
vt 0.3476677 0.4209301
vt 0.3480738 0.0200982
vt 0.3490484 0.4789228
vt 0.3487235 0.4789228
vt 0.3490484 0.4740494
vt 0.3487235 0.4740494
vt 0.4872075 0.4016804
vt 0.4876136 0.4019240
vt 0.4868826 0.4063101
vt 0.4872887 0.4072848
vt 0.4728312 0.4691761
vt 0.4731560 0.4691761
vt 0.4728312 0.4740494
vt 0.4731560 0.4740494
vt 0.3490484 0.4740494
vt 0.3487235 0.4740494
vt 0.3490484 0.4691761
vt 0.3487235 0.4691761
vt 0.4868826 0.4063101
vt 0.4872887 0.4072848
vt 0.4861516 0.4099650
vt 0.4863953 0.4114271
vt 0.4728312 0.4635718
vt 0.4731560 0.4635718
vt 0.4728312 0.4691761
vt 0.4731560 0.4691761
vt 0.3490484 0.4691761
vt 0.3487235 0.4691761
vt 0.3490484 0.4635718
vt 0.3487235 0.4635718
vt 0.4861516 0.4099650
vt 0.4863953 0.4114271
vt 0.4851769 0.4128891
vt 0.4853394 0.4145947
vt 0.4728312 0.4577238
vt 0.4731560 0.4577238
vt 0.4728312 0.4635718
vt 0.4731560 0.4635718
vt 0.3444188 0.0071839
vt 0.3445812 0.0054782
vt 0.3456371 0.0093769
vt 0.3457995 0.0076712
vt 0.3490484 0.4635718
vt 0.3487235 0.4635718
vt 0.3490484 0.4577238
vt 0.3487235 0.4577238
vt 0.4851769 0.4128891
vt 0.4853394 0.4145947
vt 0.4839586 0.4148384
vt 0.4841211 0.4165441
vt 0.4728312 0.4518757
vt 0.4731560 0.4518757
vt 0.4728312 0.4577238
vt 0.4731560 0.4577238
vt 0.3490484 0.4577238
vt 0.3487235 0.4577238
vt 0.3490484 0.4518757
vt 0.3487235 0.4518757
vt 0.4839586 0.4148384
vt 0.4841211 0.4165441
vt 0.4827403 0.4160568
vt 0.4827403 0.4177624
vt 0.3418197 0.0057219
vt 0.3419009 0.0037726
vt 0.3432004 0.0062092
vt 0.3445812 0.0054782
vt 0.3444188 0.0071839
vt 0.3432004 0.0042599
vt 0.3490484 0.4518757
vt 0.3487235 0.4518757
vt 0.3490484 0.4457841
vt 0.3487235 0.4457841
vt 0.4827403 0.4160568
vt 0.4827403 0.4177624
vt 0.4813595 0.4165441
vt 0.4813595 0.4182498
vt 0.4814407 0.4192244
vt 0.4814407 0.4211738
vt 0.4799787 0.4192244
vt 0.4799787 0.4211738
vt 0.3404389 0.0030415
vt 0.3404389 0.0010922
vt 0.3419009 0.0030415
vt 0.3419009 0.0010922
vt 0.3390581 0.0032852
vt 0.3390581 0.0015796
vt 0.3404389 0.0030415
vt 0.3404389 0.0010922
vt 0.4799787 0.4192244
vt 0.4799787 0.4211738
vt 0.4785979 0.4187371
vt 0.4785979 0.4206864
vt 0.3377585 0.0047472
vt 0.3375961 0.0027979
vt 0.3390581 0.0032852
vt 0.3389769 0.0015796
vt 0.4785979 0.4187371
vt 0.4785167 0.4206864
vt 0.4772984 0.4175187
vt 0.4771359 0.4192244
vt 0.3364590 0.0069402
vt 0.3362965 0.0052345
vt 0.3377585 0.0047472
vt 0.3375961 0.0027979
vt 0.4772984 0.4175187
vt 0.4771359 0.4192244
vt 0.4759988 0.4153258
vt 0.4758364 0.4170314
vt 0.3353219 0.0101079
vt 0.3350782 0.0086459
vt 0.3364590 0.0069402
vt 0.3362965 0.0052345
vt 0.4759988 0.4153258
vt 0.4758364 0.4170314
vt 0.4748617 0.4121581
vt 0.4746181 0.4136201
vt 0.3344284 0.0144939
vt 0.3341035 0.0135192
vt 0.3353219 0.0101079
vt 0.3350782 0.0086459
vt 0.4748617 0.4121581
vt 0.4746181 0.4133764
vt 0.4739683 0.4077721
vt 0.4736434 0.4087467
vt 0.3341035 0.0200982
vt 0.3336974 0.0198546
vt 0.3344284 0.0144939
vt 0.3341035 0.0137629
vt 0.4739683 0.4077721
vt 0.4736434 0.4085031
vt 0.4736434 0.4021678
vt 0.4732373 0.4024114
vt 0.3479113 0.0144939
vt 0.3482362 0.0137629
vt 0.3482362 0.0200982
vt 0.3486423 0.0198546
vt 0.4877761 0.4021678
vt 0.4881822 0.4024114
vt 0.4874512 0.4077721
vt 0.4877761 0.4085031
vt 0.3470179 0.0101079
vt 0.3472615 0.0086459
vt 0.3479113 0.0144939
vt 0.3482362 0.0135192
vt 0.4874512 0.4077721
vt 0.4877761 0.4087467
vt 0.4865577 0.4121581
vt 0.4868014 0.4133764
vt 0.3458808 0.0069402
vt 0.3460432 0.0052345
vt 0.3470179 0.0101079
vt 0.3472615 0.0086459
vt 0.4865577 0.4121581
vt 0.4868014 0.4136201
vt 0.4854206 0.4153258
vt 0.4855831 0.4170314
vt 0.3445812 0.0047472
vt 0.3447437 0.0027979
vt 0.3458808 0.0069402
vt 0.3460432 0.0052345
vt 0.4854206 0.4153258
vt 0.4855831 0.4170314
vt 0.4841211 0.4175187
vt 0.4842835 0.4192244
vt 0.3432817 0.0032852
vt 0.3432817 0.0015796
vt 0.3445812 0.0047472
vt 0.3447437 0.0027979
vt 0.4841211 0.4175187
vt 0.4842023 0.4192244
vt 0.4828215 0.4187371
vt 0.4828215 0.4206864
vt 0.3419009 0.0030415
vt 0.3419009 0.0010922
vt 0.3432817 0.0032852
vt 0.3432817 0.0015796
vt 0.4828215 0.4187371
vt 0.4828215 0.4206864
vt 0.4814407 0.4192244
vt 0.4814407 0.4211738
vt 0.3342660 0.9942780
vt 0.3342660 0.9923287
vt 0.3346721 0.9940343
vt 0.3346721 0.9930597
vt 0.3346721 0.9952527
vt 0.3342660 0.9959837
vt 0.3345096 0.9942780
vt 0.3342660 0.9942780
vt 0.3480738 0.9942780
vt 0.3480738 0.9959837
vt 0.3476677 0.9942780
vt 0.3476677 0.9952527
vt 0.3476677 0.9930597
vt 0.3480738 0.9923287
vt 0.3478301 0.9942780
vt 0.3480738 0.9942780
vt 0.3341035 0.9942780
vt 0.3341035 0.9959837
vt 0.3336974 0.9942780
vt 0.3336974 0.9952527
vt 0.3342660 0.9923287
vt 0.3342660 0.9942780
vt 0.3341035 0.9923287
vt 0.3341035 0.9942780
vt 0.3336974 0.9930597
vt 0.3338599 0.9942780
vt 0.3482362 0.9942780
vt 0.3482362 0.9923287
vt 0.3486423 0.9940343
vt 0.3486423 0.9930597
vt 0.3486423 0.9952527
vt 0.3482362 0.9959837
vt 0.3484799 0.9942780
vt 0.3482362 0.9942780
vt 0.3482362 0.9959837
vt 0.3482362 0.9964710
vt 0.3480738 0.9959837
vt 0.3480738 0.9964710
vt 0.3342660 0.9964710
vt 0.3342660 0.9989077
vt 0.3341035 0.9964710
vt 0.3341035 0.9989077
vt 0.3346721 0.9964710
vt 0.3342660 0.9964710
vt 0.3346721 0.9952527
vt 0.3342660 0.9959837
vt 0.3341035 0.9959837
vt 0.3336974 0.9952527
vt 0.3336974 0.9964710
vt 0.3341035 0.9964710
vt 0.3480738 0.4233668
vt 0.3480738 0.4211738
vt 0.3482362 0.4233668
vt 0.3482362 0.4211738
vt 0.3342660 0.4211738
vt 0.3342660 0.4233668
vt 0.3341035 0.4211738
vt 0.3341035 0.4233668
vt 0.3480738 0.4258034
vt 0.3480738 0.4233668
vt 0.3482362 0.4258034
vt 0.3486423 0.4255597
vt 0.3486423 0.4236104
vt 0.3482362 0.4233668
vt 0.3482362 0.4258034
vt 0.3482362 0.4282401
vt 0.3480738 0.4258034
vt 0.3476677 0.4260471
vt 0.3476677 0.4282401
vt 0.3480738 0.4282401
vt 0.3476677 0.4282401
vt 0.3476677 0.9918413
vt 0.3480738 0.9918413
vt 0.3482362 0.9918413
vt 0.3482362 0.9923287
vt 0.3480738 0.9923287
vt 0.3346721 0.4282401
vt 0.3342660 0.4282401
vt 0.3346721 0.4260471
vt 0.3342660 0.4258034
vt 0.3341035 0.4258034
vt 0.3341035 0.4282401
vt 0.3341035 0.9923287
vt 0.3341035 0.9918413
vt 0.3342660 0.9923287
vt 0.3342660 0.9918413
vt 0.3346721 0.9918413
vt 0.3346721 0.4282401
vt 0.3342660 0.4282401
vt 0.3341035 0.4282401
vt 0.3404389 0.0037726
vt 0.3404389 0.0030415
vt 0.3419009 0.0037726
vt 0.3419009 0.0030415
vt 0.3490484 0.4577238
vt 0.3490484 0.4518757
vt 0.4728312 0.4577238
vt 0.4728312 0.4518757
vt 0.3342660 0.4233668
vt 0.3342660 0.4258034
vt 0.3341035 0.4233668
vt 0.3341035 0.4258034
vt 0.3456371 0.0093769
vt 0.3457995 0.0076712
vt 0.3466118 0.0120572
vt 0.3477489 0.0147376
vt 0.3473428 0.0157122
vt 0.3469367 0.0108389
vt 0.3458808 0.0069402
vt 0.3470179 0.0101079
vt 0.3419009 0.0037726
vt 0.3419009 0.0030415
vt 0.3432004 0.0042599
vt 0.3432817 0.0032852
vt 0.3477489 0.0147376
vt 0.3479113 0.0144939
vt 0.3480738 0.0200982
vt 0.3482362 0.0200982
vt 0.4799787 0.4182498
vt 0.4799787 0.4192244
vt 0.4785979 0.4177624
vt 0.4785979 0.4187371
vt 0.4876136 0.4019240
vt 0.4877761 0.4021678
vt 0.4872887 0.4072848
vt 0.4874512 0.4077721
vt 0.3469367 0.0108389
vt 0.3470179 0.0101079
vt 0.3477489 0.0147376
vt 0.3479113 0.0144939
vt 0.3445812 0.0054782
vt 0.3445812 0.0047472
vt 0.3457995 0.0076712
vt 0.3458808 0.0069402
vt 0.3490484 0.4518757
vt 0.3490484 0.4457841
vt 0.4728312 0.4518757
vt 0.4731560 0.4518757
vt 0.4731560 0.4457841
vt 0.4728312 0.4457841
vt 0.3342660 0.0200982
vt 0.3341035 0.0200982
vt 0.3345909 0.0147376
vt 0.3353219 0.0101079
vt 0.3354031 0.0108389
vt 0.3344284 0.0144939
vt 0.3432004 0.0042599
vt 0.3432817 0.0032852
vt 0.3445812 0.0054782
vt 0.3445812 0.0047472
vt 0.3342660 0.4211738
vt 0.3341035 0.4211738
vt 0.3342660 0.0200982
vt 0.3341035 0.0200982
vt 0.3365402 0.0076712
vt 0.3364590 0.0069402
vt 0.3377585 0.0054782
vt 0.3377585 0.0047472
vt 0.4738058 0.4019240
vt 0.4736434 0.4021678
vt 0.4738058 0.0010922
vt 0.4736434 0.0010922
vt 0.3391393 0.0042599
vt 0.3390581 0.0032852
vt 0.3404389 0.0037726
vt 0.3404389 0.0030415
vt 0.4741307 0.4072848
vt 0.4739683 0.4077721
vt 0.4738058 0.4019240
vt 0.4736434 0.4021678
vt 0.3480738 0.0200982
vt 0.3482362 0.0200982
vt 0.3480738 0.4211738
vt 0.3482362 0.4211738
vt 0.3354031 0.0108389
vt 0.3353219 0.0101079
vt 0.3365402 0.0076712
vt 0.3364590 0.0069402
vt 0.3490484 0.4789228
vt 0.3490484 0.4740494
vt 0.4728312 0.4789228
vt 0.4728312 0.4740494
vt 0.3490484 0.4160568
vt 0.3490484 0.4111834
vt 0.4728312 0.4160568
vt 0.4728312 0.4111834
vt 0.3482362 0.9964710
vt 0.3482362 0.9989077
vt 0.3480738 0.9964710
vt 0.3480738 0.9989077
vt 0.3490484 0.4333571
vt 0.3490484 0.4272654
vt 0.4728312 0.4333571
vt 0.4728312 0.4272654
vt 0.3490484 0.4272654
vt 0.3490484 0.4216611
vt 0.4728312 0.4272654
vt 0.4728312 0.4216611
vt 0.3490484 0.4216611
vt 0.3490484 0.4160568
vt 0.4728312 0.4216611
vt 0.4728312 0.4160568
vt 0.4727499 0.0059655
vt 0.4728312 0.4063101
vt 0.4726687 0.0042599
vt 0.4725063 0.0032852
vt 0.4721814 0.0030415
vt 0.3496982 0.0010922
vt 0.3496982 0.0030415
vt 0.3494545 0.0013359
vt 0.3490484 0.0025542
vt 0.3492109 0.0018232
vt 0.3493733 0.0032852
vt 0.3490484 0.0025542
vt 0.3488860 0.0032852
vt 0.3492109 0.0042599
vt 0.3488048 0.0035289
vt 0.3487235 0.0057219
vt 0.3490484 0.0059655
vt 0.3487235 0.0057219
vt 0.3487235 0.4063101
vt 0.3490484 0.4063101
vt 0.3487235 0.4789228
vt 0.3490484 0.4789228
vt 0.3487235 0.8795110
vt 0.3490484 0.8792673
vt 0.3488860 0.8819476
vt 0.3492109 0.8807293
vt 0.3490484 0.8826786
vt 0.3493733 0.8817040
vt 0.3490484 0.8826786
vt 0.3492109 0.8834096
vt 0.3494545 0.8836533
vt 0.3496982 0.8841406
vt 0.3496982 0.8821913
vt 0.3496982 0.8841406
vt 0.4721814 0.8841406
vt 0.4721814 0.8821913
vt 0.4725063 0.8817040
vt 0.4726687 0.8807293
vt 0.4727499 0.8792673
vt 0.4728312 0.4789228
vt 0.3490484 0.4111834
vt 0.3490484 0.4063101
vt 0.4728312 0.4111834
vt 0.4728312 0.4063101
vt 0.3490484 0.4740494
vt 0.3490484 0.4691761
vt 0.4728312 0.4740494
vt 0.4728312 0.4691761
vt 0.3490484 0.4691761
vt 0.3490484 0.4635718
vt 0.4728312 0.4691761
vt 0.4728312 0.4635718
vt 0.3490484 0.4635718
vt 0.3490484 0.4577238
vt 0.4728312 0.4635718
vt 0.4728312 0.4577238
vt 0.4731560 0.4457841
vt 0.4728312 0.4457841
vt 0.4731560 0.4394488
vt 0.4728312 0.4394488
vt 0.3490484 0.4394488
vt 0.3487235 0.4394488
vt 0.3487235 0.4457841
vt 0.3490484 0.4457841
vt 0.3487235 0.4333571
vt 0.3490484 0.4333571
vt 0.3487235 0.4394488
vt 0.3490484 0.4394488
vt 0.4728312 0.4394488
vt 0.4728312 0.4333571
vt 0.4813595 0.4182498
vt 0.4814407 0.4192244
vt 0.4799787 0.4182498
vt 0.4799787 0.4192244
vt 0.4785979 0.4177624
vt 0.4785979 0.4187371
vt 0.4772984 0.4165441
vt 0.4772984 0.4175187
vt 0.4774608 0.4148384
vt 0.4772984 0.4165441
vt 0.4762425 0.4128891
vt 0.4760801 0.4145947
vt 0.4772984 0.4175187
vt 0.4759988 0.4153258
vt 0.4760801 0.4145947
vt 0.4759988 0.4153258
vt 0.4749429 0.4114271
vt 0.4748617 0.4121581
vt 0.4749429 0.4114271
vt 0.4748617 0.4121581
vt 0.4741307 0.4072848
vt 0.4739683 0.4077721
vt 0.4875324 0.0010922
vt 0.4877761 0.0010922
vt 0.4876136 0.4019240
vt 0.4877761 0.4021678
vt 0.4872887 0.4072848
vt 0.4874512 0.4077721
vt 0.4863953 0.4114271
vt 0.4865577 0.4121581
vt 0.4863953 0.4114271
vt 0.4865577 0.4121581
vt 0.4853394 0.4145947
vt 0.4854206 0.4153258
vt 0.4853394 0.4145947
vt 0.4854206 0.4153258
vt 0.4841211 0.4165441
vt 0.4841211 0.4175187
vt 0.4841211 0.4165441
vt 0.4841211 0.4175187
vt 0.4827403 0.4177624
vt 0.4828215 0.4187371
vt 0.3377585 0.0054782
vt 0.3377585 0.0047472
vt 0.3391393 0.0042599
vt 0.3390581 0.0032852
vn 0.0314383 0.9721694 -0.2321599
vn -0.0315507 0.9707909 0.2378437
vn 0.0071289 0.9719078 -0.2352539
vn -0.0095270 0.9717564 0.2357938
vn -0.2397414 0.9708339 -0.0023737
vn -0.7071041 0.7071041 -0.0027729
vn -0.2391908 0.9709726 0.0000000
vn -0.7071041 0.7071041 -0.0027729
vn 0.7071041 -0.7071041 0.0027729
vn 0.2397414 -0.9708339 0.0023737
vn 0.7071041 -0.7071041 -0.0027729
vn 0.2397414 -0.9708339 -0.0023737
vn 0.7071041 0.7071041 -0.0027729
vn 0.2397413 0.9708339 -0.0023737
vn 0.7071041 0.7071041 0.0027729
vn 0.2397413 0.9708339 0.0023737
vn -0.7057216 0.0000000 -0.7084892
vn -0.9999981 0.0000000 -0.0019608
vn -0.7084892 0.0000000 -0.7057216
vn -0.9999981 0.0000000 -0.0019608
vn 0.2391908 0.0000000 -0.9709726
vn 0.7057216 0.0000000 -0.7084892
vn 0.2391908 0.0000000 -0.9709726
vn 0.7057216 0.0000000 -0.7084892
vn 0.7071041 -0.7071041 -0.0027729
vn 0.9999981 0.0000000 0.0019608
vn 0.7071041 -0.7071041 -0.0027729
vn 0.9999923 0.0000000 -0.0039292
vn 0.2391908 0.9709726 0.0000000
vn 0.7071041 0.7071041 -0.0027729
vn 0.2397413 0.9708339 -0.0023737
vn 0.7071041 0.7071041 -0.0027729
vn -0.7071041 -0.7071041 -0.0027729
vn -0.2397414 -0.9708339 -0.0023737
vn -0.7071041 -0.7071041 0.0027729
vn -0.2397413 -0.9708339 0.0023737
vn -0.7071041 0.7071041 0.0027729
vn -0.2397413 0.9708339 0.0023737
vn -0.7071041 0.7071041 -0.0027729
vn -0.2397414 0.9708339 -0.0023737
vn -0.2391908 0.0000000 -0.9709726
vn -0.7057216 0.0000000 -0.7084892
vn -0.2391908 0.0000000 -0.9709726
vn -0.7057216 0.0000000 -0.7084892
vn 0.1779749 0.3086753 -0.9343685
vn 0.6930900 0.2468540 -0.6772661
vn 0.2391908 0.0000000 -0.9709726
vn 0.7057216 0.0000000 -0.7084892
vn -0.2391908 0.0000000 -0.9709726
vn -0.7057216 0.0000000 -0.7084892
vn -0.1779749 0.3086753 -0.9343685
vn -0.6930899 0.2468540 -0.6772662
vn 0.1812847 0.6575408 -0.7312838
vn 0.1529354 0.4940983 -0.8558491
vn -0.1812846 0.6575408 -0.7312838
vn -0.1529353 0.4940984 -0.8558490
vn 0.2397413 0.9708339 -0.0023737
vn 0.7071041 0.7071041 -0.0027729
vn 0.2542055 0.8985867 -0.3576612
vn 0.7203072 0.6338701 -0.2817201
vn -0.2542054 0.8985867 -0.3576612
vn -0.7203070 0.6338703 -0.2817202
vn -0.2397414 0.9708339 -0.0023737
vn -0.7071041 0.7071041 -0.0027729
vn -0.2458422 -0.4855383 -0.8389364
vn -0.6898012 -0.3613245 -0.6273906
vn -0.2391908 0.0000000 -0.9709726
vn -0.7057216 0.0000000 -0.7084892
vn 0.7057216 0.0000000 -0.7084892
vn 0.9999981 0.0000000 -0.0019608
vn 0.6898012 -0.3613245 -0.6273906
vn 1.0000000 0.0000000 0.0000000
vn 0.2458422 -0.4855383 -0.8389364
vn 0.6898012 -0.3613245 -0.6273906
vn 0.2458422 -0.8389364 -0.4855383
vn 0.6898012 -0.6273906 -0.3613245
vn 0.6898012 -0.3613245 -0.6273906
vn 1.0000000 0.0000000 0.0000000
vn 0.6898012 -0.6273906 -0.3613245
vn 1.0000000 0.0000000 0.0000000
vn -0.2397414 -0.9708339 -0.0023737
vn -0.7071041 -0.7071041 -0.0027729
vn -0.2458422 -0.8389364 -0.4855383
vn -0.6898012 -0.6273906 -0.3613245
vn 0.2458422 -0.8389364 -0.4855383
vn 0.6898012 -0.6273906 -0.3613245
vn 0.2397414 -0.9708339 -0.0023737
vn 0.7071041 -0.7071041 -0.0027729
vn 0.6898012 -0.6273906 -0.3613245
vn 1.0000000 0.0000000 0.0000000
vn 0.7071041 -0.7071041 -0.0027729
vn 0.9999981 0.0000000 0.0019608
vn 0.1779749 0.3086753 -0.9343685
vn 0.6930900 0.2468540 -0.6772661
vn 0.2391908 0.0000000 -0.9709726
vn 0.7084892 0.0000000 -0.7057216
vn -0.2391908 0.0000000 -0.9709726
vn -0.7057216 0.0000000 -0.7084892
vn -0.1779749 0.3086753 -0.9343685
vn -0.6930899 0.2468540 -0.6772662
vn 0.1812847 0.6575408 -0.7312838
vn 0.1529354 0.4940983 -0.8558491
vn -0.1812846 0.6575408 -0.7312838
vn -0.1529353 0.4940984 -0.8558490
vn 0.1779749 0.3086753 -0.9343685
vn -0.1779749 0.3086753 -0.9343685
vn 0.2542055 0.8985867 -0.3576612
vn 0.7203072 0.6338701 -0.2817201
vn 0.1812847 0.6575408 -0.7312838
vn 0.6864638 0.4688047 -0.5558683
vn -0.1812846 0.6575408 -0.7312838
vn -0.6864639 0.4688046 -0.5558682
vn -0.2542054 0.8985867 -0.3576612
vn -0.7203070 0.6338703 -0.2817202
vn 0.2397413 0.9708339 -0.0023737
vn 0.7071041 0.7071041 -0.0027729
vn 0.2542055 0.8985867 -0.3576612
vn 0.7203072 0.6338701 -0.2817201
vn 0.7071041 0.7071041 -0.0027729
vn 0.9999981 0.0000000 0.0019608
vn 0.7203072 0.6338701 -0.2817201
vn 1.0000000 0.0000000 0.0000000
vn -0.2542054 0.8985867 -0.3576612
vn -0.7203070 0.6338703 -0.2817202
vn -0.2397414 0.9708339 -0.0023737
vn -0.7071041 0.7071041 -0.0027729
vn 0.2458422 -0.8389364 -0.4855383
vn 0.6898012 -0.6273906 -0.3613245
vn 0.2397414 -0.9708339 -0.0023737
vn 0.7071041 -0.7071041 -0.0027729
vn -0.2397414 -0.9708339 -0.0023737
vn -0.7071041 -0.7071041 -0.0027729
vn -0.2458422 -0.8389364 -0.4855383
vn -0.6898012 -0.6273906 -0.3613245
vn -0.7071041 -0.7071041 -0.0027729
vn -0.9999981 0.0000000 0.0019608
vn -0.6898012 -0.6273906 -0.3613245
vn -1.0000000 0.0000000 0.0000000
vn 0.2458422 -0.4855383 -0.8389364
vn 0.6898012 -0.3613245 -0.6273906
vn 0.2458422 -0.8389364 -0.4855383
vn 0.6898012 -0.6273906 -0.3613245
vn -0.2458422 -0.8389364 -0.4855383
vn -0.6898012 -0.6273906 -0.3613245
vn -0.2458422 -0.4855383 -0.8389364
vn -0.6898012 -0.3613245 -0.6273906
vn -0.6898012 -0.6273906 -0.3613245
vn -1.0000000 0.0000000 0.0000000
vn -0.6898012 -0.3613245 -0.6273906
vn -1.0000000 0.0000000 0.0000000
vn 0.2391908 0.0000000 -0.9709726
vn 0.7057216 0.0000000 -0.7084892
vn 0.2458422 -0.4855383 -0.8389364
vn 0.6898012 -0.3613245 -0.6273906
vn -0.6898012 -0.3613245 -0.6273906
vn -1.0000000 0.0000000 0.0000000
vn -0.7057216 0.0000000 -0.7084892
vn -0.9999981 0.0000000 -0.0019608
vn 0.0253461 0.7096903 -0.7040577
vn 0.0095103 0.9724296 -0.2330027
vn -0.0253460 0.7096902 -0.7040578
vn -0.0071290 0.9719078 -0.2352539
vn -0.0253461 -0.7096903 -0.7040577
vn -0.0071290 -0.9719078 -0.2352539
vn 0.0253461 -0.7096903 -0.7040577
vn 0.0071290 -0.9719078 -0.2352539
vn -0.0253460 0.7096902 -0.7040578
vn -0.0095103 0.9724296 -0.2330027
vn -0.0940570 0.7083671 -0.6995493
vn -0.0314383 0.9721694 -0.2321599
vn -0.2731246 0.0000000 -0.9619787
vn -0.1916054 -0.7107946 -0.6768001
vn -0.1343270 0.0000000 -0.9909371
vn -0.0253461 -0.7096903 -0.7040577
vn -0.0364868 0.0000000 -0.9993341
vn -0.0940570 -0.7083671 -0.6995493
vn -0.1916054 -0.7107946 -0.6768001
vn -0.0641647 -0.9723417 -0.2245764
vn -0.0940570 -0.7083671 -0.6995493
vn -0.0095103 -0.9724296 -0.2330027
vn -0.0253461 -0.7096903 -0.7040577
vn -0.0314383 -0.9721694 -0.2321599
vn -0.1343270 0.0000000 -0.9909371
vn -0.0940570 0.7083671 -0.6995493
vn -0.2731246 0.0000000 -0.9619787
vn -0.1916054 0.7107946 -0.6768001
vn -0.0940570 0.7083671 -0.6995493
vn -0.0314383 0.9721694 -0.2321599
vn -0.1916054 0.7107946 -0.6768001
vn -0.0641647 0.9723417 -0.2245764
vn -0.3032369 -0.7129292 -0.6322810
vn -0.1004959 -0.9722974 -0.2110413
vn -0.1916054 -0.7107946 -0.6768001
vn -0.0641647 -0.9723417 -0.2245764
vn -0.2731246 0.0000000 -0.9619787
vn -0.1916054 0.7107946 -0.6768001
vn -0.4335800 0.0000000 -0.9011151
vn -0.3032369 0.7129292 -0.6322810
vn -0.6243595 0.0000000 -0.7811371
vn -0.4349473 -0.7171648 -0.5445140
vn -0.4335800 0.0000000 -0.9011151
vn -0.1916054 -0.7107946 -0.6768001
vn -0.2731246 0.0000000 -0.9619787
vn -0.3032369 -0.7129292 -0.6322810
vn -0.4349473 -0.7171648 -0.5445140
vn -0.1479375 -0.9717965 -0.1836466
vn -0.3032369 -0.7129292 -0.6322810
vn -0.1004959 -0.9722974 -0.2110413
vn -0.4335800 0.0000000 -0.9011151
vn -0.3032369 0.7129292 -0.6322810
vn -0.6243595 0.0000000 -0.7811371
vn -0.4349473 0.7171648 -0.5445140
vn -0.3032369 0.7129292 -0.6322810
vn -0.1004959 0.9722974 -0.2110413
vn -0.4349473 0.7171648 -0.5445140
vn -0.1479374 0.9717965 -0.1836467
vn -0.8715044 0.0000000 -0.4903878
vn -0.5981060 -0.7281291 -0.3348093
vn -0.6243595 0.0000000 -0.7811371
vn -0.4349473 -0.7171648 -0.5445140
vn -0.6243595 0.0000000 -0.7811371
vn -0.4349473 0.7171648 -0.5445140
vn -0.8715044 0.0000000 -0.4903878
vn -0.5981059 0.7281291 -0.3348095
vn -0.4349473 0.7171648 -0.5445140
vn -0.1479374 0.9717965 -0.1836467
vn -0.5981059 0.7281291 -0.3348095
vn -0.2045487 0.9722377 -0.1136382
vn -0.9999981 0.0000000 0.0019608
vn -0.7071041 -0.7071041 -0.0027729
vn -0.9999923 0.0000000 -0.0039292
vn -0.7071041 -0.7071041 -0.0027729
vn -0.8715044 0.0000000 -0.4903878
vn -0.5981060 -0.7281291 -0.3348093
vn -0.7071041 -0.7071041 -0.0027729
vn -0.2397414 -0.9708339 -0.0023737
vn -0.7071041 -0.7071041 -0.0027729
vn -0.2391908 -0.9709726 0.0000000
vn -0.5981060 -0.7281291 -0.3348093
vn -0.1479375 -0.9717965 -0.1836466
vn -0.4349473 -0.7171648 -0.5445140
vn -0.2045487 -0.9722377 -0.1136382
vn -0.8715044 0.0000000 -0.4903878
vn -0.5981059 0.7281291 -0.3348095
vn -0.9999923 0.0000000 -0.0039292
vn -0.7071041 0.7071041 -0.0027729
vn -0.5981059 0.7281291 -0.3348095
vn -0.2045487 0.9722377 -0.1136382
vn -0.7071041 0.7071041 -0.0027729
vn -0.2391908 0.9709726 0.0000000
vn 0.8715044 0.0000000 -0.4903878
vn 0.5981060 -0.7281291 -0.3348093
vn 0.9999923 0.0000000 -0.0039292
vn 0.7071041 -0.7071041 -0.0027729
vn 0.5981060 -0.7281291 -0.3348093
vn 0.2045487 -0.9722377 -0.1136382
vn 0.7071041 -0.7071041 -0.0027729
vn 0.2397414 -0.9708339 -0.0023737
vn 0.7071041 -0.7071041 -0.0027729
vn 0.2391908 -0.9709726 0.0000000
vn 0.9999923 0.0000000 -0.0039292
vn 0.7071041 0.7071041 -0.0027729
vn 0.8715044 0.0000000 -0.4903878
vn 0.5981060 0.7281291 -0.3348093
vn 0.7071041 0.7071041 -0.0027729
vn 0.2391908 0.9709726 0.0000000
vn 0.5981060 0.7281291 -0.3348093
vn 0.2045487 0.9722377 -0.1136382
vn 0.6243595 0.0000000 -0.7811371
vn 0.4349472 -0.7171648 -0.5445141
vn 0.8715044 0.0000000 -0.4903878
vn 0.5981060 -0.7281291 -0.3348093
vn 0.8715044 0.0000000 -0.4903878
vn 0.5981060 0.7281291 -0.3348093
vn 0.6243595 0.0000000 -0.7811371
vn 0.4349473 0.7171648 -0.5445141
vn 0.5981060 0.7281291 -0.3348093
vn 0.2045487 0.9722377 -0.1136382
vn 0.4349473 0.7171648 -0.5445141
vn 0.1479375 0.9717965 -0.1836466
vn 0.4335800 0.0000000 -0.9011151
vn 0.3032368 -0.7129292 -0.6322811
vn 0.6243595 0.0000000 -0.7811371
vn 0.4349472 -0.7171648 -0.5445141
vn 0.6243595 0.0000000 -0.7811371
vn 0.4349473 0.7171648 -0.5445141
vn 0.4335800 0.0000000 -0.9011151
vn 0.3032368 0.7129292 -0.6322811
vn 0.4349473 0.7171648 -0.5445141
vn 0.1479375 0.9717965 -0.1836466
vn 0.3032368 0.7129292 -0.6322811
vn 0.1004958 0.9722974 -0.2110413
vn 0.2731246 0.0000000 -0.9619787
vn 0.1916054 -0.7107946 -0.6768001
vn 0.4335800 0.0000000 -0.9011151
vn 0.3032368 -0.7129292 -0.6322811
vn 0.1916054 -0.7107946 -0.6768001
vn 0.0641646 -0.9723417 -0.2245764
vn 0.3032368 -0.7129292 -0.6322811
vn 0.1004958 -0.9722974 -0.2110413
vn 0.4335800 0.0000000 -0.9011151
vn 0.3032368 0.7129292 -0.6322811
vn 0.2731246 0.0000000 -0.9619787
vn 0.1916055 0.7107945 -0.6768002
vn 0.3032368 0.7129292 -0.6322811
vn 0.1004958 0.9722974 -0.2110413
vn 0.1916055 0.7107945 -0.6768002
vn 0.0641646 0.9723417 -0.2245764
vn 0.1343270 0.0000000 -0.9909371
vn 0.0940570 -0.7083671 -0.6995493
vn 0.2731246 0.0000000 -0.9619787
vn 0.1916054 -0.7107946 -0.6768001
vn 0.2731246 0.0000000 -0.9619787
vn 0.1916055 0.7107945 -0.6768002
vn 0.1343270 0.0000000 -0.9909371
vn 0.0940570 0.7083671 -0.6995493
vn 0.1916055 0.7107945 -0.6768002
vn 0.0641646 0.9723417 -0.2245764
vn 0.0940570 0.7083671 -0.6995493
vn 0.0314383 0.9721694 -0.2321599
vn 0.0253461 -0.7096903 -0.7040577
vn 0.0095103 -0.9724296 -0.2330027
vn 0.0940570 -0.7083671 -0.6995493
vn 0.0641646 -0.9723417 -0.2245764
vn 0.1916054 -0.7107946 -0.6768001
vn 0.0314383 -0.9721694 -0.2321599
vn 0.1343270 0.0000000 -0.9909371
vn 0.0940570 0.7083671 -0.6995493
vn 0.0364868 0.0000000 -0.9993341
vn 0.0253461 0.7096903 -0.7040577
vn 0.0940570 0.7083671 -0.6995493
vn 0.0314383 0.9721694 -0.2321599
vn 0.0253461 0.7096903 -0.7040577
vn 0.0095103 0.9724296 -0.2330027
vn -0.0095270 0.9717564 0.2357938
vn -0.0253460 0.7040578 0.7096902
vn 0.0095271 0.9717564 0.2357938
vn 0.0253460 0.7040578 0.7096902
vn 0.0095271 -0.9717564 0.2357938
vn 0.0253461 -0.7040577 0.7096903
vn -0.0095270 -0.9717564 0.2357938
vn -0.0253460 -0.7040578 0.7096902
vn 0.0315507 -0.9707909 0.2378437
vn 0.0971711 -0.7066989 0.7008098
vn 0.0095271 -0.9717564 0.2357938
vn 0.0253461 -0.7040577 0.7096903
vn 0.0095271 0.9717564 0.2357938
vn 0.0253460 0.7040578 0.7096902
vn 0.0315507 0.9707909 0.2378437
vn 0.0971711 0.7066989 0.7008098
vn 0.0669053 -0.9713659 0.2279737
vn 0.1950239 -0.7058012 0.6810362
vn 0.0315507 -0.9707909 0.2378437
vn 0.0971711 -0.7066989 0.7008098
vn 0.0315507 0.9707909 0.2378437
vn 0.0971711 0.7066989 0.7008098
vn 0.0669054 0.9713659 0.2279737
vn 0.1950240 0.7058011 0.6810363
vn 0.1061863 -0.9708461 0.2149008
vn 0.3105691 -0.7052505 0.6373135
vn 0.0669053 -0.9713659 0.2279737
vn 0.1950239 -0.7058012 0.6810362
vn 0.0669054 0.9713659 0.2279737
vn 0.1950240 0.7058011 0.6810363
vn 0.1061863 0.9708461 0.2149008
vn 0.3105690 0.7052506 0.6373135
vn 0.1568861 -0.9696067 0.1877487
vn 0.4535527 -0.7036735 0.5469310
vn 0.1061863 -0.9708461 0.2149008
vn 0.3105691 -0.7052505 0.6373135
vn 0.1061863 0.9708461 0.2149008
vn 0.3105690 0.7052506 0.6373135
vn 0.1568860 0.9696067 0.1877487
vn 0.4535527 0.7036735 0.5469310
vn 0.2142850 -0.9693846 0.1198976
vn 0.6169919 -0.7083979 0.3427731
vn 0.1568861 -0.9696067 0.1877487
vn 0.4535527 -0.7036735 0.5469310
vn 0.1568860 0.9696067 0.1877487
vn 0.4535527 0.7036735 0.5469310
vn 0.2142850 0.9693846 0.1198976
vn 0.6169918 0.7083980 0.3427731
vn 0.2397414 -0.9708339 0.0023737
vn 0.7071041 -0.7071041 0.0027729
vn 0.2142850 -0.9693846 0.1198976
vn 0.6169919 -0.7083979 0.3427731
vn 0.2142850 0.9693846 0.1198976
vn 0.6169918 0.7083980 0.3427731
vn 0.2397413 0.9708339 0.0023737
vn 0.7071041 0.7071041 0.0027729
vn -0.2142850 -0.9693846 0.1198976
vn -0.6169917 -0.7083980 0.3427732
vn -0.2397413 -0.9708339 0.0023737
vn -0.7071041 -0.7071041 0.0027729
vn -0.2397413 0.9708339 0.0023737
vn -0.7071041 0.7071041 0.0027729
vn -0.2142850 0.9693846 0.1198976
vn -0.6169916 0.7083981 0.3427733
vn -0.1568859 -0.9696067 0.1877488
vn -0.4535527 -0.7036735 0.5469310
vn -0.2142850 -0.9693846 0.1198976
vn -0.6142708 -0.7090255 0.3463442
vn -0.2142850 0.9693846 0.1198976
vn -0.6169916 0.7083981 0.3427733
vn -0.1568858 0.9696067 0.1877488
vn -0.4535527 0.7036735 0.5469310
vn -0.1061863 -0.9708461 0.2149008
vn -0.3105690 -0.7052506 0.6373135
vn -0.1568859 -0.9696067 0.1877488
vn -0.4535527 -0.7036735 0.5469310
vn -0.1568858 0.9696067 0.1877488
vn -0.4535527 0.7036735 0.5469310
vn -0.1061863 0.9708461 0.2149008
vn -0.3105690 0.7052506 0.6373135
vn -0.0669052 -0.9713659 0.2279736
vn -0.1950240 -0.7058011 0.6810363
vn -0.1061863 -0.9708461 0.2149008
vn -0.3105690 -0.7052506 0.6373135
vn -0.1061863 0.9708461 0.2149008
vn -0.3105690 0.7052506 0.6373135
vn -0.0669052 0.9713659 0.2279736
vn -0.1950240 0.7058011 0.6810363
vn -0.0315507 -0.9707909 0.2378437
vn -0.0971711 -0.7066989 0.7008098
vn -0.0669052 -0.9713659 0.2279736
vn -0.1950240 -0.7058011 0.6810363
vn -0.0669052 0.9713659 0.2279736
vn -0.1950240 0.7058011 0.6810363
vn -0.0315507 0.9707909 0.2378437
vn -0.0971711 0.7066989 0.7008098
vn -0.0095270 -0.9717564 0.2357938
vn -0.0253460 -0.7040578 0.7096902
vn -0.0315507 -0.9707909 0.2378437
vn -0.0971711 -0.7066989 0.7008098
vn -0.0315507 0.9707909 0.2378437
vn -0.0971711 0.7066989 0.7008098
vn -0.0095270 0.9717564 0.2357938
vn -0.0253460 0.7040578 0.7096902
vn -0.1529353 0.4940984 -0.8558490
vn -0.1779749 0.3086753 -0.9343685
vn -0.5593848 0.4137463 -0.7182636
vn -0.6930899 0.2468540 -0.6772662
vn -0.6864639 0.4688046 -0.5558682
vn -0.1812846 0.6575408 -0.7312838
vn -0.5593848 0.4137463 -0.7182636
vn -0.1529353 0.4940984 -0.8558490
vn 0.1529354 0.4940983 -0.8558491
vn 0.1812847 0.6575408 -0.7312838
vn 0.5593849 0.4137463 -0.7182635
vn 0.6864638 0.4688047 -0.5558683
vn 0.6930900 0.2468540 -0.6772661
vn 0.1779749 0.3086753 -0.9343685
vn 0.5593849 0.4137463 -0.7182635
vn 0.1529354 0.4940983 -0.8558491
vn 0.1529354 0.4940983 -0.8558491
vn 0.1812847 0.6575408 -0.7312838
vn 0.5593849 0.4137463 -0.7182635
vn 0.6864638 0.4688047 -0.5558683
vn -0.1779749 0.3086753 -0.9343685
vn -0.1529353 0.4940984 -0.8558490
vn 0.1779749 0.3086753 -0.9343685
vn 0.1529354 0.4940983 -0.8558491
vn 0.6930900 0.2468540 -0.6772661
vn 0.5593849 0.4137463 -0.7182635
vn -0.1529353 0.4940984 -0.8558490
vn -0.1779749 0.3086753 -0.9343685
vn -0.5593848 0.4137463 -0.7182636
vn -0.6930899 0.2468540 -0.6772662
vn -0.6864639 0.4688046 -0.5558682
vn -0.1812846 0.6575408 -0.7312838
vn -0.5593848 0.4137463 -0.7182636
vn -0.1529353 0.4940984 -0.8558490
vn -0.1812846 0.6575408 -0.7312838
vn -0.2542054 0.8985867 -0.3576612
vn 0.1812847 0.6575408 -0.7312838
vn 0.2542055 0.8985867 -0.3576612
vn -0.2542054 0.8985867 -0.3576612
vn -0.2397414 0.9708339 -0.0023737
vn 0.2542055 0.8985867 -0.3576612
vn 0.2397413 0.9708339 -0.0023737
vn -0.7203070 0.6338703 -0.2817202
vn -0.2542054 0.8985867 -0.3576612
vn -0.6864639 0.4688046 -0.5558682
vn -0.1812846 0.6575408 -0.7312838
vn 0.1812847 0.6575408 -0.7312838
vn 0.6864638 0.4688047 -0.5558683
vn 0.7203072 0.6338701 -0.2817201
vn 0.2542055 0.8985867 -0.3576612
vn 0.2458422 -0.8389364 -0.4855383
vn 0.2397414 -0.9708339 -0.0023737
vn -0.2458422 -0.8389364 -0.4855383
vn -0.2397414 -0.9708339 -0.0023737
vn -0.2397414 -0.9708339 -0.0023737
vn -0.2458422 -0.8389364 -0.4855383
vn 0.2397414 -0.9708339 -0.0023737
vn 0.2458422 -0.8389364 -0.4855383
vn 0.2458422 -0.4855383 -0.8389364
vn 0.2458422 -0.8389364 -0.4855383
vn -0.2458422 -0.4855383 -0.8389364
vn -0.6898012 -0.3613245 -0.6273906
vn -0.6898012 -0.6273906 -0.3613245
vn -0.2458422 -0.8389364 -0.4855383
vn -0.2458422 -0.4855383 -0.8389364
vn -0.2391908 0.0000000 -0.9709726
vn 0.2458422 -0.4855383 -0.8389364
vn 0.6898012 -0.3613245 -0.6273906
vn 0.7057216 0.0000000 -0.7084892
vn 0.2391908 0.0000000 -0.9709726
vn 0.7057216 0.0000000 -0.7084892
vn 0.7057216 0.0000000 -0.7084892
vn 0.2391908 0.0000000 -0.9709726
vn -0.2391908 0.0000000 -0.9709726
vn -0.1779749 0.3086753 -0.9343685
vn 0.1779749 0.3086753 -0.9343685
vn -0.7057216 0.0000000 -0.7084892
vn -0.2391908 0.0000000 -0.9709726
vn -0.6898012 -0.3613245 -0.6273906
vn -0.2458422 -0.4855383 -0.8389364
vn 0.2458422 -0.4855383 -0.8389364
vn 0.2391908 0.0000000 -0.9709726
vn 0.1779749 0.3086753 -0.9343685
vn 0.2391908 0.0000000 -0.9709726
vn -0.1779749 0.3086753 -0.9343685
vn -0.2391908 0.0000000 -0.9709726
vn -0.7057216 0.0000000 -0.7084892
vn -0.7057216 0.0000000 -0.7084892
vn -0.2391908 0.0000000 -0.9709726
vn 0.2391908 0.0000000 -0.9709726
vn -0.0095103 -0.9724296 -0.2330027
vn 0.0095271 -0.9717564 0.2357938
vn 0.0071290 -0.9719078 -0.2352539
vn -0.0095270 -0.9717564 0.2357938
vn 0.2731246 0.0000000 -0.9619787
vn 0.1343270 0.0000000 -0.9909371
vn 0.2731246 0.0000000 -0.9619787
vn 0.1343270 0.0000000 -0.9909371
vn -0.2458422 -0.8389364 -0.4855383
vn -0.2458422 -0.4855383 -0.8389364
vn 0.2458422 -0.8389364 -0.4855383
vn 0.2458422 -0.4855383 -0.8389364
vn 0.3032368 -0.7129292 -0.6322811
vn 0.1004958 -0.9722974 -0.2110413
vn 0.4349472 -0.7171648 -0.5445141
vn 0.2045487 -0.9722377 -0.1136382
vn 0.5981060 -0.7281291 -0.3348093
vn 0.1479375 -0.9717965 -0.1836466
vn -0.1061863 -0.9708461 0.2149008
vn -0.1568859 -0.9696067 0.1877488
vn 0.0095103 -0.9724296 -0.2330027
vn -0.0095270 -0.9717564 0.2357938
vn 0.0314383 -0.9721694 -0.2321599
vn -0.0315507 -0.9707909 0.2378437
vn 0.2045487 -0.9722377 -0.1136382
vn -0.2142850 -0.9693846 0.1198976
vn 0.2391908 -0.9709726 0.0000000
vn -0.2397413 -0.9708339 0.0023737
vn -0.0071290 0.9719078 -0.2352539
vn 0.0095271 0.9717564 0.2357938
vn -0.0314383 0.9721694 -0.2321599
vn 0.0315507 0.9707909 0.2378437
vn 0.2391908 0.9709726 0.0000000
vn -0.2397413 0.9708339 0.0023737
vn 0.2045487 0.9722377 -0.1136382
vn -0.2142850 0.9693846 0.1198976
vn 0.1479375 -0.9717965 -0.1836466
vn -0.1568859 -0.9696067 0.1877488
vn 0.2045487 -0.9722377 -0.1136382
vn -0.2142850 -0.9693846 0.1198976
vn 0.0641646 -0.9723417 -0.2245764
vn -0.0669052 -0.9713659 0.2279736
vn 0.1004958 -0.9722974 -0.2110413
vn -0.1061863 -0.9708461 0.2149008
vn 0.1343270 0.0000000 -0.9909371
vn 0.0364868 0.0000000 -0.9993341
vn 0.1343270 0.0000000 -0.9909371
vn 0.0940570 -0.7083671 -0.6995493
vn 0.0253461 -0.7096903 -0.7040577
vn 0.0364868 0.0000000 -0.9993341
vn -0.2391908 -0.9709726 0.0000000
vn 0.2397414 -0.9708339 0.0023737
vn -0.2045487 -0.9722377 -0.1136382
vn 0.1568861 -0.9696067 0.1877487
vn -0.1479375 -0.9717965 -0.1836466
vn 0.2142850 -0.9693846 0.1198976
vn 0.0314383 -0.9721694 -0.2321599
vn -0.0315507 -0.9707909 0.2378437
vn 0.0641646 -0.9723417 -0.2245764
vn -0.0669052 -0.9713659 0.2279736
vn -0.2397414 -0.9708339 -0.0023737
vn 0.2397414 -0.9708339 -0.0023737
vn -0.2391908 -0.9709726 0.0000000
vn 0.2397414 -0.9708339 0.0023737
vn -0.1004959 -0.9722974 -0.2110413
vn 0.1061863 -0.9708461 0.2149008
vn -0.0641647 -0.9723417 -0.2245764
vn 0.0669053 -0.9713659 0.2279737
vn -0.2391908 0.9709726 0.0000000
vn 0.2397413 0.9708339 0.0023737
vn -0.2397414 0.9708339 -0.0023737
vn 0.2397413 0.9708339 -0.0023737
vn -0.0314383 -0.9721694 -0.2321599
vn 0.0315507 -0.9707909 0.2378437
vn -0.0071290 -0.9719078 -0.2352539
vn 0.0095271 -0.9717564 0.2357938
vn -0.2045487 0.9722377 -0.1136382
vn 0.2142850 0.9693846 0.1198976
vn -0.2391908 0.9709726 0.0000000
vn 0.2397413 0.9708339 0.0023737
vn 0.2391908 -0.9709726 0.0000000
vn -0.2397413 -0.9708339 0.0023737
vn 0.2397414 -0.9708339 -0.0023737
vn -0.2397414 -0.9708339 -0.0023737
vn -0.1479375 -0.9717965 -0.1836466
vn 0.1568861 -0.9696067 0.1877487
vn -0.1004959 -0.9722974 -0.2110413
vn 0.1061863 -0.9708461 0.2149008
vn 0.9999923 0.0000000 -0.0039292
vn 0.8715044 0.0000000 -0.4903878
vn 0.9999923 0.0000000 -0.0039292
vn 0.8732767 0.0000000 -0.4872245
vn -0.6243595 0.0000000 -0.7811371
vn -0.8715044 0.0000000 -0.4903878
vn -0.6243595 0.0000000 -0.7811371
vn -0.8732767 0.0000000 -0.4872245
vn -0.2542054 0.8985867 -0.3576612
vn -0.2397414 0.9708339 -0.0023737
vn 0.2542055 0.8985867 -0.3576612
vn 0.2397413 0.9708339 -0.0023737
vn -0.1343270 0.0000000 -0.9909371
vn -0.2731246 0.0000000 -0.9619787
vn -0.1343270 0.0000000 -0.9909371
vn -0.2731246 0.0000000 -0.9619787
vn -0.2731246 0.0000000 -0.9619787
vn -0.4335800 0.0000000 -0.9011151
vn -0.2731246 0.0000000 -0.9619787
vn -0.4335800 0.0000000 -0.9011151
vn -0.4335800 0.0000000 -0.9011151
vn -0.6243595 0.0000000 -0.7811371
vn -0.4335800 0.0000000 -0.9011151
vn -0.6243595 0.0000000 -0.7811371
vn -1.0000000 0.0000000 0.0000000
vn -0.9999923 0.0000000 -0.0039292
vn -1.0000000 0.0000000 0.0000000
vn -1.0000000 0.0000000 0.0000000
vn -0.9999981 0.0000000 -0.0019608
vn -0.7084892 0.0000000 -0.7057216
vn -0.9999981 0.0000000 -0.0019608
vn -0.6930899 0.2468540 -0.6772662
vn -0.6864639 0.4688046 -0.5558682
vn -0.5593848 0.4137463 -0.7182636
vn -1.0000000 0.0000000 0.0000000
vn -0.6864639 0.4688046 -0.5558682
vn -0.7203070 0.6338703 -0.2817202
vn -1.0000000 0.0000000 0.0000000
vn -0.7203070 0.6338703 -0.2817202
vn -0.7071041 0.7071041 -0.0027729
vn -0.9999981 0.0000000 0.0019608
vn -0.7071041 0.7071041 -0.0027729
vn -0.7071041 0.7071041 -0.0027729
vn -0.9999923 0.0000000 -0.0039292
vn 0.7071041 0.7071041 -0.0027729
vn 0.9999923 0.0000000 -0.0039292
vn 0.7071041 0.7071041 -0.0027729
vn 0.9999981 0.0000000 0.0019608
vn 0.7203072 0.6338701 -0.2817201
vn 1.0000000 0.0000000 0.0000000
vn 0.6864638 0.4688047 -0.5558683
vn 1.0000000 0.0000000 0.0000000
vn 0.6864638 0.4688047 -0.5558683
vn 0.5593849 0.4137463 -0.7182635
vn 0.6930900 0.2468540 -0.6772661
vn 0.7084892 0.0000000 -0.7057216
vn 0.9999981 0.0000000 -0.0019608
vn 0.7084892 0.0000000 -0.7057216
vn 0.7057216 0.0000000 -0.7084892
vn 0.9999981 0.0000000 -0.0019608
vn 1.0000000 0.0000000 0.0000000
vn 1.0000000 0.0000000 0.0000000
vn 1.0000000 0.0000000 0.0000000
vn 0.9999923 0.0000000 -0.0039292
vn -0.8732767 0.0000000 -0.4872245
vn -0.9999923 0.0000000 -0.0039292
vn -0.8715044 0.0000000 -0.4903878
vn -0.9999923 0.0000000 -0.0039292
vn 0.8732767 0.0000000 -0.4872245
vn 0.6243595 0.0000000 -0.7811371
vn 0.8715044 0.0000000 -0.4903878
vn 0.6243595 0.0000000 -0.7811371
vn 0.6243595 0.0000000 -0.7811371
vn 0.4335800 0.0000000 -0.9011151
vn 0.6243595 0.0000000 -0.7811371
vn 0.4335800 0.0000000 -0.9011151
vn 0.4335800 0.0000000 -0.9011151
vn 0.2731246 0.0000000 -0.9619787
vn 0.4335800 0.0000000 -0.9011151
vn 0.2731246 0.0000000 -0.9619787
vn 0.0253461 -0.7096903 -0.7040577
vn 0.0364868 0.0000000 -0.9993341
vn -0.0253461 -0.7096903 -0.7040577
vn -0.0364868 0.0000000 -0.9993341
vn -0.0364868 0.0000000 -0.9993341
vn -0.0253460 0.7096902 -0.7040578
vn 0.0253461 0.7096903 -0.7040577
vn 0.0364868 0.0000000 -0.9993341
vn -0.0940570 0.7083671 -0.6995493
vn -0.1343270 0.0000000 -0.9909371
vn -0.0253460 0.7096902 -0.7040578
vn -0.0364868 0.0000000 -0.9993341
vn -0.0364868 0.0000000 -0.9993341
vn -0.1343270 0.0000000 -0.9909371
vn 0.0095103 0.9724296 -0.2330027
vn -0.0095270 0.9717564 0.2357938
vn -0.0071290 0.9719078 -0.2352539
vn 0.0095271 0.9717564 0.2357938
vn -0.0314383 0.9721694 -0.2321599
vn 0.0315507 0.9707909 0.2378437
vn -0.0641647 0.9723417 -0.2245764
vn 0.0669054 0.9713659 0.2279737
vn -0.1916054 0.7107946 -0.6768001
vn -0.0641647 0.9723417 -0.2245764
vn -0.3032369 0.7129292 -0.6322810
vn -0.1004959 0.9722974 -0.2110413
vn 0.0669054 0.9713659 0.2279737
vn 0.1061863 0.9708461 0.2149008
vn -0.1004959 0.9722974 -0.2110413
vn 0.1061863 0.9708461 0.2149008
vn -0.1479374 0.9717965 -0.1836467
vn 0.1568860 0.9696067 0.1877487
vn -0.1479374 0.9717965 -0.1836467
vn 0.1568860 0.9696067 0.1877487
vn -0.2045487 0.9722377 -0.1136382
vn 0.2142850 0.9693846 0.1198976
vn 0.2397413 0.9708339 -0.0023737
vn -0.2397414 0.9708339 -0.0023737
vn 0.2391908 0.9709726 0.0000000
vn -0.2397413 0.9708339 0.0023737
vn 0.2045487 0.9722377 -0.1136382
vn -0.2142850 0.9693846 0.1198976
vn 0.1479375 0.9717965 -0.1836466
vn -0.1568858 0.9696067 0.1877488
vn 0.1479375 0.9717965 -0.1836466
vn -0.1568858 0.9696067 0.1877488
vn 0.1004958 0.9722974 -0.2110413
vn -0.1061863 0.9708461 0.2149008
vn 0.1004958 0.9722974 -0.2110413
vn -0.1061863 0.9708461 0.2149008
vn 0.0641646 0.9723417 -0.2245764
vn -0.0669052 0.9713659 0.2279736
vn 0.0641646 0.9723417 -0.2245764
vn -0.0669052 0.9713659 0.2279736
vn 0.0314383 0.9721694 -0.2321599
vn -0.0315507 0.9707909 0.2378437
vn -0.0641647 -0.9723417 -0.2245764
vn 0.0669053 -0.9713659 0.2279737
vn -0.0314383 -0.9721694 -0.2321599
vn 0.0315507 -0.9707909 0.2378437
f 7387/7387/7387 7388/7388/7388 7389/7389/7389
f 7388/7388/7388 7390/7390/7390 7389/7389/7389
f 7391/7391/7391 7392/7392/7392 7393/7393/7393
f 7392/7392/7392 7394/7394/7394 7393/7393/7393
f 7395/7395/7395 7396/7396/7396 7397/7397/7397
f 7396/7396/7396 7398/7398/7398 7397/7397/7397
f 7399/7399/7399 7400/7400/7400 7401/7401/7401
f 7400/7400/7400 7402/7402/7402 7401/7401/7401
f 7403/7403/7403 7404/7404/7404 7405/7405/7405
f 7404/7404/7404 7406/7406/7406 7405/7405/7405
f 7407/7407/7407 7408/7408/7408 7409/7409/7409
f 7408/7408/7408 7410/7410/7410 7409/7409/7409
f 7411/7411/7411 7412/7412/7412 7413/7413/7413
f 7412/7412/7412 7414/7414/7414 7413/7413/7413
f 7415/7415/7415 7416/7416/7416 7417/7417/7417
f 7416/7416/7416 7418/7418/7418 7417/7417/7417
f 7419/7419/7419 7420/7420/7420 7421/7421/7421
f 7420/7420/7420 7422/7422/7422 7421/7421/7421
f 7423/7423/7423 7424/7424/7424 7425/7425/7425
f 7424/7424/7424 7426/7426/7426 7425/7425/7425
f 7427/7427/7427 7428/7428/7428 7429/7429/7429
f 7428/7428/7428 7430/7430/7430 7429/7429/7429
f 7431/7431/7431 7432/7432/7432 7433/7433/7433
f 7432/7432/7432 7434/7434/7434 7433/7433/7433
f 7435/7435/7435 7436/7436/7436 7437/7437/7437
f 7436/7436/7436 7438/7438/7438 7437/7437/7437
f 7439/7439/7439 7440/7440/7440 7441/7441/7441
f 7440/7440/7440 7442/7442/7442 7441/7441/7441
f 7443/7443/7443 7444/7444/7444 7445/7445/7445
f 7444/7444/7444 7446/7446/7446 7445/7445/7445
f 7447/7447/7447 7448/7448/7448 7449/7449/7449
f 7448/7448/7448 7450/7450/7450 7449/7449/7449
f 7451/7451/7451 7452/7452/7452 7453/7453/7453
f 7452/7452/7452 7454/7454/7454 7453/7453/7453
f 7455/7455/7455 7456/7456/7456 7457/7457/7457
f 7456/7456/7456 7458/7458/7458 7457/7457/7457
f 7459/7459/7459 7460/7460/7460 7461/7461/7461
f 7460/7460/7460 7462/7462/7462 7461/7461/7461
f 7463/7463/7463 7464/7464/7464 7465/7465/7465
f 7464/7464/7464 7466/7466/7466 7465/7465/7465
f 7467/7467/7467 7468/7468/7468 7469/7469/7469
f 7468/7468/7468 7470/7470/7470 7469/7469/7469
f 7471/7471/7471 7472/7472/7472 7473/7473/7473
f 7472/7472/7472 7474/7474/7474 7473/7473/7473
f 7475/7475/7475 7476/7476/7476 7477/7477/7477
f 7476/7476/7476 7478/7478/7478 7477/7477/7477
f 7479/7479/7479 7480/7480/7480 7481/7481/7481
f 7480/7480/7480 7482/7482/7482 7481/7481/7481
f 7483/7483/7483 7484/7484/7484 7485/7485/7485
f 7484/7484/7484 7486/7486/7486 7485/7485/7485
f 7487/7487/7487 7488/7488/7488 7489/7489/7489
f 7489/7489/7489 7488/7488/7488 7490/7490/7490
f 7488/7488/7488 7491/7491/7491 7490/7490/7490
f 7491/7491/7491 7492/7492/7492 7490/7490/7490
f 7493/7493/7493 7494/7494/7494 7495/7495/7495
f 7494/7494/7494 7496/7496/7496 7495/7495/7495
f 7497/7497/7497 7498/7498/7498 7499/7499/7499
f 7498/7498/7498 7500/7500/7500 7499/7499/7499
f 7501/7501/7501 7502/7502/7502 7503/7503/7503
f 7502/7502/7502 7504/7504/7504 7503/7503/7503
f 7505/7505/7505 7506/7506/7506 7507/7507/7507
f 7506/7506/7506 7508/7508/7508 7507/7507/7507
f 7509/7509/7509 7510/7510/7510 7511/7511/7511
f 7510/7510/7510 7512/7512/7512 7511/7511/7511
f 7513/7513/7513 7514/7514/7514 7515/7515/7515
f 7514/7514/7514 7516/7516/7516 7515/7515/7515
f 7517/7517/7517 7518/7518/7518 7519/7519/7519
f 7518/7518/7518 7520/7520/7520 7519/7519/7519
f 7521/7521/7521 7522/7522/7522 7523/7523/7523
f 7522/7522/7522 7524/7524/7524 7523/7523/7523
f 7525/7525/7525 7526/7526/7526 7527/7527/7527
f 7526/7526/7526 7528/7528/7528 7527/7527/7527
f 7529/7529/7529 7530/7530/7530 7531/7531/7531
f 7530/7530/7530 7532/7532/7532 7531/7531/7531
f 7533/7533/7533 7534/7534/7534 7535/7535/7535
f 7534/7534/7534 7536/7536/7536 7535/7535/7535
f 7537/7537/7537 7538/7538/7538 7539/7539/7539
f 7538/7538/7538 7540/7540/7540 7539/7539/7539
f 7541/7541/7541 7542/7542/7542 7543/7543/7543
f 7542/7542/7542 7544/7544/7544 7543/7543/7543
f 7545/7545/7545 7546/7546/7546 7547/7547/7547
f 7546/7546/7546 7548/7548/7548 7547/7547/7547
f 7549/7549/7549 7550/7550/7550 7551/7551/7551
f 7550/7550/7550 7552/7552/7552 7551/7551/7551
f 7553/7553/7553 7554/7554/7554 7555/7555/7555
f 7554/7554/7554 7556/7556/7556 7555/7555/7555
f 7557/7557/7557 7558/7558/7558 7559/7559/7559
f 7560/7560/7560 7561/7561/7561 7562/7562/7562
f 7561/7561/7561 7559/7559/7559 7562/7562/7562
f 7559/7559/7559 7558/7558/7558 7562/7562/7562
f 7563/7563/7563 7564/7564/7564 7565/7565/7565
f 7566/7566/7566 7567/7567/7567 7568/7568/7568
f 7567/7567/7567 7565/7565/7565 7568/7568/7568
f 7565/7565/7565 7564/7564/7564 7568/7568/7568
f 7569/7569/7569 7570/7570/7570 7571/7571/7571
f 7570/7570/7570 7572/7572/7572 7571/7571/7571
f 7573/7573/7573 7574/7574/7574 7575/7575/7575
f 7574/7574/7574 7576/7576/7576 7575/7575/7575
f 7577/7577/7577 7578/7578/7578 7579/7579/7579
f 7578/7578/7578 7580/7580/7580 7579/7579/7579
f 7581/7581/7581 7582/7582/7582 7583/7583/7583
f 7582/7582/7582 7584/7584/7584 7583/7583/7583
f 7585/7585/7585 7586/7586/7586 7587/7587/7587
f 7588/7588/7588 7589/7589/7589 7590/7590/7590
f 7589/7589/7589 7587/7587/7587 7590/7590/7590
f 7587/7587/7587 7586/7586/7586 7590/7590/7590
f 7591/7591/7591 7592/7592/7592 7593/7593/7593
f 7592/7592/7592 7594/7594/7594 7593/7593/7593
f 7595/7595/7595 7596/7596/7596 7597/7597/7597
f 7596/7596/7596 7598/7598/7598 7597/7597/7597
f 7599/7599/7599 7600/7600/7600 7601/7601/7601
f 7600/7600/7600 7602/7602/7602 7601/7601/7601
f 7603/7603/7603 7604/7604/7604 7605/7605/7605
f 7604/7604/7604 7606/7606/7606 7605/7605/7605
f 7607/7607/7607 7608/7608/7608 7609/7609/7609
f 7608/7608/7608 7610/7610/7610 7609/7609/7609
f 7611/7611/7611 7612/7612/7612 7613/7613/7613
f 7612/7612/7612 7614/7614/7614 7613/7613/7613
f 7615/7615/7615 7616/7616/7616 7617/7617/7617
f 7616/7616/7616 7618/7618/7618 7617/7617/7617
f 7617/7617/7617 7618/7618/7618 7619/7619/7619
f 7618/7618/7618 7620/7620/7620 7619/7619/7619
f 7621/7621/7621 7622/7622/7622 7623/7623/7623
f 7622/7622/7622 7624/7624/7624 7623/7623/7623
f 7623/7623/7623 7624/7624/7624 7625/7625/7625
f 7626/7626/7626 7627/7627/7627 7628/7628/7628
f 7627/7627/7627 7625/7625/7625 7628/7628/7628
f 7625/7625/7625 7624/7624/7624 7628/7628/7628
f 7629/7629/7629 7630/7630/7630 7631/7631/7631
f 7630/7630/7630 7632/7632/7632 7631/7631/7631
f 7633/7633/7633 7634/7634/7634 7635/7635/7635
f 7634/7634/7634 7636/7636/7636 7635/7635/7635
f 7637/7637/7637 7638/7638/7638 7639/7639/7639
f 7638/7638/7638 7640/7640/7640 7639/7639/7639
f 7641/7641/7641 7642/7642/7642 7643/7643/7643
f 7644/7644/7644 7645/7645/7645 7646/7646/7646
f 7645/7645/7645 7643/7643/7643 7646/7646/7646
f 7643/7643/7643 7642/7642/7642 7646/7646/7646
f 7647/7647/7647 7648/7648/7648 7649/7649/7649
f 7648/7648/7648 7650/7650/7650 7649/7649/7649
f 7651/7651/7651 7652/7652/7652 7653/7653/7653
f 7652/7652/7652 7654/7654/7654 7653/7653/7653
f 7655/7655/7655 7656/7656/7656 7657/7657/7657
f 7656/7656/7656 7658/7658/7658 7657/7657/7657
f 7659/7659/7659 7660/7660/7660 7661/7661/7661
f 7660/7660/7660 7662/7662/7662 7661/7661/7661
f 7663/7663/7663 7664/7664/7664 7665/7665/7665
f 7664/7664/7664 7666/7666/7666 7665/7665/7665
f 7667/7667/7667 7668/7668/7668 7669/7669/7669
f 7668/7668/7668 7670/7670/7670 7669/7669/7669
f 7671/7671/7671 7672/7672/7672 7673/7673/7673
f 7672/7672/7672 7674/7674/7674 7673/7673/7673
f 7675/7675/7675 7676/7676/7676 7677/7677/7677
f 7676/7676/7676 7678/7678/7678 7677/7677/7677
f 7679/7679/7679 7680/7680/7680 7681/7681/7681
f 7680/7680/7680 7682/7682/7682 7681/7681/7681
f 7683/7683/7683 7684/7684/7684 7685/7685/7685
f 7684/7684/7684 7686/7686/7686 7685/7685/7685
f 7687/7687/7687 7688/7688/7688 7689/7689/7689
f 7688/7688/7688 7690/7690/7690 7689/7689/7689
f 7691/7691/7691 7692/7692/7692 7693/7693/7693
f 7692/7692/7692 7694/7694/7694 7693/7693/7693
f 7695/7695/7695 7696/7696/7696 7697/7697/7697
f 7696/7696/7696 7698/7698/7698 7697/7697/7697
f 7699/7699/7699 7700/7700/7700 7701/7701/7701
f 7700/7700/7700 7702/7702/7702 7701/7701/7701
f 7703/7703/7703 7704/7704/7704 7705/7705/7705
f 7704/7704/7704 7706/7706/7706 7705/7705/7705
f 7707/7707/7707 7708/7708/7708 7709/7709/7709
f 7710/7710/7710 7711/7711/7711 7712/7712/7712
f 7711/7711/7711 7709/7709/7709 7712/7712/7712
f 7709/7709/7709 7708/7708/7708 7712/7712/7712
f 7713/7713/7713 7714/7714/7714 7715/7715/7715
f 7714/7714/7714 7716/7716/7716 7715/7715/7715
f 7717/7717/7717 7718/7718/7718 7719/7719/7719
f 7718/7718/7718 7720/7720/7720 7719/7719/7719
f 7721/7721/7721 7722/7722/7722 7723/7723/7723
f 7722/7722/7722 7724/7724/7724 7723/7723/7723
f 7725/7725/7725 7726/7726/7726 7727/7727/7727
f 7726/7726/7726 7728/7728/7728 7727/7727/7727
f 7729/7729/7729 7730/7730/7730 7731/7731/7731
f 7730/7730/7730 7732/7732/7732 7731/7731/7731
f 7733/7733/7733 7734/7734/7734 7735/7735/7735
f 7734/7734/7734 7736/7736/7736 7735/7735/7735
f 7737/7737/7737 7738/7738/7738 7739/7739/7739
f 7738/7738/7738 7740/7740/7740 7739/7739/7739
f 7741/7741/7741 7742/7742/7742 7743/7743/7743
f 7742/7742/7742 7744/7744/7744 7743/7743/7743
f 7745/7745/7745 7746/7746/7746 7747/7747/7747
f 7746/7746/7746 7748/7748/7748 7747/7747/7747
f 7749/7749/7749 7750/7750/7750 7751/7751/7751
f 7750/7750/7750 7752/7752/7752 7751/7751/7751
f 7753/7753/7753 7754/7754/7754 7755/7755/7755
f 7754/7754/7754 7756/7756/7756 7755/7755/7755
f 7757/7757/7757 7758/7758/7758 7759/7759/7759
f 7758/7758/7758 7760/7760/7760 7759/7759/7759
f 7761/7761/7761 7762/7762/7762 7763/7763/7763
f 7762/7762/7762 7764/7764/7764 7763/7763/7763
f 7765/7765/7765 7766/7766/7766 7767/7767/7767
f 7766/7766/7766 7768/7768/7768 7767/7767/7767
f 7769/7769/7769 7770/7770/7770 7771/7771/7771
f 7770/7770/7770 7772/7772/7772 7771/7771/7771
f 7773/7773/7773 7774/7774/7774 7775/7775/7775
f 7774/7774/7774 7776/7776/7776 7775/7775/7775
f 7777/7777/7777 7778/7778/7778 7779/7779/7779
f 7778/7778/7778 7780/7780/7780 7779/7779/7779
f 7781/7781/7781 7782/7782/7782 7783/7783/7783
f 7782/7782/7782 7784/7784/7784 7783/7783/7783
f 7785/7785/7785 7786/7786/7786 7787/7787/7787
f 7786/7786/7786 7788/7788/7788 7787/7787/7787
f 7789/7789/7789 7790/7790/7790 7791/7791/7791
f 7790/7790/7790 7792/7792/7792 7791/7791/7791
f 7793/7793/7793 7794/7794/7794 7795/7795/7795
f 7794/7794/7794 7796/7796/7796 7795/7795/7795
f 7797/7797/7797 7798/7798/7798 7799/7799/7799
f 7798/7798/7798 7800/7800/7800 7799/7799/7799
f 7801/7801/7801 7802/7802/7802 7803/7803/7803
f 7802/7802/7802 7804/7804/7804 7803/7803/7803
f 7805/7805/7805 7806/7806/7806 7807/7807/7807
f 7806/7806/7806 7808/7808/7808 7807/7807/7807
f 7809/7809/7809 7810/7810/7810 7811/7811/7811
f 7810/7810/7810 7812/7812/7812 7811/7811/7811
f 7813/7813/7813 7814/7814/7814 7815/7815/7815
f 7814/7814/7814 7816/7816/7816 7815/7815/7815
f 7817/7817/7817 7818/7818/7818 7819/7819/7819
f 7818/7818/7818 7820/7820/7820 7819/7819/7819
f 7821/7821/7821 7822/7822/7822 7823/7823/7823
f 7822/7822/7822 7824/7824/7824 7823/7823/7823
f 7825/7825/7825 7826/7826/7826 7827/7827/7827
f 7826/7826/7826 7828/7828/7828 7827/7827/7827
f 7829/7829/7829 7830/7830/7830 7831/7831/7831
f 7830/7830/7830 7832/7832/7832 7831/7831/7831
f 7833/7833/7833 7834/7834/7834 7835/7835/7835
f 7834/7834/7834 7836/7836/7836 7835/7835/7835
f 7837/7837/7837 7838/7838/7838 7839/7839/7839
f 7838/7838/7838 7840/7840/7840 7839/7839/7839
f 7841/7841/7841 7842/7842/7842 7843/7843/7843
f 7842/7842/7842 7844/7844/7844 7843/7843/7843
f 7845/7845/7845 7846/7846/7846 7847/7847/7847
f 7846/7846/7846 7848/7848/7848 7847/7847/7847
f 7849/7849/7849 7847/7847/7847 7850/7850/7850
f 7847/7847/7847 7848/7848/7848 7850/7850/7850
f 7851/7851/7851 7852/7852/7852 7853/7853/7853
f 7852/7852/7852 7854/7854/7854 7853/7853/7853
f 7855/7855/7855 7856/7856/7856 7857/7857/7857
f 7856/7856/7856 7858/7858/7858 7857/7857/7857
f 7859/7859/7859 7860/7860/7860 7861/7861/7861
f 7860/7860/7860 7862/7862/7862 7861/7861/7861
f 7863/7863/7863 7864/7864/7864 7865/7865/7865
f 7864/7864/7864 7866/7866/7866 7865/7865/7865
f 7867/7867/7867 7868/7868/7868 7869/7869/7869
f 7869/7869/7869 7868/7868/7868 7870/7870/7870
f 7870/7870/7870 7868/7868/7868 7871/7871/7871
f 7872/7872/7872 7871/7871/7871 7873/7873/7873
f 7873/7873/7873 7871/7871/7871 7874/7874/7874
f 7871/7871/7871 7868/7868/7868 7874/7874/7874
f 7875/7875/7875 7876/7876/7876 7877/7877/7877
f 7876/7876/7876 7878/7878/7878 7877/7877/7877
f 7879/7879/7879 7880/7880/7880 7881/7881/7881
f 7880/7880/7880 7882/7882/7882 7881/7881/7881
f 7883/7883/7883 7884/7884/7884 7885/7885/7885
f 7886/7886/7886 7885/7885/7885 7887/7887/7887
f 7887/7887/7887 7885/7885/7885 7888/7888/7888
f 7885/7885/7885 7884/7884/7884 7888/7888/7888
f 7889/7889/7889 7890/7890/7890 7891/7891/7891
f 7892/7892/7892 7891/7891/7891 7893/7893/7893
f 7893/7893/7893 7891/7891/7891 7894/7894/7894
f 7891/7891/7891 7890/7890/7890 7894/7894/7894
f 7895/7895/7895 7894/7894/7894 7896/7896/7896
f 7896/7896/7896 7894/7894/7894 7897/7897/7897
f 7894/7894/7894 7890/7890/7890 7897/7897/7897
f 7890/7890/7890 7898/7898/7898 7897/7897/7897
f 7898/7898/7898 7899/7899/7899 7897/7897/7897
f 7899/7899/7899 7900/7900/7900 7897/7897/7897
f 7901/7901/7901 7902/7902/7902 7903/7903/7903
f 7903/7903/7903 7902/7902/7902 7904/7904/7904
f 7904/7904/7904 7902/7902/7902 7905/7905/7905
f 7902/7902/7902 7906/7906/7906 7905/7905/7905
f 7907/7907/7907 7908/7908/7908 7909/7909/7909
f 7909/7909/7909 7908/7908/7908 7910/7910/7910
f 7911/7911/7911 7910/7910/7910 7912/7912/7912
f 7912/7912/7912 7910/7910/7910 7913/7913/7913
f 7910/7910/7910 7908/7908/7908 7913/7913/7913
f 7908/7908/7908 7914/7914/7914 7913/7913/7913
f 7915/7915/7915 7916/7916/7916 7917/7917/7917
f 7916/7916/7916 7918/7918/7918 7917/7917/7917
f 7919/7919/7919 7920/7920/7920 7921/7921/7921
f 7920/7920/7920 7922/7922/7922 7921/7921/7921
f 7923/7923/7923 7924/7924/7924 7925/7925/7925
f 7924/7924/7924 7926/7926/7926 7925/7925/7925
f 7927/7927/7927 7928/7928/7928 7929/7929/7929
f 7930/7930/7930 7931/7931/7931 7932/7932/7932
f 7931/7931/7931 7929/7929/7929 7932/7932/7932
f 7929/7929/7929 7928/7928/7928 7932/7932/7932
f 7928/7928/7928 7933/7933/7933 7932/7932/7932
f 7933/7933/7933 7934/7934/7934 7932/7932/7932
f 7935/7935/7935 7936/7936/7936 7937/7937/7937
f 7936/7936/7936 7938/7938/7938 7937/7937/7937
f 7939/7939/7939 7940/7940/7940 7941/7941/7941
f 7940/7940/7940 7942/7942/7942 7941/7941/7941
f 7943/7943/7943 7944/7944/7944 7945/7945/7945
f 7944/7944/7944 7946/7946/7946 7945/7945/7945
f 7947/7947/7947 7948/7948/7948 7949/7949/7949
f 7948/7948/7948 7950/7950/7950 7949/7949/7949
f 7951/7951/7951 7952/7952/7952 7953/7953/7953
f 7952/7952/7952 7954/7954/7954 7953/7953/7953
f 7955/7955/7955 7956/7956/7956 7957/7957/7957
f 7956/7956/7956 7958/7958/7958 7957/7957/7957
f 7959/7959/7959 7960/7960/7960 7961/7961/7961
f 7962/7962/7962 7961/7961/7961 7963/7963/7963
f 7963/7963/7963 7961/7961/7961 7964/7964/7964
f 7961/7961/7961 7960/7960/7960 7964/7964/7964
f 7965/7965/7965 7966/7966/7966 7967/7967/7967
f 7968/7968/7968 7969/7969/7969 7970/7970/7970
f 7969/7969/7969 7967/7967/7967 7970/7970/7970
f 7967/7967/7967 7966/7966/7966 7970/7970/7970
f 7971/7971/7971 7972/7972/7972 7973/7973/7973
f 7972/7972/7972 7974/7974/7974 7973/7973/7973
f 7975/7975/7975 7976/7976/7976 7977/7977/7977
f 7976/7976/7976 7978/7978/7978 7977/7977/7977
f 7979/7979/7979 7980/7980/7980 7981/7981/7981
f 7980/7980/7980 7982/7982/7982 7981/7981/7981
f 7983/7983/7983 7984/7984/7984 7985/7985/7985
f 7984/7984/7984 7986/7986/7986 7985/7985/7985
f 7987/7987/7987 7988/7988/7988 7989/7989/7989
f 7988/7988/7988 7990/7990/7990 7989/7989/7989
f 7991/7991/7991 7992/7992/7992 7993/7993/7993
f 7992/7992/7992 7994/7994/7994 7993/7993/7993
f 7995/7995/7995 7996/7996/7996 7997/7997/7997
f 7996/7996/7996 7998/7998/7998 7997/7997/7997
f 7999/7999/7999 8000/8000/8000 8001/8001/8001
f 8000/8000/8000 8002/8002/8002 8001/8001/8001
f 8003/8003/8003 8004/8004/8004 8005/8005/8005
f 8004/8004/8004 8006/8006/8006 8005/8005/8005
f 8007/8007/8007 8008/8008/8008 8009/8009/8009
f 8008/8008/8008 8010/8010/8010 8009/8009/8009
f 8011/8011/8011 8012/8012/8012 8013/8013/8013
f 8012/8012/8012 8014/8014/8014 8013/8013/8013
f 8015/8015/8015 8016/8016/8016 8017/8017/8017
f 8016/8016/8016 8018/8018/8018 8017/8017/8017
f 8019/8019/8019 8020/8020/8020 8021/8021/8021
f 8020/8020/8020 8022/8022/8022 8021/8021/8021
f 8023/8023/8023 8024/8024/8024 8025/8025/8025
f 8024/8024/8024 8026/8026/8026 8025/8025/8025
f 8027/8027/8027 8028/8028/8028 8029/8029/8029
f 8030/8030/8030 8029/8029/8029 8031/8031/8031
f 8032/8032/8032 8033/8033/8033 8034/8034/8034
f 8035/8035/8035 8036/8036/8036 8037/8037/8037
f 8036/8036/8036 8034/8034/8034 8037/8037/8037
f 8034/8034/8034 8033/8033/8033 8037/8037/8037
f 8033/8033/8033 8031/8031/8031 8037/8037/8037
f 8031/8031/8031 8029/8029/8029 8037/8037/8037
f 8029/8029/8029 8028/8028/8028 8037/8037/8037
f 8038/8038/8038 8037/8037/8037 8039/8039/8039
f 8039/8039/8039 8037/8037/8037 8040/8040/8040
f 8041/8041/8041 8040/8040/8040 8042/8042/8042
f 8042/8042/8042 8040/8040/8040 8043/8043/8043
f 8040/8040/8040 8037/8037/8037 8043/8043/8043
f 8037/8037/8037 8028/8028/8028 8043/8043/8043
f 8044/8044/8044 8043/8043/8043 8045/8045/8045
f 8045/8045/8045 8043/8043/8043 8046/8046/8046
f 8043/8043/8043 8028/8028/8028 8046/8046/8046
f 8047/8047/8047 8048/8048/8048 8049/8049/8049
f 8049/8049/8049 8048/8048/8048 8050/8050/8050
f 8051/8051/8051 8052/8052/8052 8053/8053/8053
f 8053/8053/8053 8052/8052/8052 8054/8054/8054
f 8052/8052/8052 8050/8050/8050 8054/8054/8054
f 8055/8055/8055 8054/8054/8054 8056/8056/8056
f 8056/8056/8056 8054/8054/8054 8057/8057/8057
f 8057/8057/8057 8054/8054/8054 8058/8058/8058
f 8058/8058/8058 8054/8054/8054 8059/8059/8059
f 8060/8060/8060 8059/8059/8059 8061/8061/8061
f 8061/8061/8061 8059/8059/8059 8062/8062/8062
f 8059/8059/8059 8054/8054/8054 8062/8062/8062
f 8063/8063/8063 8062/8062/8062 8064/8064/8064
f 8062/8062/8062 8054/8054/8054 8064/8064/8064
f 8054/8054/8054 8050/8050/8050 8064/8064/8064
f 8065/8065/8065 8064/8064/8064 8066/8066/8066
f 8064/8064/8064 8050/8050/8050 8066/8066/8066
f 8050/8050/8050 8048/8048/8048 8066/8066/8066
f 8067/8067/8067 8068/8068/8068 8069/8069/8069
f 8068/8068/8068 8070/8070/8070 8069/8069/8069
f 8071/8071/8071 8072/8072/8072 8073/8073/8073
f 8072/8072/8072 8074/8074/8074 8073/8073/8073
f 8075/8075/8075 8076/8076/8076 8077/8077/8077
f 8076/8076/8076 8078/8078/8078 8077/8077/8077
f 8079/8079/8079 8080/8080/8080 8081/8081/8081
f 8080/8080/8080 8082/8082/8082 8081/8081/8081
f 8083/8083/8083 8084/8084/8084 8085/8085/8085
f 8085/8085/8085 8084/8084/8084 8086/8086/8086
f 8086/8086/8086 8084/8084/8084 8087/8087/8087
f 8088/8088/8088 8087/8087/8087 8089/8089/8089
f 8089/8089/8089 8087/8087/8087 8090/8090/8090
f 8087/8087/8087 8084/8084/8084 8090/8090/8090
f 8091/8091/8091 8092/8092/8092 8093/8093/8093
f 8093/8093/8093 8092/8092/8092 8094/8094/8094
f 8094/8094/8094 8092/8092/8092 8095/8095/8095
f 8092/8092/8092 8096/8096/8096 8095/8095/8095
f 8097/8097/8097 8098/8098/8098 8099/8099/8099
f 8098/8098/8098 8100/8100/8100 8099/8099/8099
f 8101/8101/8101 8102/8102/8102 8103/8103/8103
f 8102/8102/8102 8104/8104/8104 8103/8103/8103
f 8105/8105/8105 8106/8106/8106 8107/8107/8107
f 8107/8107/8107 8106/8106/8106 8108/8108/8108
f 8106/8106/8106 8109/8109/8109 8108/8108/8108
f 8109/8109/8109 8110/8110/8110 8108/8108/8108
f 8111/8111/8111 8112/8112/8112 8113/8113/8113
f 8112/8112/8112 8114/8114/8114 8113/8113/8113
f 8115/8115/8115 8116/8116/8116 8117/8117/8117
f 8116/8116/8116 8118/8118/8118 8117/8117/8117
f 8119/8119/8119 8120/8120/8120 8121/8121/8121
f 8120/8120/8120 8122/8122/8122 8121/8121/8121
f 8123/8123/8123 8124/8124/8124 8125/8125/8125
f 8124/8124/8124 8126/8126/8126 8125/8125/8125
f 8127/8127/8127 8128/8128/8128 8129/8129/8129
f 8128/8128/8128 8130/8130/8130 8129/8129/8129
f 8131/8131/8131 8132/8132/8132 8133/8133/8133
f 8132/8132/8132 8134/8134/8134 8133/8133/8133
f 8135/8135/8135 8136/8136/8136 8137/8137/8137
f 8136/8136/8136 8138/8138/8138 8137/8137/8137
f 8139/8139/8139 8140/8140/8140 8141/8141/8141
f 8140/8140/8140 8142/8142/8142 8141/8141/8141
v 0.3737621 0.0217402 -0.3560248
v 0.3737621 0.0196252 -0.3551435
v 0.2762948 0.0217402 -0.3560248
v 0.2762948 0.0196252 -0.3551435
v 0.3737621 0.0196252 -0.3551435
v 0.3737621 0.0187440 -0.3530285
v 0.2762948 0.0196252 -0.3551435
v 0.2762948 0.0187440 -0.3530285
v 0.3737621 0.9812560 -0.3530285
v 0.3737621 0.9803748 -0.3551435
v 0.2762948 0.9812560 -0.3530285
v 0.2762948 0.9803748 -0.3551435
v 0.3738209 0.9812560 0.2995151
v 0.3737621 0.9812560 -0.3530285
v 0.3717646 0.9812560 0.3071527
v 0.3662420 0.9812560 0.3130278
v 0.3586044 0.9812560 0.3177278
v 0.3496743 0.9812560 0.3210178
v 0.3401567 0.9812560 0.3229566
v 0.3301691 0.9812560 0.3237204
v 0.3199465 0.9812560 0.3237204
v 0.3099001 0.9812560 0.3229566
v 0.3003825 0.9812560 0.3210178
v 0.2915112 0.9812560 0.3177278
v 0.2838149 0.9812560 0.3130278
v 0.2782923 0.9812560 0.3071527
v 0.2762360 0.9812560 0.2995151
v 0.2762948 0.9812560 -0.3530285
v 0.3737621 0.9803748 -0.3551435
v 0.3737621 0.9782597 -0.3560248
v 0.2762948 0.9803748 -0.3551435
v 0.2762948 0.9782597 -0.3560248
v 0.2762948 0.0217402 -0.3560248
v 0.3737621 0.0217402 -0.3560248
v 0.2782923 0.0187440 0.3071527
v 0.2762360 0.0187440 0.2995151
v 0.2838149 0.0187440 0.3130278
v 0.2915112 0.0187440 0.3177278
v 0.3003825 0.0187440 0.3210178
v 0.3099001 0.0187440 0.3229566
v 0.3199465 0.0187440 0.3237204
v 0.3301691 0.0187440 0.3237204
v 0.3401567 0.0187440 0.3229566
v 0.3496743 0.0187440 0.3210178
v 0.3586044 0.0187440 0.3177278
v 0.3662420 0.0187440 0.3130278
v 0.3717646 0.0187440 0.3071527
v 0.3738209 0.0187440 0.2995151
v 0.3737621 0.0187440 -0.3530285
v 0.2762948 0.0187440 -0.3530285
vt 0.7030928 0.0042577
vt 0.7030928 0.0010899
vt 0.6670300 0.0042577
vt 0.6670300 0.0010899
vt 0.7752998 0.7549985
vt 0.7752998 0.7515871
vt 0.7393181 0.7549985
vt 0.7393181 0.7515871
vt 0.7031741 0.7515871
vt 0.7031741 0.7549985
vt 0.7391557 0.7515871
vt 0.7391557 0.7549985
vt 0.7030928 0.0278934
vt 0.7031741 0.7515871
vt 0.7039051 0.0193651
vt 0.7059356 0.0127860
vt 0.7087784 0.0076690
vt 0.7120273 0.0040139
vt 0.7156011 0.0018210
vt 0.7192561 0.0010899
vt 0.7230736 0.0010899
vt 0.7267286 0.0018210
vt 0.7303024 0.0040139
vt 0.7335513 0.0076690
vt 0.7363941 0.0127860
vt 0.7384247 0.0193651
vt 0.7392369 0.0278934
vt 0.7391557 0.7515871
vt 0.7030928 0.9989101
vt 0.7030928 0.9957424
vt 0.6670300 0.9989101
vt 0.6670300 0.9957424
vt 0.6670300 0.0042577
vt 0.7030928 0.0042577
vt 0.7400491 0.0193651
vt 0.7392369 0.0278934
vt 0.7420797 0.0127860
vt 0.7449225 0.0076690
vt 0.7481714 0.0040139
vt 0.7517452 0.0018210
vt 0.7554002 0.0010899
vt 0.7592177 0.0010899
vt 0.7628727 0.0018210
vt 0.7664465 0.0040139
vt 0.7696954 0.0076690
vt 0.7725382 0.0127860
vt 0.7745688 0.0193651
vt 0.7753810 0.0278934
vt 0.7752998 0.7515871
vt 0.7393181 0.7515871
vn 0.0000000 0.0000000 -1.0000000
vn 0.0000000 -0.7057216 -0.7084892
vn 0.0000000 0.0000000 -1.0000000
vn 0.0000000 -0.7057216 -0.7084892
vn 0.0000000 -0.7057216 -0.7084892
vn 0.0000000 -0.9999981 -0.0019608
vn 0.0000000 -0.7057216 -0.7084892
vn 0.0000000 -0.9999981 -0.0019608
vn 0.0000000 0.9999981 -0.0019608
vn 0.0000000 0.7084892 -0.7057216
vn 0.0000000 0.9999981 -0.0019608
vn 0.0000000 0.7084892 -0.7057216
vn 0.0000000 1.0000000 0.0000000
vn 0.0000000 0.9999981 -0.0019608
vn 0.0000000 1.0000000 0.0000000
vn 0.0000000 1.0000000 0.0000000
vn 0.0000000 1.0000000 0.0000000
vn 0.0000000 1.0000000 0.0000000
vn 0.0000000 1.0000000 0.0000000
vn 0.0000000 1.0000000 0.0000000
vn 0.0000000 1.0000000 0.0000000
vn 0.0000000 1.0000000 0.0000000
vn 0.0000000 1.0000000 0.0000000
vn 0.0000000 1.0000000 0.0000000
vn 0.0000000 1.0000000 0.0000000
vn 0.0000000 1.0000000 0.0000000
vn 0.0000000 1.0000000 0.0000000
vn 0.0000000 0.9999981 -0.0019608
vn 0.0000000 0.7084892 -0.7057216
vn 0.0000000 0.0000000 -1.0000000
vn 0.0000000 0.7084892 -0.7057216
vn 0.0000000 0.0000000 -1.0000000
vn 0.0000000 -0.0019608 -0.9999981
vn 0.0000000 -0.0019608 -0.9999981
vn 0.0000000 -1.0000000 0.0000000
vn 0.0000000 -1.0000000 0.0000000
vn 0.0000000 -1.0000000 0.0000000
vn 0.0000000 -1.0000000 0.0000000
vn 0.0000000 -1.0000000 0.0000000
vn 0.0000000 -1.0000000 0.0000000
vn 0.0000000 -1.0000000 0.0000000
vn 0.0000000 -1.0000000 0.0000000
vn 0.0000000 -1.0000000 0.0000000
vn 0.0000000 -1.0000000 0.0000000
vn 0.0000000 -1.0000000 0.0000000
vn 0.0000000 -1.0000000 0.0000000
vn 0.0000000 -1.0000000 0.0000000
vn 0.0000000 -1.0000000 0.0000000
vn 0.0000000 -0.9999981 -0.0019608
vn 0.0000000 -0.9999981 -0.0019608
f 8143/8143/8143 8144/8144/8144 8145/8145/8145
f 8144/8144/8144 8146/8146/8146 8145/8145/8145
f 8147/8147/8147 8148/8148/8148 8149/8149/8149
f 8148/8148/8148 8150/8150/8150 8149/8149/8149
f 8151/8151/8151 8152/8152/8152 8153/8153/8153
f 8152/8152/8152 8154/8154/8154 8153/8153/8153
f 8155/8155/8155 8156/8156/8156 8157/8157/8157
f 8158/8158/8158 8157/8157/8157 8159/8159/8159
f 8157/8157/8157 8156/8156/8156 8159/8159/8159
f 8160/8160/8160 8159/8159/8159 8161/8161/8161
f 8162/8162/8162 8161/8161/8161 8163/8163/8163
f 8161/8161/8161 8159/8159/8159 8163/8163/8163
f 8159/8159/8159 8156/8156/8156 8163/8163/8163
f 8164/8164/8164 8163/8163/8163 8165/8165/8165
f 8166/8166/8166 8165/8165/8165 8167/8167/8167
f 8165/8165/8165 8163/8163/8163 8167/8167/8167
f 8163/8163/8163 8156/8156/8156 8167/8167/8167
f 8168/8168/8168 8167/8167/8167 8169/8169/8169
f 8167/8167/8167 8156/8156/8156 8169/8169/8169
f 8156/8156/8156 8170/8170/8170 8169/8169/8169
f 8171/8171/8171 8172/8172/8172 8173/8173/8173
f 8173/8173/8173 8172/8172/8172 8174/8174/8174
f 8174/8174/8174 8172/8172/8172 8175/8175/8175
f 8172/8172/8172 8176/8176/8176 8175/8175/8175
f 8177/8177/8177 8178/8178/8178 8179/8179/8179
f 8180/8180/8180 8179/8179/8179 8181/8181/8181
f 8179/8179/8179 8178/8178/8178 8181/8181/8181
f 8182/8182/8182 8181/8181/8181 8183/8183/8183
f 8184/8184/8184 8183/8183/8183 8185/8185/8185
f 8183/8183/8183 8181/8181/8181 8185/8185/8185
f 8181/8181/8181 8178/8178/8178 8185/8185/8185
f 8186/8186/8186 8185/8185/8185 8187/8187/8187
f 8188/8188/8188 8187/8187/8187 8189/8189/8189
f 8187/8187/8187 8185/8185/8185 8189/8189/8189
f 8185/8185/8185 8178/8178/8178 8189/8189/8189
f 8190/8190/8190 8189/8189/8189 8191/8191/8191
f 8189/8189/8189 8178/8178/8178 8191/8191/8191
f 8178/8178/8178 8192/8192/8192 8191/8191/8191
