# Converted from BlendKit asset: bk_lamp
mtllib bk_lamp.mtl
usemtl atlas
v 0.0420826 0.0056110 -0.5310130
v 0.0438792 0.0056110 -0.5400514
v 0.0826312 0.0056110 -0.5186024
v 0.0861415 0.0056110 -0.5271157
v 0.1200564 0.0056110 -0.4987013
v 0.1251699 0.0056110 -0.5063577
v 0.1528380 0.0056110 -0.4719730
v 0.1593611 0.0056110 -0.4784961
v 0.1795663 0.0056110 -0.4391914
v 0.1872227 0.0056110 -0.4443049
v 0.1994674 0.0056110 -0.4017662
v 0.2079807 0.0056110 -0.4052765
v 0.2118780 0.0056110 -0.3612176
v 0.2209164 0.0056110 -0.3630143
v 0.2161346 0.0056110 -0.3191212
v 0.2253666 0.0056110 -0.3191212
v 0.2118780 0.0056110 -0.2770524
v 0.2209164 0.0056110 -0.2752558
v 0.1994674 0.0056110 -0.2365038
v 0.2079807 0.0056110 -0.2329935
v 0.1795663 0.0056110 -0.1990786
v 0.1872227 0.0056110 -0.1939651
v 0.1528380 0.0056110 -0.1662971
v 0.1593611 0.0056110 -0.1597739
v 0.1200564 0.0056110 -0.1395687
v 0.1251699 0.0056110 -0.1319123
v 0.0826312 0.0056110 -0.1196676
v 0.0861415 0.0056110 -0.1111543
v 0.0420826 0.0056110 -0.1072570
v 0.0438792 0.0056110 -0.0982186
v 0.0000138 0.0053346 -0.1037467
v 0.0000138 0.0056110 -0.1030004
v 0.0000138 0.0056110 -0.0937684
v 0.0000138 0.0059151 -0.0930222
v 0.0440175 0.0059151 -0.0974723
v 0.0864456 0.0059151 -0.1104633
v 0.1255845 0.0059151 -0.1312766
v 0.1598863 0.0059151 -0.1592487
v 0.1878585 0.0059151 -0.1935505
v 0.2086717 0.0059151 -0.2326894
v 0.2216627 0.0059151 -0.2751176
v 0.2261128 0.0059151 -0.3191212
v 0.2216627 0.0059151 -0.3631524
v 0.2086717 0.0059151 -0.4055806
v 0.1878585 0.0059151 -0.4447195
v 0.1598863 0.0059151 -0.4790213
v 0.1255845 0.0059151 -0.5069935
v 0.0864456 0.0059151 -0.5278067
v 0.0440175 0.0059151 -0.5407977
v 0.0000138 0.0059151 -0.5452479
v 0.0000138 0.0056110 -0.5445016
v 0.0000138 0.0056110 -0.5352696
v 0.0000138 0.0053346 -0.5345234
v 0.0419444 0.0053346 -0.5302667
v 0.0823271 0.0053346 -0.5178838
v 0.1196418 0.0053346 -0.4980656
v 0.1523128 0.0053346 -0.4714478
v 0.1789306 0.0053346 -0.4387768
v 0.1987488 0.0053346 -0.4014621
v 0.2111317 0.0053346 -0.3610794
v 0.2153883 0.0053346 -0.3191212
v 0.2111317 0.0053346 -0.2771906
v 0.1987488 0.0053346 -0.2368079
v 0.1789306 0.0053346 -0.1994932
v 0.1523128 0.0053346 -0.1668222
v 0.1196418 0.0053346 -0.1402044
v 0.0823271 0.0053346 -0.1203862
v 0.0419444 0.0053346 -0.1080033
v 0.0418891 0.0010503 -0.5299627
v 0.0418891 0.0045607 -0.5299627
v 0.0822166 0.0010503 -0.5176350
v 0.0822166 0.0045607 -0.5176350
v 0.1194759 0.0010503 -0.4978444
v 0.1194759 0.0045607 -0.4978444
v 0.1520917 0.0010503 -0.4712267
v 0.1520917 0.0045607 -0.4712267
v 0.1787095 0.0010503 -0.4386109
v 0.1787095 0.0045607 -0.4386109
v 0.1985000 0.0010503 -0.4013516
v 0.1985000 0.0045607 -0.4013516
v 0.2108277 0.0010503 -0.3610241
v 0.2108277 0.0045607 -0.3610241
v 0.2150843 0.0010503 -0.3191212
v 0.2150843 0.0045607 -0.3191212
v 0.2108277 0.0010503 -0.2772459
v 0.2108277 0.0045607 -0.2772459
v 0.1985000 0.0010503 -0.2369184
v 0.1985000 0.0045607 -0.2369184
v 0.1787095 0.0010503 -0.1996591
v 0.1787095 0.0045607 -0.1996591
v 0.1520917 0.0010503 -0.1670433
v 0.1520917 0.0045607 -0.1670433
v 0.1194759 0.0010503 -0.1404255
v 0.1194759 0.0045607 -0.1404255
v 0.0822166 0.0010503 -0.1206350
v 0.0822166 0.0045607 -0.1206350
v 0.0418891 0.0010503 -0.1083073
v 0.0418891 0.0045607 -0.1083073
v 0.0000138 0.0053346 -0.1037467
v 0.0000138 0.0045607 -0.1040507
v 0.0419444 0.0053346 -0.1080033
v 0.0823271 0.0053346 -0.1203862
v 0.1196418 0.0053346 -0.1402044
v 0.1523128 0.0053346 -0.1668222
v 0.1789306 0.0053346 -0.1994932
v 0.1987488 0.0053346 -0.2368079
v 0.2111317 0.0053346 -0.2771906
v 0.2153883 0.0053346 -0.3191212
v 0.2111317 0.0053346 -0.3610794
v 0.1987488 0.0053346 -0.4014621
v 0.1789306 0.0053346 -0.4387768
v 0.1523128 0.0053346 -0.4714478
v 0.1196418 0.0053346 -0.4980656
v 0.0823271 0.0053346 -0.5178838
v 0.0419444 0.0053346 -0.5302667
v 0.0000138 0.0053346 -0.5345234
v 0.0000138 0.0045607 -0.5342193
v 0.0000138 0.0010503 -0.5342193
v 0.0000138 0.0002764 -0.5339429
v 0.0418339 0.0002764 -0.5296863
v 0.0821060 0.0002764 -0.5173586
v 0.1193101 0.0002764 -0.4975957
v 0.1518982 0.0002764 -0.4710332
v 0.1784607 0.0002764 -0.4384451
v 0.1982236 0.0002764 -0.4012410
v 0.2105513 0.0002764 -0.3609689
v 0.2148079 0.0002764 -0.3191212
v 0.2105513 0.0002764 -0.2773012
v 0.1982236 0.0002764 -0.2370290
v 0.1784607 0.0002764 -0.1998249
v 0.1518982 0.0002764 -0.1672368
v 0.1193101 0.0002764 -0.1406743
v 0.0821060 0.0002764 -0.1209114
v 0.0418339 0.0002764 -0.1085837
v 0.0000138 0.0002764 -0.1043271
v 0.0000138 0.0010503 -0.1040507
v -0.0420826 0.0056110 -0.1072570
v -0.0438792 0.0056110 -0.0982186
v -0.0826312 0.0056110 -0.1196676
v -0.0861415 0.0056110 -0.1111543
v -0.1200564 0.0056110 -0.1395687
v -0.1251699 0.0056110 -0.1319123
v -0.1528380 0.0056110 -0.1662971
v -0.1593611 0.0056110 -0.1597739
v -0.1795663 0.0056110 -0.1990786
v -0.1872227 0.0056110 -0.1939651
v -0.1994674 0.0056110 -0.2365038
v -0.2079807 0.0056110 -0.2329935
v -0.2118780 0.0056110 -0.2770524
v -0.2209164 0.0056110 -0.2752558
v -0.2161346 0.0056110 -0.3191212
v -0.2253666 0.0056110 -0.3191212
v -0.2118780 0.0056110 -0.3612176
v -0.2209164 0.0056110 -0.3630143
v -0.1994674 0.0056110 -0.4017662
v -0.2079807 0.0056110 -0.4052765
v -0.1795663 0.0056110 -0.4391914
v -0.1872227 0.0056110 -0.4443049
v -0.1528380 0.0056110 -0.4719730
v -0.1593611 0.0056110 -0.4784961
v -0.1200564 0.0056110 -0.4987013
v -0.1251699 0.0056110 -0.5063577
v -0.0826312 0.0056110 -0.5186024
v -0.0861415 0.0056110 -0.5271157
v -0.0420826 0.0056110 -0.5310130
v -0.0438792 0.0056110 -0.5400514
v 0.0000138 0.0053346 -0.5345234
v 0.0000138 0.0056110 -0.5352696
v 0.0000138 0.0056110 -0.5445016
v 0.0000138 0.0059151 -0.5452479
v -0.0440174 0.0059151 -0.5407977
v -0.0864456 0.0059151 -0.5278067
v -0.1255845 0.0059151 -0.5069935
v -0.1598863 0.0059151 -0.4790213
v -0.1878584 0.0059151 -0.4447195
v -0.2086717 0.0059151 -0.4055806
v -0.2216627 0.0059151 -0.3631524
v -0.2261128 0.0059151 -0.3191212
v -0.2216627 0.0059151 -0.2751176
v -0.2086717 0.0059151 -0.2326894
v -0.1878584 0.0059151 -0.1935505
v -0.1598863 0.0059151 -0.1592487
v -0.1255845 0.0059151 -0.1312766
v -0.0864456 0.0059151 -0.1104633
v -0.0440174 0.0059151 -0.0974723
v 0.0000138 0.0059151 -0.0930222
v 0.0000138 0.0056110 -0.0937684
v 0.0000138 0.0056110 -0.1030004
v 0.0000138 0.0053346 -0.1037467
v -0.0419444 0.0053346 -0.1080033
v -0.0823271 0.0053346 -0.1203862
v -0.1196418 0.0053346 -0.1402044
v -0.1523128 0.0053346 -0.1668222
v -0.1789306 0.0053346 -0.1994932
v -0.1987488 0.0053346 -0.2368079
v -0.2111317 0.0053346 -0.2771906
v -0.2153883 0.0053346 -0.3191212
v -0.2111317 0.0053346 -0.3610794
v -0.1987488 0.0053346 -0.4014621
v -0.1789306 0.0053346 -0.4387768
v -0.1523128 0.0053346 -0.4714478
v -0.1196418 0.0053346 -0.4980656
v -0.0823271 0.0053346 -0.5178838
v -0.0419444 0.0053346 -0.5302667
v -0.0418891 0.0010503 -0.1083073
v -0.0418891 0.0045607 -0.1083073
v -0.0822166 0.0010503 -0.1206350
v -0.0822166 0.0045607 -0.1206350
v -0.1194759 0.0010503 -0.1404255
v -0.1194759 0.0045607 -0.1404255
v -0.1520917 0.0010503 -0.1670433
v -0.1520917 0.0045607 -0.1670433
v -0.1787094 0.0010503 -0.1996591
v -0.1787094 0.0045607 -0.1996591
v -0.1985000 0.0010503 -0.2369184
v -0.1985000 0.0045607 -0.2369184
v -0.2108277 0.0010503 -0.2772459
v -0.2108277 0.0045607 -0.2772459
v -0.2150843 0.0010503 -0.3191212
v -0.2150843 0.0045607 -0.3191212
v -0.2108277 0.0010503 -0.3610241
v -0.2108277 0.0045607 -0.3610241
v -0.1985000 0.0010503 -0.4013516
v -0.1985000 0.0045607 -0.4013516
v -0.1787094 0.0010503 -0.4386109
v -0.1787094 0.0045607 -0.4386109
v -0.1520917 0.0010503 -0.4712267
v -0.1520917 0.0045607 -0.4712267
v -0.1194759 0.0010503 -0.4978444
v -0.1194759 0.0045607 -0.4978444
v -0.0822166 0.0010503 -0.5176350
v -0.0822166 0.0045607 -0.5176350
v -0.0418891 0.0010503 -0.5299627
v -0.0418891 0.0045607 -0.5299627
v 0.0000138 0.0053346 -0.5345234
v 0.0000138 0.0045607 -0.5342193
v -0.0419444 0.0053346 -0.5302667
v -0.0823271 0.0053346 -0.5178838
v -0.1196418 0.0053346 -0.4980656
v -0.1523128 0.0053346 -0.4714478
v -0.1789306 0.0053346 -0.4387768
v -0.1987488 0.0053346 -0.4014621
v -0.2111317 0.0053346 -0.3610794
v -0.2153883 0.0053346 -0.3191212
v -0.2111317 0.0053346 -0.2771906
v -0.1987488 0.0053346 -0.2368079
v -0.1789306 0.0053346 -0.1994932
v -0.1523128 0.0053346 -0.1668222
v -0.1196418 0.0053346 -0.1402044
v -0.0823271 0.0053346 -0.1203862
v -0.0419444 0.0053346 -0.1080033
v 0.0000138 0.0053346 -0.1037467
v 0.0000138 0.0045607 -0.1040507
v 0.0000138 0.0010503 -0.1040507
v 0.0000138 0.0002764 -0.1043271
v -0.0418338 0.0002764 -0.1085837
v -0.0821060 0.0002764 -0.1209114
v -0.1193101 0.0002764 -0.1406743
v -0.1518982 0.0002764 -0.1672368
v -0.1784607 0.0002764 -0.1998249
v -0.1982236 0.0002764 -0.2370290
v -0.2105513 0.0002764 -0.2773012
v -0.2148079 0.0002764 -0.3191212
v -0.2105513 0.0002764 -0.3609689
v -0.1982236 0.0002764 -0.4012410
v -0.1784607 0.0002764 -0.4384451
v -0.1518982 0.0002764 -0.4710332
v -0.1193101 0.0002764 -0.4975957
v -0.0821060 0.0002764 -0.5173586
v -0.0418338 0.0002764 -0.5296863
v 0.0000138 0.0002764 -0.5339429
v 0.0000138 0.0010503 -0.5342193
v 0.0550183 0.0000000 -0.2601364
v 0.0000138 0.0000000 -0.2587544
v 0.0561240 0.0000000 -0.3191212
v 0.0550183 0.0000000 -0.3781336
v 0.0000138 0.0000000 -0.3191212
v -0.0550183 0.0000000 -0.2601364
v -0.1017031 0.0000000 -0.2125119
v -0.0518121 0.0000000 -0.2048831
v 0.0000138 0.0000000 -0.2022573
v 0.0518121 0.0000000 -0.2048831
v 0.1017031 0.0000000 -0.2125119
v 0.1080051 0.0000000 -0.2641996
v 0.1101887 0.0000000 -0.3191212
v 0.1080051 0.0000000 -0.3740704
v 0.1017031 0.0000000 -0.4257581
v 0.0518121 0.0000000 -0.4333869
v 0.0000138 0.0000000 -0.3795156
v -0.0561240 0.0000000 -0.3191212
v -0.1080051 0.0000000 -0.2641996
v -0.1477798 0.0000000 -0.2247566
v -0.1330474 0.0000000 -0.1836829
v -0.0915590 0.0000000 -0.1671539
v -0.0466433 0.0000000 -0.1568440
v 0.0000138 0.0000000 -0.1532784
v 0.0466433 0.0000000 -0.1568440
v 0.0915591 0.0000000 -0.1671539
v 0.1330474 0.0000000 -0.1836829
v 0.1477798 0.0000000 -0.2247566
v 0.1569564 0.0000000 -0.2706951
v 0.1601351 0.0000000 -0.3191212
v 0.1569564 0.0000000 -0.3675749
v 0.1477798 0.0000000 -0.4135134
v 0.1330474 0.0000000 -0.4545871
v 0.0915591 0.0000000 -0.4711161
v 0.0466433 0.0000000 -0.4814260
v 0.0000138 0.0000000 -0.4360127
v -0.0550183 0.0000000 -0.3781336
v -0.1101887 0.0000000 -0.3191212
v -0.1569564 0.0000000 -0.2706951
v -0.1998268 0.0000000 -0.2794295
v -0.1881348 0.0000000 -0.2412027
v -0.1693670 0.0000000 -0.2059058
v -0.1441589 0.0000000 -0.1749761
v -0.1132292 0.0000000 -0.1497680
v -0.0779323 0.0000000 -0.1310002
v -0.0397055 0.0000000 -0.1193082
v 0.0000138 0.0000000 -0.1152727
v 0.0397055 0.0000000 -0.1193082
v 0.0779323 0.0000000 -0.1310002
v 0.1132292 0.0000000 -0.1497680
v 0.1441589 0.0000000 -0.1749761
v 0.1693670 0.0000000 -0.2059058
v 0.1881349 0.0000000 -0.2412027
v 0.1998268 0.0000000 -0.2794295
v 0.2038623 0.0000000 -0.3191212
v 0.1998268 0.0000000 -0.3588405
v 0.1881349 0.0000000 -0.3970673
v 0.1693670 0.0000000 -0.4323642
v 0.1441589 0.0000000 -0.4632939
v 0.1132292 0.0000000 -0.4885020
v 0.0779323 0.0000000 -0.5072698
v 0.0397055 0.0000000 -0.5189618
v 0.0000138 0.0000000 -0.5229973
v 0.0000138 0.0000000 -0.4849916
v -0.0518121 0.0000000 -0.4333869
v -0.1080051 0.0000000 -0.3740704
v -0.1601350 0.0000000 -0.3191212
v -0.2038623 0.0000000 -0.3191212
v -0.2140340 0.0000000 -0.3191212
v -0.2098050 0.0000000 -0.2774670
v -0.1975326 0.0000000 -0.2373054
v -0.1778249 0.0000000 -0.2002395
v -0.1513454 0.0000000 -0.1677896
v -0.1188955 0.0000000 -0.1413101
v -0.0818296 0.0000000 -0.1216024
v -0.0416680 0.0000000 -0.1093300
v 0.0000138 0.0000000 -0.1051010
v 0.0416680 0.0000000 -0.1093300
v 0.0818296 0.0000000 -0.1216024
v 0.1188955 0.0000000 -0.1413101
v 0.1513454 0.0000000 -0.1677896
v 0.1778250 0.0000000 -0.2002395
v 0.1975326 0.0000000 -0.2373054
v 0.2098050 0.0000000 -0.2774670
v 0.2140340 0.0000000 -0.3191212
v 0.2098050 0.0000000 -0.3608030
v 0.1975326 0.0000000 -0.4009646
v 0.1778250 0.0000000 -0.4380305
v 0.1513454 0.0000000 -0.4704804
v 0.1188955 0.0000000 -0.4969599
v 0.0818296 0.0000000 -0.5166676
v 0.0416680 0.0000000 -0.5289400
v 0.0000138 0.0000000 -0.5331690
v -0.0416680 0.0000000 -0.5289400
v -0.0818296 0.0000000 -0.5166676
v -0.0397055 0.0000000 -0.5189618
v -0.0466433 0.0000000 -0.4814260
v -0.1017031 0.0000000 -0.4257581
v -0.1569564 0.0000000 -0.3675749
v -0.1998268 0.0000000 -0.3588405
v -0.2098050 0.0000000 -0.3608030
v -0.2105513 0.0002764 -0.3609689
v -0.2148079 0.0002764 -0.3191212
v -0.2105513 0.0002764 -0.2773012
v -0.1982236 0.0002764 -0.2370290
v -0.1784607 0.0002764 -0.1998249
v -0.1518982 0.0002764 -0.1672368
v -0.1193101 0.0002764 -0.1406743
v -0.0821060 0.0002764 -0.1209114
v -0.0418338 0.0002764 -0.1085837
v 0.0000138 0.0002764 -0.1043271
v 0.0418339 0.0002764 -0.1085837
v 0.0821060 0.0002764 -0.1209114
v 0.1193101 0.0002764 -0.1406743
v 0.1518982 0.0002764 -0.1672368
v 0.1784607 0.0002764 -0.1998249
v 0.1982236 0.0002764 -0.2370290
v 0.2105513 0.0002764 -0.2773012
v 0.2148079 0.0002764 -0.3191212
v 0.2105513 0.0002764 -0.3609689
v 0.1982236 0.0002764 -0.4012410
v 0.1784607 0.0002764 -0.4384451
v 0.1518982 0.0002764 -0.4710332
v 0.1193101 0.0002764 -0.4975957
v 0.0821060 0.0002764 -0.5173586
v 0.0418339 0.0002764 -0.5296863
v 0.0000138 0.0002764 -0.5339429
v -0.0418338 0.0002764 -0.5296863
v -0.0821060 0.0002764 -0.5173586
v -0.1193101 0.0002764 -0.4975957
v -0.1784607 0.0002764 -0.4384451
v -0.1518982 0.0002764 -0.4710332
v -0.1513454 0.0000000 -0.4704804
v -0.1188955 0.0000000 -0.4969599
v -0.0779323 0.0000000 -0.5072698
v -0.0915590 0.0000000 -0.4711161
v -0.1477798 0.0000000 -0.4135134
v -0.1881348 0.0000000 -0.3970673
v -0.1975326 0.0000000 -0.4009646
v -0.1982236 0.0002764 -0.4012410
v -0.1778249 0.0000000 -0.4380305
v -0.1441589 0.0000000 -0.4632939
v -0.1132292 0.0000000 -0.4885020
v -0.1330474 0.0000000 -0.4545871
v -0.1693670 0.0000000 -0.4323642
v -0.0440727 0.0066614 -0.5410741
v -0.0865561 0.0066614 -0.5280831
v -0.0440727 0.0201499 -0.5410741
v -0.0865561 0.0201499 -0.5280831
v -0.1257503 0.0066614 -0.5072422
v -0.1257503 0.0201499 -0.5072422
v -0.1601074 0.0066614 -0.4792424
v -0.1601074 0.0201499 -0.4792424
v -0.1881072 0.0066614 -0.4448853
v -0.1881072 0.0201499 -0.4448853
v -0.2089481 0.0066614 -0.4056911
v -0.2089481 0.0201499 -0.4056911
v -0.2219391 0.0066614 -0.3632077
v -0.2219391 0.0201499 -0.3632077
v -0.2264169 0.0066614 -0.3191212
v -0.2264169 0.0201499 -0.3191212
v -0.2219391 0.0066614 -0.2750623
v -0.2219391 0.0201499 -0.2750623
v -0.2089481 0.0066614 -0.2325789
v -0.2089481 0.0201499 -0.2325789
v -0.1881072 0.0066614 -0.1933847
v -0.1881072 0.0201499 -0.1933847
v -0.1601074 0.0066614 -0.1590276
v -0.1601074 0.0201499 -0.1590276
v -0.1257503 0.0066614 -0.1310278
v -0.1257503 0.0201499 -0.1310278
v -0.0865561 0.0066614 -0.1101869
v -0.0865561 0.0201499 -0.1101869
v -0.0440727 0.0066614 -0.0971959
v -0.0440727 0.0201499 -0.0971959
v 0.0000138 0.0201499 -0.0927181
v 0.0000138 0.0066614 -0.0927181
v 0.0000138 0.0059151 -0.0930222
v -0.0440174 0.0059151 -0.0974723
v -0.0864456 0.0059151 -0.1104633
v -0.1255845 0.0059151 -0.1312766
v -0.1598863 0.0059151 -0.1592487
v -0.1878584 0.0059151 -0.1935505
v -0.2086717 0.0059151 -0.2326894
v -0.2216627 0.0059151 -0.2751176
v -0.2261128 0.0059151 -0.3191212
v -0.2216627 0.0059151 -0.3631524
v -0.2086717 0.0059151 -0.4055806
v -0.1878584 0.0059151 -0.4447195
v -0.1598863 0.0059151 -0.4790213
v -0.1255845 0.0059151 -0.5069935
v -0.0864456 0.0059151 -0.5278067
v -0.0440174 0.0059151 -0.5407977
v 0.0000138 0.0059151 -0.5452479
v 0.0000138 0.0066614 -0.5455519
v 0.0000138 0.0201499 -0.5455519
v 0.0000138 0.0205369 -0.5453308
v -0.0440451 0.0205369 -0.5408530
v -0.0864732 0.0205369 -0.5278620
v -0.1256397 0.0205369 -0.5070487
v -0.1599416 0.0205369 -0.4790766
v -0.1879137 0.0205369 -0.4447748
v -0.2087270 0.0205369 -0.4056082
v -0.2217180 0.0205369 -0.3631801
v -0.2261958 0.0205369 -0.3191212
v -0.2217180 0.0205369 -0.2750899
v -0.2087270 0.0205369 -0.2326618
v -0.1879137 0.0205369 -0.1934953
v -0.1599416 0.0205369 -0.1591934
v -0.1256397 0.0205369 -0.1312213
v -0.0864732 0.0205369 -0.1104080
v -0.0440451 0.0205369 -0.0974170
v 0.0000138 0.0205369 -0.0929392
v 0.0440727 0.0066614 -0.0971959
v 0.0865561 0.0066614 -0.1101869
v 0.0440727 0.0201499 -0.0971959
v 0.0865561 0.0201499 -0.1101869
v 0.1257503 0.0066614 -0.1310278
v 0.1257503 0.0201499 -0.1310278
v 0.1601074 0.0066614 -0.1590276
v 0.1601074 0.0201499 -0.1590276
v 0.1881072 0.0066614 -0.1933847
v 0.1881072 0.0201499 -0.1933847
v 0.2089481 0.0066614 -0.2325789
v 0.2089481 0.0201499 -0.2325789
v 0.2219391 0.0066614 -0.2750623
v 0.2219391 0.0201499 -0.2750623
v 0.2264169 0.0066614 -0.3191212
v 0.2264169 0.0201499 -0.3191212
v 0.2219391 0.0066614 -0.3632077
v 0.2219391 0.0201499 -0.3632077
v 0.2089481 0.0066614 -0.4056911
v 0.2089481 0.0201499 -0.4056911
v 0.1881072 0.0066614 -0.4448853
v 0.1881072 0.0201499 -0.4448853
v 0.1601074 0.0066614 -0.4792424
v 0.1601074 0.0201499 -0.4792424
v 0.1257503 0.0066614 -0.5072422
v 0.1257503 0.0201499 -0.5072422
v 0.0865561 0.0066614 -0.5280831
v 0.0865561 0.0201499 -0.5280831
v 0.0440727 0.0066614 -0.5410741
v 0.0440727 0.0201499 -0.5410741
v 0.0000138 0.0201499 -0.5455519
v 0.0000138 0.0066614 -0.5455519
v 0.0000138 0.0059151 -0.5452479
v 0.0440175 0.0059151 -0.5407977
v 0.0864456 0.0059151 -0.5278067
v 0.1255845 0.0059151 -0.5069935
v 0.1598863 0.0059151 -0.4790213
v 0.1878585 0.0059151 -0.4447195
v 0.2086717 0.0059151 -0.4055806
v 0.2216627 0.0059151 -0.3631524
v 0.2261128 0.0059151 -0.3191212
v 0.2216627 0.0059151 -0.2751176
v 0.2086717 0.0059151 -0.2326894
v 0.1878585 0.0059151 -0.1935505
v 0.1598863 0.0059151 -0.1592487
v 0.1255845 0.0059151 -0.1312766
v 0.0864456 0.0059151 -0.1104633
v 0.0440175 0.0059151 -0.0974723
v 0.0000138 0.0059151 -0.0930222
v 0.0000138 0.0066614 -0.0927181
v 0.0000138 0.0201499 -0.0927181
v 0.0000138 0.0205369 -0.0929392
v 0.0440451 0.0205369 -0.0974170
v 0.0864732 0.0205369 -0.1104080
v 0.1256397 0.0205369 -0.1312213
v 0.1599416 0.0205369 -0.1591934
v 0.1879137 0.0205369 -0.1934953
v 0.2087270 0.0205369 -0.2326618
v 0.2217180 0.0205369 -0.2750899
v 0.2261958 0.0205369 -0.3191212
v 0.2217180 0.0205369 -0.3631801
v 0.2087270 0.0205369 -0.4056082
v 0.1879137 0.0205369 -0.4447748
v 0.1599416 0.0205369 -0.4790766
v 0.1256397 0.0205369 -0.5070487
v 0.0864732 0.0205369 -0.5278620
v 0.0440451 0.0205369 -0.5408530
v 0.0000138 0.0205369 -0.5453308
v -0.0545208 0.0209238 -0.2646142
v 0.0000138 0.0209238 -0.2636468
v -0.0554882 0.0209238 -0.3191212
v -0.0545208 0.0209238 -0.3736558
v 0.0000138 0.0209238 -0.3191212
v 0.0545208 0.0209238 -0.2646142
v 0.1007081 0.0209238 -0.2184269
v 0.0520885 0.0209238 -0.2135346
v 0.0000138 0.0209238 -0.2115998
v -0.0520885 0.0209238 -0.2135346
v -0.1007080 0.0209238 -0.2184269
v -0.1056004 0.0209238 -0.2670465
v -0.1075352 0.0209238 -0.3191212
v -0.1056004 0.0209238 -0.3712235
v -0.1007080 0.0209238 -0.4198431
v -0.0520885 0.0209238 -0.4247354
v 0.0000138 0.0209238 -0.3746232
v 0.0554883 0.0209238 -0.3191212
v 0.1056004 0.0209238 -0.2670465
v 0.1497975 0.0209238 -0.2700317
v 0.1424175 0.0209238 -0.2246461
v 0.1325499 0.0209238 -0.1865851
v 0.0944889 0.0209238 -0.1767175
v 0.0491033 0.0209238 -0.1693375
v 0.0000138 0.0209238 -0.1665182
v -0.0491033 0.0209238 -0.1693375
v -0.0944889 0.0209238 -0.1767175
v -0.1325498 0.0209238 -0.1865851
v -0.1424175 0.0209238 -0.2246461
v -0.1497975 0.0209238 -0.2700317
v -0.1526168 0.0209238 -0.3191212
v -0.1497975 0.0209238 -0.3682383
v -0.1424175 0.0209238 -0.4136239
v -0.1325498 0.0209238 -0.4516849
v -0.0944889 0.0209238 -0.4615525
v -0.0491033 0.0209238 -0.4689325
v 0.0000138 0.0209238 -0.4266702
v 0.0545208 0.0209238 -0.3736558
v 0.1075352 0.0209238 -0.3191212
v 0.1526168 0.0209238 -0.3191212
v 0.1873056 0.0209238 -0.3191212
v 0.1837677 0.0209238 -0.2726852
v 0.1740935 0.0209238 -0.2298701
v 0.1602733 0.0209238 -0.1944074
v 0.1473928 0.0209238 -0.1717422
v 0.1247276 0.0209238 -0.1588617
v 0.0892649 0.0209238 -0.1450415
v 0.0464498 0.0209238 -0.1353674
v 0.0000138 0.0209238 -0.1318294
v -0.0464498 0.0209238 -0.1353674
v -0.0892649 0.0209238 -0.1450415
v -0.1247276 0.0209238 -0.1588617
v -0.1473928 0.0209238 -0.1717422
v -0.1602733 0.0209238 -0.1944074
v -0.1740935 0.0209238 -0.2298701
v -0.1837676 0.0209238 -0.2726852
v -0.1873056 0.0209238 -0.3191212
v -0.1837676 0.0209238 -0.3655848
v -0.1740935 0.0209238 -0.4083999
v -0.1602733 0.0209238 -0.4438626
v -0.1473928 0.0209238 -0.4665278
v -0.1247276 0.0209238 -0.4794083
v -0.0892649 0.0209238 -0.4932285
v -0.0464498 0.0209238 -0.5029027
v 0.0000138 0.0209238 -0.4717518
v 0.0520885 0.0209238 -0.4247354
v 0.1056004 0.0209238 -0.3712235
v 0.1497975 0.0209238 -0.3682383
v 0.1837677 0.0209238 -0.3655848
v 0.2079254 0.0207580 -0.4054977
v 0.2208059 0.0207580 -0.3631524
v 0.2252836 0.0207580 -0.3191212
v 0.2208059 0.0207580 -0.2751176
v 0.2079254 0.0207580 -0.2327724
v 0.1872504 0.0207580 -0.1937717
v 0.1594717 0.0207580 -0.1596633
v 0.1253634 0.0207580 -0.1318846
v 0.0863626 0.0207580 -0.1112096
v 0.0440175 0.0207580 -0.0983291
v 0.0000138 0.0207580 -0.0938514
v -0.0440174 0.0207580 -0.0983291
v -0.0863626 0.0207580 -0.1112096
v -0.1253633 0.0207580 -0.1318846
v -0.1594717 0.0207580 -0.1596633
v -0.1872504 0.0207580 -0.1937717
v -0.2079254 0.0207580 -0.2327724
v -0.2208059 0.0207580 -0.2751176
v -0.2252836 0.0207580 -0.3191212
v -0.2208059 0.0207580 -0.3631524
v -0.2079254 0.0207580 -0.4054977
v -0.1872504 0.0207580 -0.4444983
v -0.1594717 0.0207580 -0.4786067
v -0.1253633 0.0207580 -0.5063854
v -0.0863626 0.0207580 -0.5270604
v -0.0440174 0.0207580 -0.5399409
v 0.0000138 0.0207580 -0.5444186
v 0.0000138 0.0209238 -0.5064406
v 0.0491033 0.0209238 -0.4689325
v 0.1007081 0.0209238 -0.4198431
v 0.1424175 0.0209238 -0.4136239
v 0.1740935 0.0209238 -0.4083999
v 0.1872504 0.0207580 -0.4444983
v 0.1879137 0.0205369 -0.4447748
v 0.2087270 0.0205369 -0.4056082
v 0.2217180 0.0205369 -0.3631801
v 0.2261958 0.0205369 -0.3191212
v 0.2217180 0.0205369 -0.2750899
v 0.2087270 0.0205369 -0.2326618
v 0.1879137 0.0205369 -0.1934953
v 0.1599416 0.0205369 -0.1591934
v 0.1256397 0.0205369 -0.1312213
v 0.0864732 0.0205369 -0.1104080
v 0.0440451 0.0205369 -0.0974170
v 0.0000138 0.0205369 -0.0929392
v -0.0440451 0.0205369 -0.0974170
v -0.0864732 0.0205369 -0.1104080
v -0.1256397 0.0205369 -0.1312213
v -0.1599416 0.0205369 -0.1591934
v -0.1879137 0.0205369 -0.1934953
v -0.2087270 0.0205369 -0.2326618
v -0.2217180 0.0205369 -0.2750899
v -0.2261958 0.0205369 -0.3191212
v -0.2217180 0.0205369 -0.3631801
v -0.2087270 0.0205369 -0.4056082
v -0.1879137 0.0205369 -0.4447748
v -0.1599416 0.0205369 -0.4790766
v -0.1256397 0.0205369 -0.5070487
v -0.0864732 0.0205369 -0.5278620
v -0.0440451 0.0205369 -0.5408530
v 0.0000138 0.0205369 -0.5453308
v 0.0440451 0.0205369 -0.5408530
v 0.0864732 0.0205369 -0.5278620
v 0.0440175 0.0207580 -0.5399409
v 0.0464498 0.0209238 -0.5029027
v 0.0944889 0.0209238 -0.4615525
v 0.1325499 0.0209238 -0.4516849
v 0.1602733 0.0209238 -0.4438626
v 0.1473928 0.0209238 -0.4665278
v 0.1594717 0.0207580 -0.4786067
v 0.1599416 0.0205369 -0.4790766
v 0.1253634 0.0207580 -0.5063854
v 0.1256397 0.0205369 -0.5070487
v 0.0863626 0.0207580 -0.5270604
v 0.0892649 0.0209238 -0.4932285
v 0.1247276 0.0209238 -0.4794083
vt 0.0177313 0.8561386
vt 0.0177313 0.8488497
vt 0.0211085 0.8561386
vt 0.0211085 0.8488497
vt 0.0244857 0.8561386
vt 0.0244857 0.8488497
vt 0.0278386 0.8561386
vt 0.0278386 0.8488497
vt 0.0312158 0.8561386
vt 0.0312158 0.8488497
vt 0.0345929 0.8561386
vt 0.0345929 0.8488497
vt 0.0379701 0.8561386
vt 0.0379701 0.8488497
vt 0.0413473 0.8561386
vt 0.0413473 0.8488497
vt 0.0447002 0.8561386
vt 0.0447002 0.8488497
vt 0.0480773 0.8561386
vt 0.0480773 0.8488497
vt 0.0514788 0.8561386
vt 0.0514788 0.8488497
vt 0.0548317 0.8561386
vt 0.0548317 0.8488497
vt 0.0582089 0.8561386
vt 0.0582089 0.8488497
vt 0.0615860 0.8561386
vt 0.0615860 0.8488497
vt 0.0649632 0.8561386
vt 0.0649632 0.8488497
vt 0.0683161 0.8566245
vt 0.0683161 0.8561386
vt 0.0683161 0.8488497
vt 0.0683161 0.8481208
vt 0.0649632 0.8481208
vt 0.0615860 0.8481208
vt 0.0582089 0.8481208
vt 0.0548317 0.8481208
vt 0.0514788 0.8481208
vt 0.0480773 0.8481208
vt 0.0447002 0.8481208
vt 0.0413473 0.8481208
vt 0.0379701 0.8481208
vt 0.0345929 0.8481208
vt 0.0312158 0.8481208
vt 0.0278386 0.8481208
vt 0.0244857 0.8481208
vt 0.0211085 0.8481208
vt 0.0177313 0.8481208
vt 0.0143542 0.8481208
vt 0.0143542 0.8488497
vt 0.0143542 0.8561386
vt 0.0143542 0.8566245
vt 0.0177313 0.8566245
vt 0.0211085 0.8566245
vt 0.0244857 0.8566245
vt 0.0278386 0.8566245
vt 0.0312158 0.8566245
vt 0.0345929 0.8566245
vt 0.0379701 0.8566245
vt 0.0413473 0.8566245
vt 0.0447002 0.8566245
vt 0.0480773 0.8566245
vt 0.0514788 0.8566245
vt 0.0548317 0.8566245
vt 0.0582089 0.8566245
vt 0.0615860 0.8566245
vt 0.0649632 0.8566245
vt 0.0034938 0.9958419
vt 0.0034938 0.9931693
vt 0.0067980 0.9958419
vt 0.0067980 0.9931693
vt 0.0101023 0.9958419
vt 0.0101023 0.9931693
vt 0.0133823 0.9958419
vt 0.0133823 0.9931693
vt 0.0166866 0.9958419
vt 0.0166866 0.9931693
vt 0.0199666 0.9958419
vt 0.0199666 0.9931693
vt 0.0232709 0.9958419
vt 0.0232709 0.9931693
vt 0.0265509 0.9958419
vt 0.0265509 0.9931693
vt 0.0298552 0.9958419
vt 0.0298552 0.9931693
vt 0.0331352 0.9958419
vt 0.0331352 0.9931693
vt 0.0364395 0.9958419
vt 0.0364395 0.9931693
vt 0.0397194 0.9958419
vt 0.0397194 0.9931693
vt 0.0430237 0.9958419
vt 0.0430237 0.9931693
vt 0.0463037 0.9958419
vt 0.0463037 0.9931693
vt 0.0496080 0.9958419
vt 0.0496080 0.9931693
vt 0.0528880 0.9924404
vt 0.0528880 0.9931693
vt 0.0496080 0.9924404
vt 0.0463037 0.9924404
vt 0.0430237 0.9924404
vt 0.0397194 0.9924404
vt 0.0364395 0.9924404
vt 0.0331352 0.9924404
vt 0.0298552 0.9924404
vt 0.0265509 0.9924404
vt 0.0232709 0.9924404
vt 0.0199666 0.9924404
vt 0.0166866 0.9924404
vt 0.0133823 0.9924404
vt 0.0101023 0.9924404
vt 0.0067980 0.9924404
vt 0.0034938 0.9924404
vt 0.0002138 0.9924404
vt 0.0002138 0.9931693
vt 0.0002138 0.9958419
vt 0.0002138 0.9965708
vt 0.0034938 0.9965708
vt 0.0067980 0.9965708
vt 0.0101023 0.9965708
vt 0.0133823 0.9965708
vt 0.0166866 0.9965708
vt 0.0199666 0.9965708
vt 0.0232709 0.9965708
vt 0.0265509 0.9965708
vt 0.0298552 0.9965708
vt 0.0331352 0.9965708
vt 0.0364395 0.9965708
vt 0.0397194 0.9965708
vt 0.0430237 0.9965708
vt 0.0463037 0.9965708
vt 0.0496080 0.9965708
vt 0.0528880 0.9965708
vt 0.0528880 0.9958419
vt 0.0035909 0.8787341
vt 0.0035909 0.8716882
vt 0.0069681 0.8787341
vt 0.0069681 0.8716882
vt 0.0103453 0.8787341
vt 0.0103453 0.8716882
vt 0.0136982 0.8787341
vt 0.0136982 0.8716882
vt 0.0170754 0.8787341
vt 0.0170754 0.8716882
vt 0.0204525 0.8787341
vt 0.0204525 0.8716882
vt 0.0238297 0.8787341
vt 0.0238297 0.8716882
vt 0.0271826 0.8787341
vt 0.0271826 0.8716882
vt 0.0305598 0.8787341
vt 0.0305598 0.8716882
vt 0.0339369 0.8787341
vt 0.0339369 0.8716882
vt 0.0373141 0.8787341
vt 0.0373141 0.8716882
vt 0.0406913 0.8787341
vt 0.0406913 0.8716882
vt 0.0440685 0.8787341
vt 0.0440685 0.8716882
vt 0.0474456 0.8787341
vt 0.0474456 0.8716882
vt 0.0508228 0.8787341
vt 0.0508228 0.8716882
vt 0.0541757 0.8794630
vt 0.0541757 0.8787341
vt 0.0541757 0.8716882
vt 0.0541757 0.8709593
vt 0.0508228 0.8709593
vt 0.0474456 0.8709593
vt 0.0440685 0.8709593
vt 0.0406913 0.8709593
vt 0.0373141 0.8709593
vt 0.0339369 0.8709593
vt 0.0305598 0.8709593
vt 0.0271826 0.8709593
vt 0.0238297 0.8709593
vt 0.0204525 0.8709593
vt 0.0170754 0.8709593
vt 0.0136982 0.8709593
vt 0.0103453 0.8709593
vt 0.0069681 0.8709593
vt 0.0035909 0.8709593
vt 0.0002138 0.8709593
vt 0.0002138 0.8716882
vt 0.0002138 0.8787341
vt 0.0002138 0.8794630
vt 0.0035909 0.8794630
vt 0.0069681 0.8794630
vt 0.0103453 0.8794630
vt 0.0136982 0.8794630
vt 0.0170754 0.8794630
vt 0.0204525 0.8794630
vt 0.0238297 0.8794630
vt 0.0271826 0.8794630
vt 0.0305598 0.8794630
vt 0.0339369 0.8794630
vt 0.0373141 0.8794630
vt 0.0406913 0.8794630
vt 0.0440685 0.8794630
vt 0.0474456 0.8794630
vt 0.0508228 0.8794630
vt 0.0993667 0.0349260
vt 0.0996339 0.0349260
vt 0.0993667 0.0679689
vt 0.0996339 0.0679689
vt 0.0993667 0.1010117
vt 0.0996339 0.1010117
vt 0.0993667 0.1338116
vt 0.0996339 0.1338116
vt 0.0993667 0.1668545
vt 0.0996339 0.1668545
vt 0.0993667 0.1996544
vt 0.0996339 0.1996544
vt 0.0993667 0.2326973
vt 0.0996339 0.2326973
vt 0.0993667 0.2654972
vt 0.0996339 0.2654972
vt 0.0993667 0.2985401
vt 0.0996339 0.2985401
vt 0.0993667 0.3313400
vt 0.0996339 0.3313400
vt 0.0993667 0.3643828
vt 0.0996339 0.3643828
vt 0.0993667 0.3971828
vt 0.0996339 0.3971828
vt 0.0993667 0.4302257
vt 0.0996339 0.4302257
vt 0.0993667 0.4630256
vt 0.0996339 0.4630256
vt 0.0993667 0.4960684
vt 0.0996339 0.4960684
vt 0.0997068 0.5291113
vt 0.0996339 0.5291113
vt 0.0997068 0.4960684
vt 0.0997068 0.4630256
vt 0.0997068 0.4302257
vt 0.0997068 0.3971828
vt 0.0997068 0.3643828
vt 0.0997068 0.3313400
vt 0.0997068 0.2985401
vt 0.0997068 0.2654972
vt 0.0997068 0.2326973
vt 0.0997068 0.1996544
vt 0.0997068 0.1668545
vt 0.0997068 0.1338116
vt 0.0997068 0.1010117
vt 0.0997068 0.0679689
vt 0.0997068 0.0349260
vt 0.0997068 0.0021261
vt 0.0996339 0.0021261
vt 0.0993667 0.0021261
vt 0.0992938 0.0021261
vt 0.0992938 0.0349260
vt 0.0992938 0.0679689
vt 0.0992938 0.1010117
vt 0.0992938 0.1338116
vt 0.0992938 0.1668545
vt 0.0992938 0.1996544
vt 0.0992938 0.2326973
vt 0.0992938 0.2654972
vt 0.0992938 0.2985401
vt 0.0992938 0.3313400
vt 0.0992938 0.3643828
vt 0.0992938 0.3971828
vt 0.0992938 0.4302257
vt 0.0992938 0.4630256
vt 0.0992938 0.4960684
vt 0.0992938 0.5291113
vt 0.0993667 0.5291113
vt 0.0225663 0.1413435
vt 0.0214244 0.1828900
vt 0.0181930 0.1272517
vt 0.0137711 0.1143747
vt 0.0169053 0.1690412
vt 0.0200638 0.2237077
vt 0.0225420 0.2693846
vt 0.0242670 0.2339121
vt 0.0256519 0.1957670
vt 0.0266238 0.1564071
vt 0.0272069 0.1175332
vt 0.0234896 0.1010117
vt 0.0194321 0.0866769
vt 0.0152774 0.0757436
vt 0.0112686 0.0686978
vt 0.0095678 0.1041702
vt 0.0123862 0.1551923
vt 0.0156176 0.2110736
vt 0.0185331 0.2623387
vt 0.0205740 0.3009697
vt 0.0239755 0.2995120
vt 0.0261621 0.2723002
vt 0.0279601 0.2409580
vt 0.0292964 0.2069433
vt 0.0300981 0.1714708
vt 0.0303654 0.1355124
vt 0.0300738 0.1007688
vt 0.0273284 0.0803599
vt 0.0241213 0.0628666
vt 0.0205740 0.0495037
vt 0.0168810 0.0407571
vt 0.0132365 0.0371127
vt 0.0098351 0.0388134
vt 0.0076484 0.0660251
vt 0.0058505 0.0971244
vt 0.0081829 0.1423153
vt 0.0112443 0.1967389
vt 0.0143785 0.2514054
vt 0.0169296 0.2973253
vt 0.0153017 0.3274526
vt 0.0184359 0.3274526
vt 0.0214973 0.3216215
vt 0.0243885 0.3097163
vt 0.0269639 0.2924660
vt 0.0291749 0.2703565
vt 0.0309242 0.2443595
vt 0.0321390 0.2156900
vt 0.0327464 0.1850767
vt 0.0327464 0.1539775
vt 0.0321633 0.1231213
vt 0.0309728 0.0944517
vt 0.0292478 0.0684548
vt 0.0270368 0.0463452
vt 0.0244371 0.0288519
vt 0.0215702 0.0167038
vt 0.0185088 0.0106297
vt 0.0153989 0.0106297
vt 0.0123133 0.0167038
vt 0.0094463 0.0283660
vt 0.0068466 0.0456163
vt 0.0046357 0.0677259
vt 0.0028864 0.0937229
vt 0.0016715 0.1223924
vt 0.0045142 0.1311391
vt 0.0071868 0.1816752
vt 0.0103453 0.2373136
vt 0.0132365 0.2888216
vt 0.0122404 0.3213786
vt 0.0120217 0.3289104
vt 0.0152288 0.3354704
vt 0.0185088 0.3354704
vt 0.0217159 0.3291533
vt 0.0247530 0.3167623
vt 0.0274741 0.2985401
vt 0.0298066 0.2754587
vt 0.0316288 0.2482469
vt 0.0328922 0.2181196
vt 0.0335482 0.1860485
vt 0.0335482 0.1532486
vt 0.0329165 0.1209347
vt 0.0316774 0.0905644
vt 0.0298552 0.0633526
vt 0.0275470 0.0402712
vt 0.0248258 0.0218060
vt 0.0218131 0.0091720
vt 0.0186060 0.0028549
vt 0.0153017 0.0028549
vt 0.0120946 0.0089290
vt 0.0090576 0.0213201
vt 0.0063364 0.0395423
vt 0.0040283 0.0628666
vt 0.0021818 0.0898355
vt 0.0009184 0.1202058
vt 0.0002867 0.1522768
vt 0.0002867 0.1850767
vt 0.0010641 0.1530057
vt 0.0037124 0.1668545
vt 0.0066280 0.2207921
vt 0.0096893 0.2752157
vt 0.0093734 0.3092304
vt 0.0089847 0.3162763
vt 0.0089604 0.3170052
vt 0.0119974 0.3296392
vt 0.0152045 0.3359563
vt 0.0185088 0.3359563
vt 0.0217402 0.3298822
vt 0.0247773 0.3172482
vt 0.0275227 0.2990260
vt 0.0298552 0.2757016
vt 0.0316774 0.2484899
vt 0.0329651 0.2181196
vt 0.0335968 0.1860485
vt 0.0335968 0.1530057
vt 0.0329651 0.1206917
vt 0.0317260 0.0903214
vt 0.0299038 0.0631096
vt 0.0275713 0.0397852
vt 0.0248501 0.0213201
vt 0.0218131 0.0084431
vt 0.0186060 0.0021261
vt 0.0153017 0.0021261
vt 0.0120703 0.0084431
vt 0.0090333 0.0208342
vt 0.0063121 0.0390563
vt 0.0039797 0.0623807
vt 0.0021332 0.0895925
vt 0.0008455 0.1199628
vt 0.0002138 0.1522768
vt 0.0002138 0.1850767
vt 0.0008455 0.2173907
vt 0.0039068 0.2752157
vt 0.0020846 0.2477610
vt 0.0021332 0.2475180
vt 0.0008941 0.2171477
vt 0.0010641 0.1843478
vt 0.0034695 0.2028130
vt 0.0064822 0.2579654
vt 0.0067738 0.2917371
vt 0.0062878 0.2980541
vt 0.0062392 0.2985401
vt 0.0039554 0.2747298
vt 0.0028378 0.2438736
vt 0.0016715 0.2149611
vt 0.0037367 0.2375566
vt 0.0045628 0.2696275
vt 0.0885792 0.5220654
vt 0.0885792 0.4873218
vt 0.0896239 0.5220654
vt 0.0896239 0.4873218
vt 0.0885792 0.4528211
vt 0.0896239 0.4528211
vt 0.0885792 0.4180776
vt 0.0896239 0.4180776
vt 0.0885792 0.3833340
vt 0.0896239 0.3833340
vt 0.0885792 0.3488333
vt 0.0896239 0.3488333
vt 0.0885792 0.3140897
vt 0.0896239 0.3140897
vt 0.0885792 0.2793460
vt 0.0896239 0.2793460
vt 0.0885792 0.2448454
vt 0.0896239 0.2448454
vt 0.0885792 0.2101018
vt 0.0896239 0.2101018
vt 0.0885792 0.1753582
vt 0.0896239 0.1753582
vt 0.0885792 0.1408576
vt 0.0896239 0.1408576
vt 0.0885792 0.1061139
vt 0.0896239 0.1061139
vt 0.0885792 0.0713703
vt 0.0896239 0.0713703
vt 0.0885792 0.0368697
vt 0.0896239 0.0368697
vt 0.0896239 0.0021261
vt 0.0885792 0.0021261
vt 0.0885306 0.0021261
vt 0.0885306 0.0368697
vt 0.0885306 0.0713703
vt 0.0885306 0.1061139
vt 0.0885306 0.1408576
vt 0.0885306 0.1753582
vt 0.0885306 0.2101018
vt 0.0885306 0.2448454
vt 0.0885306 0.2793460
vt 0.0885306 0.3140897
vt 0.0885306 0.3488333
vt 0.0885306 0.3833340
vt 0.0885306 0.4180776
vt 0.0885306 0.4528211
vt 0.0885306 0.4873218
vt 0.0885306 0.5220654
vt 0.0885306 0.5568090
vt 0.0885792 0.5568090
vt 0.0896239 0.5568090
vt 0.0896725 0.5568090
vt 0.0896725 0.5220654
vt 0.0896725 0.4873218
vt 0.0896725 0.4528211
vt 0.0896725 0.4180776
vt 0.0896725 0.3833340
vt 0.0896725 0.3488333
vt 0.0896725 0.3140897
vt 0.0896725 0.2793460
vt 0.0896725 0.2448454
vt 0.0896725 0.2101018
vt 0.0896725 0.1753582
vt 0.0896725 0.1408576
vt 0.0896725 0.1061139
vt 0.0896725 0.0713703
vt 0.0896725 0.0368697
vt 0.0896725 0.0021261
vt 0.0899640 0.5220654
vt 0.0899640 0.4873218
vt 0.0910088 0.5220654
vt 0.0910088 0.4873218
vt 0.0899640 0.4528211
vt 0.0910088 0.4528211
vt 0.0899640 0.4180776
vt 0.0910088 0.4180776
vt 0.0899640 0.3835769
vt 0.0910088 0.3835769
vt 0.0899640 0.3488333
vt 0.0910088 0.3488333
vt 0.0899640 0.3140897
vt 0.0910088 0.3140897
vt 0.0899640 0.2793460
vt 0.0910088 0.2793460
vt 0.0899640 0.2448454
vt 0.0910088 0.2448454
vt 0.0899640 0.2101018
vt 0.0910088 0.2101018
vt 0.0899640 0.1753582
vt 0.0910088 0.1753582
vt 0.0899640 0.1408576
vt 0.0910088 0.1408576
vt 0.0899640 0.1061139
vt 0.0910088 0.1061139
vt 0.0899640 0.0713703
vt 0.0910088 0.0713703
vt 0.0899640 0.0368697
vt 0.0910088 0.0368697
vt 0.0910088 0.0021261
vt 0.0899640 0.0021261
vt 0.0898912 0.0021261
vt 0.0898912 0.0368697
vt 0.0898912 0.0713703
vt 0.0898912 0.1061139
vt 0.0898912 0.1408576
vt 0.0898912 0.1753582
vt 0.0898912 0.2101018
vt 0.0898912 0.2448454
vt 0.0898912 0.2793460
vt 0.0898912 0.3140897
vt 0.0898912 0.3488333
vt 0.0898912 0.3835769
vt 0.0898912 0.4180776
vt 0.0898912 0.4528211
vt 0.0898912 0.4873218
vt 0.0898912 0.5220654
vt 0.0898912 0.5568090
vt 0.0899640 0.5568090
vt 0.0910088 0.5568090
vt 0.0910574 0.5568090
vt 0.0910574 0.5220654
vt 0.0910574 0.4873218
vt 0.0910574 0.4528211
vt 0.0910574 0.4180776
vt 0.0910574 0.3835769
vt 0.0910574 0.3488333
vt 0.0910574 0.3140897
vt 0.0910574 0.2793460
vt 0.0910574 0.2448454
vt 0.0910574 0.2101018
vt 0.0910574 0.1753582
vt 0.0910574 0.1408576
vt 0.0910574 0.1061139
vt 0.0910574 0.0713703
vt 0.0910574 0.0368697
vt 0.0910574 0.0021261
vt 0.0531553 0.2356129
vt 0.0493650 0.2161759
vt 0.0552447 0.1981967
vt 0.0571641 0.1602946
vt 0.0514059 0.1780308
vt 0.0456477 0.1955241
vt 0.0407642 0.2103448
vt 0.0439470 0.2317254
vt 0.0474456 0.2521343
vt 0.0511144 0.2698705
vt 0.0546616 0.2844483
vt 0.0567754 0.2526202
vt 0.0588163 0.2173907
vt 0.0606142 0.1807034
vt 0.0620477 0.1454738
vt 0.0588892 0.1243361
vt 0.0534468 0.1396428
vt 0.0475671 0.1576219
vt 0.0422220 0.1751152
vt 0.0392821 0.1566501
vt 0.0381159 0.1906648
vt 0.0373870 0.2205492
vt 0.0396708 0.2414439
vt 0.0425135 0.2633105
vt 0.0457935 0.2832335
vt 0.0492922 0.2992690
vt 0.0526936 0.3109311
vt 0.0556821 0.3179771
vt 0.0577472 0.2953816
vt 0.0599339 0.2667120
vt 0.0619262 0.2339121
vt 0.0635540 0.1991685
vt 0.0646960 0.1651538
vt 0.0654248 0.1352694
vt 0.0631653 0.1143747
vt 0.0602983 0.0925081
vt 0.0553662 0.1036843
vt 0.0496566 0.1202058
vt 0.0439956 0.1384280
vt 0.0408857 0.1219065
vt 0.0384803 0.1090295
vt 0.0370226 0.1425583
vt 0.0361236 0.1756012
vt 0.0357835 0.2049996
vt 0.0358320 0.2254084
vt 0.0369254 0.2426587
vt 0.0388448 0.2652542
vt 0.0414445 0.2876068
vt 0.0445301 0.3070438
vt 0.0478587 0.3216215
vt 0.0511630 0.3308541
vt 0.0541271 0.3342556
vt 0.0561680 0.3337696
vt 0.0578687 0.3228363
vt 0.0601283 0.3033993
vt 0.0623878 0.2774023
vt 0.0643315 0.2467891
vt 0.0657893 0.2132603
vt 0.0666883 0.1802174
vt 0.0670527 0.1508190
vt 0.0669798 0.1304101
vt 0.0658865 0.1131598
vt 0.0639671 0.0905644
vt 0.0613674 0.0682118
vt 0.0570184 0.0725851
vt 0.0516975 0.0859481
vt 0.0460365 0.1031984
vt 0.0428779 0.0891066
vt 0.0404483 0.0784162
vt 0.0402297 0.0419719
vt 0.0378000 0.0665111
vt 0.0358563 0.0951806
vt 0.0345443 0.1272517
vt 0.0338883 0.1610234
vt 0.0338883 0.1955241
vt 0.0345443 0.2292958
vt 0.0358806 0.2608809
vt 0.0378000 0.2895505
vt 0.0402540 0.3140897
vt 0.0431209 0.3332837
vt 0.0463280 0.3464037
vt 0.0497295 0.3529637
vt 0.0531796 0.3529637
vt 0.0565567 0.3464037
vt 0.0597152 0.3330407
vt 0.0625822 0.3138467
vt 0.0650118 0.2893075
vt 0.0669555 0.2606380
vt 0.0682675 0.2285669
vt 0.0689235 0.1947952
vt 0.0689235 0.1602946
vt 0.0682675 0.1265228
vt 0.0669312 0.0949377
vt 0.0650118 0.0662681
vt 0.0625579 0.0417289
vt 0.0596909 0.0225349
vt 0.0582818 0.0487748
vt 0.0535197 0.0565496
vt 0.0481502 0.0713703
vt 0.0450646 0.0604370
vt 0.0426836 0.0524193
vt 0.0430966 0.0227779
vt 0.0430723 0.0222919
vt 0.0401811 0.0414860
vt 0.0377271 0.0660251
vt 0.0358077 0.0946947
vt 0.0344958 0.1267657
vt 0.0338398 0.1610234
vt 0.0338398 0.1955241
vt 0.0344958 0.2295388
vt 0.0358320 0.2613669
vt 0.0377757 0.2900364
vt 0.0402297 0.3145756
vt 0.0430966 0.3340126
vt 0.0463037 0.3471325
vt 0.0497052 0.3536925
vt 0.0531796 0.3536925
vt 0.0565567 0.3468896
vt 0.0597638 0.3335267
vt 0.0626308 0.3143326
vt 0.0650847 0.2897935
vt 0.0670041 0.2611239
vt 0.0683161 0.2290529
vt 0.0689721 0.1947952
vt 0.0689721 0.1602946
vt 0.0683161 0.1262798
vt 0.0669798 0.0944517
vt 0.0650361 0.0657822
vt 0.0625822 0.0412430
vt 0.0597152 0.0218060
vt 0.0565081 0.0086861
vt 0.0531067 0.0021261
vt 0.0564838 0.0094149
vt 0.0549532 0.0341971
vt 0.0501182 0.0448875
vt 0.0471298 0.0378415
vt 0.0449431 0.0329823
vt 0.0466439 0.0220490
vt 0.0462551 0.0094149
vt 0.0462551 0.0089290
vt 0.0496323 0.0028549
vt 0.0496323 0.0021261
vt 0.0530824 0.0028549
vt 0.0516489 0.0249645
vt 0.0486848 0.0215630
vn 0.0060703 -0.9995802 -0.0283282
vn 0.0060703 -0.9995802 -0.0283282
vn 0.0101379 -0.9996011 -0.0263587
vn 0.0121899 -0.9995768 -0.0264116
vn 0.0162539 -0.9996181 -0.0223492
vn 0.0162862 -0.9995689 -0.0244294
vn 0.0203581 -0.9995855 -0.0203581
vn 0.0203988 -0.9995401 -0.0224387
vn 0.0243805 -0.9996016 -0.0142220
vn 0.0244294 -0.9995689 -0.0162863
vn 0.0263586 -0.9996011 -0.0101380
vn 0.0264115 -0.9995768 -0.0121900
vn 0.0283282 -0.9995802 -0.0060703
vn 0.0283282 -0.9995802 -0.0060703
vn 0.0281579 -0.9996035 0.0000000
vn 0.0302281 -0.9995430 0.0000000
vn 0.0283282 -0.9995802 0.0060703
vn 0.0283282 -0.9995802 0.0060703
vn 0.0263587 -0.9996011 0.0101379
vn 0.0264116 -0.9995768 0.0121899
vn 0.0243806 -0.9996016 0.0142219
vn 0.0244294 -0.9995689 0.0162862
vn 0.0203581 -0.9995855 0.0203582
vn 0.0203988 -0.9995401 0.0224387
vn 0.0162539 -0.9996181 0.0223492
vn 0.0162862 -0.9995689 0.0244294
vn 0.0101379 -0.9996011 0.0263587
vn 0.0121899 -0.9995768 0.0264116
vn 0.0060703 -0.9995802 0.0283282
vn 0.0060703 -0.9995802 0.0283282
vn 0.0000000 -0.7084892 0.7057216
vn 0.0000000 -0.9996035 0.0281579
vn 0.0000000 -0.9995430 0.0302281
vn 0.0000000 -0.7084892 0.7057216
vn 0.1385436 -0.7077768 0.6927176
vn 0.2713495 -0.7087012 0.6512389
vn 0.3893881 -0.7094782 0.5873819
vn 0.4976492 -0.7080645 0.5009890
vn 0.5873820 -0.7094782 0.3893880
vn 0.6512389 -0.7087012 0.2713495
vn 0.6927176 -0.7077768 0.1385436
vn 0.7057216 -0.7084892 0.0000000
vn 0.6927176 -0.7077768 -0.1385436
vn 0.6512389 -0.7087012 -0.2713496
vn 0.5873819 -0.7094782 -0.3893881
vn 0.4976490 -0.7080645 -0.5009891
vn 0.3893881 -0.7094782 -0.5873819
vn 0.2713495 -0.7087012 -0.6512389
vn 0.1385435 -0.7077768 -0.6927177
vn 0.0000000 -0.7084892 -0.7057216
vn 0.0000000 -0.9995430 -0.0302281
vn 0.0000000 -0.9996035 -0.0281579
vn 0.0000000 -0.7084892 -0.7057216
vn 0.1385435 -0.7077768 -0.6927177
vn 0.2713495 -0.7087012 -0.6512389
vn 0.3893881 -0.7094782 -0.5873819
vn 0.4976490 -0.7080645 -0.5009891
vn 0.5873819 -0.7094782 -0.3893881
vn 0.6512389 -0.7087012 -0.2713496
vn 0.6908536 -0.7089546 -0.1417909
vn 0.7057216 -0.7084892 0.0000000
vn 0.6908536 -0.7089546 0.1417909
vn 0.6512389 -0.7087012 0.2713495
vn 0.5873820 -0.7094782 0.3893880
vn 0.4976492 -0.7080645 0.5009890
vn 0.3893881 -0.7094782 0.5873819
vn 0.2713495 -0.7087012 0.6512389
vn 0.1385436 -0.7077768 0.6927176
vn 0.1970639 -0.0681209 -0.9780211
vn 0.1970639 -0.0681209 -0.9780211
vn 0.3807025 -0.0670251 -0.9222653
vn 0.3807025 -0.0670251 -0.9222653
vn 0.5507875 -0.0681387 -0.8318595
vn 0.5507875 -0.0681387 -0.8318595
vn 0.7055412 -0.0665060 -0.7055413
vn 0.7055412 -0.0665060 -0.7055413
vn 0.8318595 -0.0681387 -0.5507875
vn 0.8318595 -0.0681387 -0.5507875
vn 0.9222653 -0.0670251 -0.3807025
vn 0.9209157 -0.0671221 -0.3839386
vn 0.9780211 -0.0681209 -0.1970639
vn 0.9780211 -0.0681209 -0.1970639
vn 0.9977759 -0.0666573 0.0000000
vn 0.9976254 -0.0688737 0.0000000
vn 0.9780211 -0.0681209 0.1970639
vn 0.9780211 -0.0681209 0.1970639
vn 0.9222653 -0.0670251 0.3807025
vn 0.9209157 -0.0671221 0.3839386
vn 0.8318595 -0.0681387 0.5507875
vn 0.8318595 -0.0681387 0.5507875
vn 0.7055413 -0.0665060 0.7055412
vn 0.7055413 -0.0665060 0.7055412
vn 0.5507876 -0.0681387 0.8318594
vn 0.5507876 -0.0681387 0.8318594
vn 0.3807026 -0.0670251 0.9222652
vn 0.3807026 -0.0670251 0.9222652
vn 0.1970639 -0.0681209 0.9780211
vn 0.1970639 -0.0681209 0.9780211
vn 0.0000000 -0.7084892 0.7057216
vn 0.0000000 -0.0688737 0.9976254
vn 0.1385436 -0.7077768 0.6927176
vn 0.2713495 -0.7087012 0.6512389
vn 0.3893881 -0.7094782 0.5873819
vn 0.4976492 -0.7080645 0.5009890
vn 0.5873820 -0.7094782 0.3893880
vn 0.6512389 -0.7087012 0.2713495
vn 0.6908536 -0.7089546 0.1417909
vn 0.7057216 -0.7084892 0.0000000
vn 0.6908536 -0.7089546 -0.1417909
vn 0.6512389 -0.7087012 -0.2713496
vn 0.5873819 -0.7094782 -0.3893881
vn 0.4976490 -0.7080645 -0.5009891
vn 0.3893881 -0.7094782 -0.5873819
vn 0.2713495 -0.7087012 -0.6512389
vn 0.1385435 -0.7077768 -0.6927177
vn 0.0000000 -0.7084892 -0.7057216
vn 0.0000000 -0.0688737 -0.9976254
vn 0.0000000 -0.0666573 -0.9977759
vn 0.0000000 -0.7084892 -0.7057216
vn 0.1385435 -0.7077768 -0.6927177
vn 0.2713495 -0.7087012 -0.6512389
vn 0.3893881 -0.7094782 -0.5873819
vn 0.4976490 -0.7080645 -0.5009891
vn 0.5873819 -0.7094782 -0.3893881
vn 0.6512389 -0.7087012 -0.2713496
vn 0.6927176 -0.7077768 -0.1385436
vn 0.7057216 -0.7084892 0.0000000
vn 0.6927176 -0.7077768 0.1385436
vn 0.6512389 -0.7087012 0.2713495
vn 0.5873820 -0.7094782 0.3893880
vn 0.4976492 -0.7080645 0.5009890
vn 0.3893881 -0.7094782 0.5873819
vn 0.2713495 -0.7087012 0.6512389
vn 0.1385436 -0.7077768 0.6927176
vn 0.0000000 -0.7084892 0.7057216
vn 0.0000000 -0.0666573 0.9977759
vn -0.0060703 -0.9995802 0.0283282
vn -0.0060703 -0.9995802 0.0283282
vn -0.0101379 -0.9996011 0.0263587
vn -0.0121899 -0.9995768 0.0264116
vn -0.0162540 -0.9996181 0.0223492
vn -0.0162862 -0.9995689 0.0244294
vn -0.0203581 -0.9995855 0.0203581
vn -0.0203988 -0.9995401 0.0224386
vn -0.0243805 -0.9996016 0.0142220
vn -0.0244294 -0.9995689 0.0162863
vn -0.0263586 -0.9996011 0.0101380
vn -0.0264115 -0.9995768 0.0121900
vn -0.0283282 -0.9995802 0.0060703
vn -0.0283282 -0.9995802 0.0060703
vn -0.0281579 -0.9996035 0.0000000
vn -0.0302281 -0.9995430 0.0000000
vn -0.0283282 -0.9995802 -0.0060703
vn -0.0283282 -0.9995802 -0.0060703
vn -0.0263586 -0.9996011 -0.0101380
vn -0.0264115 -0.9995768 -0.0121900
vn -0.0243805 -0.9996016 -0.0142220
vn -0.0244294 -0.9995689 -0.0162863
vn -0.0203582 -0.9995855 -0.0203581
vn -0.0203988 -0.9995401 -0.0224386
vn -0.0162540 -0.9996181 -0.0223492
vn -0.0162863 -0.9995689 -0.0244294
vn -0.0101379 -0.9996011 -0.0263587
vn -0.0121899 -0.9995768 -0.0264116
vn -0.0060703 -0.9995802 -0.0283282
vn -0.0060703 -0.9995802 -0.0283282
vn 0.0000000 -0.7084892 -0.7057216
vn 0.0000000 -0.9996035 -0.0281579
vn 0.0000000 -0.9995430 -0.0302281
vn 0.0000000 -0.7084892 -0.7057216
vn -0.1385435 -0.7077768 -0.6927177
vn -0.2713495 -0.7087012 -0.6512389
vn -0.3893881 -0.7094782 -0.5873819
vn -0.4976492 -0.7080644 -0.5009891
vn -0.5873819 -0.7094782 -0.3893881
vn -0.6512389 -0.7087012 -0.2713495
vn -0.6927176 -0.7077768 -0.1385436
vn -0.7057216 -0.7084892 0.0000000
vn -0.6927176 -0.7077768 0.1385436
vn -0.6512389 -0.7087012 0.2713495
vn -0.5873818 -0.7094784 0.3893881
vn -0.4976492 -0.7080644 0.5009891
vn -0.3893880 -0.7094783 0.5873819
vn -0.2713495 -0.7087012 0.6512389
vn -0.1385435 -0.7077768 0.6927177
vn 0.0000000 -0.7084892 0.7057216
vn 0.0000000 -0.9995430 0.0302281
vn 0.0000000 -0.9996035 0.0281579
vn 0.0000000 -0.7084892 0.7057216
vn -0.1385435 -0.7077768 0.6927177
vn -0.2713495 -0.7087012 0.6512389
vn -0.3893880 -0.7094783 0.5873819
vn -0.4976492 -0.7080644 0.5009891
vn -0.5873818 -0.7094784 0.3893881
vn -0.6512389 -0.7087012 0.2713495
vn -0.6908536 -0.7089546 0.1417909
vn -0.7057216 -0.7084892 0.0000000
vn -0.6908536 -0.7089546 -0.1417909
vn -0.6512389 -0.7087012 -0.2713495
vn -0.5873819 -0.7094782 -0.3893881
vn -0.4976492 -0.7080644 -0.5009891
vn -0.3893881 -0.7094782 -0.5873819
vn -0.2713495 -0.7087012 -0.6512389
vn -0.1385435 -0.7077768 -0.6927177
vn -0.1970639 -0.0681209 0.9780211
vn -0.1970639 -0.0681209 0.9780211
vn -0.3807025 -0.0670252 0.9222653
vn -0.3807025 -0.0670252 0.9222653
vn -0.5507874 -0.0681387 0.8318596
vn -0.5507874 -0.0681387 0.8318596
vn -0.7055413 -0.0665060 0.7055413
vn -0.7055413 -0.0665060 0.7055413
vn -0.8318595 -0.0681388 0.5507875
vn -0.8318595 -0.0681388 0.5507875
vn -0.9222652 -0.0670252 0.3807026
vn -0.9209157 -0.0671222 0.3839387
vn -0.9780211 -0.0681209 0.1970639
vn -0.9780211 -0.0681209 0.1970639
vn -0.9977759 -0.0666573 0.0000000
vn -0.9976254 -0.0688737 0.0000000
vn -0.9780211 -0.0681209 -0.1970639
vn -0.9780211 -0.0681209 -0.1970639
vn -0.9222653 -0.0670251 -0.3807025
vn -0.9209157 -0.0671221 -0.3839386
vn -0.8318595 -0.0681387 -0.5507875
vn -0.8318595 -0.0681387 -0.5507875
vn -0.7055413 -0.0665060 -0.7055412
vn -0.7055413 -0.0665060 -0.7055412
vn -0.5507875 -0.0681387 -0.8318595
vn -0.5507875 -0.0681387 -0.8318595
vn -0.3807025 -0.0670251 -0.9222653
vn -0.3807025 -0.0670251 -0.9222653
vn -0.1970639 -0.0681209 -0.9780211
vn -0.1970639 -0.0681209 -0.9780211
vn 0.0000000 -0.7084892 -0.7057216
vn 0.0000000 -0.0688737 -0.9976254
vn -0.1385435 -0.7077768 -0.6927177
vn -0.2713495 -0.7087012 -0.6512389
vn -0.3893881 -0.7094782 -0.5873819
vn -0.4976492 -0.7080644 -0.5009891
vn -0.5873819 -0.7094782 -0.3893881
vn -0.6512389 -0.7087012 -0.2713495
vn -0.6908536 -0.7089546 -0.1417909
vn -0.7057216 -0.7084892 0.0000000
vn -0.6908536 -0.7089546 0.1417909
vn -0.6512389 -0.7087012 0.2713495
vn -0.5873818 -0.7094784 0.3893881
vn -0.4976492 -0.7080644 0.5009891
vn -0.3893880 -0.7094783 0.5873819
vn -0.2713495 -0.7087012 0.6512389
vn -0.1385435 -0.7077768 0.6927177
vn 0.0000000 -0.7084892 0.7057216
vn 0.0000000 -0.0688737 0.9976254
vn 0.0000000 -0.0666573 0.9977759
vn 0.0000000 -0.7084892 0.7057216
vn -0.1385435 -0.7077768 0.6927177
vn -0.2713495 -0.7087012 0.6512389
vn -0.3893880 -0.7094783 0.5873819
vn -0.4976492 -0.7080644 0.5009891
vn -0.5873818 -0.7094784 0.3893881
vn -0.6512389 -0.7087012 0.2713495
vn -0.6927176 -0.7077768 0.1385436
vn -0.7057216 -0.7084892 0.0000000
vn -0.6927176 -0.7077768 -0.1385436
vn -0.6512389 -0.7087012 -0.2713495
vn -0.5873819 -0.7094782 -0.3893881
vn -0.4976492 -0.7080644 -0.5009891
vn -0.3893881 -0.7094782 -0.5873819
vn -0.2713495 -0.7087012 -0.6512389
vn -0.1385435 -0.7077768 -0.6927177
vn 0.0000000 -0.7084892 -0.7057216
vn 0.0000000 -0.0666573 -0.9977759
vn 0.0000000 -1.0000000 0.0000000
vn 0.0000000 -1.0000000 0.0000000
vn 0.0000000 -1.0000000 0.0000000
vn 0.0000000 -1.0000000 0.0000000
vn 0.0000000 -1.0000000 0.0000000
vn 0.0000000 -1.0000000 0.0000000
vn 0.0000000 -1.0000000 0.0000000
vn 0.0000000 -1.0000000 0.0000000
vn 0.0000000 -1.0000000 0.0000000
vn 0.0000000 -1.0000000 0.0000000
vn 0.0000000 -1.0000000 0.0000000
vn 0.0000000 -1.0000000 0.0000000
vn 0.0000000 -1.0000000 0.0000000
vn 0.0000000 -1.0000000 0.0000000
vn 0.0000000 -1.0000000 0.0000000
vn 0.0000000 -1.0000000 0.0000000
vn 0.0000000 -1.0000000 0.0000000
vn 0.0000000 -1.0000000 0.0000000
vn 0.0000000 -1.0000000 0.0000000
vn 0.0000000 -1.0000000 0.0000000
vn 0.0000000 -1.0000000 0.0000000
vn 0.0000000 -1.0000000 0.0000000
vn 0.0000000 -1.0000000 0.0000000
vn 0.0000000 -1.0000000 0.0000000
vn 0.0000000 -1.0000000 0.0000000
vn 0.0000000 -1.0000000 0.0000000
vn 0.0000000 -1.0000000 0.0000000
vn 0.0000000 -1.0000000 0.0000000
vn 0.0000000 -1.0000000 0.0000000
vn 0.0000000 -1.0000000 0.0000000
vn 0.0000000 -1.0000000 0.0000000
vn 0.0000000 -1.0000000 0.0000000
vn 0.0000000 -1.0000000 0.0000000
vn 0.0000000 -1.0000000 0.0000000
vn 0.0000000 -1.0000000 0.0000000
vn 0.0000000 -1.0000000 0.0000000
vn 0.0000000 -1.0000000 0.0000000
vn 0.0000000 -1.0000000 0.0000000
vn 0.0000000 -1.0000000 0.0000000
vn 0.0000000 -1.0000000 0.0000000
vn 0.0000000 -1.0000000 0.0000000
vn 0.0000000 -1.0000000 0.0000000
vn 0.0000000 -1.0000000 0.0000000
vn 0.0000000 -1.0000000 0.0000000
vn 0.0000000 -1.0000000 0.0000000
vn 0.0000000 -1.0000000 0.0000000
vn 0.0000000 -1.0000000 0.0000000
vn 0.0000000 -1.0000000 0.0000000
vn 0.0000000 -1.0000000 0.0000000
vn 0.0000000 -1.0000000 0.0000000
vn 0.0000000 -1.0000000 0.0000000
vn 0.0000000 -1.0000000 0.0000000
vn 0.0000000 -1.0000000 0.0000000
vn 0.0000000 -1.0000000 0.0000000
vn 0.0000000 -1.0000000 0.0000000
vn 0.0000000 -1.0000000 0.0000000
vn 0.0000000 -1.0000000 0.0000000
vn 0.0000000 -1.0000000 0.0000000
vn 0.0000000 -1.0000000 0.0000000
vn 0.0000000 -1.0000000 0.0000000
vn 0.0000000 -1.0000000 0.0000000
vn 0.0000000 -1.0000000 0.0000000
vn 0.0000000 -1.0000000 0.0000000
vn 0.0000000 -1.0000000 0.0000000
vn 0.0000000 -1.0000000 0.0000000
vn 0.0000000 -1.0000000 0.0000000
vn 0.0000000 -1.0000000 0.0000000
vn 0.0000000 -1.0000000 0.0000000
vn -0.0260956 -0.9996595 0.0000000
vn -0.0262531 -0.9996370 0.0060584
vn -0.0243317 -0.9996299 0.0121659
vn -0.0223492 -0.9996181 0.0162540
vn -0.0182858 -0.9996263 0.0203176
vn -0.0142219 -0.9996016 0.0243806
vn -0.0101379 -0.9996011 0.0263587
vn -0.0060584 -0.9996370 0.0262531
vn 0.0000000 -0.9996595 0.0260956
vn 0.0060584 -0.9996370 0.0262531
vn 0.0101379 -0.9996011 0.0263587
vn 0.0142219 -0.9996016 0.0243806
vn 0.0182858 -0.9996263 0.0203177
vn 0.0223492 -0.9996181 0.0162539
vn 0.0243318 -0.9996299 0.0121658
vn 0.0262531 -0.9996370 0.0060584
vn 0.0260956 -0.9996595 0.0000000
vn 0.0262531 -0.9996370 -0.0060584
vn 0.0243317 -0.9996299 -0.0121659
vn 0.0223492 -0.9996181 -0.0162540
vn 0.0182858 -0.9996263 -0.0203176
vn 0.0142219 -0.9996016 -0.0243806
vn 0.0101379 -0.9996011 -0.0263587
vn 0.0060584 -0.9996370 -0.0262531
vn 0.0000000 -0.9996595 -0.0260956
vn -0.0060584 -0.9996370 -0.0262531
vn -0.0101379 -0.9996011 -0.0263587
vn 0.0000000 -1.0000000 0.0000000
vn 0.0000000 -1.0000000 0.0000000
vn 0.0000000 -1.0000000 0.0000000
vn 0.0000000 -1.0000000 0.0000000
vn 0.0000000 -1.0000000 0.0000000
vn -0.0262531 -0.9996370 -0.0060584
vn -0.6927176 -0.7077768 -0.1385436
vn -0.7057216 -0.7084892 0.0000000
vn -0.6927176 -0.7077768 0.1385436
vn -0.6512389 -0.7087012 0.2713495
vn -0.5873818 -0.7094784 0.3893881
vn -0.4976492 -0.7080644 0.5009891
vn -0.3893880 -0.7094783 0.5873819
vn -0.2713495 -0.7087012 0.6512389
vn -0.1385435 -0.7077768 0.6927177
vn 0.0000000 -0.7084892 0.7057216
vn 0.1385436 -0.7077768 0.6927176
vn 0.2713495 -0.7087012 0.6512389
vn 0.3893881 -0.7094782 0.5873819
vn 0.4976492 -0.7080645 0.5009890
vn 0.5873820 -0.7094782 0.3893880
vn 0.6512389 -0.7087012 0.2713495
vn 0.6927176 -0.7077768 0.1385436
vn 0.7057216 -0.7084892 0.0000000
vn 0.6927176 -0.7077768 -0.1385436
vn 0.6512389 -0.7087012 -0.2713496
vn 0.5873819 -0.7094782 -0.3893881
vn 0.4976490 -0.7080645 -0.5009891
vn 0.3893881 -0.7094782 -0.5873819
vn 0.2713495 -0.7087012 -0.6512389
vn 0.1385435 -0.7077768 -0.6927177
vn 0.0000000 -0.7084892 -0.7057216
vn -0.1385435 -0.7077768 -0.6927177
vn -0.2713495 -0.7087012 -0.6512389
vn -0.3893881 -0.7094782 -0.5873819
vn -0.5873819 -0.7094782 -0.3893881
vn -0.4976492 -0.7080644 -0.5009891
vn -0.0182858 -0.9996263 -0.0203176
vn -0.0142219 -0.9996016 -0.0243806
vn 0.0000000 -1.0000000 0.0000000
vn 0.0000000 -1.0000000 0.0000000
vn 0.0000000 -1.0000000 0.0000000
vn 0.0000000 -1.0000000 0.0000000
vn -0.0243317 -0.9996299 -0.0121659
vn -0.6512389 -0.7087012 -0.2713495
vn -0.0223492 -0.9996181 -0.0162540
vn 0.0000000 -1.0000000 0.0000000
vn 0.0000000 -1.0000000 0.0000000
vn 0.0000000 -1.0000000 0.0000000
vn 0.0000000 -1.0000000 0.0000000
vn -0.1969743 -0.0211044 -0.9801815
vn -0.3815815 -0.0207663 -0.9241019
vn -0.1987876 0.0163708 -0.9799059
vn -0.3829151 0.0155236 -0.9236531
vn -0.5526923 -0.0192480 -0.8331631
vn -0.5546249 0.0164740 -0.8319374
vn -0.7069704 -0.0196381 -0.7069705
vn -0.7084056 0.0168002 -0.7056056
vn -0.8331631 -0.0192480 -0.5526923
vn -0.8340419 0.0164614 -0.5514554
vn -0.9241020 -0.0207663 -0.3815814
vn -0.9236532 0.0155236 -0.3829150
vn -0.9801815 -0.0211044 -0.1969742
vn -0.9804498 0.0163408 -0.1960899
vn -0.9998009 -0.0199561 0.0000000
vn -0.9998735 0.0159026 0.0000000
vn -0.9801815 -0.0211044 0.1969742
vn -0.9804498 0.0163409 0.1960899
vn -0.9241019 -0.0207664 0.3815814
vn -0.9236532 0.0155235 0.3829150
vn -0.8331630 -0.0192481 0.5526924
vn -0.8340419 0.0164613 0.5514554
vn -0.7069703 -0.0196382 0.7069705
vn -0.7084056 0.0168001 0.7056056
vn -0.5526923 -0.0192481 0.8331631
vn -0.5546250 0.0164739 0.8319373
vn -0.3815814 -0.0207664 0.9241019
vn -0.3829151 0.0155235 0.9236531
vn -0.1969742 -0.0211044 0.9801815
vn -0.1987875 0.0163708 0.9799059
vn 0.0000001 0.0159025 0.9998735
vn 0.0000001 -0.0199561 0.9998009
vn 0.0000000 -0.7084892 0.7057216
vn -0.1385435 -0.7077768 0.6927177
vn -0.2713495 -0.7087012 0.6512389
vn -0.3893880 -0.7094783 0.5873819
vn -0.4976492 -0.7080644 0.5009891
vn -0.5873818 -0.7094784 0.3893881
vn -0.6512389 -0.7087012 0.2713495
vn -0.6927176 -0.7077768 0.1385436
vn -0.7057216 -0.7084892 0.0000000
vn -0.6927176 -0.7077768 -0.1385436
vn -0.6512389 -0.7087012 -0.2713495
vn -0.5873819 -0.7094782 -0.3893881
vn -0.4976492 -0.7080644 -0.5009891
vn -0.3893881 -0.7094782 -0.5873819
vn -0.2713495 -0.7087012 -0.6512389
vn -0.1385435 -0.7077768 -0.6927177
vn 0.0000000 -0.7084892 -0.7057216
vn 0.0000000 -0.0199561 -0.9998009
vn 0.0000001 0.0159025 -0.9998735
vn -0.0000001 0.8785035 -0.4777360
vn -0.0963281 0.8726193 -0.4788074
vn -0.1977138 0.8567599 -0.4763106
vn -0.3029047 0.8368914 -0.4559184
vn -0.3965337 0.8279625 -0.3965338
vn -0.4559184 0.8368914 -0.3029047
vn -0.4763106 0.8567599 -0.1977138
vn -0.4788074 0.8726193 -0.0963281
vn -0.4777360 0.8785035 0.0000000
vn -0.4788074 0.8726193 0.0963281
vn -0.4763106 0.8567599 0.1977138
vn -0.4559184 0.8368914 0.3029047
vn -0.3965338 0.8279625 0.3965338
vn -0.3029047 0.8368914 0.4559184
vn -0.1977138 0.8567599 0.4763106
vn -0.0963281 0.8726193 0.4788074
vn 0.0000000 0.8785035 0.4777360
vn 0.1969743 -0.0211044 0.9801815
vn 0.3815815 -0.0207663 0.9241019
vn 0.1987877 0.0163707 0.9799058
vn 0.3829151 0.0155235 0.9236531
vn 0.5526923 -0.0192480 0.8331631
vn 0.5546250 0.0164739 0.8319373
vn 0.7069704 -0.0196381 0.7069705
vn 0.7084056 0.0168001 0.7056056
vn 0.8331632 -0.0192480 0.5526922
vn 0.8340420 0.0164613 0.5514552
vn 0.9241020 -0.0207663 0.3815814
vn 0.9236532 0.0155235 0.3829150
vn 0.9801815 -0.0211044 0.1969742
vn 0.9804498 0.0163408 0.1960899
vn 0.9998009 -0.0199561 0.0000000
vn 0.9998735 0.0159025 0.0000000
vn 0.9801815 -0.0211044 -0.1969743
vn 0.9804497 0.0163408 -0.1960900
vn 0.9241020 -0.0207663 -0.3815814
vn 0.9236531 0.0155235 -0.3829150
vn 0.8331631 -0.0192480 -0.5526923
vn 0.8340420 0.0164613 -0.5514553
vn 0.7069704 -0.0196381 -0.7069705
vn 0.7084056 0.0168001 -0.7056056
vn 0.5526923 -0.0192480 -0.8331631
vn 0.5546250 0.0164739 -0.8319373
vn 0.3815815 -0.0207663 -0.9241019
vn 0.3829150 0.0155235 -0.9236531
vn 0.1969743 -0.0211044 -0.9801815
vn 0.1987877 0.0163707 -0.9799058
vn 0.0000001 0.0159025 -0.9998735
vn 0.0000000 -0.0199561 -0.9998009
vn 0.0000000 -0.7084892 -0.7057216
vn 0.1385435 -0.7077768 -0.6927177
vn 0.2713495 -0.7087012 -0.6512389
vn 0.3893881 -0.7094782 -0.5873819
vn 0.4976490 -0.7080645 -0.5009891
vn 0.5873819 -0.7094782 -0.3893881
vn 0.6512389 -0.7087012 -0.2713496
vn 0.6927176 -0.7077768 -0.1385436
vn 0.7057216 -0.7084892 0.0000000
vn 0.6927176 -0.7077768 0.1385436
vn 0.6512389 -0.7087012 0.2713495
vn 0.5873820 -0.7094782 0.3893880
vn 0.4976492 -0.7080645 0.5009890
vn 0.3893881 -0.7094782 0.5873819
vn 0.2713495 -0.7087012 0.6512389
vn 0.1385436 -0.7077768 0.6927176
vn 0.0000000 -0.7084892 0.7057216
vn 0.0000001 -0.0199561 0.9998009
vn 0.0000001 0.0159025 0.9998735
vn 0.0000000 0.8785035 0.4777360
vn 0.0963283 0.8726193 0.4788073
vn 0.1977138 0.8567599 0.4763106
vn 0.3029047 0.8368914 0.4559184
vn 0.3965338 0.8279625 0.3965338
vn 0.4559184 0.8368914 0.3029047
vn 0.4763106 0.8567599 0.1977138
vn 0.4788074 0.8726193 0.0963281
vn 0.4777360 0.8785035 0.0000000
vn 0.4788074 0.8726193 -0.0963281
vn 0.4763106 0.8567599 -0.1977138
vn 0.4559184 0.8368914 -0.3029047
vn 0.3965338 0.8279625 -0.3965338
vn 0.3029047 0.8368914 -0.4559184
vn 0.1977138 0.8567599 -0.4763106
vn 0.0963282 0.8726193 -0.4788073
vn -0.0000001 0.8785035 -0.4777360
vn 0.0000000 1.0000000 0.0000000
vn 0.0000000 1.0000000 0.0000000
vn 0.0000000 1.0000000 0.0000000
vn 0.0000000 1.0000000 0.0000000
vn 0.0000000 1.0000000 0.0000000
vn 0.0000000 1.0000000 0.0000000
vn 0.0000000 1.0000000 0.0000000
vn 0.0000000 1.0000000 0.0000000
vn 0.0000000 1.0000000 0.0000000
vn 0.0000000 1.0000000 0.0000000
vn 0.0000000 1.0000000 0.0000000
vn 0.0000000 1.0000000 0.0000000
vn 0.0000000 1.0000000 0.0000000
vn 0.0000000 1.0000000 0.0000000
vn 0.0000000 1.0000000 0.0000000
vn 0.0000000 1.0000000 0.0000000
vn 0.0000000 1.0000000 0.0000000
vn 0.0000000 1.0000000 0.0000000
vn 0.0000000 1.0000000 0.0000000
vn 0.0000000 1.0000000 0.0000000
vn 0.0000000 1.0000000 0.0000000
vn 0.0000000 1.0000000 0.0000000
vn 0.0000000 1.0000000 0.0000000
vn 0.0000000 1.0000000 0.0000000
vn 0.0000000 1.0000000 0.0000000
vn 0.0000000 1.0000000 0.0000000
vn 0.0000000 1.0000000 0.0000000
vn 0.0000000 1.0000000 0.0000000
vn 0.0000000 1.0000000 0.0000000
vn 0.0000000 1.0000000 0.0000000
vn 0.0000000 1.0000000 0.0000000
vn 0.0000000 1.0000000 0.0000000
vn 0.0000000 1.0000000 0.0000000
vn 0.0000000 1.0000000 0.0000000
vn 0.0000000 1.0000000 0.0000000
vn 0.0000000 1.0000000 0.0000000
vn 0.0000000 1.0000000 0.0000000
vn 0.0000000 1.0000000 0.0000000
vn 0.0000000 1.0000000 0.0000000
vn 0.0000000 1.0000000 0.0000000
vn 0.0019608 0.9999981 0.0000000
vn 0.0019608 0.9999981 0.0000000
vn 0.0019646 0.9999961 0.0019646
vn 0.0039370 0.9999903 0.0019685
vn 0.0039447 0.9999844 0.0039447
vn 0.0019685 0.9999903 0.0039370
vn 0.0000000 0.9999923 0.0039292
vn 0.0000000 0.9999981 0.0019608
vn 0.0000000 0.9999981 0.0019608
vn 0.0000000 0.9999981 0.0019608
vn -0.0019646 0.9999961 0.0019646
vn -0.0019685 0.9999903 0.0039370
vn -0.0039447 0.9999844 0.0039447
vn -0.0039370 0.9999903 0.0019685
vn -0.0019646 0.9999961 0.0019646
vn -0.0019608 0.9999981 0.0000000
vn -0.0019608 0.9999981 0.0000000
vn -0.0019608 0.9999981 0.0000000
vn -0.0019646 0.9999961 -0.0019646
vn -0.0039370 0.9999903 -0.0019685
vn -0.0039448 0.9999844 -0.0039447
vn -0.0019685 0.9999903 -0.0039370
vn -0.0019646 0.9999961 -0.0019646
vn 0.0000000 0.9999981 -0.0019608
vn 0.0000000 1.0000000 0.0000000
vn 0.0000000 1.0000000 0.0000000
vn 0.0000000 1.0000000 0.0000000
vn 0.0000000 1.0000000 0.0000000
vn 0.0019608 0.9999981 0.0000000
vn 0.0119276 0.9999210 -0.0039758
vn 0.0099004 0.9999490 -0.0019801
vn 0.0098809 0.9999512 0.0000000
vn 0.0099004 0.9999490 0.0019801
vn 0.0119276 0.9999210 0.0039758
vn 0.0140260 0.9998514 0.0100185
vn 0.0161254 0.9997704 0.0141096
vn 0.0100186 0.9998514 0.0140259
vn 0.0039759 0.9999210 0.0119274
vn 0.0019801 0.9999490 0.0099004
vn 0.0000000 0.9999512 0.0098809
vn -0.0019801 0.9999490 0.0099004
vn -0.0039758 0.9999210 0.0119274
vn -0.0100185 0.9998514 0.0140260
vn -0.0161253 0.9997704 0.0141097
vn -0.0140260 0.9998514 0.0100185
vn -0.0119274 0.9999210 0.0039758
vn -0.0099004 0.9999490 0.0019801
vn -0.0098809 0.9999512 0.0000000
vn -0.0099005 0.9999490 -0.0019801
vn -0.0119275 0.9999210 -0.0039758
vn -0.0140260 0.9998514 -0.0100185
vn -0.0161253 0.9997704 -0.0141097
vn -0.0100185 0.9998514 -0.0140260
vn -0.0039759 0.9999210 -0.0119274
vn -0.0019801 0.9999490 -0.0099004
vn -0.0000001 0.9999512 -0.0098809
vn 0.0000000 0.9999981 -0.0019608
vn 0.0000000 1.0000000 0.0000000
vn 0.0000000 1.0000000 0.0000000
vn 0.0000000 1.0000000 0.0000000
vn 0.0019646 0.9999961 -0.0019646
vn 0.0140260 0.9998514 -0.0100186
vn 0.4559184 0.8368914 -0.3029047
vn 0.4763106 0.8567599 -0.1977138
vn 0.4788074 0.8726193 -0.0963281
vn 0.4777360 0.8785035 0.0000000
vn 0.4788074 0.8726193 0.0963281
vn 0.4763106 0.8567599 0.1977138
vn 0.4559184 0.8368914 0.3029047
vn 0.3965338 0.8279625 0.3965338
vn 0.3029047 0.8368914 0.4559184
vn 0.1977138 0.8567599 0.4763106
vn 0.0963283 0.8726193 0.4788073
vn 0.0000000 0.8785035 0.4777360
vn -0.0963281 0.8726193 0.4788074
vn -0.1977138 0.8567599 0.4763106
vn -0.3029047 0.8368914 0.4559184
vn -0.3965338 0.8279625 0.3965338
vn -0.4559184 0.8368914 0.3029047
vn -0.4763106 0.8567599 0.1977138
vn -0.4788074 0.8726193 0.0963281
vn -0.4777360 0.8785035 0.0000000
vn -0.4788074 0.8726193 -0.0963281
vn -0.4763106 0.8567599 -0.1977138
vn -0.4559184 0.8368914 -0.3029047
vn -0.3965337 0.8279625 -0.3965338
vn -0.3029047 0.8368914 -0.4559184
vn -0.1977138 0.8567599 -0.4763106
vn -0.0963281 0.8726193 -0.4788074
vn -0.0000001 0.8785035 -0.4777360
vn 0.0963282 0.8726193 -0.4788073
vn 0.1977138 0.8567599 -0.4763106
vn 0.0019800 0.9999490 -0.0099005
vn 0.0000000 0.9999981 -0.0019608
vn 0.0000000 1.0000000 0.0000000
vn 0.0000000 1.0000000 0.0000000
vn 0.0039370 0.9999903 -0.0019685
vn 0.0039447 0.9999844 -0.0039447
vn 0.0161253 0.9997704 -0.0141097
vn 0.3965338 0.8279625 -0.3965338
vn 0.0100186 0.9998514 -0.0140260
vn 0.3029047 0.8368914 -0.4559184
vn 0.0039759 0.9999210 -0.0119275
vn 0.0019646 0.9999961 -0.0019646
vn 0.0019685 0.9999903 -0.0039370
f 1/1/1 2/2/2 3/3/3
f 2/2/2 4/4/4 3/3/3
f 3/3/3 4/4/4 5/5/5
f 4/4/4 6/6/6 5/5/5
f 5/5/5 6/6/6 7/7/7
f 6/6/6 8/8/8 7/7/7
f 7/7/7 8/8/8 9/9/9
f 8/8/8 10/10/10 9/9/9
f 9/9/9 10/10/10 11/11/11
f 10/10/10 12/12/12 11/11/11
f 11/11/11 12/12/12 13/13/13
f 12/12/12 14/14/14 13/13/13
f 13/13/13 14/14/14 15/15/15
f 14/14/14 16/16/16 15/15/15
f 15/15/15 16/16/16 17/17/17
f 16/16/16 18/18/18 17/17/17
f 17/17/17 18/18/18 19/19/19
f 18/18/18 20/20/20 19/19/19
f 19/19/19 20/20/20 21/21/21
f 20/20/20 22/22/22 21/21/21
f 21/21/21 22/22/22 23/23/23
f 22/22/22 24/24/24 23/23/23
f 23/23/23 24/24/24 25/25/25
f 24/24/24 26/26/26 25/25/25
f 25/25/25 26/26/26 27/27/27
f 26/26/26 28/28/28 27/27/27
f 27/27/27 28/28/28 29/29/29
f 28/28/28 30/30/30 29/29/29
f 31/31/31 29/29/29 32/32/32
f 29/29/29 30/30/30 32/32/32
f 32/32/32 30/30/30 33/33/33
f 34/34/34 33/33/33 35/35/35
f 33/33/33 30/30/30 35/35/35
f 35/35/35 30/30/30 36/36/36
f 30/30/30 28/28/28 36/36/36
f 36/36/36 28/28/28 37/37/37
f 28/28/28 26/26/26 37/37/37
f 37/37/37 26/26/26 38/38/38
f 26/26/26 24/24/24 38/38/38
f 38/38/38 24/24/24 39/39/39
f 24/24/24 22/22/22 39/39/39
f 39/39/39 22/22/22 40/40/40
f 22/22/22 20/20/20 40/40/40
f 40/40/40 20/20/20 41/41/41
f 20/20/20 18/18/18 41/41/41
f 41/41/41 18/18/18 42/42/42
f 18/18/18 16/16/16 42/42/42
f 42/42/42 16/16/16 43/43/43
f 16/16/16 14/14/14 43/43/43
f 43/43/43 14/14/14 44/44/44
f 14/14/14 12/12/12 44/44/44
f 44/44/44 12/12/12 45/45/45
f 12/12/12 10/10/10 45/45/45
f 45/45/45 10/10/10 46/46/46
f 10/10/10 8/8/8 46/46/46
f 46/46/46 8/8/8 47/47/47
f 8/8/8 6/6/6 47/47/47
f 47/47/47 6/6/6 48/48/48
f 6/6/6 4/4/4 48/48/48
f 48/48/48 4/4/4 49/49/49
f 4/4/4 2/2/2 49/49/49
f 49/49/49 2/2/2 50/50/50
f 50/50/50 2/2/2 51/51/51
f 2/2/2 1/1/1 51/51/51
f 51/51/51 1/1/1 52/52/52
f 53/53/53 52/52/52 54/54/54
f 52/52/52 1/1/1 54/54/54
f 54/54/54 1/1/1 55/55/55
f 1/1/1 3/3/3 55/55/55
f 55/55/55 3/3/3 56/56/56
f 3/3/3 5/5/5 56/56/56
f 56/56/56 5/5/5 57/57/57
f 5/5/5 7/7/7 57/57/57
f 57/57/57 7/7/7 58/58/58
f 7/7/7 9/9/9 58/58/58
f 58/58/58 9/9/9 59/59/59
f 9/9/9 11/11/11 59/59/59
f 59/59/59 11/11/11 60/60/60
f 11/11/11 13/13/13 60/60/60
f 60/60/60 13/13/13 61/61/61
f 13/13/13 15/15/15 61/61/61
f 61/61/61 15/15/15 62/62/62
f 15/15/15 17/17/17 62/62/62
f 62/62/62 17/17/17 63/63/63
f 17/17/17 19/19/19 63/63/63
f 63/63/63 19/19/19 64/64/64
f 19/19/19 21/21/21 64/64/64
f 64/64/64 21/21/21 65/65/65
f 21/21/21 23/23/23 65/65/65
f 65/65/65 23/23/23 66/66/66
f 23/23/23 25/25/25 66/66/66
f 66/66/66 25/25/25 67/67/67
f 25/25/25 27/27/27 67/67/67
f 67/67/67 27/27/27 68/68/68
f 27/27/27 29/29/29 68/68/68
f 29/29/29 31/31/31 68/68/68
f 69/69/69 70/70/70 71/71/71
f 70/70/70 72/72/72 71/71/71
f 71/71/71 72/72/72 73/73/73
f 72/72/72 74/74/74 73/73/73
f 73/73/73 74/74/74 75/75/75
f 74/74/74 76/76/76 75/75/75
f 75/75/75 76/76/76 77/77/77
f 76/76/76 78/78/78 77/77/77
f 77/77/77 78/78/78 79/79/79
f 78/78/78 80/80/80 79/79/79
f 79/79/79 80/80/80 81/81/81
f 80/80/80 82/82/82 81/81/81
f 81/81/81 82/82/82 83/83/83
f 82/82/82 84/84/84 83/83/83
f 83/83/83 84/84/84 85/85/85
f 84/84/84 86/86/86 85/85/85
f 85/85/85 86/86/86 87/87/87
f 86/86/86 88/88/88 87/87/87
f 87/87/87 88/88/88 89/89/89
f 88/88/88 90/90/90 89/89/89
f 89/89/89 90/90/90 91/91/91
f 90/90/90 92/92/92 91/91/91
f 91/91/91 92/92/92 93/93/93
f 92/92/92 94/94/94 93/93/93
f 93/93/93 94/94/94 95/95/95
f 94/94/94 96/96/96 95/95/95
f 95/95/95 96/96/96 97/97/97
f 97/97/97 96/96/96 98/98/98
f 99/99/99 100/100/100 101/101/101
f 100/100/100 98/98/98 101/101/101
f 101/101/101 98/98/98 102/102/102
f 98/98/98 96/96/96 102/102/102
f 102/102/102 96/96/96 103/103/103
f 96/96/96 94/94/94 103/103/103
f 103/103/103 94/94/94 104/104/104
f 94/94/94 92/92/92 104/104/104
f 104/104/104 92/92/92 105/105/105
f 92/92/92 90/90/90 105/105/105
f 105/105/105 90/90/90 106/106/106
f 90/90/90 88/88/88 106/106/106
f 106/106/106 88/88/88 107/107/107
f 88/88/88 86/86/86 107/107/107
f 107/107/107 86/86/86 108/108/108
f 86/86/86 84/84/84 108/108/108
f 108/108/108 84/84/84 109/109/109
f 84/84/84 82/82/82 109/109/109
f 109/109/109 82/82/82 110/110/110
f 82/82/82 80/80/80 110/110/110
f 110/110/110 80/80/80 111/111/111
f 80/80/80 78/78/78 111/111/111
f 111/111/111 78/78/78 112/112/112
f 78/78/78 76/76/76 112/112/112
f 112/112/112 76/76/76 113/113/113
f 76/76/76 74/74/74 113/113/113
f 113/113/113 74/74/74 114/114/114
f 74/74/74 72/72/72 114/114/114
f 114/114/114 72/72/72 115/115/115
f 72/72/72 70/70/70 115/115/115
f 115/115/115 70/70/70 116/116/116
f 116/116/116 70/70/70 117/117/117
f 70/70/70 69/69/69 117/117/117
f 117/117/117 69/69/69 118/118/118
f 119/119/119 118/118/118 120/120/120
f 118/118/118 69/69/69 120/120/120
f 120/120/120 69/69/69 121/121/121
f 69/69/69 71/71/71 121/121/121
f 121/121/121 71/71/71 122/122/122
f 71/71/71 73/73/73 122/122/122
f 122/122/122 73/73/73 123/123/123
f 73/73/73 75/75/75 123/123/123
f 123/123/123 75/75/75 124/124/124
f 75/75/75 77/77/77 124/124/124
f 124/124/124 77/77/77 125/125/125
f 77/77/77 79/79/79 125/125/125
f 125/125/125 79/79/79 126/126/126
f 79/79/79 81/81/81 126/126/126
f 126/126/126 81/81/81 127/127/127
f 81/81/81 83/83/83 127/127/127
f 127/127/127 83/83/83 128/128/128
f 83/83/83 85/85/85 128/128/128
f 128/128/128 85/85/85 129/129/129
f 85/85/85 87/87/87 129/129/129
f 129/129/129 87/87/87 130/130/130
f 87/87/87 89/89/89 130/130/130
f 130/130/130 89/89/89 131/131/131
f 89/89/89 91/91/91 131/131/131
f 131/131/131 91/91/91 132/132/132
f 91/91/91 93/93/93 132/132/132
f 132/132/132 93/93/93 133/133/133
f 93/93/93 95/95/95 133/133/133
f 133/133/133 95/95/95 134/134/134
f 95/95/95 97/97/97 134/134/134
f 134/134/134 97/97/97 135/135/135
f 135/135/135 97/97/97 136/136/136
f 97/97/97 98/98/98 136/136/136
f 98/98/98 100/100/100 136/136/136
f 137/137/137 138/138/138 139/139/139
f 138/138/138 140/140/140 139/139/139
f 139/139/139 140/140/140 141/141/141
f 140/140/140 142/142/142 141/141/141
f 141/141/141 142/142/142 143/143/143
f 142/142/142 144/144/144 143/143/143
f 143/143/143 144/144/144 145/145/145
f 144/144/144 146/146/146 145/145/145
f 145/145/145 146/146/146 147/147/147
f 146/146/146 148/148/148 147/147/147
f 147/147/147 148/148/148 149/149/149
f 148/148/148 150/150/150 149/149/149
f 149/149/149 150/150/150 151/151/151
f 150/150/150 152/152/152 151/151/151
f 151/151/151 152/152/152 153/153/153
f 152/152/152 154/154/154 153/153/153
f 153/153/153 154/154/154 155/155/155
f 154/154/154 156/156/156 155/155/155
f 155/155/155 156/156/156 157/157/157
f 156/156/156 158/158/158 157/157/157
f 157/157/157 158/158/158 159/159/159
f 158/158/158 160/160/160 159/159/159
f 159/159/159 160/160/160 161/161/161
f 160/160/160 162/162/162 161/161/161
f 161/161/161 162/162/162 163/163/163
f 162/162/162 164/164/164 163/163/163
f 163/163/163 164/164/164 165/165/165
f 164/164/164 166/166/166 165/165/165
f 167/167/167 165/165/165 168/168/168
f 165/165/165 166/166/166 168/168/168
f 168/168/168 166/166/166 169/169/169
f 170/170/170 169/169/169 171/171/171
f 169/169/169 166/166/166 171/171/171
f 171/171/171 166/166/166 172/172/172
f 166/166/166 164/164/164 172/172/172
f 172/172/172 164/164/164 173/173/173
f 164/164/164 162/162/162 173/173/173
f 173/173/173 162/162/162 174/174/174
f 162/162/162 160/160/160 174/174/174
f 174/174/174 160/160/160 175/175/175
f 160/160/160 158/158/158 175/175/175
f 175/175/175 158/158/158 176/176/176
f 158/158/158 156/156/156 176/176/176
f 176/176/176 156/156/156 177/177/177
f 156/156/156 154/154/154 177/177/177
f 177/177/177 154/154/154 178/178/178
f 154/154/154 152/152/152 178/178/178
f 178/178/178 152/152/152 179/179/179
f 152/152/152 150/150/150 179/179/179
f 179/179/179 150/150/150 180/180/180
f 150/150/150 148/148/148 180/180/180
f 180/180/180 148/148/148 181/181/181
f 148/148/148 146/146/146 181/181/181
f 181/181/181 146/146/146 182/182/182
f 146/146/146 144/144/144 182/182/182
f 182/182/182 144/144/144 183/183/183
f 144/144/144 142/142/142 183/183/183
f 183/183/183 142/142/142 184/184/184
f 142/142/142 140/140/140 184/184/184
f 184/184/184 140/140/140 185/185/185
f 140/140/140 138/138/138 185/185/185
f 185/185/185 138/138/138 186/186/186
f 186/186/186 138/138/138 187/187/187
f 138/138/138 137/137/137 187/187/187
f 187/187/187 137/137/137 188/188/188
f 189/189/189 188/188/188 190/190/190
f 188/188/188 137/137/137 190/190/190
f 190/190/190 137/137/137 191/191/191
f 137/137/137 139/139/139 191/191/191
f 191/191/191 139/139/139 192/192/192
f 139/139/139 141/141/141 192/192/192
f 192/192/192 141/141/141 193/193/193
f 141/141/141 143/143/143 193/193/193
f 193/193/193 143/143/143 194/194/194
f 143/143/143 145/145/145 194/194/194
f 194/194/194 145/145/145 195/195/195
f 145/145/145 147/147/147 195/195/195
f 195/195/195 147/147/147 196/196/196
f 147/147/147 149/149/149 196/196/196
f 196/196/196 149/149/149 197/197/197
f 149/149/149 151/151/151 197/197/197
f 197/197/197 151/151/151 198/198/198
f 151/151/151 153/153/153 198/198/198
f 198/198/198 153/153/153 199/199/199
f 153/153/153 155/155/155 199/199/199
f 199/199/199 155/155/155 200/200/200
f 155/155/155 157/157/157 200/200/200
f 200/200/200 157/157/157 201/201/201
f 157/157/157 159/159/159 201/201/201
f 201/201/201 159/159/159 202/202/202
f 159/159/159 161/161/161 202/202/202
f 202/202/202 161/161/161 203/203/203
f 161/161/161 163/163/163 203/203/203
f 203/203/203 163/163/163 204/204/204
f 163/163/163 165/165/165 204/204/204
f 165/165/165 167/167/167 204/204/204
f 205/205/205 206/206/206 207/207/207
f 206/206/206 208/208/208 207/207/207
f 207/207/207 208/208/208 209/209/209
f 208/208/208 210/210/210 209/209/209
f 209/209/209 210/210/210 211/211/211
f 210/210/210 212/212/212 211/211/211
f 211/211/211 212/212/212 213/213/213
f 212/212/212 214/214/214 213/213/213
f 213/213/213 214/214/214 215/215/215
f 214/214/214 216/216/216 215/215/215
f 215/215/215 216/216/216 217/217/217
f 216/216/216 218/218/218 217/217/217
f 217/217/217 218/218/218 219/219/219
f 218/218/218 220/220/220 219/219/219
f 219/219/219 220/220/220 221/221/221
f 220/220/220 222/222/222 221/221/221
f 221/221/221 222/222/222 223/223/223
f 222/222/222 224/224/224 223/223/223
f 223/223/223 224/224/224 225/225/225
f 224/224/224 226/226/226 225/225/225
f 225/225/225 226/226/226 227/227/227
f 226/226/226 228/228/228 227/227/227
f 227/227/227 228/228/228 229/229/229
f 228/228/228 230/230/230 229/229/229
f 229/229/229 230/230/230 231/231/231
f 230/230/230 232/232/232 231/231/231
f 231/231/231 232/232/232 233/233/233
f 233/233/233 232/232/232 234/234/234
f 235/235/235 236/236/236 237/237/237
f 236/236/236 234/234/234 237/237/237
f 237/237/237 234/234/234 238/238/238
f 234/234/234 232/232/232 238/238/238
f 238/238/238 232/232/232 239/239/239
f 232/232/232 230/230/230 239/239/239
f 239/239/239 230/230/230 240/240/240
f 230/230/230 228/228/228 240/240/240
f 240/240/240 228/228/228 241/241/241
f 228/228/228 226/226/226 241/241/241
f 241/241/241 226/226/226 242/242/242
f 226/226/226 224/224/224 242/242/242
f 242/242/242 224/224/224 243/243/243
f 224/224/224 222/222/222 243/243/243
f 243/243/243 222/222/222 244/244/244
f 222/222/222 220/220/220 244/244/244
f 244/244/244 220/220/220 245/245/245
f 220/220/220 218/218/218 245/245/245
f 245/245/245 218/218/218 246/246/246
f 218/218/218 216/216/216 246/246/246
f 246/246/246 216/216/216 247/247/247
f 216/216/216 214/214/214 247/247/247
f 247/247/247 214/214/214 248/248/248
f 214/214/214 212/212/212 248/248/248
f 248/248/248 212/212/212 249/249/249
f 212/212/212 210/210/210 249/249/249
f 249/249/249 210/210/210 250/250/250
f 210/210/210 208/208/208 250/250/250
f 250/250/250 208/208/208 251/251/251
f 208/208/208 206/206/206 251/251/251
f 251/251/251 206/206/206 252/252/252
f 252/252/252 206/206/206 253/253/253
f 206/206/206 205/205/205 253/253/253
f 253/253/253 205/205/205 254/254/254
f 255/255/255 254/254/254 256/256/256
f 254/254/254 205/205/205 256/256/256
f 256/256/256 205/205/205 257/257/257
f 205/205/205 207/207/207 257/257/257
f 257/257/257 207/207/207 258/258/258
f 207/207/207 209/209/209 258/258/258
f 258/258/258 209/209/209 259/259/259
f 209/209/209 211/211/211 259/259/259
f 259/259/259 211/211/211 260/260/260
f 211/211/211 213/213/213 260/260/260
f 260/260/260 213/213/213 261/261/261
f 213/213/213 215/215/215 261/261/261
f 261/261/261 215/215/215 262/262/262
f 215/215/215 217/217/217 262/262/262
f 262/262/262 217/217/217 263/263/263
f 217/217/217 219/219/219 263/263/263
f 263/263/263 219/219/219 264/264/264
f 219/219/219 221/221/221 264/264/264
f 264/264/264 221/221/221 265/265/265
f 221/221/221 223/223/223 265/265/265
f 265/265/265 223/223/223 266/266/266
f 223/223/223 225/225/225 266/266/266
f 266/266/266 225/225/225 267/267/267
f 225/225/225 227/227/227 267/267/267
f 267/267/267 227/227/227 268/268/268
f 227/227/227 229/229/229 268/268/268
f 268/268/268 229/229/229 269/269/269
f 229/229/229 231/231/231 269/269/269
f 269/269/269 231/231/231 270/270/270
f 231/231/231 233/233/233 270/270/270
f 270/270/270 233/233/233 271/271/271
f 271/271/271 233/233/233 272/272/272
f 233/233/233 234/234/234 272/272/272
f 234/234/234 236/236/236 272/272/272
f 273/273/273 274/274/274 275/275/275
f 276/276/276 275/275/275 277/277/277
f 275/275/275 274/274/274 277/277/277
f 277/277/277 274/274/274 278/278/278
f 279/279/279 278/278/278 280/280/280
f 278/278/278 274/274/274 280/280/280
f 280/280/280 274/274/274 281/281/281
f 274/274/274 273/273/273 281/281/281
f 281/281/281 273/273/273 282/282/282
f 283/283/283 282/282/282 284/284/284
f 282/282/282 273/273/273 284/284/284
f 284/284/284 273/273/273 285/285/285
f 273/273/273 275/275/275 285/285/285
f 285/285/285 275/275/275 286/286/286
f 275/275/275 276/276/276 286/286/286
f 286/286/286 276/276/276 287/287/287
f 287/287/287 276/276/276 288/288/288
f 288/288/288 276/276/276 289/289/289
f 276/276/276 277/277/277 289/289/289
f 289/289/289 277/277/277 290/290/290
f 277/277/277 278/278/278 290/290/290
f 290/290/290 278/278/278 291/291/291
f 278/278/278 279/279/279 291/291/291
f 291/291/291 279/279/279 292/292/292
f 292/292/292 279/279/279 293/293/293
f 293/293/293 279/279/279 294/294/294
f 279/279/279 280/280/280 294/294/294
f 294/294/294 280/280/280 295/295/295
f 280/280/280 281/281/281 295/295/295
f 295/295/295 281/281/281 296/296/296
f 281/281/281 282/282/282 296/296/296
f 296/296/296 282/282/282 297/297/297
f 282/282/282 283/283/283 297/297/297
f 297/297/297 283/283/283 298/298/298
f 299/299/299 298/298/298 300/300/300
f 298/298/298 283/283/283 300/300/300
f 300/300/300 283/283/283 301/301/301
f 283/283/283 284/284/284 301/301/301
f 301/301/301 284/284/284 302/302/302
f 284/284/284 285/285/285 302/302/302
f 302/302/302 285/285/285 303/303/303
f 285/285/285 286/286/286 303/303/303
f 303/303/303 286/286/286 304/304/304
f 286/286/286 287/287/287 304/304/304
f 304/304/304 287/287/287 305/305/305
f 305/305/305 287/287/287 306/306/306
f 287/287/287 288/288/288 306/306/306
f 306/306/306 288/288/288 307/307/307
f 307/307/307 288/288/288 308/308/308
f 288/288/288 289/289/289 308/308/308
f 308/308/308 289/289/289 309/309/309
f 289/289/289 290/290/290 309/309/309
f 309/309/309 290/290/290 310/310/310
f 290/290/290 291/291/291 310/310/310
f 310/310/310 291/291/291 311/311/311
f 291/291/291 292/292/292 311/311/311
f 312/312/312 311/311/311 313/313/313
f 311/311/311 292/292/292 313/313/313
f 313/313/313 292/292/292 314/314/314
f 292/292/292 293/293/293 314/314/314
f 314/314/314 293/293/293 315/315/315
f 315/315/315 293/293/293 316/316/316
f 293/293/293 294/294/294 316/316/316
f 316/316/316 294/294/294 317/317/317
f 294/294/294 295/295/295 317/317/317
f 317/317/317 295/295/295 318/318/318
f 295/295/295 296/296/296 318/318/318
f 318/318/318 296/296/296 319/319/319
f 296/296/296 297/297/297 319/319/319
f 319/319/319 297/297/297 320/320/320
f 297/297/297 298/298/298 320/320/320
f 320/320/320 298/298/298 321/321/321
f 298/298/298 299/299/299 321/321/321
f 321/321/321 299/299/299 322/322/322
f 323/323/323 322/322/322 324/324/324
f 322/322/322 299/299/299 324/324/324
f 324/324/324 299/299/299 325/325/325
f 299/299/299 300/300/300 325/325/325
f 325/325/325 300/300/300 326/326/326
f 300/300/300 301/301/301 326/326/326
f 326/326/326 301/301/301 327/327/327
f 301/301/301 302/302/302 327/327/327
f 327/327/327 302/302/302 328/328/328
f 302/302/302 303/303/303 328/328/328
f 328/328/328 303/303/303 329/329/329
f 303/303/303 304/304/304 329/329/329
f 329/329/329 304/304/304 330/330/330
f 304/304/304 305/305/305 330/330/330
f 330/330/330 305/305/305 331/331/331
f 331/331/331 305/305/305 332/332/332
f 305/305/305 306/306/306 332/332/332
f 332/332/332 306/306/306 333/333/333
f 306/306/306 307/307/307 333/333/333
f 333/333/333 307/307/307 334/334/334
f 335/335/335 334/334/334 336/336/336
f 334/334/334 307/307/307 336/336/336
f 307/307/307 308/308/308 336/336/336
f 336/336/336 308/308/308 337/337/337
f 308/308/308 309/309/309 337/337/337
f 337/337/337 309/309/309 338/338/338
f 309/309/309 310/310/310 338/338/338
f 338/338/338 310/310/310 339/339/339
f 310/310/310 311/311/311 339/339/339
f 311/311/311 312/312/312 339/339/339
f 339/339/339 312/312/312 340/340/340
f 341/341/341 340/340/340 342/342/342
f 340/340/340 312/312/312 342/342/342
f 342/342/342 312/312/312 343/343/343
f 312/312/312 313/313/313 343/343/343
f 343/343/343 313/313/313 344/344/344
f 313/313/313 314/314/314 344/344/344
f 344/344/344 314/314/314 345/345/345
f 314/314/314 315/315/315 345/345/345
f 345/345/345 315/315/315 346/346/346
f 315/315/315 316/316/316 346/346/346
f 346/346/346 316/316/316 347/347/347
f 316/316/316 317/317/317 347/347/347
f 347/347/347 317/317/317 348/348/348
f 317/317/317 318/318/318 348/348/348
f 348/348/348 318/318/318 349/349/349
f 318/318/318 319/319/319 349/349/349
f 349/349/349 319/319/319 350/350/350
f 319/319/319 320/320/320 350/350/350
f 350/350/350 320/320/320 351/351/351
f 320/320/320 321/321/321 351/351/351
f 351/351/351 321/321/321 352/352/352
f 321/321/321 322/322/322 352/352/352
f 352/352/352 322/322/322 353/353/353
f 322/322/322 323/323/323 353/353/353
f 353/353/353 323/323/323 354/354/354
f 323/323/323 324/324/324 354/354/354
f 354/354/354 324/324/324 355/355/355
f 324/324/324 325/325/325 355/355/355
f 355/355/355 325/325/325 356/356/356
f 325/325/325 326/326/326 356/356/356
f 356/356/356 326/326/326 357/357/357
f 326/326/326 327/327/327 357/357/357
f 357/357/357 327/327/327 358/358/358
f 327/327/327 328/328/328 358/358/358
f 358/358/358 328/328/328 359/359/359
f 328/328/328 329/329/329 359/359/359
f 359/359/359 329/329/329 360/360/360
f 329/329/329 330/330/330 360/360/360
f 360/360/360 330/330/330 361/361/361
f 330/330/330 331/331/331 361/361/361
f 361/361/361 331/331/331 362/362/362
f 331/331/331 332/332/332 362/362/362
f 362/362/362 332/332/332 363/363/363
f 332/332/332 333/333/333 363/363/363
f 363/363/363 333/333/333 364/364/364
f 333/333/333 334/334/334 364/364/364
f 364/364/364 334/334/334 365/365/365
f 334/334/334 335/335/335 365/365/365
f 365/365/365 335/335/335 366/366/366
f 367/367/367 366/366/366 368/368/368
f 366/366/366 335/335/335 368/368/368
f 368/368/368 335/335/335 369/369/369
f 335/335/335 336/336/336 369/369/369
f 336/336/336 337/337/337 369/369/369
f 369/369/369 337/337/337 370/370/370
f 337/337/337 338/338/338 370/370/370
f 370/370/370 338/338/338 371/371/371
f 338/338/338 339/339/339 371/371/371
f 339/339/339 340/340/340 371/371/371
f 371/371/371 340/340/340 372/372/372
f 340/340/340 341/341/341 372/372/372
f 372/372/372 341/341/341 373/373/373
f 374/374/374 373/373/373 375/375/375
f 373/373/373 341/341/341 375/375/375
f 375/375/375 341/341/341 376/376/376
f 341/341/341 342/342/342 376/376/376
f 376/376/376 342/342/342 377/377/377
f 342/342/342 343/343/343 377/377/377
f 377/377/377 343/343/343 378/378/378
f 343/343/343 344/344/344 378/378/378
f 378/378/378 344/344/344 379/379/379
f 344/344/344 345/345/345 379/379/379
f 379/379/379 345/345/345 380/380/380
f 345/345/345 346/346/346 380/380/380
f 380/380/380 346/346/346 381/381/381
f 346/346/346 347/347/347 381/381/381
f 381/381/381 347/347/347 382/382/382
f 347/347/347 348/348/348 382/382/382
f 382/382/382 348/348/348 383/383/383
f 348/348/348 349/349/349 383/383/383
f 383/383/383 349/349/349 384/384/384
f 349/349/349 350/350/350 384/384/384
f 384/384/384 350/350/350 385/385/385
f 350/350/350 351/351/351 385/385/385
f 385/385/385 351/351/351 386/386/386
f 351/351/351 352/352/352 386/386/386
f 386/386/386 352/352/352 387/387/387
f 352/352/352 353/353/353 387/387/387
f 387/387/387 353/353/353 388/388/388
f 353/353/353 354/354/354 388/388/388
f 388/388/388 354/354/354 389/389/389
f 354/354/354 355/355/355 389/389/389
f 389/389/389 355/355/355 390/390/390
f 355/355/355 356/356/356 390/390/390
f 390/390/390 356/356/356 391/391/391
f 356/356/356 357/357/357 391/391/391
f 391/391/391 357/357/357 392/392/392
f 357/357/357 358/358/358 392/392/392
f 392/392/392 358/358/358 393/393/393
f 358/358/358 359/359/359 393/393/393
f 393/393/393 359/359/359 394/394/394
f 359/359/359 360/360/360 394/394/394
f 394/394/394 360/360/360 395/395/395
f 360/360/360 361/361/361 395/395/395
f 395/395/395 361/361/361 396/396/396
f 361/361/361 362/362/362 396/396/396
f 396/396/396 362/362/362 397/397/397
f 362/362/362 363/363/363 397/397/397
f 397/397/397 363/363/363 398/398/398
f 363/363/363 364/364/364 398/398/398
f 398/398/398 364/364/364 399/399/399
f 364/364/364 365/365/365 399/399/399
f 399/399/399 365/365/365 400/400/400
f 365/365/365 366/366/366 400/400/400
f 400/400/400 366/366/366 401/401/401
f 366/366/366 367/367/367 401/401/401
f 401/401/401 367/367/367 402/402/402
f 403/403/403 404/404/404 405/405/405
f 405/405/405 404/404/404 406/406/406
f 404/404/404 402/402/402 406/406/406
f 402/402/402 367/367/367 406/406/406
f 406/406/406 367/367/367 407/407/407
f 367/367/367 368/368/368 407/407/407
f 407/407/407 368/368/368 408/408/408
f 368/368/368 369/369/369 408/408/408
f 369/369/369 370/370/370 408/408/408
f 408/408/408 370/370/370 409/409/409
f 370/370/370 371/371/371 409/409/409
f 371/371/371 372/372/372 409/409/409
f 409/409/409 372/372/372 410/410/410
f 372/372/372 373/373/373 410/410/410
f 410/410/410 373/373/373 411/411/411
f 373/373/373 374/374/374 411/411/411
f 374/374/374 412/412/412 411/411/411
f 411/411/411 412/412/412 413/413/413
f 412/412/412 403/403/403 413/413/413
f 403/403/403 405/405/405 413/413/413
f 413/413/413 405/405/405 414/414/414
f 414/414/414 405/405/405 415/415/415
f 405/405/405 406/406/406 415/415/415
f 406/406/406 407/407/407 415/415/415
f 415/415/415 407/407/407 416/416/416
f 407/407/407 408/408/408 416/416/416
f 408/408/408 409/409/409 416/416/416
f 409/409/409 410/410/410 416/416/416
f 416/416/416 410/410/410 417/417/417
f 410/410/410 411/411/411 417/417/417
f 411/411/411 413/413/413 417/417/417
f 413/413/413 414/414/414 417/417/417
f 414/414/414 415/415/415 417/417/417
f 418/418/418 419/419/419 420/420/420
f 420/420/420 419/419/419 421/421/421
f 419/419/419 422/422/422 421/421/421
f 421/421/421 422/422/422 423/423/423
f 422/422/422 424/424/424 423/423/423
f 423/423/423 424/424/424 425/425/425
f 424/424/424 426/426/426 425/425/425
f 425/425/425 426/426/426 427/427/427
f 426/426/426 428/428/428 427/427/427
f 427/427/427 428/428/428 429/429/429
f 428/428/428 430/430/430 429/429/429
f 429/429/429 430/430/430 431/431/431
f 430/430/430 432/432/432 431/431/431
f 431/431/431 432/432/432 433/433/433
f 432/432/432 434/434/434 433/433/433
f 433/433/433 434/434/434 435/435/435
f 434/434/434 436/436/436 435/435/435
f 435/435/435 436/436/436 437/437/437
f 436/436/436 438/438/438 437/437/437
f 437/437/437 438/438/438 439/439/439
f 438/438/438 440/440/440 439/439/439
f 439/439/439 440/440/440 441/441/441
f 440/440/440 442/442/442 441/441/441
f 441/441/441 442/442/442 443/443/443
f 442/442/442 444/444/444 443/443/443
f 443/443/443 444/444/444 445/445/445
f 444/444/444 446/446/446 445/445/445
f 445/445/445 446/446/446 447/447/447
f 448/448/448 447/447/447 449/449/449
f 447/447/447 446/446/446 449/449/449
f 450/450/450 449/449/449 451/451/451
f 449/449/449 446/446/446 451/451/451
f 451/451/451 446/446/446 452/452/452
f 446/446/446 444/444/444 452/452/452
f 452/452/452 444/444/444 453/453/453
f 444/444/444 442/442/442 453/453/453
f 453/453/453 442/442/442 454/454/454
f 442/442/442 440/440/440 454/454/454
f 454/454/454 440/440/440 455/455/455
f 440/440/440 438/438/438 455/455/455
f 455/455/455 438/438/438 456/456/456
f 438/438/438 436/436/436 456/456/456
f 456/456/456 436/436/436 457/457/457
f 436/436/436 434/434/434 457/457/457
f 457/457/457 434/434/434 458/458/458
f 434/434/434 432/432/432 458/458/458
f 458/458/458 432/432/432 459/459/459
f 432/432/432 430/430/430 459/459/459
f 459/459/459 430/430/430 460/460/460
f 430/430/430 428/428/428 460/460/460
f 460/460/460 428/428/428 461/461/461
f 428/428/428 426/426/426 461/461/461
f 461/461/461 426/426/426 462/462/462
f 426/426/426 424/424/424 462/462/462
f 462/462/462 424/424/424 463/463/463
f 424/424/424 422/422/422 463/463/463
f 463/463/463 422/422/422 464/464/464
f 422/422/422 419/419/419 464/464/464
f 464/464/464 419/419/419 465/465/465
f 419/419/419 418/418/418 465/465/465
f 465/465/465 418/418/418 466/466/466
f 466/466/466 418/418/418 467/467/467
f 467/467/467 418/418/418 468/468/468
f 418/418/418 420/420/420 468/468/468
f 469/469/469 468/468/468 470/470/470
f 468/468/468 420/420/420 470/470/470
f 470/470/470 420/420/420 471/471/471
f 420/420/420 421/421/421 471/471/471
f 471/471/471 421/421/421 472/472/472
f 421/421/421 423/423/423 472/472/472
f 472/472/472 423/423/423 473/473/473
f 423/423/423 425/425/425 473/473/473
f 473/473/473 425/425/425 474/474/474
f 425/425/425 427/427/427 474/474/474
f 474/474/474 427/427/427 475/475/475
f 427/427/427 429/429/429 475/475/475
f 475/475/475 429/429/429 476/476/476
f 429/429/429 431/431/431 476/476/476
f 476/476/476 431/431/431 477/477/477
f 431/431/431 433/433/433 477/477/477
f 477/477/477 433/433/433 478/478/478
f 433/433/433 435/435/435 478/478/478
f 478/478/478 435/435/435 479/479/479
f 435/435/435 437/437/437 479/479/479
f 479/479/479 437/437/437 480/480/480
f 437/437/437 439/439/439 480/480/480
f 480/480/480 439/439/439 481/481/481
f 439/439/439 441/441/441 481/481/481
f 481/481/481 441/441/441 482/482/482
f 441/441/441 443/443/443 482/482/482
f 482/482/482 443/443/443 483/483/483
f 443/443/443 445/445/445 483/483/483
f 483/483/483 445/445/445 484/484/484
f 445/445/445 447/447/447 484/484/484
f 484/484/484 447/447/447 485/485/485
f 447/447/447 448/448/448 485/485/485
f 486/486/486 487/487/487 488/488/488
f 488/488/488 487/487/487 489/489/489
f 487/487/487 490/490/490 489/489/489
f 489/489/489 490/490/490 491/491/491
f 490/490/490 492/492/492 491/491/491
f 491/491/491 492/492/492 493/493/493
f 492/492/492 494/494/494 493/493/493
f 493/493/493 494/494/494 495/495/495
f 494/494/494 496/496/496 495/495/495
f 495/495/495 496/496/496 497/497/497
f 496/496/496 498/498/498 497/497/497
f 497/497/497 498/498/498 499/499/499
f 498/498/498 500/500/500 499/499/499
f 499/499/499 500/500/500 501/501/501
f 500/500/500 502/502/502 501/501/501
f 501/501/501 502/502/502 503/503/503
f 502/502/502 504/504/504 503/503/503
f 503/503/503 504/504/504 505/505/505
f 504/504/504 506/506/506 505/505/505
f 505/505/505 506/506/506 507/507/507
f 506/506/506 508/508/508 507/507/507
f 507/507/507 508/508/508 509/509/509
f 508/508/508 510/510/510 509/509/509
f 509/509/509 510/510/510 511/511/511
f 510/510/510 512/512/512 511/511/511
f 511/511/511 512/512/512 513/513/513
f 512/512/512 514/514/514 513/513/513
f 513/513/513 514/514/514 515/515/515
f 516/516/516 515/515/515 517/517/517
f 515/515/515 514/514/514 517/517/517
f 518/518/518 517/517/517 519/519/519
f 517/517/517 514/514/514 519/519/519
f 519/519/519 514/514/514 520/520/520
f 514/514/514 512/512/512 520/520/520
f 520/520/520 512/512/512 521/521/521
f 512/512/512 510/510/510 521/521/521
f 521/521/521 510/510/510 522/522/522
f 510/510/510 508/508/508 522/522/522
f 522/522/522 508/508/508 523/523/523
f 508/508/508 506/506/506 523/523/523
f 523/523/523 506/506/506 524/524/524
f 506/506/506 504/504/504 524/524/524
f 524/524/524 504/504/504 525/525/525
f 504/504/504 502/502/502 525/525/525
f 525/525/525 502/502/502 526/526/526
f 502/502/502 500/500/500 526/526/526
f 526/526/526 500/500/500 527/527/527
f 500/500/500 498/498/498 527/527/527
f 527/527/527 498/498/498 528/528/528
f 498/498/498 496/496/496 528/528/528
f 528/528/528 496/496/496 529/529/529
f 496/496/496 494/494/494 529/529/529
f 529/529/529 494/494/494 530/530/530
f 494/494/494 492/492/492 530/530/530
f 530/530/530 492/492/492 531/531/531
f 492/492/492 490/490/490 531/531/531
f 531/531/531 490/490/490 532/532/532
f 490/490/490 487/487/487 532/532/532
f 532/532/532 487/487/487 533/533/533
f 487/487/487 486/486/486 533/533/533
f 533/533/533 486/486/486 534/534/534
f 534/534/534 486/486/486 535/535/535
f 535/535/535 486/486/486 536/536/536
f 486/486/486 488/488/488 536/536/536
f 537/537/537 536/536/536 538/538/538
f 536/536/536 488/488/488 538/538/538
f 538/538/538 488/488/488 539/539/539
f 488/488/488 489/489/489 539/539/539
f 539/539/539 489/489/489 540/540/540
f 489/489/489 491/491/491 540/540/540
f 540/540/540 491/491/491 541/541/541
f 491/491/491 493/493/493 541/541/541
f 541/541/541 493/493/493 542/542/542
f 493/493/493 495/495/495 542/542/542
f 542/542/542 495/495/495 543/543/543
f 495/495/495 497/497/497 543/543/543
f 543/543/543 497/497/497 544/544/544
f 497/497/497 499/499/499 544/544/544
f 544/544/544 499/499/499 545/545/545
f 499/499/499 501/501/501 545/545/545
f 545/545/545 501/501/501 546/546/546
f 501/501/501 503/503/503 546/546/546
f 546/546/546 503/503/503 547/547/547
f 503/503/503 505/505/505 547/547/547
f 547/547/547 505/505/505 548/548/548
f 505/505/505 507/507/507 548/548/548
f 548/548/548 507/507/507 549/549/549
f 507/507/507 509/509/509 549/549/549
f 549/549/549 509/509/509 550/550/550
f 509/509/509 511/511/511 550/550/550
f 550/550/550 511/511/511 551/551/551
f 511/511/511 513/513/513 551/551/551
f 551/551/551 513/513/513 552/552/552
f 513/513/513 515/515/515 552/552/552
f 552/552/552 515/515/515 553/553/553
f 515/515/515 516/516/516 553/553/553
f 554/554/554 555/555/555 556/556/556
f 557/557/557 556/556/556 558/558/558
f 556/556/556 555/555/555 558/558/558
f 558/558/558 555/555/555 559/559/559
f 560/560/560 559/559/559 561/561/561
f 559/559/559 555/555/555 561/561/561
f 561/561/561 555/555/555 562/562/562
f 555/555/555 554/554/554 562/562/562
f 562/562/562 554/554/554 563/563/563
f 564/564/564 563/563/563 565/565/565
f 563/563/563 554/554/554 565/565/565
f 565/565/565 554/554/554 566/566/566
f 554/554/554 556/556/556 566/566/566
f 566/566/566 556/556/556 567/567/567
f 556/556/556 557/557/557 567/567/567
f 567/567/567 557/557/557 568/568/568
f 568/568/568 557/557/557 569/569/569
f 569/569/569 557/557/557 570/570/570
f 557/557/557 558/558/558 570/570/570
f 570/570/570 558/558/558 571/571/571
f 558/558/558 559/559/559 571/571/571
f 571/571/571 559/559/559 572/572/572
f 559/559/559 560/560/560 572/572/572
f 573/573/573 572/572/572 574/574/574
f 572/572/572 560/560/560 574/574/574
f 574/574/574 560/560/560 575/575/575
f 575/575/575 560/560/560 576/576/576
f 560/560/560 561/561/561 576/576/576
f 576/576/576 561/561/561 577/577/577
f 561/561/561 562/562/562 577/577/577
f 577/577/577 562/562/562 578/578/578
f 562/562/562 563/563/563 578/578/578
f 578/578/578 563/563/563 579/579/579
f 563/563/563 564/564/564 579/579/579
f 579/579/579 564/564/564 580/580/580
f 581/581/581 580/580/580 582/582/582
f 580/580/580 564/564/564 582/582/582
f 582/582/582 564/564/564 583/583/583
f 564/564/564 565/565/565 583/583/583
f 583/583/583 565/565/565 584/584/584
f 565/565/565 566/566/566 584/584/584
f 584/584/584 566/566/566 585/585/585
f 566/566/566 567/567/567 585/585/585
f 585/585/585 567/567/567 586/586/586
f 567/567/567 568/568/568 586/586/586
f 586/586/586 568/568/568 587/587/587
f 587/587/587 568/568/568 588/588/588
f 568/568/568 569/569/569 588/588/588
f 588/588/588 569/569/569 589/589/589
f 589/589/589 569/569/569 590/590/590
f 569/569/569 570/570/570 590/590/590
f 590/590/590 570/570/570 591/591/591
f 570/570/570 571/571/571 591/591/591
f 591/591/591 571/571/571 592/592/592
f 571/571/571 572/572/572 592/592/592
f 572/572/572 573/573/573 592/592/592
f 592/592/592 573/573/573 593/593/593
f 594/594/594 593/593/593 595/595/595
f 593/593/593 573/573/573 595/595/595
f 595/595/595 573/573/573 596/596/596
f 573/573/573 574/574/574 596/596/596
f 596/596/596 574/574/574 597/597/597
f 574/574/574 575/575/575 597/597/597
f 597/597/597 575/575/575 598/598/598
f 598/598/598 575/575/575 599/599/599
f 575/575/575 576/576/576 599/599/599
f 599/599/599 576/576/576 600/600/600
f 576/576/576 577/577/577 600/600/600
f 600/600/600 577/577/577 601/601/601
f 577/577/577 578/578/578 601/601/601
f 601/601/601 578/578/578 602/602/602
f 578/578/578 579/579/579 602/602/602
f 602/602/602 579/579/579 603/603/603
f 579/579/579 580/580/580 603/603/603
f 603/603/603 580/580/580 604/604/604
f 580/580/580 581/581/581 604/604/604
f 604/604/604 581/581/581 605/605/605
f 606/606/606 605/605/605 607/607/607
f 605/605/605 581/581/581 607/607/607
f 607/607/607 581/581/581 608/608/608
f 581/581/581 582/582/582 608/608/608
f 608/608/608 582/582/582 609/609/609
f 582/582/582 583/583/583 609/609/609
f 609/609/609 583/583/583 610/610/610
f 583/583/583 584/584/584 610/610/610
f 610/610/610 584/584/584 611/611/611
f 584/584/584 585/585/585 611/611/611
f 611/611/611 585/585/585 612/612/612
f 585/585/585 586/586/586 612/612/612
f 612/612/612 586/586/586 613/613/613
f 586/586/586 587/587/587 613/613/613
f 613/613/613 587/587/587 614/614/614
f 614/614/614 587/587/587 615/615/615
f 587/587/587 588/588/588 615/615/615
f 615/615/615 588/588/588 616/616/616
f 588/588/588 589/589/589 616/616/616
f 616/616/616 589/589/589 617/617/617
f 617/617/617 589/589/589 618/618/618
f 589/589/589 590/590/590 618/618/618
f 618/618/618 590/590/590 619/619/619
f 590/590/590 591/591/591 619/619/619
f 619/619/619 591/591/591 620/620/620
f 591/591/591 592/592/592 620/620/620
f 592/592/592 593/593/593 620/620/620
f 620/620/620 593/593/593 621/621/621
f 593/593/593 594/594/594 621/621/621
f 621/621/621 594/594/594 622/622/622
f 623/623/623 622/622/622 624/624/624
f 624/624/624 622/622/622 625/625/625
f 622/622/622 594/594/594 625/625/625
f 625/625/625 594/594/594 626/626/626
f 594/594/594 595/595/595 626/626/626
f 595/595/595 596/596/596 626/626/626
f 626/626/626 596/596/596 627/627/627
f 596/596/596 597/597/597 627/627/627
f 627/627/627 597/597/597 628/628/628
f 628/628/628 597/597/597 629/629/629
f 597/597/597 598/598/598 629/629/629
f 629/629/629 598/598/598 630/630/630
f 598/598/598 599/599/599 630/630/630
f 599/599/599 600/600/600 630/630/630
f 630/630/630 600/600/600 631/631/631
f 600/600/600 601/601/601 631/631/631
f 631/631/631 601/601/601 632/632/632
f 632/632/632 601/601/601 633/633/633
f 601/601/601 602/602/602 633/633/633
f 633/633/633 602/602/602 634/634/634
f 602/602/602 603/603/603 634/634/634
f 603/603/603 604/604/604 634/634/634
f 634/634/634 604/604/604 635/635/635
f 604/604/604 605/605/605 635/635/635
f 635/635/635 605/605/605 636/636/636
f 636/636/636 605/605/605 637/637/637
f 605/605/605 606/606/606 637/637/637
f 637/637/637 606/606/606 638/638/638
f 606/606/606 607/607/607 638/638/638
f 607/607/607 608/608/608 638/638/638
f 638/638/638 608/608/608 639/639/639
f 608/608/608 609/609/609 639/639/639
f 639/639/639 609/609/609 640/640/640
f 640/640/640 609/609/609 641/641/641
f 609/609/609 610/610/610 641/641/641
f 641/641/641 610/610/610 642/642/642
f 610/610/610 611/611/611 642/642/642
f 611/611/611 612/612/612 642/642/642
f 642/642/642 612/612/612 643/643/643
f 612/612/612 613/613/613 643/643/643
f 643/643/643 613/613/613 644/644/644
f 644/644/644 613/613/613 645/645/645
f 613/613/613 614/614/614 645/645/645
f 645/645/645 614/614/614 646/646/646
f 614/614/614 615/615/615 646/646/646
f 615/615/615 616/616/616 646/646/646
f 646/646/646 616/616/616 647/647/647
f 616/616/616 617/617/617 647/647/647
f 647/647/647 617/617/617 648/648/648
f 648/648/648 617/617/617 649/649/649
f 649/649/649 617/617/617 650/650/650
f 617/617/617 618/618/618 650/650/650
f 650/650/650 618/618/618 651/651/651
f 618/618/618 619/619/619 651/651/651
f 651/651/651 619/619/619 652/652/652
f 619/619/619 620/620/620 652/652/652
f 620/620/620 621/621/621 652/652/652
f 652/652/652 621/621/621 653/653/653
f 621/621/621 622/622/622 653/653/653
f 653/653/653 622/622/622 654/654/654
f 622/622/622 623/623/623 654/654/654
f 654/654/654 623/623/623 655/655/655
f 656/656/656 655/655/655 657/657/657
f 655/655/655 623/623/623 657/657/657
f 657/657/657 623/623/623 658/658/658
f 623/623/623 624/624/624 658/658/658
f 658/658/658 624/624/624 659/659/659
f 624/624/624 625/625/625 659/659/659
f 659/659/659 625/625/625 660/660/660
f 625/625/625 626/626/626 660/660/660
f 660/660/660 626/626/626 661/661/661
f 626/626/626 627/627/627 661/661/661
f 661/661/661 627/627/627 662/662/662
f 627/627/627 628/628/628 662/662/662
f 662/662/662 628/628/628 663/663/663
f 628/628/628 629/629/629 663/663/663
f 663/663/663 629/629/629 664/664/664
f 629/629/629 630/630/630 664/664/664
f 664/664/664 630/630/630 665/665/665
f 630/630/630 631/631/631 665/665/665
f 665/665/665 631/631/631 666/666/666
f 631/631/631 632/632/632 666/666/666
f 666/666/666 632/632/632 667/667/667
f 632/632/632 633/633/633 667/667/667
f 667/667/667 633/633/633 668/668/668
f 633/633/633 634/634/634 668/668/668
f 668/668/668 634/634/634 669/669/669
f 634/634/634 635/635/635 669/669/669
f 669/669/669 635/635/635 670/670/670
f 635/635/635 636/636/636 670/670/670
f 670/670/670 636/636/636 671/671/671
f 636/636/636 637/637/637 671/671/671
f 671/671/671 637/637/637 672/672/672
f 637/637/637 638/638/638 672/672/672
f 672/672/672 638/638/638 673/673/673
f 638/638/638 639/639/639 673/673/673
f 673/673/673 639/639/639 674/674/674
f 639/639/639 640/640/640 674/674/674
f 674/674/674 640/640/640 675/675/675
f 640/640/640 641/641/641 675/675/675
f 675/675/675 641/641/641 676/676/676
f 641/641/641 642/642/642 676/676/676
f 676/676/676 642/642/642 677/677/677
f 642/642/642 643/643/643 677/677/677
f 677/677/677 643/643/643 678/678/678
f 643/643/643 644/644/644 678/678/678
f 678/678/678 644/644/644 679/679/679
f 644/644/644 645/645/645 679/679/679
f 679/679/679 645/645/645 680/680/680
f 645/645/645 646/646/646 680/680/680
f 680/680/680 646/646/646 681/681/681
f 646/646/646 647/647/647 681/681/681
f 681/681/681 647/647/647 682/682/682
f 647/647/647 648/648/648 682/682/682
f 682/682/682 648/648/648 683/683/683
f 648/648/648 649/649/649 683/683/683
f 683/683/683 649/649/649 684/684/684
f 685/685/685 684/684/684 686/686/686
f 684/684/684 649/649/649 686/686/686
f 686/686/686 649/649/649 687/687/687
f 649/649/649 650/650/650 687/687/687
f 650/650/650 651/651/651 687/687/687
f 687/687/687 651/651/651 688/688/688
f 651/651/651 652/652/652 688/688/688
f 652/652/652 653/653/653 688/688/688
f 688/688/688 653/653/653 689/689/689
f 653/653/653 654/654/654 689/689/689
f 689/689/689 654/654/654 690/690/690
f 654/654/654 655/655/655 690/690/690
f 690/690/690 655/655/655 691/691/691
f 691/691/691 655/655/655 692/692/692
f 655/655/655 656/656/656 692/692/692
f 656/656/656 693/693/693 692/692/692
f 692/692/692 693/693/693 694/694/694
f 693/693/693 695/695/695 694/694/694
f 694/694/694 695/695/695 696/696/696
f 695/695/695 685/685/685 696/696/696
f 685/685/685 686/686/686 696/696/696
f 696/696/696 686/686/686 697/697/697
f 686/686/686 687/687/687 697/697/697
f 687/687/687 688/688/688 697/697/697
f 688/688/688 689/689/689 697/697/697
f 697/697/697 689/689/689 698/698/698
f 689/689/689 690/690/690 698/698/698
f 690/690/690 691/691/691 698/698/698
f 691/691/691 692/692/692 698/698/698
f 692/692/692 694/694/694 698/698/698
f 694/694/694 696/696/696 698/698/698
f 697/697/697 698/698/698 696/696/696
f 416/416/416 417/417/417 415/415/415
v 0.0000021 0.0239192 -0.2309996
v 0.0072980 0.0230465 -0.2292252
v 0.0000021 0.0230465 -0.2307018
v 0.0000021 0.0136329 -0.2306604
v 0.0072856 0.0136329 -0.2291880
v 0.0135020 0.0230465 -0.2251058
v 0.0134731 0.0136329 -0.2250768
v 0.0176215 0.0230465 -0.2189017
v 0.0175843 0.0136329 -0.2188893
v 0.0190981 0.0230465 -0.2116058
v 0.0190567 0.0136329 -0.2116058
v 0.0176215 0.0230465 -0.2043057
v 0.0175843 0.0136329 -0.2043181
v 0.0135020 0.0230465 -0.1981017
v 0.0134731 0.0136329 -0.1981306
v 0.0072980 0.0230465 -0.1939822
v 0.0072856 0.0136329 -0.1940194
v 0.0000021 0.0230465 -0.1925056
v 0.0000021 0.0136329 -0.1925470
v -0.0072980 0.0230465 -0.1939822
v -0.0072856 0.0136329 -0.1940194
v -0.0135020 0.0230465 -0.1981017
v -0.0134731 0.0136329 -0.1981306
v -0.0176215 0.0230465 -0.2043057
v -0.0175843 0.0136329 -0.2043181
v -0.0190981 0.0230465 -0.2116058
v -0.0190567 0.0136329 -0.2116058
v -0.0176215 0.0230465 -0.2189017
v -0.0175843 0.0136329 -0.2188893
v -0.0135020 0.0230465 -0.2251058
v -0.0134731 0.0136329 -0.2250768
v -0.0072980 0.0230465 -0.2292252
v -0.0072856 0.0136329 -0.2291880
v 0.0000021 0.0136329 -0.2306604
v 0.0000021 0.0230465 -0.2307018
v 0.0000021 0.0239192 -0.2309996
v -0.0074138 0.0239192 -0.2295024
v -0.0137130 0.0239192 -0.2253167
v -0.0178986 0.0239192 -0.2190175
v -0.0193959 0.0239192 -0.2116058
v -0.0178986 0.0239192 -0.2041899
v -0.0137130 0.0239192 -0.1978907
v -0.0074138 0.0239192 -0.1937051
v 0.0000021 0.0239192 -0.1922078
v 0.0074138 0.0239192 -0.1937051
v 0.0137130 0.0239192 -0.1978907
v 0.0178986 0.0239192 -0.2041899
v 0.0193959 0.0239192 -0.2116058
v 0.0178986 0.0239192 -0.2190175
v 0.0137130 0.0239192 -0.2253167
v 0.0074138 0.0239192 -0.2295024
v -0.0077612 0.0242252 -0.2303378
v -0.0143541 0.0242252 -0.2259578
v -0.0124887 0.0243121 -0.2417574
v -0.0231059 0.0243121 -0.2347096
v -0.0187341 0.0242252 -0.2193650
v -0.0301537 0.0243121 -0.2240924
v -0.0203017 0.0242252 -0.2116058
v -0.0326766 0.0243121 -0.2116058
v -0.0187341 0.0242252 -0.2038425
v -0.0301537 0.0243121 -0.1991150
v -0.0143541 0.0242252 -0.1972497
v -0.0231059 0.0243121 -0.1884978
v -0.0077612 0.0242252 -0.1928696
v -0.0124887 0.0243121 -0.1814501
v 0.0000021 0.0242252 -0.1913021
v 0.0000021 0.0243121 -0.1789271
v 0.0077612 0.0242252 -0.1928696
v 0.0124887 0.0243121 -0.1814501
v 0.0143541 0.0242252 -0.1972497
v 0.0231059 0.0243121 -0.1884978
v 0.0187341 0.0242252 -0.2038425
v 0.0301537 0.0243121 -0.1991150
v 0.0203017 0.0242252 -0.2116058
v 0.0326766 0.0243121 -0.2116058
v 0.0187341 0.0242252 -0.2193650
v 0.0301537 0.0243121 -0.2240924
v 0.0143541 0.0242252 -0.2259578
v 0.0231059 0.0243121 -0.2347096
v 0.0077612 0.0242252 -0.2303378
v 0.0124887 0.0243121 -0.2417574
v 0.0000021 0.0246182 -0.2451861
v 0.0000021 0.0243121 -0.2442804
v 0.0000021 0.0242252 -0.2319054
v 0.0000021 0.0239192 -0.2309996
v 0.0074138 0.0239192 -0.2295024
v 0.0137130 0.0239192 -0.2253167
v 0.0178986 0.0239192 -0.2190175
v 0.0193959 0.0239192 -0.2116058
v 0.0178986 0.0239192 -0.2041899
v 0.0137130 0.0239192 -0.1978907
v 0.0074138 0.0239192 -0.1937051
v 0.0000021 0.0239192 -0.1922078
v -0.0074138 0.0239192 -0.1937051
v -0.0137130 0.0239192 -0.1978907
v -0.0178986 0.0239192 -0.2041899
v -0.0193959 0.0239192 -0.2116058
v -0.0178986 0.0239192 -0.2190175
v -0.0137130 0.0239192 -0.2253167
v -0.0074138 0.0239192 -0.2295024
v 0.0000021 0.0239192 -0.2309996
v 0.0000021 0.0242252 -0.2319054
v 0.0000021 0.0243121 -0.2442804
v 0.0000021 0.0246182 -0.2451861
v -0.0128361 0.0246182 -0.2425929
v -0.0237470 0.0246182 -0.2353507
v -0.0309891 0.0246182 -0.2244399
v -0.0335824 0.0246182 -0.2116058
v -0.0309891 0.0246182 -0.1987676
v -0.0237470 0.0246182 -0.1878568
v -0.0128361 0.0246182 -0.1806146
v 0.0000021 0.0246182 -0.1780213
v 0.0128361 0.0246182 -0.1806146
v 0.0237470 0.0246182 -0.1878568
v 0.0309891 0.0246182 -0.1987676
v 0.0335824 0.0246182 -0.2116058
v 0.0309891 0.0246182 -0.2244399
v 0.0237470 0.0246182 -0.2353507
v 0.0128361 0.0246182 -0.2425929
v -0.0129519 0.0256356 -0.2428700
v -0.0239579 0.0256356 -0.2355616
v -0.0129519 0.0423700 -0.2428700
v -0.0239579 0.0423700 -0.2355616
v -0.0312663 0.0256356 -0.2245557
v -0.0312663 0.0423700 -0.2245557
v -0.0338802 0.0256356 -0.2116058
v -0.0338802 0.0423700 -0.2116058
v -0.0312663 0.0256356 -0.1986518
v -0.0312663 0.0423700 -0.1986518
v -0.0239579 0.0256356 -0.1876458
v -0.0239579 0.0423700 -0.1876458
v -0.0129519 0.0256356 -0.1803375
v -0.0129519 0.0423700 -0.1803375
v 0.0000021 0.0256356 -0.1777235
v 0.0000021 0.0423700 -0.1777235
v 0.0129520 0.0256356 -0.1803375
v 0.0129520 0.0423700 -0.1803375
v 0.0239579 0.0256356 -0.1876458
v 0.0239579 0.0423700 -0.1876458
v 0.0312663 0.0256356 -0.1986518
v 0.0312663 0.0423700 -0.1986518
v 0.0338802 0.0256356 -0.2116058
v 0.0338802 0.0423700 -0.2116058
v 0.0312663 0.0256356 -0.2245557
v 0.0312663 0.0423700 -0.2245557
v 0.0239579 0.0256356 -0.2355616
v 0.0239579 0.0423700 -0.2355616
v 0.0129520 0.0423700 -0.2428700
v 0.0129520 0.0256356 -0.2428700
v 0.0237470 0.0246182 -0.2353507
v 0.0309891 0.0246182 -0.2244399
v 0.0335824 0.0246182 -0.2116058
v 0.0309891 0.0246182 -0.1987676
v 0.0237470 0.0246182 -0.1878568
v 0.0128361 0.0246182 -0.1806146
v 0.0000021 0.0246182 -0.1780213
v -0.0128361 0.0246182 -0.1806146
v -0.0237470 0.0246182 -0.1878568
v -0.0309891 0.0246182 -0.1987676
v -0.0335824 0.0246182 -0.2116058
v -0.0309891 0.0246182 -0.2244399
v -0.0237470 0.0246182 -0.2353507
v -0.0128361 0.0246182 -0.2425929
v 0.0000021 0.0246182 -0.2451861
v 0.0000021 0.0256356 -0.2454839
v 0.0000021 0.0423700 -0.2454839
v 0.0000021 0.0433833 -0.2451861
v -0.0128361 0.0433833 -0.2425929
v -0.0237470 0.0433833 -0.2353507
v -0.0309891 0.0433833 -0.2244399
v -0.0335824 0.0433833 -0.2116058
v -0.0309891 0.0433833 -0.1987676
v -0.0237470 0.0433833 -0.1878568
v -0.0128361 0.0433833 -0.1806146
v 0.0000021 0.0433833 -0.1780213
v 0.0128361 0.0433833 -0.1806146
v 0.0237470 0.0433833 -0.1878568
v 0.0309891 0.0433833 -0.1987676
v 0.0335824 0.0433833 -0.2116058
v 0.0309891 0.0433833 -0.2244399
v 0.0237470 0.0433833 -0.2353507
v 0.0128361 0.0433833 -0.2425929
v 0.0000021 0.0433833 -0.2451861
v 0.0000021 0.0423700 -0.2454839
v 0.0000021 0.0256356 -0.2454839
v 0.0000021 0.0246182 -0.2451861
v 0.0128361 0.0246182 -0.2425929
v 0.0212529 0.0437349 -0.2328567
v 0.0297856 0.0436894 -0.2242082
v 0.0230025 0.0436894 -0.2346062
v -0.0212529 0.0437349 -0.1903508
v -0.0297856 0.0436894 -0.1989992
v -0.0230025 0.0436894 -0.1886012
v -0.0237470 0.0433833 -0.1878568
v -0.0309891 0.0433833 -0.1987676
v -0.0335824 0.0433833 -0.2116058
v -0.0322382 0.0436894 -0.2116058
v -0.0309891 0.0433833 -0.2244399
v -0.0297856 0.0436894 -0.2242082
v -0.0237470 0.0433833 -0.2353507
v -0.0230025 0.0436894 -0.2346062
v -0.0128361 0.0433833 -0.2425929
v -0.0126045 0.0436894 -0.2413893
v 0.0000021 0.0433833 -0.2451861
v 0.0000021 0.0436894 -0.2438419
v 0.0128361 0.0433833 -0.2425929
v 0.0126045 0.0436894 -0.2413893
v 0.0237470 0.0433833 -0.2353507
v 0.0309891 0.0433833 -0.2244399
v 0.0335824 0.0433833 -0.2116058
v 0.0309891 0.0433833 -0.1987676
v 0.0322382 0.0436894 -0.2116058
v 0.0250250 0.0437349 -0.2244150
v 0.0128113 0.0437349 -0.2366287
v 0.0000021 0.0437349 -0.2385106
v -0.0128113 0.0437349 -0.2366287
v -0.0212529 0.0437349 -0.2328567
v -0.0250250 0.0437349 -0.2244150
v -0.0269069 0.0437349 -0.2116058
v -0.0250250 0.0437349 -0.1987924
v -0.0128113 0.0437349 -0.1865787
v -0.0126045 0.0436894 -0.1818182
v -0.0128361 0.0433833 -0.1806146
v 0.0000021 0.0436894 -0.1793655
v 0.0000021 0.0433833 -0.1780213
v 0.0126045 0.0436894 -0.1818182
v 0.0128361 0.0433833 -0.1806146
v 0.0230025 0.0436894 -0.1886012
v 0.0237470 0.0433833 -0.1878568
v 0.0297856 0.0436894 -0.1989992
v 0.0269069 0.0437349 -0.2116058
v 0.0143582 0.0437349 -0.2259619
v 0.0000021 0.0437349 -0.2269215
v -0.0143582 0.0437349 -0.2259619
v -0.0153178 0.0437349 -0.2116058
v -0.0143582 0.0437349 -0.1972455
v 0.0000021 0.0437349 -0.1846968
v 0.0128113 0.0437349 -0.1865787
v 0.0212529 0.0437349 -0.1903508
v 0.0250250 0.0437349 -0.1987924
v 0.0153178 0.0437349 -0.2116058
v 0.0000021 0.0437349 -0.2116058
v 0.0000021 0.0437349 -0.1962860
v 0.0143582 0.0437349 -0.1972455
vt 0.1023287 0.2573036
vt 0.1022441 0.2632252
vt 0.1022441 0.2573036
vt 0.1015250 0.2573036
vt 0.1015250 0.2632252
vt 0.1022441 0.2689353
vt 0.1015250 0.2689353
vt 0.1022441 0.2748568
vt 0.1015250 0.2748568
vt 0.1022441 0.2805669
vt 0.1015250 0.2805669
vt 0.1022441 0.2864885
vt 0.1015250 0.2864885
vt 0.1022441 0.2921985
vt 0.1015250 0.2921985
vt 0.1022441 0.2981201
vt 0.1015250 0.2981201
vt 0.1022441 0.3038301
vt 0.1015250 0.3038301
vt 0.1022441 0.3097517
vt 0.1015250 0.3097517
vt 0.1022441 0.3154617
vt 0.1015250 0.3154617
vt 0.1022441 0.3213833
vt 0.1015250 0.3213833
vt 0.1022441 0.3270934
vt 0.1015250 0.3270934
vt 0.1022441 0.3330149
vt 0.1015250 0.3330149
vt 0.1022441 0.3387250
vt 0.1015250 0.3387250
vt 0.1022441 0.3446465
vt 0.1015250 0.3446465
vt 0.1015250 0.3503566
vt 0.1022441 0.3503566
vt 0.1023287 0.3503566
vt 0.1023287 0.3446465
vt 0.1023287 0.3387250
vt 0.1023287 0.3330149
vt 0.1023287 0.3270934
vt 0.1023287 0.3213833
vt 0.1023287 0.3154617
vt 0.1023287 0.3097517
vt 0.1023287 0.3038301
vt 0.1023287 0.2981201
vt 0.1023287 0.2921985
vt 0.1023287 0.2864885
vt 0.1023287 0.2805669
vt 0.1023287 0.2748568
vt 0.1023287 0.2689353
vt 0.1023287 0.2632252
vt 0.1002773 0.3592389
vt 0.1002773 0.3509910
vt 0.1012078 0.3592389
vt 0.1012078 0.3509910
vt 0.1002773 0.3429546
vt 0.1012078 0.3429546
vt 0.1002773 0.3347068
vt 0.1012078 0.3347068
vt 0.1002773 0.3264589
vt 0.1012078 0.3264589
vt 0.1002773 0.3182110
vt 0.1012078 0.3182110
vt 0.1002773 0.3099632
vt 0.1012078 0.3099632
vt 0.1002773 0.3017153
vt 0.1012078 0.3017153
vt 0.1002773 0.2934674
vt 0.1012078 0.2934674
vt 0.1002773 0.2854310
vt 0.1012078 0.2854310
vt 0.1002773 0.2771831
vt 0.1012078 0.2771831
vt 0.1002773 0.2689353
vt 0.1012078 0.2689353
vt 0.1002773 0.2606874
vt 0.1012078 0.2606874
vt 0.1002773 0.2524395
vt 0.1012078 0.2524395
vt 0.1002773 0.2441917
vt 0.1012078 0.2441917
vt 0.1012924 0.2361553
vt 0.1012078 0.2361553
vt 0.1002773 0.2361553
vt 0.1002138 0.2361553
vt 0.1002138 0.2441917
vt 0.1002138 0.2524395
vt 0.1002138 0.2606874
vt 0.1002138 0.2689353
vt 0.1002138 0.2771831
vt 0.1002138 0.2854310
vt 0.1002138 0.2934674
vt 0.1002138 0.3017153
vt 0.1002138 0.3099632
vt 0.1002138 0.3182110
vt 0.1002138 0.3264589
vt 0.1002138 0.3347068
vt 0.1002138 0.3429546
vt 0.1002138 0.3509910
vt 0.1002138 0.3592389
vt 0.1002138 0.3674868
vt 0.1002773 0.3674868
vt 0.1012078 0.3674868
vt 0.1012924 0.3674868
vt 0.1012924 0.3592389
vt 0.1012924 0.3509910
vt 0.1012924 0.3429546
vt 0.1012924 0.3347068
vt 0.1012924 0.3264589
vt 0.1012924 0.3182110
vt 0.1012924 0.3099632
vt 0.1012924 0.3017153
vt 0.1012924 0.2934674
vt 0.1012924 0.2854310
vt 0.1012924 0.2771831
vt 0.1012924 0.2689353
vt 0.1012924 0.2606874
vt 0.1012924 0.2524395
vt 0.1012924 0.2441917
vt 0.1867319 0.3330149
vt 0.1867319 0.3433776
vt 0.1854207 0.3330149
vt 0.1854207 0.3433776
vt 0.1867319 0.3535289
vt 0.1854207 0.3535289
vt 0.1867319 0.3638916
vt 0.1854207 0.3638916
vt 0.1867319 0.3742543
vt 0.1854207 0.3742543
vt 0.1867319 0.3846170
vt 0.1854207 0.3846170
vt 0.1867319 0.3949797
vt 0.1854207 0.3949797
vt 0.1867319 0.4051310
vt 0.1854207 0.4051310
vt 0.1867319 0.4154937
vt 0.1854207 0.4154937
vt 0.1867319 0.4258564
vt 0.1854207 0.4258564
vt 0.1867319 0.4362191
vt 0.1854207 0.4362191
vt 0.1867319 0.4465818
vt 0.1854207 0.4465818
vt 0.1867319 0.4567330
vt 0.1854207 0.4567330
vt 0.1867319 0.4670958
vt 0.1854207 0.4670958
vt 0.1854207 0.4774585
vt 0.1867319 0.4774585
vt 0.1868165 0.4670958
vt 0.1868165 0.4567330
vt 0.1868165 0.4465818
vt 0.1868165 0.4362191
vt 0.1868165 0.4258564
vt 0.1868165 0.4154937
vt 0.1868165 0.4051310
vt 0.1868165 0.3949797
vt 0.1868165 0.3846170
vt 0.1868165 0.3742543
vt 0.1868165 0.3638916
vt 0.1868165 0.3535289
vt 0.1868165 0.3433776
vt 0.1868165 0.3330149
vt 0.1868165 0.3226522
vt 0.1867319 0.3226522
vt 0.1854207 0.3226522
vt 0.1853361 0.3226522
vt 0.1853361 0.3330149
vt 0.1853361 0.3433776
vt 0.1853361 0.3535289
vt 0.1853361 0.3638916
vt 0.1853361 0.3742543
vt 0.1853361 0.3846170
vt 0.1853361 0.3949797
vt 0.1853361 0.4051310
vt 0.1853361 0.4154937
vt 0.1853361 0.4258564
vt 0.1853361 0.4362191
vt 0.1853361 0.4465818
vt 0.1853361 0.4567330
vt 0.1853361 0.4670958
vt 0.1853361 0.4774585
vt 0.1853361 0.4878212
vt 0.1854207 0.4878212
vt 0.1867319 0.4878212
vt 0.1868165 0.4878212
vt 0.1868165 0.4774585
vt 0.1359123 0.5531697
vt 0.1303292 0.5648013
vt 0.1356797 0.5419610
vt 0.1414744 0.8293677
vt 0.1470364 0.8179476
vt 0.1416858 0.8407878
vt 0.1417916 0.8458634
vt 0.1474594 0.8221772
vt 0.1518159 0.7786115
vt 0.1512872 0.7750163
vt 0.1541423 0.7217224
vt 0.1535924 0.7193960
vt 0.1541423 0.6601805
vt 0.1536347 0.6612379
vt 0.1517525 0.6035029
vt 0.1513507 0.6077325
vt 0.1474171 0.5601486
vt 0.1470575 0.5654357
vt 0.1417281 0.5368854
vt 0.1414955 0.5423840
vt 0.1355740 0.5368854
vt 0.1299062 0.5605716
vt 0.1255496 0.6041373
vt 0.1232444 0.6610265
vt 0.1260995 0.6077325
vt 0.1322537 0.5764329
vt 0.1401843 0.5603601
vt 0.1456829 0.5863726
vt 0.1501875 0.6269776
vt 0.1524927 0.6635643
vt 0.1517736 0.7062840
vt 0.1491935 0.7612699
vt 0.1451330 0.8063159
vt 0.1372024 0.8223887
vt 0.1358700 0.8403649
vt 0.1356586 0.8458634
vt 0.1303080 0.8173131
vt 0.1299485 0.8226002
vt 0.1260360 0.7748048
vt 0.1256131 0.7790345
vt 0.1237309 0.7215109
vt 0.1232444 0.7223568
vt 0.1237943 0.6633528
vt 0.1281720 0.6214790
vt 0.1368006 0.5980043
vt 0.1426587 0.6316302
vt 0.1480092 0.6726581
vt 0.1446678 0.7310277
vt 0.1405650 0.7847446
vt 0.1317038 0.7963762
vt 0.1271992 0.7557713
vt 0.1248729 0.7191846
vt 0.1255919 0.6764648
vt 0.1326978 0.6515097
vt 0.1386828 0.6912687
vt 0.1347069 0.7511186
vt 0.1293563 0.7100908
vn 0.0000000 -0.7194491 -0.6945452
vn 0.3829015 -0.0340940 -0.9231598
vn 0.0000000 -0.0323064 -0.9994780
vn 0.0000000 -0.0039292 -0.9999923
vn 0.3824223 -0.0051332 -0.9239734
vn 0.7081130 -0.0339895 -0.7052806
vn 0.7084837 -0.0055567 -0.7057053
vn 0.9231598 -0.0340940 -0.3829015
vn 0.9239734 -0.0051332 -0.3824223
vn 0.9994780 -0.0323064 0.0000000
vn 0.9999923 -0.0039292 0.0000000
vn 0.9231598 -0.0340940 0.3829015
vn 0.9239734 -0.0051332 0.3824223
vn 0.7081129 -0.0339895 0.7052807
vn 0.7084837 -0.0055567 0.7057053
vn 0.3829015 -0.0340940 0.9231598
vn 0.3824224 -0.0051332 0.9239733
vn 0.0000000 -0.0323064 0.9994780
vn 0.0000000 -0.0039292 0.9999923
vn -0.3829015 -0.0340940 0.9231598
vn -0.3824223 -0.0051332 0.9239734
vn -0.7081130 -0.0339895 0.7052806
vn -0.7084837 -0.0055567 0.7057053
vn -0.9231598 -0.0340940 0.3829015
vn -0.9239734 -0.0051332 0.3824223
vn -0.9994780 -0.0323064 0.0000000
vn -0.9999923 -0.0039292 0.0000000
vn -0.9231598 -0.0340940 -0.3829015
vn -0.9239734 -0.0051332 -0.3824223
vn -0.7081130 -0.0339895 -0.7052806
vn -0.7084837 -0.0055567 -0.7057053
vn -0.3829015 -0.0340940 -0.9231598
vn -0.3824223 -0.0051332 -0.9239734
vn 0.0000000 -0.0039292 -0.9999923
vn 0.0000000 -0.0323064 -0.9994780
vn 0.0000000 -0.7194491 -0.6945452
vn -0.2676015 -0.7199753 -0.6403320
vn -0.4928708 -0.7193250 -0.4895406
vn -0.6427485 -0.7191146 -0.2640996
vn -0.6945452 -0.7194491 0.0000000
vn -0.6427485 -0.7191146 0.2640996
vn -0.4895405 -0.7193250 0.4928707
vn -0.2676015 -0.7199753 0.6403320
vn 0.0000000 -0.7194491 0.6945452
vn 0.2676016 -0.7199753 0.6403319
vn 0.4928708 -0.7193250 0.4895406
vn 0.6427485 -0.7191146 0.2640996
vn 0.6945452 -0.7194491 0.0000000
vn 0.6427485 -0.7191146 -0.2640996
vn 0.4895406 -0.7193250 -0.4928708
vn 0.2676015 -0.7199753 -0.6403320
vn -0.0100980 -0.9997022 -0.0222156
vn -0.0161895 -0.9997030 -0.0182132
vn -0.0143067 -0.9994276 -0.0306573
vn -0.0246257 -0.9993934 -0.0246257
vn -0.0222156 -0.9997022 -0.0100980
vn -0.0326999 -0.9993900 -0.0122625
vn -0.0240412 -0.9997110 0.0000000
vn -0.0343926 -0.9994084 0.0000000
vn -0.0222156 -0.9997022 0.0100980
vn -0.0326998 -0.9993900 0.0122625
vn -0.0161895 -0.9997030 0.0182132
vn -0.0246256 -0.9993934 0.0246257
vn -0.0100980 -0.9997022 0.0222156
vn -0.0143067 -0.9994276 0.0306573
vn 0.0000000 -0.9997110 0.0240412
vn 0.0000000 -0.9994084 0.0343926
vn 0.0100980 -0.9997022 0.0222156
vn 0.0143067 -0.9994276 0.0306573
vn 0.0161896 -0.9997030 0.0182131
vn 0.0246257 -0.9993934 0.0246257
vn 0.0222156 -0.9997022 0.0100980
vn 0.0326999 -0.9993900 0.0122624
vn 0.0240412 -0.9997110 0.0000000
vn 0.0343926 -0.9994084 0.0000000
vn 0.0222156 -0.9997022 -0.0100980
vn 0.0326999 -0.9993900 -0.0122625
vn 0.0161895 -0.9997030 -0.0182132
vn 0.0246257 -0.9993934 -0.0246257
vn 0.0100980 -0.9997022 -0.0222156
vn 0.0143067 -0.9994276 -0.0306573
vn 0.0000000 -0.6688120 -0.7434316
vn 0.0000000 -0.9994084 -0.0343926
vn 0.0000000 -0.9997110 -0.0240412
vn 0.0000000 -0.7194491 -0.6945452
vn 0.2676015 -0.7199753 -0.6403320
vn 0.4895406 -0.7193250 -0.4928708
vn 0.6427485 -0.7191146 -0.2640996
vn 0.6945452 -0.7194491 0.0000000
vn 0.6427485 -0.7191146 0.2640996
vn 0.4928708 -0.7193250 0.4895406
vn 0.2676016 -0.7199753 0.6403319
vn 0.0000000 -0.7194491 0.6945452
vn -0.2676015 -0.7199753 0.6403320
vn -0.4895405 -0.7193250 0.4928707
vn -0.6427485 -0.7191146 0.2640996
vn -0.6945452 -0.7194491 0.0000000
vn -0.6427485 -0.7191146 -0.2640996
vn -0.4928708 -0.7193250 -0.4895406
vn -0.2676015 -0.7199753 -0.6403320
vn 0.0000000 -0.7194491 -0.6945452
vn 0.0000000 -0.9997110 -0.0240412
vn 0.0000000 -0.9994084 -0.0343926
vn 0.0000000 -0.6688120 -0.7434316
vn -0.2858046 -0.6711589 -0.6840040
vn -0.5250620 -0.6697907 -0.5250621
vn -0.6863312 -0.6702954 -0.2822297
vn -0.7434316 -0.6688120 0.0000000
vn -0.6863312 -0.6702954 0.2822297
vn -0.5250619 -0.6697908 0.5250621
vn -0.2858046 -0.6711589 0.6840040
vn 0.0000000 -0.6688120 0.7434316
vn 0.2858046 -0.6711589 0.6840040
vn 0.5250620 -0.6697907 0.5250621
vn 0.6863313 -0.6702954 0.2822295
vn 0.7434316 -0.6688120 0.0000000
vn 0.6863312 -0.6702954 -0.2822297
vn 0.5250620 -0.6697907 -0.5250621
vn 0.2858045 -0.6711589 -0.6840041
vn -0.3829150 -0.0155236 -0.9236532
vn -0.7084056 -0.0168002 -0.7056056
vn -0.3829151 0.0155236 -0.9236531
vn -0.7084056 0.0168002 -0.7056056
vn -0.9236532 -0.0155236 -0.3829150
vn -0.9236532 0.0155236 -0.3829150
vn -0.9998735 -0.0159026 0.0000000
vn -0.9998735 0.0159026 0.0000000
vn -0.9236532 -0.0155235 0.3829150
vn -0.9236532 0.0155235 0.3829150
vn -0.7084056 -0.0168001 0.7056056
vn -0.7084056 0.0168001 0.7056056
vn -0.3829150 -0.0155235 0.9236531
vn -0.3829151 0.0155235 0.9236531
vn 0.0000001 -0.0159026 0.9998735
vn 0.0000001 0.0159025 0.9998735
vn 0.3829151 -0.0155236 0.9236531
vn 0.3829151 0.0155235 0.9236531
vn 0.7084056 -0.0168002 0.7056056
vn 0.7084056 0.0168001 0.7056056
vn 0.9236532 -0.0155236 0.3829150
vn 0.9236532 0.0155235 0.3829150
vn 0.9998735 -0.0159026 0.0000000
vn 0.9998735 0.0159025 0.0000000
vn 0.9236531 -0.0155236 -0.3829151
vn 0.9236531 0.0155235 -0.3829150
vn 0.7084056 -0.0168002 -0.7056056
vn 0.7084056 0.0168001 -0.7056056
vn 0.3829150 0.0155235 -0.9236531
vn 0.3829150 -0.0155236 -0.9236532
vn 0.5250620 -0.6697907 -0.5250621
vn 0.6863312 -0.6702954 -0.2822297
vn 0.7434316 -0.6688120 0.0000000
vn 0.6863313 -0.6702954 0.2822295
vn 0.5250620 -0.6697907 0.5250621
vn 0.2858046 -0.6711589 0.6840040
vn 0.0000000 -0.6688120 0.7434316
vn -0.2858046 -0.6711589 0.6840040
vn -0.5250619 -0.6697908 0.5250621
vn -0.6863312 -0.6702954 0.2822297
vn -0.7434316 -0.6688120 0.0000000
vn -0.6863312 -0.6702954 -0.2822297
vn -0.5250620 -0.6697907 -0.5250621
vn -0.2858046 -0.6711589 -0.6840040
vn 0.0000000 -0.6688120 -0.7434316
vn 0.0000000 -0.0159026 -0.9998735
vn 0.0000001 0.0159025 -0.9998735
vn 0.0000001 0.7688985 -0.6393709
vn -0.2528293 0.7458465 -0.6162713
vn -0.4891665 0.7221028 -0.4891664
vn -0.6162713 0.7458465 -0.2528293
vn -0.6393707 0.7688986 0.0000000
vn -0.6162713 0.7458465 0.2528293
vn -0.4891664 0.7221029 0.4891664
vn -0.2528293 0.7458465 0.6162713
vn 0.0000002 0.7688985 0.6393708
vn 0.2528293 0.7458465 0.6162713
vn 0.4891664 0.7221029 0.4891664
vn 0.6162713 0.7458465 0.2528293
vn 0.6393709 0.7688985 0.0000000
vn 0.6162713 0.7458465 -0.2528293
vn 0.4891664 0.7221029 -0.4891664
vn 0.2528293 0.7458465 -0.6162713
vn 0.0000001 0.7688985 -0.6393709
vn 0.0000001 0.0159025 -0.9998735
vn 0.0000000 -0.0159026 -0.9998735
vn 0.0000000 -0.6688120 -0.7434316
vn 0.2858045 -0.6711589 -0.6840041
vn 0.0039447 0.9999844 -0.0039447
vn 0.0636828 0.9976970 -0.0233504
vn 0.0613068 0.9962344 -0.0613068
vn -0.0039447 0.9999844 0.0039447
vn -0.0636827 0.9976970 0.0233504
vn -0.0613066 0.9962344 0.0613068
vn -0.4891664 0.7221029 0.4891664
vn -0.6162713 0.7458465 0.2528293
vn -0.6393707 0.7688986 0.0000000
vn -0.0556986 0.9984476 0.0000000
vn -0.6162713 0.7458465 -0.2528293
vn -0.0636827 0.9976970 -0.0233504
vn -0.4891665 0.7221028 -0.4891664
vn -0.0613067 0.9962344 -0.0613068
vn -0.2528293 0.7458465 -0.6162713
vn -0.0254751 0.9977779 -0.0615650
vn 0.0000001 0.7688985 -0.6393709
vn 0.0000000 0.9984476 -0.0556986
vn 0.2528293 0.7458465 -0.6162713
vn 0.0254752 0.9977779 -0.0615650
vn 0.4891664 0.7221029 -0.4891664
vn 0.6162713 0.7458465 -0.2528293
vn 0.6393709 0.7688985 0.0000000
vn 0.6162713 0.7458465 0.2528293
vn 0.0556986 0.9984476 0.0000000
vn 0.0019646 0.9999961 -0.0019646
vn 0.0019646 0.9999961 -0.0019646
vn 0.0000000 0.9999981 -0.0019608
vn -0.0019646 0.9999961 -0.0019646
vn -0.0039448 0.9999844 -0.0039447
vn -0.0019646 0.9999961 -0.0019646
vn -0.0019608 0.9999981 0.0000000
vn -0.0019646 0.9999961 0.0019646
vn -0.0019646 0.9999961 0.0019646
vn -0.0254751 0.9977779 0.0615650
vn -0.2528293 0.7458465 0.6162713
vn 0.0000000 0.9984476 0.0556986
vn 0.0000002 0.7688985 0.6393708
vn 0.0254752 0.9977779 0.0615650
vn 0.2528293 0.7458465 0.6162713
vn 0.0613068 0.9962344 0.0613068
vn 0.4891664 0.7221029 0.4891664
vn 0.0636828 0.9976970 0.0233504
vn 0.0019608 0.9999981 0.0000000
vn 0.0000000 1.0000000 0.0000000
vn 0.0000000 1.0000000 0.0000000
vn 0.0000000 1.0000000 0.0000000
vn 0.0000000 1.0000000 0.0000000
vn 0.0000000 1.0000000 0.0000000
vn 0.0000000 0.9999981 0.0019608
vn 0.0019646 0.9999961 0.0019646
vn 0.0039447 0.9999844 0.0039447
vn 0.0019646 0.9999961 0.0019646
vn 0.0000000 1.0000000 0.0000000
vn 0.0000000 1.0000000 0.0000000
vn 0.0000000 1.0000000 0.0000000
vn 0.0000000 1.0000000 0.0000000
f 699/699/699 700/700/700 701/701/701
f 701/701/701 700/700/700 702/702/702
f 702/702/702 700/700/700 703/703/703
f 700/700/700 704/704/704 703/703/703
f 703/703/703 704/704/704 705/705/705
f 704/704/704 706/706/706 705/705/705
f 705/705/705 706/706/706 707/707/707
f 706/706/706 708/708/708 707/707/707
f 707/707/707 708/708/708 709/709/709
f 708/708/708 710/710/710 709/709/709
f 709/709/709 710/710/710 711/711/711
f 710/710/710 712/712/712 711/711/711
f 711/711/711 712/712/712 713/713/713
f 712/712/712 714/714/714 713/713/713
f 713/713/713 714/714/714 715/715/715
f 714/714/714 716/716/716 715/715/715
f 715/715/715 716/716/716 717/717/717
f 716/716/716 718/718/718 717/717/717
f 717/717/717 718/718/718 719/719/719
f 718/718/718 720/720/720 719/719/719
f 719/719/719 720/720/720 721/721/721
f 720/720/720 722/722/722 721/721/721
f 721/721/721 722/722/722 723/723/723
f 722/722/722 724/724/724 723/723/723
f 723/723/723 724/724/724 725/725/725
f 724/724/724 726/726/726 725/725/725
f 725/725/725 726/726/726 727/727/727
f 726/726/726 728/728/728 727/727/727
f 727/727/727 728/728/728 729/729/729
f 728/728/728 730/730/730 729/729/729
f 729/729/729 730/730/730 731/731/731
f 732/732/732 731/731/731 733/733/733
f 731/731/731 730/730/730 733/733/733
f 734/734/734 733/733/733 735/735/735
f 733/733/733 730/730/730 735/735/735
f 735/735/735 730/730/730 736/736/736
f 730/730/730 728/728/728 736/736/736
f 736/736/736 728/728/728 737/737/737
f 728/728/728 726/726/726 737/737/737
f 737/737/737 726/726/726 738/738/738
f 726/726/726 724/724/724 738/738/738
f 738/738/738 724/724/724 739/739/739
f 724/724/724 722/722/722 739/739/739
f 739/739/739 722/722/722 740/740/740
f 722/722/722 720/720/720 740/740/740
f 740/740/740 720/720/720 741/741/741
f 720/720/720 718/718/718 741/741/741
f 741/741/741 718/718/718 742/742/742
f 718/718/718 716/716/716 742/742/742
f 742/742/742 716/716/716 743/743/743
f 716/716/716 714/714/714 743/743/743
f 743/743/743 714/714/714 744/744/744
f 714/714/714 712/712/712 744/744/744
f 744/744/744 712/712/712 745/745/745
f 712/712/712 710/710/710 745/745/745
f 745/745/745 710/710/710 746/746/746
f 710/710/710 708/708/708 746/746/746
f 746/746/746 708/708/708 747/747/747
f 708/708/708 706/706/706 747/747/747
f 747/747/747 706/706/706 748/748/748
f 706/706/706 704/704/704 748/748/748
f 748/748/748 704/704/704 749/749/749
f 704/704/704 700/700/700 749/749/749
f 700/700/700 699/699/699 749/749/749
f 750/750/750 751/751/751 752/752/752
f 752/752/752 751/751/751 753/753/753
f 751/751/751 754/754/754 753/753/753
f 753/753/753 754/754/754 755/755/755
f 754/754/754 756/756/756 755/755/755
f 755/755/755 756/756/756 757/757/757
f 756/756/756 758/758/758 757/757/757
f 757/757/757 758/758/758 759/759/759
f 758/758/758 760/760/760 759/759/759
f 759/759/759 760/760/760 761/761/761
f 760/760/760 762/762/762 761/761/761
f 761/761/761 762/762/762 763/763/763
f 762/762/762 764/764/764 763/763/763
f 763/763/763 764/764/764 765/765/765
f 764/764/764 766/766/766 765/765/765
f 765/765/765 766/766/766 767/767/767
f 766/766/766 768/768/768 767/767/767
f 767/767/767 768/768/768 769/769/769
f 768/768/768 770/770/770 769/769/769
f 769/769/769 770/770/770 771/771/771
f 770/770/770 772/772/772 771/771/771
f 771/771/771 772/772/772 773/773/773
f 772/772/772 774/774/774 773/773/773
f 773/773/773 774/774/774 775/775/775
f 774/774/774 776/776/776 775/775/775
f 775/775/775 776/776/776 777/777/777
f 776/776/776 778/778/778 777/777/777
f 777/777/777 778/778/778 779/779/779
f 780/780/780 779/779/779 781/781/781
f 781/781/781 779/779/779 782/782/782
f 779/779/779 778/778/778 782/782/782
f 783/783/783 782/782/782 784/784/784
f 782/782/782 778/778/778 784/784/784
f 784/784/784 778/778/778 785/785/785
f 778/778/778 776/776/776 785/785/785
f 785/785/785 776/776/776 786/786/786
f 776/776/776 774/774/774 786/786/786
f 786/786/786 774/774/774 787/787/787
f 774/774/774 772/772/772 787/787/787
f 787/787/787 772/772/772 788/788/788
f 772/772/772 770/770/770 788/788/788
f 788/788/788 770/770/770 789/789/789
f 770/770/770 768/768/768 789/789/789
f 789/789/789 768/768/768 790/790/790
f 768/768/768 766/766/766 790/790/790
f 790/790/790 766/766/766 791/791/791
f 766/766/766 764/764/764 791/791/791
f 791/791/791 764/764/764 792/792/792
f 764/764/764 762/762/762 792/792/792
f 792/792/792 762/762/762 793/793/793
f 762/762/762 760/760/760 793/793/793
f 793/793/793 760/760/760 794/794/794
f 760/760/760 758/758/758 794/794/794
f 794/794/794 758/758/758 795/795/795
f 758/758/758 756/756/756 795/795/795
f 795/795/795 756/756/756 796/796/796
f 756/756/756 754/754/754 796/796/796
f 796/796/796 754/754/754 797/797/797
f 754/754/754 751/751/751 797/797/797
f 797/797/797 751/751/751 798/798/798
f 751/751/751 750/750/750 798/798/798
f 798/798/798 750/750/750 799/799/799
f 799/799/799 750/750/750 800/800/800
f 800/800/800 750/750/750 801/801/801
f 750/750/750 752/752/752 801/801/801
f 802/802/802 801/801/801 803/803/803
f 801/801/801 752/752/752 803/803/803
f 803/803/803 752/752/752 804/804/804
f 752/752/752 753/753/753 804/804/804
f 804/804/804 753/753/753 805/805/805
f 753/753/753 755/755/755 805/805/805
f 805/805/805 755/755/755 806/806/806
f 755/755/755 757/757/757 806/806/806
f 806/806/806 757/757/757 807/807/807
f 757/757/757 759/759/759 807/807/807
f 807/807/807 759/759/759 808/808/808
f 759/759/759 761/761/761 808/808/808
f 808/808/808 761/761/761 809/809/809
f 761/761/761 763/763/763 809/809/809
f 809/809/809 763/763/763 810/810/810
f 763/763/763 765/765/765 810/810/810
f 810/810/810 765/765/765 811/811/811
f 765/765/765 767/767/767 811/811/811
f 811/811/811 767/767/767 812/812/812
f 767/767/767 769/769/769 812/812/812
f 812/812/812 769/769/769 813/813/813
f 769/769/769 771/771/771 813/813/813
f 813/813/813 771/771/771 814/814/814
f 771/771/771 773/773/773 814/814/814
f 814/814/814 773/773/773 815/815/815
f 773/773/773 775/775/775 815/815/815
f 815/815/815 775/775/775 816/816/816
f 775/775/775 777/777/777 816/816/816
f 816/816/816 777/777/777 817/817/817
f 777/777/777 779/779/779 817/817/817
f 779/779/779 780/780/780 817/817/817
f 818/818/818 819/819/819 820/820/820
f 820/820/820 819/819/819 821/821/821
f 819/819/819 822/822/822 821/821/821
f 821/821/821 822/822/822 823/823/823
f 822/822/822 824/824/824 823/823/823
f 823/823/823 824/824/824 825/825/825
f 824/824/824 826/826/826 825/825/825
f 825/825/825 826/826/826 827/827/827
f 826/826/826 828/828/828 827/827/827
f 827/827/827 828/828/828 829/829/829
f 828/828/828 830/830/830 829/829/829
f 829/829/829 830/830/830 831/831/831
f 830/830/830 832/832/832 831/831/831
f 831/831/831 832/832/832 833/833/833
f 832/832/832 834/834/834 833/833/833
f 833/833/833 834/834/834 835/835/835
f 834/834/834 836/836/836 835/835/835
f 835/835/835 836/836/836 837/837/837
f 836/836/836 838/838/838 837/837/837
f 837/837/837 838/838/838 839/839/839
f 838/838/838 840/840/840 839/839/839
f 839/839/839 840/840/840 841/841/841
f 840/840/840 842/842/842 841/841/841
f 841/841/841 842/842/842 843/843/843
f 842/842/842 844/844/844 843/843/843
f 843/843/843 844/844/844 845/845/845
f 846/846/846 845/845/845 847/847/847
f 845/845/845 844/844/844 847/847/847
f 847/847/847 844/844/844 848/848/848
f 848/848/848 844/844/844 849/849/849
f 844/844/844 842/842/842 849/849/849
f 849/849/849 842/842/842 850/850/850
f 842/842/842 840/840/840 850/850/850
f 850/850/850 840/840/840 851/851/851
f 840/840/840 838/838/838 851/851/851
f 851/851/851 838/838/838 852/852/852
f 838/838/838 836/836/836 852/852/852
f 852/852/852 836/836/836 853/853/853
f 836/836/836 834/834/834 853/853/853
f 853/853/853 834/834/834 854/854/854
f 834/834/834 832/832/832 854/854/854
f 854/854/854 832/832/832 855/855/855
f 832/832/832 830/830/830 855/855/855
f 855/855/855 830/830/830 856/856/856
f 830/830/830 828/828/828 856/856/856
f 856/856/856 828/828/828 857/857/857
f 828/828/828 826/826/826 857/857/857
f 857/857/857 826/826/826 858/858/858
f 826/826/826 824/824/824 858/858/858
f 858/858/858 824/824/824 859/859/859
f 824/824/824 822/822/822 859/859/859
f 859/859/859 822/822/822 860/860/860
f 822/822/822 819/819/819 860/860/860
f 860/860/860 819/819/819 861/861/861
f 819/819/819 818/818/818 861/861/861
f 861/861/861 818/818/818 862/862/862
f 862/862/862 818/818/818 863/863/863
f 863/863/863 818/818/818 864/864/864
f 818/818/818 820/820/820 864/864/864
f 865/865/865 864/864/864 866/866/866
f 864/864/864 820/820/820 866/866/866
f 866/866/866 820/820/820 867/867/867
f 820/820/820 821/821/821 867/867/867
f 867/867/867 821/821/821 868/868/868
f 821/821/821 823/823/823 868/868/868
f 868/868/868 823/823/823 869/869/869
f 823/823/823 825/825/825 869/869/869
f 869/869/869 825/825/825 870/870/870
f 825/825/825 827/827/827 870/870/870
f 870/870/870 827/827/827 871/871/871
f 827/827/827 829/829/829 871/871/871
f 871/871/871 829/829/829 872/872/872
f 829/829/829 831/831/831 872/872/872
f 872/872/872 831/831/831 873/873/873
f 831/831/831 833/833/833 873/873/873
f 873/873/873 833/833/833 874/874/874
f 833/833/833 835/835/835 874/874/874
f 874/874/874 835/835/835 875/875/875
f 835/835/835 837/837/837 875/875/875
f 875/875/875 837/837/837 876/876/876
f 837/837/837 839/839/839 876/876/876
f 876/876/876 839/839/839 877/877/877
f 839/839/839 841/841/841 877/877/877
f 877/877/877 841/841/841 878/878/878
f 841/841/841 843/843/843 878/878/878
f 878/878/878 843/843/843 879/879/879
f 843/843/843 845/845/845 879/879/879
f 879/879/879 845/845/845 880/880/880
f 845/845/845 846/846/846 880/880/880
f 880/880/880 846/846/846 881/881/881
f 881/881/881 846/846/846 882/882/882
f 882/882/882 846/846/846 883/883/883
f 846/846/846 847/847/847 883/883/883
f 884/884/884 883/883/883 885/885/885
f 883/883/883 847/847/847 885/885/885
f 847/847/847 848/848/848 885/885/885
f 886/886/886 887/887/887 888/888/888
f 889/889/889 890/890/890 891/891/891
f 892/892/892 891/891/891 893/893/893
f 891/891/891 890/890/890 893/893/893
f 893/893/893 890/890/890 894/894/894
f 890/890/890 895/895/895 894/894/894
f 894/894/894 895/895/895 896/896/896
f 895/895/895 897/897/897 896/896/896
f 896/896/896 897/897/897 898/898/898
f 897/897/897 899/899/899 898/898/898
f 898/898/898 899/899/899 900/900/900
f 899/899/899 901/901/901 900/900/900
f 900/900/900 901/901/901 902/902/902
f 901/901/901 903/903/903 902/902/902
f 902/902/902 903/903/903 904/904/904
f 903/903/903 905/905/905 904/904/904
f 904/904/904 905/905/905 906/906/906
f 905/905/905 888/888/888 906/906/906
f 906/906/906 888/888/888 907/907/907
f 888/888/888 887/887/887 907/907/907
f 907/907/907 887/887/887 908/908/908
f 909/909/909 908/908/908 910/910/910
f 908/908/908 887/887/887 910/910/910
f 910/910/910 887/887/887 911/911/911
f 887/887/887 886/886/886 911/911/911
f 911/911/911 886/886/886 912/912/912
f 886/886/886 888/888/888 912/912/912
f 888/888/888 905/905/905 912/912/912
f 912/912/912 905/905/905 913/913/913
f 905/905/905 903/903/903 913/913/913
f 913/913/913 903/903/903 914/914/914
f 903/903/903 901/901/901 914/914/914
f 914/914/914 901/901/901 915/915/915
f 901/901/901 899/899/899 915/915/915
f 915/915/915 899/899/899 916/916/916
f 899/899/899 897/897/897 916/916/916
f 916/916/916 897/897/897 917/917/917
f 897/897/897 895/895/895 917/917/917
f 917/917/917 895/895/895 918/918/918
f 895/895/895 890/890/890 918/918/918
f 890/890/890 889/889/889 918/918/918
f 918/918/918 889/889/889 919/919/919
f 889/889/889 891/891/891 919/919/919
f 919/919/919 891/891/891 920/920/920
f 891/891/891 892/892/892 920/920/920
f 892/892/892 921/921/921 920/920/920
f 920/920/920 921/921/921 922/922/922
f 921/921/921 923/923/923 922/922/922
f 922/922/922 923/923/923 924/924/924
f 923/923/923 925/925/925 924/924/924
f 924/924/924 925/925/925 926/926/926
f 925/925/925 927/927/927 926/926/926
f 926/926/926 927/927/927 928/928/928
f 927/927/927 909/909/909 928/928/928
f 909/909/909 910/910/910 928/928/928
f 928/928/928 910/910/910 929/929/929
f 910/910/910 911/911/911 929/929/929
f 929/929/929 911/911/911 930/930/930
f 911/911/911 912/912/912 930/930/930
f 912/912/912 913/913/913 930/930/930
f 930/930/930 913/913/913 931/931/931
f 913/913/913 914/914/914 931/931/931
f 931/931/931 914/914/914 932/932/932
f 914/914/914 915/915/915 932/932/932
f 915/915/915 916/916/916 932/932/932
f 932/932/932 916/916/916 933/933/933
f 916/916/916 917/917/917 933/933/933
f 933/933/933 917/917/917 934/934/934
f 917/917/917 918/918/918 934/934/934
f 918/918/918 919/919/919 934/934/934
f 934/934/934 919/919/919 935/935/935
f 919/919/919 920/920/920 935/935/935
f 920/920/920 922/922/922 935/935/935
f 935/935/935 922/922/922 936/936/936
f 922/922/922 924/924/924 936/936/936
f 936/936/936 924/924/924 937/937/937
f 924/924/924 926/926/926 937/937/937
f 937/937/937 926/926/926 938/938/938
f 926/926/926 928/928/928 938/938/938
f 928/928/928 929/929/929 938/938/938
f 938/938/938 929/929/929 939/939/939
f 929/929/929 930/930/930 939/939/939
f 930/930/930 931/931/931 939/939/939
f 939/939/939 931/931/931 940/940/940
f 931/931/931 932/932/932 940/940/940
f 932/932/932 933/933/933 940/940/940
f 940/940/940 933/933/933 941/941/941
f 933/933/933 934/934/934 941/941/941
f 934/934/934 935/935/935 941/941/941
f 935/935/935 936/936/936 941/941/941
f 941/941/941 936/936/936 942/942/942
f 936/936/936 937/937/937 942/942/942
f 937/937/937 938/938/938 942/942/942
f 938/938/938 939/939/939 942/942/942
f 939/939/939 940/940/940 942/942/942
f 941/941/941 942/942/942 940/940/940
v 0.0000006 0.0281244 -0.4788701
v 0.0035907 0.0281244 -0.4780296
v 0.0000006 0.0201132 -0.4788701
v 0.0035907 0.0201132 -0.4780296
v 0.0000006 0.0281244 -0.4788701
v 0.0000006 0.0201132 -0.4788701
v -0.0035907 0.0281244 -0.4780296
v -0.0035907 0.0201132 -0.4780296
v -0.0067236 0.0201132 -0.4758136
v -0.0067236 0.0281244 -0.4758136
v -0.0089395 0.0201132 -0.4726808
v -0.0089395 0.0281244 -0.4726808
v -0.0097800 0.0281244 -0.4690895
v -0.0097800 0.0201132 -0.4690895
v -0.0089395 0.0281244 -0.4654993
v -0.0089395 0.0201132 -0.4654993
v -0.0067236 0.0201132 -0.4623665
v -0.0067236 0.0281244 -0.4623665
v -0.0035907 0.0201132 -0.4601506
v -0.0035907 0.0281244 -0.4601506
v 0.0000006 0.0281244 -0.4593101
v 0.0000006 0.0201132 -0.4593101
v 0.0035907 0.0281244 -0.4601506
v 0.0035907 0.0201132 -0.4601506
v 0.0067236 0.0201132 -0.4623665
v 0.0067236 0.0281244 -0.4623665
v 0.0089395 0.0201132 -0.4654993
v 0.0089395 0.0281244 -0.4654993
v 0.0097800 0.0281244 -0.4690895
v 0.0097800 0.0201132 -0.4690895
v 0.0089395 0.0281244 -0.4726808
v 0.0089395 0.0201132 -0.4726808
v 0.0067236 0.0201132 -0.4758136
v 0.0067236 0.0281244 -0.4758136
vt 0.2065160 0.0251112
vt 0.2062277 0.0251112
vt 0.2065160 0.0188499
vt 0.2062277 0.0188499
vt 0.2018114 0.0251112
vt 0.2018114 0.0188499
vt 0.2020998 0.0251112
vt 0.2020998 0.0188499
vt 0.2023997 0.0188499
vt 0.2023997 0.0251112
vt 0.2026995 0.0188499
vt 0.2026995 0.0251112
vt 0.2029879 0.0251112
vt 0.2029879 0.0188499
vt 0.2032762 0.0251112
vt 0.2032762 0.0188499
vt 0.2035761 0.0188499
vt 0.2035761 0.0251112
vt 0.2038759 0.0188499
vt 0.2038759 0.0251112
vt 0.2041632 0.0251112
vt 0.2041632 0.0188499
vt 0.2044515 0.0251112
vt 0.2044515 0.0188499
vt 0.2047514 0.0188499
vt 0.2047514 0.0251112
vt 0.2050512 0.0188499
vt 0.2050512 0.0251112
vt 0.2053396 0.0251112
vt 0.2053396 0.0188499
vt 0.2056279 0.0251112
vt 0.2056279 0.0188499
vt 0.2059278 0.0188499
vt 0.2059278 0.0251112
vn 0.0000000 0.0000000 -1.0000000
vn 0.4147793 0.0000000 -0.9099221
vn 0.0000000 0.0000000 -1.0000000
vn 0.4147793 0.0000000 -0.9099221
vn 0.0000000 0.0000000 -1.0000000
vn 0.0000000 0.0000000 -1.0000000
vn -0.4147793 0.0000000 -0.9099221
vn -0.4147793 0.0000000 -0.9099221
vn -0.7057216 0.0000000 -0.7084892
vn -0.7057216 0.0000000 -0.7084892
vn -0.9099221 0.0000000 -0.4147793
vn -0.9099221 0.0000000 -0.4147793
vn -1.0000000 0.0000000 0.0000000
vn -1.0000000 0.0000000 0.0000000
vn -0.9099221 0.0000000 0.4147793
vn -0.9099221 0.0000000 0.4147793
vn -0.7057216 0.0000000 0.7084892
vn -0.7057216 0.0000000 0.7084892
vn -0.4147793 0.0000000 0.9099221
vn -0.4147793 0.0000000 0.9099221
vn 0.0000000 0.0000000 1.0000000
vn 0.0000000 0.0000000 1.0000000
vn 0.4147793 0.0000000 0.9099221
vn 0.4147793 0.0000000 0.9099221
vn 0.7084892 0.0000000 0.7057216
vn 0.7084892 0.0000000 0.7057216
vn 0.9099221 0.0000000 0.4147793
vn 0.9099221 0.0000000 0.4147793
vn 1.0000000 0.0000000 0.0000000
vn 1.0000000 0.0000000 0.0000000
vn 0.9099221 0.0000000 -0.4147793
vn 0.9099221 0.0000000 -0.4147793
vn 0.7084892 0.0000000 -0.7057216
vn 0.7084892 0.0000000 -0.7057216
f 943/943/943 944/944/944 945/945/945
f 945/945/945 944/944/944 946/946/946
f 947/947/947 948/948/948 949/949/949
f 948/948/948 950/950/950 949/949/949
f 950/950/950 951/951/951 949/949/949
f 949/949/949 951/951/951 952/952/952
f 951/951/951 953/953/953 952/952/952
f 952/952/952 953/953/953 954/954/954
f 954/954/954 953/953/953 955/955/955
f 953/953/953 956/956/956 955/955/955
f 955/955/955 956/956/956 957/957/957
f 956/956/956 958/958/958 957/957/957
f 958/958/958 959/959/959 957/957/957
f 957/957/957 959/959/959 960/960/960
f 959/959/959 961/961/961 960/960/960
f 960/960/960 961/961/961 962/962/962
f 962/962/962 961/961/961 963/963/963
f 961/961/961 964/964/964 963/963/963
f 963/963/963 964/964/964 965/965/965
f 964/964/964 966/966/966 965/965/965
f 966/966/966 967/967/967 965/965/965
f 965/965/965 967/967/967 968/968/968
f 967/967/967 969/969/969 968/968/968
f 968/968/968 969/969/969 970/970/970
f 970/970/970 969/969/969 971/971/971
f 969/969/969 972/972/972 971/971/971
f 971/971/971 972/972/972 973/973/973
f 972/972/972 974/974/974 973/973/973
f 974/974/974 975/975/975 973/973/973
f 973/973/973 975/975/975 976/976/976
f 975/975/975 946/946/946 976/976/976
f 946/946/946 944/944/944 976/976/976
v 0.0204225 0.0305341 -0.4609965
v 0.0203806 0.0272600 -0.4609965
v 0.0204225 0.0305341 -0.4771853
v 0.0203806 0.0272600 -0.4771853
v 0.0200735 0.0261954 -0.4771853
v 0.0200735 0.0261954 -0.4609965
v 0.0189949 0.0258882 -0.4771853
v 0.0189949 0.0258882 -0.4609965
v 0.0189879 0.0259336 -0.4569161
v 0.0200455 0.0262233 -0.4569301
v 0.0203387 0.0272670 -0.4569161
v 0.0203806 0.0305341 -0.4569091
v 0.0200455 0.0272844 -0.4557573
v 0.0200735 0.0305341 -0.4557259
v 0.0189949 0.0305341 -0.4554222
v 0.0189879 0.0272670 -0.4554641
v 0.0156231 0.0305341 -0.4553803
v 0.0156231 0.0272600 -0.4554222
v -0.0156236 0.0305341 -0.4553803
v -0.0156236 0.0272600 -0.4554222
v -0.0189884 0.0272670 -0.4554641
v -0.0189954 0.0305341 -0.4554222
v -0.0200461 0.0272844 -0.4557573
v -0.0200740 0.0305341 -0.4557259
v -0.0203811 0.0305341 -0.4569091
v -0.0203358 0.0272670 -0.4569161
v -0.0204230 0.0305341 -0.4609965
v -0.0203811 0.0272600 -0.4609965
v -0.0203811 0.0272600 -0.4771853
v -0.0204230 0.0305341 -0.4771853
v -0.0203358 0.0272670 -0.4812657
v -0.0203811 0.0305341 -0.4812727
v -0.0200461 0.0272844 -0.4824245
v -0.0200740 0.0305341 -0.4824524
v -0.0189954 0.0305341 -0.4827596
v -0.0189884 0.0272670 -0.4827142
v -0.0156236 0.0305341 -0.4828015
v -0.0156236 0.0272600 -0.4827596
v 0.0156231 0.0305341 -0.4828015
v 0.0156231 0.0272600 -0.4827596
v 0.0189879 0.0272670 -0.4827142
v 0.0189949 0.0305341 -0.4827596
v 0.0189949 0.0816590 -0.4827596
v 0.0156231 0.0816590 -0.4828015
v -0.0156236 0.0816590 -0.4828015
v -0.0189954 0.0816590 -0.4827596
v -0.0200740 0.0816590 -0.4824524
v -0.0203811 0.0816590 -0.4812727
v -0.0204230 0.0816590 -0.4771853
v -0.0204230 0.0816590 -0.4609965
v -0.0203811 0.0816590 -0.4569091
v -0.0200740 0.0816590 -0.4557259
v -0.0189954 0.0816590 -0.4554222
v -0.0156236 0.0816590 -0.4553803
v 0.0156231 0.0816590 -0.4553803
v 0.0189949 0.0816590 -0.4554222
v 0.0200735 0.0816590 -0.4557259
v 0.0203806 0.0816590 -0.4569091
v 0.0204225 0.0816590 -0.4609965
v 0.0204225 0.0816590 -0.4771853
v 0.0203806 0.0816590 -0.4812727
v 0.0203806 0.0305341 -0.4812727
v 0.0203387 0.0272670 -0.4812657
v 0.0200455 0.0262233 -0.4812482
v 0.0189879 0.0259336 -0.4812657
v 0.0156231 0.0258464 -0.4771853
v 0.0156231 0.0258882 -0.4812727
v -0.0156236 0.0258882 -0.4812727
v -0.0189954 0.0258882 -0.4771853
v -0.0189884 0.0259336 -0.4812657
v -0.0156236 0.0258464 -0.4771853
v 0.0156231 0.0258464 -0.4609965
v 0.0156231 0.0258882 -0.4569091
v -0.0156236 0.0261954 -0.4557259
v 0.0156231 0.0261954 -0.4557259
v 0.0189740 0.0262233 -0.4557573
v 0.0198989 0.0263699 -0.4559004
v 0.0189740 0.0262233 -0.4557573
v 0.0156231 0.0261954 -0.4557259
v -0.0156236 0.0261954 -0.4557259
v -0.0189710 0.0262233 -0.4557573
v -0.0198995 0.0263699 -0.4559004
v -0.0200461 0.0262233 -0.4569301
v -0.0200740 0.0261954 -0.4609965
v -0.0200740 0.0261954 -0.4771853
v -0.0200461 0.0262233 -0.4812482
v -0.0198995 0.0263699 -0.4822779
v -0.0189710 0.0262233 -0.4824245
v -0.0156236 0.0261954 -0.4824524
v 0.0156231 0.0261954 -0.4824524
v 0.0189740 0.0262233 -0.4824245
v 0.0198989 0.0263699 -0.4822779
v 0.0200455 0.0272844 -0.4824245
v 0.0200735 0.0305341 -0.4824524
v 0.0200735 0.0816590 -0.4824524
v 0.0200735 0.0830308 -0.4824524
v 0.0189949 0.0830308 -0.4827596
v 0.0156231 0.0830308 -0.4828015
v -0.0156236 0.0830308 -0.4828015
v -0.0189954 0.0830308 -0.4827596
v -0.0200740 0.0830308 -0.4824524
v -0.0203811 0.0830308 -0.4812727
v -0.0204230 0.0830308 -0.4771853
v -0.0204230 0.0830308 -0.4609965
v -0.0203811 0.0830308 -0.4569091
v -0.0200740 0.0830308 -0.4557259
v -0.0189954 0.0830308 -0.4554222
v -0.0156236 0.0830308 -0.4553803
v 0.0156231 0.0830308 -0.4553803
v 0.0189949 0.0830308 -0.4554222
v 0.0200735 0.0830308 -0.4557259
v 0.0203806 0.0830308 -0.4569091
v 0.0204225 0.0830308 -0.4609965
v 0.0204225 0.0830308 -0.4771853
v 0.0203806 0.0830308 -0.4812727
v 0.0200735 0.0830308 -0.4824524
v 0.0200735 0.0816590 -0.4824524
v 0.0200735 0.0305341 -0.4824524
v 0.0200455 0.0272844 -0.4824245
v 0.0198989 0.0263699 -0.4822779
v 0.0189740 0.0262233 -0.4824245
v 0.0156231 0.0261954 -0.4824524
v -0.0156236 0.0261954 -0.4824524
v -0.0189710 0.0262233 -0.4824245
v -0.0198995 0.0263699 -0.4822779
v -0.0200461 0.0262233 -0.4812482
v -0.0200740 0.0261954 -0.4771853
v -0.0200740 0.0261954 -0.4609965
v -0.0200461 0.0262233 -0.4569301
v -0.0189954 0.0258882 -0.4609965
v -0.0156236 0.0258464 -0.4609965
v -0.0156236 0.0258882 -0.4569091
v -0.0189710 0.0262233 -0.4557573
v -0.0189884 0.0259336 -0.4569161
v -0.0198995 0.0263699 -0.4559004
vt 0.3864111 0.6475548
vt 0.3864111 0.6449964
vt 0.3876800 0.6475548
vt 0.3876800 0.6449964
vt 0.3876800 0.6441778
vt 0.3864111 0.6441778
vt 0.3876800 0.6433335
vt 0.3864111 0.6433335
vt 0.3860913 0.6433335
vt 0.3860913 0.6441778
vt 0.3860913 0.6449964
vt 0.3860913 0.6475548
vt 0.3859992 0.6449964
vt 0.3859992 0.6475548
vt 0.3859148 0.6475548
vt 0.3859148 0.6449964
vt 0.3856513 0.6475548
vt 0.3856513 0.6449964
vt 0.3832029 0.6475548
vt 0.3832029 0.6449964
vt 0.3829394 0.6449964
vt 0.3829394 0.6475548
vt 0.3828550 0.6449964
vt 0.3828550 0.6475548
vt 0.3827603 0.6475548
vt 0.3827603 0.6449964
vt 0.3824405 0.6475548
vt 0.3824405 0.6449964
vt 0.3811741 0.6449964
vt 0.3811741 0.6475548
vt 0.3808543 0.6449964
vt 0.3808543 0.6475548
vt 0.3807597 0.6449964
vt 0.3807597 0.6475548
vt 0.3806752 0.6475548
vt 0.3806752 0.6449964
vt 0.3804117 0.6475548
vt 0.3804117 0.6449964
vt 0.3779659 0.6475548
vt 0.3779659 0.6449964
vt 0.3776999 0.6449964
vt 0.3776999 0.6475548
vt 0.3776999 0.6875420
vt 0.3779659 0.6875420
vt 0.3804117 0.6875420
vt 0.3806752 0.6875420
vt 0.3807597 0.6875420
vt 0.3808543 0.6875420
vt 0.3811741 0.6875420
vt 0.3824405 0.6875420
vt 0.3827603 0.6875420
vt 0.3828550 0.6875420
vt 0.3829394 0.6875420
vt 0.3832029 0.6875420
vt 0.3856513 0.6875420
vt 0.3859148 0.6875420
vt 0.3859992 0.6875420
vt 0.3860913 0.6875420
vt 0.3864111 0.6875420
vt 0.3876800 0.6875420
vt 0.3879998 0.6875420
vt 0.3879998 0.6475548
vt 0.3879998 0.6449964
vt 0.3879998 0.6441778
vt 0.3879998 0.6433335
vt 0.3876800 0.6406984
vt 0.3879998 0.6406984
vt 0.3879998 0.6162660
vt 0.3876800 0.6136309
vt 0.3879998 0.6136309
vt 0.3876800 0.6162660
vt 0.3864111 0.6406984
vt 0.3860913 0.6406984
vt 0.3859992 0.6162660
vt 0.3859992 0.6406984
vt 0.3859992 0.6433335
vt 0.3859992 0.6441778
vt 0.3859148 0.6441778
vt 0.3856513 0.6441778
vt 0.3832029 0.6441778
vt 0.3829394 0.6441778
vt 0.3828550 0.6441778
vt 0.3827603 0.6441778
vt 0.3824405 0.6441778
vt 0.3811741 0.6441778
vt 0.3808543 0.6441778
vt 0.3807597 0.6441778
vt 0.3806752 0.6441778
vt 0.3804117 0.6441778
vt 0.3779659 0.6441778
vt 0.3776999 0.6441778
vt 0.3776154 0.6441778
vt 0.3776154 0.6449964
vt 0.3776154 0.6475548
vt 0.3776154 0.6875420
vt 0.3776154 0.6886165
vt 0.3776999 0.6886165
vt 0.3779659 0.6886165
vt 0.3804117 0.6886165
vt 0.3806752 0.6886165
vt 0.3807597 0.6886165
vt 0.3808543 0.6886165
vt 0.3811741 0.6886165
vt 0.3824405 0.6886165
vt 0.3827603 0.6886165
vt 0.3828550 0.6886165
vt 0.3829394 0.6886165
vt 0.3832029 0.6886165
vt 0.3856513 0.6886165
vt 0.3859148 0.6886165
vt 0.3859992 0.6886165
vt 0.3860913 0.6886165
vt 0.3864111 0.6886165
vt 0.3876800 0.6886165
vt 0.3879998 0.6886165
vt 0.3880919 0.6886165
vt 0.3880919 0.6875420
vt 0.3880919 0.6475548
vt 0.3880919 0.6449964
vt 0.3880919 0.6441778
vt 0.3880919 0.6433335
vt 0.3880919 0.6406984
vt 0.3880919 0.6162660
vt 0.3880919 0.6136309
vt 0.3880919 0.6127866
vt 0.3879998 0.6127866
vt 0.3876800 0.6127866
vt 0.3864111 0.6127866
vt 0.3860913 0.6127866
vt 0.3864111 0.6136309
vt 0.3864111 0.6162660
vt 0.3860913 0.6162660
vt 0.3859992 0.6136309
vt 0.3860913 0.6136309
vt 0.3859992 0.6127866
vn 0.9999923 0.0000000 0.0039292
vn 0.9967726 -0.0802487 0.0021118
vn 0.9999923 0.0000000 -0.0039292
vn 0.9967726 -0.0802487 -0.0021118
vn 0.7043257 -0.7098716 -0.0027729
vn 0.7043257 -0.7098716 0.0027729
vn 0.0779857 -0.9969522 -0.0021077
vn 0.0779857 -0.9969522 0.0021077
vn 0.0729965 -0.9954071 0.0619365
vn 0.7016102 -0.7102365 0.0575090
vn 0.9952230 -0.0753621 0.0620629
vn 0.9977759 0.0000000 0.0666573
vn 0.7295771 -0.0694835 0.6803597
vn 0.7302270 0.0000000 0.6832046
vn 0.0778223 0.0000000 0.9969672
vn 0.0737528 -0.0737528 0.9945456
vn 0.0019608 0.0000000 0.9999981
vn 0.0021119 -0.0802487 0.9967726
vn -0.0019608 0.0000000 0.9999981
vn -0.0021119 -0.0802486 0.9967726
vn -0.0737528 -0.0737528 0.9945456
vn -0.0778223 0.0000000 0.9969672
vn -0.7295771 -0.0694836 0.6803597
vn -0.7302268 0.0000000 0.6832048
vn -0.9977759 0.0000000 0.0666573
vn -0.9952230 -0.0753621 0.0620629
vn -0.9999923 0.0000000 0.0039292
vn -0.9967726 -0.0802486 0.0021118
vn -0.9967726 -0.0802487 -0.0021118
vn -0.9999923 0.0000000 -0.0039292
vn -0.9952230 -0.0753621 -0.0620629
vn -0.9977759 0.0000000 -0.0666573
vn -0.7295771 -0.0694835 -0.6803597
vn -0.7302269 0.0000000 -0.6832047
vn -0.0778224 0.0000000 -0.9969672
vn -0.0737528 -0.0737528 -0.9945456
vn -0.0019608 0.0000000 -0.9999981
vn -0.0021118 -0.0802487 -0.9967726
vn 0.0019608 0.0000000 -0.9999981
vn 0.0021118 -0.0802487 -0.9967726
vn 0.0737528 -0.0737528 -0.9945456
vn 0.0778224 0.0000000 -0.9969672
vn 0.0778224 0.0000000 -0.9969672
vn 0.0019608 0.0000000 -0.9999981
vn -0.0019608 0.0000000 -0.9999981
vn -0.0778224 0.0000000 -0.9969672
vn -0.7328920 0.0000000 -0.6803450
vn -0.9977759 0.0000000 -0.0666573
vn -0.9999981 0.0000000 -0.0019608
vn -0.9999981 0.0000000 0.0019608
vn -0.9977759 0.0000000 0.0666573
vn -0.7328919 0.0000000 0.6803451
vn -0.0778223 0.0000000 0.9969672
vn -0.0019608 0.0000000 0.9999981
vn 0.0019608 0.0000000 0.9999981
vn 0.0778223 0.0000000 0.9969672
vn 0.7328920 0.0000000 0.6803449
vn 0.9977759 0.0000000 0.0666573
vn 0.9999981 0.0000000 0.0019608
vn 0.9999981 0.0000000 -0.0019608
vn 0.9977759 0.0000000 -0.0666573
vn 0.9977759 0.0000000 -0.0666573
vn 0.9952230 -0.0753621 -0.0620629
vn 0.7016101 -0.7102365 -0.0575091
vn 0.0729965 -0.9954071 -0.0619365
vn 0.0019646 -0.9999961 -0.0019646
vn 0.0020833 -0.9979102 -0.0645829
vn -0.0020833 -0.9979102 -0.0645829
vn -0.0779857 -0.9969522 -0.0021077
vn -0.0729965 -0.9954071 -0.0619365
vn -0.0019646 -0.9999961 -0.0019646
vn 0.0019646 -0.9999961 0.0019646
vn 0.0020833 -0.9979102 0.0645829
vn 0.0000000 -0.7355452 0.6774757
vn 0.0000000 -0.7355452 0.6774757
vn 0.0694615 -0.7351334 0.6743545
vn 0.5829437 -0.5829437 0.5659976
vn 0.0694615 -0.7351334 0.6743545
vn 0.0000000 -0.7355452 0.6774757
vn 0.0000000 -0.7355452 0.6774757
vn -0.0694614 -0.7351334 0.6743546
vn -0.5829437 -0.5829437 0.5659976
vn -0.7016101 -0.7102366 0.0575090
vn -0.7043257 -0.7098716 0.0027729
vn -0.7043257 -0.7098716 -0.0027729
vn -0.7016102 -0.7102365 -0.0575090
vn -0.5829437 -0.5829437 -0.5659976
vn -0.0694614 -0.7351334 -0.6743546
vn -0.0000001 -0.7355451 -0.6774757
vn -0.0000001 -0.7355451 -0.6774757
vn 0.0694614 -0.7351334 -0.6743546
vn 0.5829437 -0.5829437 -0.5659976
vn 0.7295771 -0.0694835 -0.6803597
vn 0.7302269 0.0000000 -0.6832047
vn 0.7328920 0.0000000 -0.6803450
vn 0.7139914 0.0000000 -0.7001544
vn 0.0778224 0.0000000 -0.9969672
vn 0.0019608 0.0000000 -0.9999981
vn -0.0019608 0.0000000 -0.9999981
vn -0.0778224 0.0000000 -0.9969672
vn -0.7139914 0.0000000 -0.7001544
vn -0.9977759 0.0000000 -0.0666573
vn -0.9999981 0.0000000 -0.0019608
vn -0.9999981 0.0000000 0.0019608
vn -0.9977759 0.0000000 0.0666573
vn -0.7139914 0.0000000 0.7001544
vn -0.0778223 0.0000000 0.9969672
vn -0.0019608 0.0000000 0.9999981
vn 0.0019608 0.0000000 0.9999981
vn 0.0778223 0.0000000 0.9969672
vn 0.7139914 0.0000000 0.7001544
vn 0.9977759 0.0000000 0.0666573
vn 0.9999981 0.0000000 0.0019608
vn 0.9999981 0.0000000 -0.0019608
vn 0.9977759 0.0000000 -0.0666573
vn 0.7139914 0.0000000 -0.7001544
vn 0.7328920 0.0000000 -0.6803450
vn 0.7302269 0.0000000 -0.6832047
vn 0.7295771 -0.0694835 -0.6803597
vn 0.5829437 -0.5829437 -0.5659976
vn 0.0694614 -0.7351334 -0.6743546
vn -0.0000001 -0.7355451 -0.6774757
vn -0.0000001 -0.7355451 -0.6774757
vn -0.0694614 -0.7351334 -0.6743546
vn -0.5829437 -0.5829437 -0.5659976
vn -0.7016102 -0.7102365 -0.0575090
vn -0.7043257 -0.7098716 -0.0027729
vn -0.7043257 -0.7098716 0.0027729
vn -0.7016101 -0.7102366 0.0575090
vn -0.0779857 -0.9969523 0.0021077
vn -0.0019646 -0.9999961 0.0019646
vn -0.0020833 -0.9979102 0.0645829
vn -0.0694614 -0.7351334 0.6743546
vn -0.0729965 -0.9954071 0.0619365
vn -0.5829437 -0.5829437 0.5659976
f 977/977/977 978/978/978 979/979/979
f 979/979/979 978/978/978 980/980/980
f 980/980/980 978/978/978 981/981/981
f 978/978/978 982/982/982 981/981/981
f 983/983/983 981/981/981 984/984/984
f 981/981/981 982/982/982 984/984/984
f 985/985/985 984/984/984 986/986/986
f 984/984/984 982/982/982 986/986/986
f 982/982/982 978/978/978 986/986/986
f 986/986/986 978/978/978 987/987/987
f 978/978/978 977/977/977 987/987/987
f 977/977/977 988/988/988 987/987/987
f 987/987/987 988/988/988 989/989/989
f 988/988/988 990/990/990 989/989/989
f 990/990/990 991/991/991 989/989/989
f 989/989/989 991/991/991 992/992/992
f 991/991/991 993/993/993 992/992/992
f 992/992/992 993/993/993 994/994/994
f 993/993/993 995/995/995 994/994/994
f 994/994/994 995/995/995 996/996/996
f 996/996/996 995/995/995 997/997/997
f 995/995/995 998/998/998 997/997/997
f 997/997/997 998/998/998 999/999/999
f 998/998/998 1000/1000/1000 999/999/999
f 1000/1000/1000 1001/1001/1001 999/999/999
f 999/999/999 1001/1001/1001 1002/1002/1002
f 1001/1001/1001 1003/1003/1003 1002/1002/1002
f 1002/1002/1002 1003/1003/1003 1004/1004/1004
f 1004/1004/1004 1003/1003/1003 1005/1005/1005
f 1003/1003/1003 1006/1006/1006 1005/1005/1005
f 1005/1005/1005 1006/1006/1006 1007/1007/1007
f 1006/1006/1006 1008/1008/1008 1007/1007/1007
f 1007/1007/1007 1008/1008/1008 1009/1009/1009
f 1008/1008/1008 1010/1010/1010 1009/1009/1009
f 1010/1010/1010 1011/1011/1011 1009/1009/1009
f 1009/1009/1009 1011/1011/1011 1012/1012/1012
f 1011/1011/1011 1013/1013/1013 1012/1012/1012
f 1012/1012/1012 1013/1013/1013 1014/1014/1014
f 1013/1013/1013 1015/1015/1015 1014/1014/1014
f 1014/1014/1014 1015/1015/1015 1016/1016/1016
f 1016/1016/1016 1015/1015/1015 1017/1017/1017
f 1017/1017/1017 1015/1015/1015 1018/1018/1018
f 1018/1018/1018 1015/1015/1015 1019/1019/1019
f 1019/1019/1019 1015/1015/1015 1020/1020/1020
f 1015/1015/1015 1013/1013/1013 1020/1020/1020
f 1020/1020/1020 1013/1013/1013 1021/1021/1021
f 1013/1013/1013 1011/1011/1011 1021/1021/1021
f 1021/1021/1021 1011/1011/1011 1022/1022/1022
f 1011/1011/1011 1010/1010/1010 1022/1022/1022
f 1022/1022/1022 1010/1010/1010 1023/1023/1023
f 1010/1010/1010 1008/1008/1008 1023/1023/1023
f 1023/1023/1023 1008/1008/1008 1024/1024/1024
f 1008/1008/1008 1006/1006/1006 1024/1024/1024
f 1024/1024/1024 1006/1006/1006 1025/1025/1025
f 1025/1025/1025 1006/1006/1006 1026/1026/1026
f 1006/1006/1006 1003/1003/1003 1026/1026/1026
f 1003/1003/1003 1001/1001/1001 1026/1026/1026
f 1026/1026/1026 1001/1001/1001 1027/1027/1027
f 1001/1001/1001 1000/1000/1000 1027/1027/1027
f 1027/1027/1027 1000/1000/1000 1028/1028/1028
f 1000/1000/1000 998/998/998 1028/1028/1028
f 1028/1028/1028 998/998/998 1029/1029/1029
f 998/998/998 995/995/995 1029/1029/1029
f 1029/1029/1029 995/995/995 1030/1030/1030
f 995/995/995 993/993/993 1030/1030/1030
f 1030/1030/1030 993/993/993 1031/1031/1031
f 993/993/993 991/991/991 1031/1031/1031
f 1031/1031/1031 991/991/991 1032/1032/1032
f 991/991/991 990/990/990 1032/1032/1032
f 1032/1032/1032 990/990/990 1033/1033/1033
f 990/990/990 988/988/988 1033/1033/1033
f 1033/1033/1033 988/988/988 1034/1034/1034
f 988/988/988 977/977/977 1034/1034/1034
f 1034/1034/1034 977/977/977 1035/1035/1035
f 1035/1035/1035 977/977/977 1036/1036/1036
f 977/977/977 979/979/979 1036/1036/1036
f 1037/1037/1037 1036/1036/1036 1038/1038/1038
f 1036/1036/1036 979/979/979 1038/1038/1038
f 1038/1038/1038 979/979/979 1039/1039/1039
f 979/979/979 980/980/980 1039/1039/1039
f 1039/1039/1039 980/980/980 1040/1040/1040
f 980/980/980 981/981/981 1040/1040/1040
f 981/981/981 983/983/983 1040/1040/1040
f 1040/1040/1040 983/983/983 1041/1041/1041
f 983/983/983 1042/1042/1042 1041/1041/1041
f 1041/1041/1041 1042/1042/1042 1043/1043/1043
f 1043/1043/1043 1042/1042/1042 1044/1044/1044
f 1045/1045/1045 1046/1046/1046 1047/1047/1047
f 1046/1046/1046 1044/1044/1044 1047/1047/1047
f 1044/1044/1044 1042/1042/1042 1047/1047/1047
f 1047/1047/1047 1042/1042/1042 1048/1048/1048
f 1042/1042/1042 983/983/983 1048/1048/1048
f 983/983/983 984/984/984 1048/1048/1048
f 984/984/984 985/985/985 1048/1048/1048
f 1048/1048/1048 985/985/985 1049/1049/1049
f 1050/1050/1050 1049/1049/1049 1051/1051/1051
f 1051/1051/1051 1049/1049/1049 1052/1052/1052
f 1049/1049/1049 985/985/985 1052/1052/1052
f 1052/1052/1052 985/985/985 1053/1053/1053
f 985/985/985 986/986/986 1053/1053/1053
f 986/986/986 987/987/987 1053/1053/1053
f 987/987/987 989/989/989 1053/1053/1053
f 989/989/989 992/992/992 1053/1053/1053
f 1053/1053/1053 992/992/992 1054/1054/1054
f 992/992/992 994/994/994 1054/1054/1054
f 1054/1054/1054 994/994/994 1055/1055/1055
f 1055/1055/1055 994/994/994 1056/1056/1056
f 994/994/994 996/996/996 1056/1056/1056
f 1056/1056/1056 996/996/996 1057/1057/1057
f 996/996/996 997/997/997 1057/1057/1057
f 1057/1057/1057 997/997/997 1058/1058/1058
f 997/997/997 999/999/999 1058/1058/1058
f 999/999/999 1002/1002/1002 1058/1058/1058
f 1058/1058/1058 1002/1002/1002 1059/1059/1059
f 1002/1002/1002 1004/1004/1004 1059/1059/1059
f 1059/1059/1059 1004/1004/1004 1060/1060/1060
f 1004/1004/1004 1005/1005/1005 1060/1060/1060
f 1060/1060/1060 1005/1005/1005 1061/1061/1061
f 1061/1061/1061 1005/1005/1005 1062/1062/1062
f 1005/1005/1005 1007/1007/1007 1062/1062/1062
f 1062/1062/1062 1007/1007/1007 1063/1063/1063
f 1007/1007/1007 1009/1009/1009 1063/1063/1063
f 1009/1009/1009 1012/1012/1012 1063/1063/1063
f 1063/1063/1063 1012/1012/1012 1064/1064/1064
f 1012/1012/1012 1014/1014/1014 1064/1064/1064
f 1064/1064/1064 1014/1014/1014 1065/1065/1065
f 1065/1065/1065 1014/1014/1014 1066/1066/1066
f 1014/1014/1014 1016/1016/1016 1066/1066/1066
f 1066/1066/1066 1016/1016/1016 1067/1067/1067
f 1016/1016/1016 1017/1017/1017 1067/1067/1067
f 1067/1067/1067 1017/1017/1017 1068/1068/1068
f 1068/1068/1068 1017/1017/1017 1069/1069/1069
f 1017/1017/1017 1018/1018/1018 1069/1069/1069
f 1069/1069/1069 1018/1018/1018 1070/1070/1070
f 1070/1070/1070 1018/1018/1018 1071/1071/1071
f 1018/1018/1018 1019/1019/1019 1071/1071/1071
f 1071/1071/1071 1019/1019/1019 1072/1072/1072
f 1072/1072/1072 1019/1019/1019 1073/1073/1073
f 1019/1019/1019 1020/1020/1020 1073/1073/1073
f 1073/1073/1073 1020/1020/1020 1074/1074/1074
f 1074/1074/1074 1020/1020/1020 1075/1075/1075
f 1020/1020/1020 1021/1021/1021 1075/1075/1075
f 1075/1075/1075 1021/1021/1021 1076/1076/1076
f 1021/1021/1021 1022/1022/1022 1076/1076/1076
f 1076/1076/1076 1022/1022/1022 1077/1077/1077
f 1022/1022/1022 1023/1023/1023 1077/1077/1077
f 1023/1023/1023 1024/1024/1024 1077/1077/1077
f 1077/1077/1077 1024/1024/1024 1078/1078/1078
f 1024/1024/1024 1025/1025/1025 1078/1078/1078
f 1078/1078/1078 1025/1025/1025 1079/1079/1079
f 1025/1025/1025 1026/1026/1026 1079/1079/1079
f 1079/1079/1079 1026/1026/1026 1080/1080/1080
f 1080/1080/1080 1026/1026/1026 1081/1081/1081
f 1026/1026/1026 1027/1027/1027 1081/1081/1081
f 1081/1081/1081 1027/1027/1027 1082/1082/1082
f 1027/1027/1027 1028/1028/1028 1082/1082/1082
f 1028/1028/1028 1029/1029/1029 1082/1082/1082
f 1082/1082/1082 1029/1029/1029 1083/1083/1083
f 1029/1029/1029 1030/1030/1030 1083/1083/1083
f 1083/1083/1083 1030/1030/1030 1084/1084/1084
f 1084/1084/1084 1030/1030/1030 1085/1085/1085
f 1030/1030/1030 1031/1031/1031 1085/1085/1085
f 1085/1085/1085 1031/1031/1031 1086/1086/1086
f 1031/1031/1031 1032/1032/1032 1086/1086/1086
f 1086/1086/1086 1032/1032/1032 1087/1087/1087
f 1032/1032/1032 1033/1033/1033 1087/1087/1087
f 1033/1033/1033 1034/1034/1034 1087/1087/1087
f 1087/1087/1087 1034/1034/1034 1088/1088/1088
f 1034/1034/1034 1035/1035/1035 1088/1088/1088
f 1088/1088/1088 1035/1035/1035 1089/1089/1089
f 1035/1035/1035 1036/1036/1036 1089/1089/1089
f 1089/1089/1089 1036/1036/1036 1090/1090/1090
f 1090/1090/1090 1036/1036/1036 1091/1091/1091
f 1036/1036/1036 1037/1037/1037 1091/1091/1091
f 1091/1091/1091 1037/1037/1037 1092/1092/1092
f 1092/1092/1092 1037/1037/1037 1093/1093/1093
f 1093/1093/1093 1037/1037/1037 1094/1094/1094
f 1037/1037/1037 1038/1038/1038 1094/1094/1094
f 1094/1094/1094 1038/1038/1038 1095/1095/1095
f 1038/1038/1038 1039/1039/1039 1095/1095/1095
f 1095/1095/1095 1039/1039/1039 1096/1096/1096
f 1039/1039/1039 1040/1040/1040 1096/1096/1096
f 1040/1040/1040 1041/1041/1041 1096/1096/1096
f 1096/1096/1096 1041/1041/1041 1097/1097/1097
f 1041/1041/1041 1043/1043/1043 1097/1097/1097
f 1097/1097/1097 1043/1043/1043 1098/1098/1098
f 1043/1043/1043 1044/1044/1044 1098/1098/1098
f 1098/1098/1098 1044/1044/1044 1099/1099/1099
f 1099/1099/1099 1044/1044/1044 1100/1100/1100
f 1044/1044/1044 1046/1046/1046 1100/1100/1100
f 1100/1100/1100 1046/1046/1046 1101/1101/1101
f 1101/1101/1101 1046/1046/1046 1102/1102/1102
f 1046/1046/1046 1045/1045/1045 1102/1102/1102
f 1102/1102/1102 1045/1045/1045 1103/1103/1103
f 1103/1103/1103 1045/1045/1045 1104/1104/1104
f 1105/1105/1105 1104/1104/1104 1106/1106/1106
f 1104/1104/1104 1045/1045/1045 1106/1106/1106
f 1045/1045/1045 1047/1047/1047 1106/1106/1106
f 1106/1106/1106 1047/1047/1047 1107/1107/1107
f 1047/1047/1047 1048/1048/1048 1107/1107/1107
f 1048/1048/1048 1049/1049/1049 1107/1107/1107
f 1107/1107/1107 1049/1049/1049 1108/1108/1108
f 1049/1049/1049 1050/1050/1050 1108/1108/1108
f 1050/1050/1050 1109/1109/1109 1108/1108/1108
f 1108/1108/1108 1109/1109/1109 1110/1110/1110
f 1109/1109/1109 1111/1111/1111 1110/1110/1110
f 1111/1111/1111 1105/1105/1105 1110/1110/1110
f 1105/1105/1105 1106/1106/1106 1110/1110/1110
f 1106/1106/1106 1107/1107/1107 1110/1110/1110
f 1108/1108/1108 1110/1110/1110 1107/1107/1107
v -0.0360373 0.0925874 -0.4690901
v -0.0360373 0.0844706 -0.4690901
v -0.0360373 0.0920859 -0.4614748
v -0.0360373 0.0844706 -0.4609733
v -0.0360373 0.0768597 -0.4614748
v -0.0360373 0.0763538 -0.4690901
v -0.0360373 0.0768597 -0.4767010
v -0.0360373 0.0844706 -0.4772069
v -0.0360373 0.0920859 -0.4767010
v -0.0360373 0.0844706 -0.4834716
v -0.0360373 0.0913160 -0.4824730
v -0.0360373 0.0958738 -0.4804933
v -0.0360373 0.0978535 -0.4759355
v -0.0360373 0.0988521 -0.4690901
v -0.0360373 0.0978535 -0.4622447
v -0.0360373 0.0958738 -0.4576870
v -0.0360373 0.0913160 -0.4557073
v -0.0360373 0.0844706 -0.4547086
v -0.0360373 0.0776252 -0.4557073
v -0.0360373 0.0730675 -0.4576870
v -0.0360373 0.0710878 -0.4622447
v -0.0360373 0.0700891 -0.4690901
v -0.0360373 0.0710878 -0.4759355
v -0.0360373 0.0730675 -0.4804933
v -0.0360373 0.0776252 -0.4824730
v -0.0359933 0.0776252 -0.4852754
v -0.0359933 0.0844706 -0.4866084
v -0.0359933 0.0913160 -0.4852754
v -0.0359933 0.0969780 -0.4815931
v -0.0359933 0.1006559 -0.4759355
v -0.0359933 0.1019889 -0.4690901
v -0.0359933 0.1006559 -0.4622447
v -0.0359933 0.0969780 -0.4565828
v -0.0359933 0.0913160 -0.4529049
v -0.0359933 0.0844706 -0.4515719
v -0.0359933 0.0776252 -0.4529049
v -0.0359933 0.0719677 -0.4565828
v -0.0359933 0.0682854 -0.4622447
v -0.0359933 0.0669524 -0.4690901
v -0.0359933 0.0682854 -0.4759355
v -0.0359933 0.0719677 -0.4815931
v -0.0356898 0.0713517 -0.4822090
v -0.0356898 0.0773789 -0.4862080
v -0.0356898 0.0844706 -0.4876422
v -0.0356898 0.0915624 -0.4862080
v -0.0356898 0.0975895 -0.4822090
v -0.0356898 0.1015885 -0.4761819
v -0.0356898 0.1030227 -0.4690901
v -0.0356898 0.1015885 -0.4619984
v -0.0356898 0.0975895 -0.4559712
v -0.0356898 0.0915624 -0.4519722
v -0.0356898 0.0844706 -0.4505380
v -0.0356898 0.0773789 -0.4519722
v -0.0356898 0.0713517 -0.4559712
v -0.0356898 0.0673527 -0.4619984
v -0.0356898 0.0659185 -0.4690901
v -0.0356898 0.0673527 -0.4761819
v -0.0322495 0.0844706 -0.4511056
v -0.0321791 0.0844706 -0.4556765
v -0.0322495 0.0913468 -0.4524958
v -0.0321791 0.0896003 -0.4567103
v -0.0322495 0.0971892 -0.4563760
v -0.0321791 0.0939556 -0.4596051
v -0.0322495 0.1010650 -0.4622139
v -0.0321791 0.0968504 -0.4639605
v -0.0321791 0.0978843 -0.4690901
v -0.0322495 0.1024552 -0.4690901
v -0.0322495 0.1010650 -0.4759663
v -0.0321791 0.0968504 -0.4742154
v -0.0321791 0.0939556 -0.4785751
v -0.0322495 0.0971892 -0.4818043
v -0.0322495 0.0913468 -0.4856845
v -0.0321791 0.0896003 -0.4814699
v -0.0319283 0.0844706 -0.4818790
v -0.0319283 0.0893583 -0.4808892
v -0.0319283 0.0935113 -0.4781308
v -0.0319283 0.0962741 -0.4739778
v -0.0319283 0.0972595 -0.4690901
v -0.0319283 0.0962741 -0.4642024
v -0.0319283 0.0935113 -0.4600494
v -0.0319283 0.0893583 -0.4572867
v -0.0319283 0.0844706 -0.4563012
v -0.0319283 0.0795829 -0.4572867
v -0.0321791 0.0793454 -0.4567103
v -0.0322495 0.0775944 -0.4524958
v -0.0325046 0.0773569 -0.4519150
v -0.0325046 0.0844706 -0.4504809
v -0.0325046 0.0915844 -0.4519150
v -0.0325046 0.0976291 -0.4559317
v -0.0325046 0.1016457 -0.4619764
v -0.0325046 0.1030799 -0.4690901
v -0.0325046 0.1016457 -0.4762039
v -0.0325046 0.0976291 -0.4822486
v -0.0325046 0.0915844 -0.4862652
v -0.0322495 0.0844706 -0.4870747
v -0.0321791 0.0844706 -0.4825038
v -0.0319283 0.0795829 -0.4808892
v -0.0321791 0.0793454 -0.4814699
v -0.0321791 0.0749856 -0.4785751
v -0.0319283 0.0754299 -0.4781308
v -0.0312332 0.0756015 -0.4779592
v -0.0312332 0.0796753 -0.4806648
v -0.0312332 0.0844706 -0.4816327
v -0.0312332 0.0892659 -0.4806648
v -0.0312332 0.0933397 -0.4779592
v -0.0312332 0.0960453 -0.4738854
v -0.0312332 0.0970132 -0.4690901
v -0.0312332 0.0960453 -0.4642948
v -0.0312332 0.0933397 -0.4602210
v -0.0312332 0.0892659 -0.4575154
v -0.0312332 0.0844706 -0.4565476
v -0.0312332 0.0796753 -0.4575154
v -0.0312332 0.0756015 -0.4602210
v -0.0319283 0.0754299 -0.4600494
v -0.0321791 0.0749856 -0.4596051
v -0.0322495 0.0717565 -0.4563760
v -0.0325046 0.0713122 -0.4559317
v -0.0330810 0.0711362 -0.4557557
v -0.0330810 0.0772645 -0.4516907
v -0.0330810 0.0844706 -0.4502345
v -0.0330810 0.0916768 -0.4516907
v -0.0330810 0.0978051 -0.4557557
v -0.0330810 0.1018701 -0.4618840
v -0.0330810 0.1033263 -0.4690901
v -0.0330810 0.1018701 -0.4762963
v -0.0330810 0.0978051 -0.4824246
v -0.0330810 0.0916768 -0.4864896
v -0.0325046 0.0844706 -0.4876994
v -0.0322495 0.0775944 -0.4856845
v -0.0322495 0.0717565 -0.4818043
v -0.0322495 0.0678763 -0.4759663
v -0.0321791 0.0720908 -0.4742154
v -0.0319283 0.0726716 -0.4739778
v -0.0312332 0.0728959 -0.4738854
v -0.0240403 0.0728959 -0.4738854
v -0.0240403 0.0756015 -0.4779592
v -0.0240403 0.0796753 -0.4806648
v -0.0240403 0.0844706 -0.4816327
v -0.0240403 0.0892659 -0.4806648
v -0.0240403 0.0933397 -0.4779592
v -0.0240403 0.0960453 -0.4738854
v -0.0240403 0.0970132 -0.4690901
v -0.0240403 0.0960453 -0.4642948
v -0.0240403 0.0933397 -0.4602210
v -0.0240403 0.0892659 -0.4575154
v -0.0240403 0.0844706 -0.4565476
v -0.0240403 0.0796753 -0.4575154
v -0.0240403 0.0756015 -0.4602210
v -0.0240403 0.0728959 -0.4642948
v -0.0312332 0.0728959 -0.4642948
v -0.0319283 0.0726716 -0.4642024
v -0.0321791 0.0720908 -0.4639605
v -0.0322495 0.0678763 -0.4622139
v -0.0325046 0.0672955 -0.4619764
v -0.0330810 0.0670712 -0.4618840
v -0.0349903 0.0670756 -0.4618840
v -0.0349903 0.0711450 -0.4557645
v -0.0349903 0.0772645 -0.4516951
v -0.0349903 0.0844706 -0.4502433
v -0.0349903 0.0916768 -0.4516951
v -0.0349903 0.0977963 -0.4557645
v -0.0349903 0.1018657 -0.4618840
v -0.0349903 0.1033175 -0.4690901
v -0.0349903 0.1018657 -0.4762963
v -0.0349903 0.0977963 -0.4824158
v -0.0349903 0.0916768 -0.4864852
v -0.0349903 0.0844706 -0.4879370
v -0.0330810 0.0844706 -0.4879458
v -0.0325046 0.0773569 -0.4862652
v -0.0325046 0.0713122 -0.4822486
v -0.0325046 0.0672955 -0.4762039
v -0.0356898 0.0713517 -0.4822090
v -0.0349903 0.0670756 -0.4762963
v -0.0356898 0.0673527 -0.4761819
v -0.0356898 0.0659185 -0.4690901
v -0.0349903 0.0656238 -0.4690901
v -0.0330810 0.0670712 -0.4762963
v -0.0330810 0.0656150 -0.4690901
v -0.0325046 0.0658614 -0.4690901
v -0.0322495 0.0664861 -0.4690901
v -0.0321791 0.0710570 -0.4690901
v -0.0319283 0.0716817 -0.4690901
v -0.0312332 0.0719281 -0.4690901
v -0.0240403 0.0719281 -0.4690901
v -0.0233452 0.0716817 -0.4690901
v -0.0233452 0.0726716 -0.4739778
v -0.0233452 0.0754299 -0.4781308
v -0.0233452 0.0795829 -0.4808892
v -0.0233452 0.0844706 -0.4818790
v -0.0233452 0.0893583 -0.4808892
v -0.0233452 0.0935113 -0.4781308
v -0.0233452 0.0962741 -0.4739778
v -0.0233452 0.0972595 -0.4690901
v -0.0233452 0.0962741 -0.4642024
v -0.0233452 0.0935113 -0.4600494
v -0.0233452 0.0893583 -0.4572867
v -0.0233452 0.0844706 -0.4563012
v -0.0233452 0.0795829 -0.4572867
v -0.0233452 0.0754299 -0.4600494
v -0.0233452 0.0726716 -0.4642024
v -0.0233452 0.0716817 -0.4690901
v -0.0240403 0.0719281 -0.4690901
v -0.0312332 0.0719281 -0.4690901
v -0.0319283 0.0716817 -0.4690901
v -0.0321791 0.0710570 -0.4690901
v -0.0322495 0.0664861 -0.4690901
v -0.0325046 0.0658614 -0.4690901
v -0.0330810 0.0656150 -0.4690901
v -0.0349903 0.0656238 -0.4690901
v -0.0356898 0.0659185 -0.4690901
v -0.0356898 0.0673527 -0.4619984
v -0.0356898 0.0713517 -0.4559712
v -0.0356898 0.0773789 -0.4519722
v -0.0356898 0.0844706 -0.4505380
v -0.0356898 0.0915624 -0.4519722
v -0.0356898 0.0975895 -0.4559712
v -0.0356898 0.1015885 -0.4619984
v -0.0356898 0.1030227 -0.4690901
v -0.0356898 0.1015885 -0.4761819
v -0.0356898 0.0975895 -0.4822090
v -0.0356898 0.0915624 -0.4862080
v -0.0356898 0.0844706 -0.4876422
v -0.0356898 0.0773789 -0.4862080
v -0.0349903 0.0772645 -0.4864852
v -0.0330810 0.0772645 -0.4864896
v -0.0330810 0.0711362 -0.4824246
v -0.0349903 0.0711450 -0.4824158
v 0.0219462 0.0844706 -0.4502345
v 0.0196717 0.0916900 -0.4516555
v 0.0196717 0.0844706 -0.4501993
v 0.0000022 0.0844706 -0.4501993
v 0.0000022 0.0916900 -0.4516555
v -0.0196717 0.0916900 -0.4516555
v -0.0196717 0.0844706 -0.4501993
v -0.0219462 0.0844706 -0.4502345
v -0.0219462 0.0916768 -0.4516907
v -0.0219462 0.0978051 -0.4557557
v -0.0196717 0.0978271 -0.4557337
v 0.0000022 0.0978271 -0.4557337
v 0.0196717 0.0978271 -0.4557337
v 0.0219462 0.0916768 -0.4516907
v 0.0227689 0.0844706 -0.4504809
v 0.0227689 0.0773569 -0.4519150
v 0.0219462 0.0772645 -0.4516907
v 0.0196717 0.0772513 -0.4516555
v 0.0000022 0.0772513 -0.4516555
v -0.0196717 0.0772513 -0.4516555
v -0.0219462 0.0772645 -0.4516907
v -0.0227689 0.0773569 -0.4519150
v -0.0227689 0.0844706 -0.4504809
v -0.0227689 0.0915844 -0.4519150
v -0.0227689 0.0976291 -0.4559317
v -0.0219462 0.1018701 -0.4618840
v -0.0227689 0.1016457 -0.4619764
v -0.0227689 0.0773569 -0.4862652
v -0.0227689 0.0844706 -0.4876994
v -0.0219462 0.0772645 -0.4864896
v -0.0219462 0.0844706 -0.4879458
v -0.0227689 0.0915844 -0.4862652
v -0.0219462 0.0916768 -0.4864896
v -0.0227689 0.0976291 -0.4822486
v -0.0219462 0.0978051 -0.4824246
v -0.0227689 0.1016457 -0.4762039
v -0.0219462 0.1018701 -0.4762963
v -0.0227689 0.1030799 -0.4690901
v -0.0219462 0.1033263 -0.4690901
v -0.0196717 0.1033615 -0.4690901
v -0.0196717 0.1019053 -0.4618708
v 0.0000022 0.1019053 -0.4618708
v 0.0196717 0.1019053 -0.4618708
v 0.0219462 0.0978051 -0.4557557
v 0.0227689 0.0915844 -0.4519150
v 0.0230196 0.0913468 -0.4524958
v 0.0230196 0.0844706 -0.4511056
v 0.0230196 0.0775944 -0.4524958
v 0.0230196 0.0717565 -0.4563760
v 0.0227689 0.0713122 -0.4559317
v 0.0219462 0.0711362 -0.4557557
v 0.0196717 0.0711142 -0.4557337
v 0.0000022 0.0711142 -0.4557337
v -0.0196717 0.0711142 -0.4557337
v -0.0219462 0.0711362 -0.4557557
v -0.0227689 0.0713122 -0.4559317
v -0.0230196 0.0717565 -0.4563760
v -0.0230196 0.0775944 -0.4524958
v -0.0230196 0.0844706 -0.4511056
v -0.0230196 0.0913468 -0.4524958
v -0.0230196 0.0971892 -0.4563760
v -0.0230196 0.1010650 -0.4622139
v -0.0230196 0.1024552 -0.4690901
v -0.0230196 0.1010650 -0.4759663
v -0.0230196 0.0971892 -0.4818043
v -0.0230196 0.0913468 -0.4856845
v -0.0230196 0.0844706 -0.4870747
v -0.0230196 0.0775944 -0.4856845
v -0.0230196 0.0717565 -0.4818043
v -0.0227689 0.0713122 -0.4822486
v -0.0219462 0.0711362 -0.4824246
v -0.0196717 0.0711142 -0.4824466
v 0.0000022 0.0772513 -0.4865248
v 0.0000022 0.0711142 -0.4824466
v -0.0196717 0.0772513 -0.4865248
v -0.0196717 0.0844706 -0.4879810
v -0.0196717 0.0916900 -0.4865248
v -0.0196717 0.0978271 -0.4824466
v -0.0196717 0.1019053 -0.4763095
v 0.0000022 0.1019053 -0.4763095
v 0.0000022 0.1033615 -0.4690901
v 0.0196717 0.1033615 -0.4690901
v 0.0219462 0.1018701 -0.4618840
v 0.0227689 0.0976291 -0.4559317
v 0.0230196 0.0971892 -0.4563760
v 0.0230900 0.0968504 -0.4639605
v 0.0230900 0.0939556 -0.4596051
v 0.0230900 0.0896003 -0.4567103
v 0.0230900 0.0844706 -0.4556765
v 0.0230900 0.0793454 -0.4567103
v 0.0230900 0.0749856 -0.4596051
v 0.0230900 0.0720908 -0.4639605
v 0.0230196 0.0678763 -0.4622139
v 0.0227689 0.0672955 -0.4619764
v 0.0219462 0.0670712 -0.4618840
v 0.0196717 0.0670360 -0.4618708
v 0.0000022 0.0670360 -0.4618708
v -0.0196717 0.0670360 -0.4618708
v -0.0219462 0.0670712 -0.4618840
v -0.0227689 0.0672955 -0.4619764
v -0.0230196 0.0678763 -0.4622139
v -0.0230900 0.0720908 -0.4639605
v -0.0230900 0.0749856 -0.4596051
v -0.0230900 0.0793454 -0.4567103
v -0.0230900 0.0844706 -0.4556765
v -0.0230900 0.0896003 -0.4567103
v -0.0230900 0.0939556 -0.4596051
v -0.0230900 0.0968504 -0.4639605
v -0.0230900 0.0978843 -0.4690901
v -0.0230900 0.0968504 -0.4742154
v -0.0230900 0.0939556 -0.4785751
v -0.0230900 0.0896003 -0.4814699
v -0.0230900 0.0844706 -0.4825038
v -0.0230900 0.0793454 -0.4814699
v -0.0230900 0.0749856 -0.4785751
v -0.0230900 0.0720908 -0.4742154
v -0.0230196 0.0678763 -0.4759663
v -0.0227689 0.0672955 -0.4762039
v -0.0219462 0.0670712 -0.4762963
v -0.0196717 0.0670360 -0.4763095
v 0.0000022 0.0670360 -0.4763095
v 0.0196717 0.0670360 -0.4763095
v 0.0196717 0.0711142 -0.4824466
v 0.0219462 0.0711362 -0.4824246
v 0.0219462 0.0670712 -0.4762963
v 0.0227689 0.0713122 -0.4822486
v 0.0227689 0.0672955 -0.4762039
v 0.0230196 0.0717565 -0.4818043
v 0.0230196 0.0678763 -0.4759663
v 0.0230900 0.0720908 -0.4742154
v 0.0230900 0.0749856 -0.4785751
v 0.0230900 0.0793454 -0.4814699
v 0.0230196 0.0775944 -0.4856845
v 0.0227689 0.0773569 -0.4862652
v 0.0219462 0.0772645 -0.4864896
v 0.0196717 0.0772513 -0.4865248
v 0.0000022 0.0844706 -0.4879810
v 0.0000022 0.0916900 -0.4865248
v 0.0000022 0.0978271 -0.4824466
v 0.0196717 0.1019053 -0.4763095
v 0.0219462 0.1033263 -0.4690901
v 0.0227689 0.1016457 -0.4619764
v 0.0230196 0.1010650 -0.4622139
v 0.0230900 0.0978843 -0.4690901
v 0.0233452 0.0972595 -0.4690901
v 0.0233452 0.0962741 -0.4642024
v 0.0233452 0.0935113 -0.4600494
v 0.0233452 0.0893583 -0.4572867
v 0.0233452 0.0844706 -0.4563012
v 0.0233452 0.0795829 -0.4572867
v 0.0233452 0.0754299 -0.4600494
v 0.0233452 0.0726716 -0.4642024
v 0.0233452 0.0716817 -0.4690901
v 0.0230900 0.0710570 -0.4690901
v 0.0230196 0.0664861 -0.4690901
v 0.0227689 0.0658614 -0.4690901
v 0.0219462 0.0656150 -0.4690901
v 0.0196717 0.0655798 -0.4690901
v 0.0000022 0.0655798 -0.4690901
v -0.0196717 0.0655798 -0.4690901
v -0.0219462 0.0656150 -0.4690901
v -0.0227689 0.0658614 -0.4690901
v -0.0230196 0.0664861 -0.4690901
v -0.0230900 0.0710570 -0.4690901
v -0.0233452 0.0716817 -0.4690901
v -0.0233452 0.0726716 -0.4642024
v -0.0233452 0.0754299 -0.4600494
v -0.0233452 0.0795829 -0.4572867
v -0.0233452 0.0844706 -0.4563012
v -0.0233452 0.0893583 -0.4572867
v -0.0233452 0.0935113 -0.4600494
v -0.0233452 0.0962741 -0.4642024
v -0.0233452 0.0972595 -0.4690901
v -0.0233452 0.0962741 -0.4739778
v -0.0233452 0.0935113 -0.4781308
v -0.0233452 0.0893583 -0.4808892
v -0.0233452 0.0844706 -0.4818790
v -0.0233452 0.0795829 -0.4808892
v -0.0233452 0.0754299 -0.4781308
v -0.0233452 0.0726716 -0.4739778
v -0.0233452 0.0716817 -0.4690901
v -0.0230900 0.0710570 -0.4690901
v -0.0230196 0.0664861 -0.4690901
v -0.0227689 0.0658614 -0.4690901
v -0.0219462 0.0656150 -0.4690901
v -0.0196717 0.0655798 -0.4690901
v 0.0000022 0.0655798 -0.4690901
v 0.0196717 0.0655798 -0.4690901
v 0.0219462 0.0656150 -0.4690901
v 0.0227689 0.0658614 -0.4690901
v 0.0230196 0.0664861 -0.4690901
v 0.0230900 0.0710570 -0.4690901
v 0.0233452 0.0716817 -0.4690901
v 0.0233452 0.0726716 -0.4739778
v 0.0233452 0.0754299 -0.4781308
v 0.0233452 0.0795829 -0.4808892
v 0.0233452 0.0844706 -0.4818790
v 0.0233452 0.0893583 -0.4808892
v 0.0230900 0.0844706 -0.4825038
v 0.0230196 0.0844706 -0.4870747
v 0.0227689 0.0844706 -0.4876994
v 0.0219462 0.0844706 -0.4879458
v 0.0196717 0.0844706 -0.4879810
v 0.0196717 0.0916900 -0.4865248
v 0.0196717 0.0978271 -0.4824466
v 0.0219462 0.1018701 -0.4762963
v 0.0227689 0.1030799 -0.4690901
v 0.0230196 0.1024552 -0.4690901
v 0.0230900 0.0968504 -0.4742154
v 0.0233452 0.0962741 -0.4739778
v 0.0230900 0.0939556 -0.4785751
v 0.0233452 0.0935113 -0.4781308
v 0.0230900 0.0896003 -0.4814699
v 0.0230196 0.0913468 -0.4856845
v 0.0227689 0.0915844 -0.4862652
v 0.0219462 0.0916768 -0.4864896
v 0.0219462 0.0978051 -0.4824246
v 0.0227689 0.1016457 -0.4762039
v 0.0230196 0.1010650 -0.4759663
v 0.0230196 0.0971892 -0.4818043
v 0.0227689 0.0976291 -0.4822486
v 0.0360373 0.0768597 -0.4614748
v 0.0360373 0.0763538 -0.4690901
v 0.0360373 0.0844706 -0.4609733
v 0.0360373 0.0844706 -0.4690901
v 0.0360373 0.0920859 -0.4614748
v 0.0360373 0.0925874 -0.4690901
v 0.0360373 0.0920859 -0.4767010
v 0.0360373 0.0844706 -0.4772069
v 0.0360373 0.0768597 -0.4767010
v 0.0360373 0.0730675 -0.4804933
v 0.0360373 0.0710878 -0.4759355
v 0.0360373 0.0700891 -0.4690901
v 0.0360373 0.0710878 -0.4622447
v 0.0360373 0.0730675 -0.4576870
v 0.0360373 0.0776252 -0.4557073
v 0.0360373 0.0844706 -0.4547086
v 0.0360373 0.0913160 -0.4557073
v 0.0360373 0.0958738 -0.4576870
v 0.0360373 0.0978535 -0.4622447
v 0.0360373 0.0988521 -0.4690901
v 0.0360373 0.0978535 -0.4759355
v 0.0360373 0.0958738 -0.4804933
v 0.0360373 0.0913160 -0.4824730
v 0.0360373 0.0844706 -0.4834716
v 0.0360373 0.0776252 -0.4824730
v 0.0359933 0.0719677 -0.4815931
v 0.0359933 0.0682854 -0.4759355
v 0.0359933 0.0669524 -0.4690901
v 0.0359933 0.0682854 -0.4622447
v 0.0359933 0.0719677 -0.4565828
v 0.0359933 0.0776252 -0.4529049
v 0.0359933 0.0844706 -0.4515719
v 0.0359933 0.0913160 -0.4529049
v 0.0359933 0.0969780 -0.4565828
v 0.0359933 0.1006559 -0.4622447
v 0.0359933 0.1019889 -0.4690901
v 0.0359933 0.1006559 -0.4759355
v 0.0359933 0.0969780 -0.4815931
v 0.0359933 0.0913160 -0.4852754
v 0.0359933 0.0844706 -0.4866084
v 0.0359933 0.0776252 -0.4852754
v 0.0356898 0.0713517 -0.4822090
v 0.0356898 0.0673527 -0.4761819
v 0.0356898 0.0659185 -0.4690901
v 0.0356898 0.0673527 -0.4619984
v 0.0356898 0.0713517 -0.4559712
v 0.0356898 0.0773789 -0.4519722
v 0.0356898 0.0844706 -0.4505380
v 0.0356898 0.0915624 -0.4519722
v 0.0356898 0.0975895 -0.4559712
v 0.0356898 0.1015885 -0.4619984
v 0.0356898 0.1030227 -0.4690901
v 0.0356898 0.1015885 -0.4761819
v 0.0356898 0.0975895 -0.4822090
v 0.0356898 0.0915624 -0.4862080
v 0.0356898 0.0844706 -0.4876422
v 0.0356898 0.0773789 -0.4862080
v 0.0322495 0.0844706 -0.4511056
v 0.0322495 0.0913468 -0.4524958
v 0.0321791 0.0844706 -0.4556765
v 0.0321791 0.0896003 -0.4567103
v 0.0322495 0.0971892 -0.4563760
v 0.0321791 0.0939556 -0.4596051
v 0.0322495 0.1010650 -0.4622139
v 0.0321791 0.0968504 -0.4639605
v 0.0321791 0.0978843 -0.4690901
v 0.0322495 0.1024552 -0.4690901
v 0.0322495 0.1010650 -0.4759663
v 0.0321791 0.0968504 -0.4742154
v 0.0321791 0.0939556 -0.4785751
v 0.0322495 0.0971892 -0.4818043
v 0.0321791 0.0896003 -0.4814699
v 0.0322495 0.0913468 -0.4856845
v 0.0325046 0.0976291 -0.4822486
v 0.0325046 0.1016457 -0.4762039
v 0.0325046 0.1030799 -0.4690901
v 0.0325046 0.1016457 -0.4619764
v 0.0325046 0.0976291 -0.4559317
v 0.0325046 0.0915844 -0.4519150
v 0.0325046 0.0844706 -0.4504809
v 0.0325046 0.0773569 -0.4519150
v 0.0322495 0.0775944 -0.4524958
v 0.0321791 0.0793454 -0.4567103
v 0.0319283 0.0795829 -0.4572867
v 0.0319283 0.0844706 -0.4563012
v 0.0319283 0.0893583 -0.4572867
v 0.0319283 0.0935113 -0.4600494
v 0.0319283 0.0962741 -0.4642024
v 0.0319283 0.0972595 -0.4690901
v 0.0319283 0.0962741 -0.4739778
v 0.0319283 0.0935113 -0.4781308
v 0.0319283 0.0893583 -0.4808892
v 0.0319283 0.0844706 -0.4818790
v 0.0321791 0.0793454 -0.4814699
v 0.0319283 0.0795829 -0.4808892
v 0.0321791 0.0844706 -0.4825038
v 0.0322495 0.0844706 -0.4870747
v 0.0325046 0.0915844 -0.4862652
v 0.0330809 0.0978051 -0.4824246
v 0.0330809 0.1018701 -0.4762963
v 0.0330809 0.1033263 -0.4690901
v 0.0330809 0.1018701 -0.4618840
v 0.0330809 0.0978051 -0.4557557
v 0.0330809 0.0916768 -0.4516907
v 0.0330809 0.0844706 -0.4502345
v 0.0330809 0.0772645 -0.4516907
v 0.0330809 0.0711362 -0.4557557
v 0.0325046 0.0713122 -0.4559317
v 0.0322495 0.0717565 -0.4563760
v 0.0321791 0.0749856 -0.4596051
v 0.0319283 0.0754299 -0.4600494
v 0.0312332 0.0756015 -0.4602210
v 0.0312332 0.0796753 -0.4575154
v 0.0312332 0.0844706 -0.4565476
v 0.0312332 0.0892659 -0.4575154
v 0.0312332 0.0933397 -0.4602210
v 0.0312332 0.0960453 -0.4642948
v 0.0312332 0.0970132 -0.4690901
v 0.0312332 0.0960453 -0.4738854
v 0.0312332 0.0933397 -0.4779592
v 0.0312332 0.0892659 -0.4806648
v 0.0312332 0.0844706 -0.4816327
v 0.0312332 0.0796753 -0.4806648
v 0.0312332 0.0756015 -0.4779592
v 0.0319283 0.0754299 -0.4781308
v 0.0321791 0.0749856 -0.4785751
v 0.0322495 0.0717565 -0.4818043
v 0.0322495 0.0775944 -0.4856845
v 0.0325046 0.0844706 -0.4876994
v 0.0330809 0.0916768 -0.4864896
v 0.0349903 0.0916768 -0.4864852
v 0.0349903 0.0977963 -0.4824158
v 0.0349903 0.1018657 -0.4762963
v 0.0349903 0.1033175 -0.4690901
v 0.0349903 0.1018657 -0.4618840
v 0.0349903 0.0977963 -0.4557645
v 0.0349903 0.0916768 -0.4516951
v 0.0349903 0.0844706 -0.4502433
v 0.0349903 0.0772645 -0.4516951
v 0.0349903 0.0711450 -0.4557645
v 0.0349903 0.0670756 -0.4618840
v 0.0330809 0.0670712 -0.4618840
v 0.0325046 0.0672955 -0.4619764
v 0.0322495 0.0678763 -0.4622139
v 0.0321791 0.0720908 -0.4639605
v 0.0319283 0.0726716 -0.4642024
v 0.0312332 0.0728959 -0.4642948
v 0.0240403 0.0728959 -0.4642948
v 0.0240403 0.0756015 -0.4602210
v 0.0240403 0.0796753 -0.4575154
v 0.0240403 0.0844706 -0.4565476
v 0.0240403 0.0892659 -0.4575154
v 0.0240403 0.0933397 -0.4602210
v 0.0240403 0.0960453 -0.4642948
v 0.0240403 0.0970132 -0.4690901
v 0.0240403 0.0960453 -0.4738854
v 0.0240403 0.0933397 -0.4779592
v 0.0240403 0.0892659 -0.4806648
v 0.0240403 0.0844706 -0.4816327
v 0.0240403 0.0796753 -0.4806648
v 0.0240403 0.0756015 -0.4779592
v 0.0240403 0.0728959 -0.4738854
v 0.0312332 0.0728959 -0.4738854
v 0.0319283 0.0726716 -0.4739778
v 0.0321791 0.0720908 -0.4742154
v 0.0322495 0.0678763 -0.4759663
v 0.0325046 0.0672955 -0.4762039
v 0.0325046 0.0713122 -0.4822486
v 0.0325046 0.0773569 -0.4862652
v 0.0330809 0.0844706 -0.4879458
v 0.0349903 0.0844706 -0.4879370
v 0.0356898 0.0844706 -0.4876422
v 0.0356898 0.0915624 -0.4862080
v 0.0356898 0.0975895 -0.4822090
v 0.0356898 0.1015885 -0.4761819
v 0.0356898 0.1030227 -0.4690901
v 0.0356898 0.1015885 -0.4619984
v 0.0356898 0.0975895 -0.4559712
v 0.0356898 0.0915624 -0.4519722
v 0.0356898 0.0844706 -0.4505380
v 0.0356898 0.0773789 -0.4519722
v 0.0356898 0.0713517 -0.4559712
v 0.0356898 0.0673527 -0.4619984
v 0.0356898 0.0659185 -0.4690901
v 0.0349903 0.0656238 -0.4690901
v 0.0330809 0.0656150 -0.4690901
v 0.0325046 0.0658614 -0.4690901
v 0.0322495 0.0664861 -0.4690901
v 0.0321791 0.0710570 -0.4690901
v 0.0319283 0.0716817 -0.4690901
v 0.0312332 0.0719281 -0.4690901
v 0.0240403 0.0719281 -0.4690901
v 0.0233452 0.0716817 -0.4690901
v 0.0233452 0.0726716 -0.4642024
v 0.0233452 0.0754299 -0.4600494
v 0.0233452 0.0795829 -0.4572867
v 0.0233452 0.0844706 -0.4563012
v 0.0233452 0.0893583 -0.4572867
v 0.0233452 0.0935113 -0.4600494
v 0.0233452 0.0962741 -0.4642024
v 0.0233452 0.0972595 -0.4690901
v 0.0233452 0.0962741 -0.4739778
v 0.0233452 0.0935113 -0.4781308
v 0.0233452 0.0893583 -0.4808892
v 0.0233452 0.0844706 -0.4818790
v 0.0233452 0.0795829 -0.4808892
v 0.0233452 0.0754299 -0.4781308
v 0.0233452 0.0726716 -0.4739778
v 0.0233452 0.0716817 -0.4690901
v 0.0240403 0.0719281 -0.4690901
v 0.0312332 0.0719281 -0.4690901
v 0.0319283 0.0716817 -0.4690901
v 0.0321791 0.0710570 -0.4690901
v 0.0322495 0.0664861 -0.4690901
v 0.0325046 0.0658614 -0.4690901
v 0.0330809 0.0670712 -0.4762963
v 0.0330809 0.0656150 -0.4690901
v 0.0349903 0.0656238 -0.4690901
v 0.0356898 0.0659185 -0.4690901
v 0.0356898 0.0673527 -0.4761819
v 0.0356898 0.0713517 -0.4822090
v 0.0349903 0.0670756 -0.4762963
v 0.0330809 0.0711362 -0.4824246
v 0.0330809 0.0772645 -0.4864896
v 0.0349903 0.0772645 -0.4864852
v 0.0356898 0.0773789 -0.4862080
v 0.0349903 0.0711450 -0.4824158
vt 0.4792996 0.8612567
vt 0.4835082 0.8330448
vt 0.4821901 0.8989496
vt 0.4863294 0.8753626
vt 0.4900987 0.8464570
vt 0.4877400 0.8050642
vt 0.4848494 0.7671400
vt 0.4807102 0.7909582
vt 0.4769177 0.8198638
vt 0.4785365 0.7583527
vt 0.4753222 0.7870271
vt 0.4736341 0.8131577
vt 0.4741891 0.8436820
vt 0.4760390 0.8827624
vt 0.4789065 0.9149055
vt 0.4815195 0.9317864
vt 0.4845720 0.9264677
vt 0.4884800 0.9079681
vt 0.4916943 0.8790625
vt 0.4933824 0.8529318
vt 0.4928505 0.8224075
vt 0.4910006 0.7833271
vt 0.4881100 0.7511841
vt 0.4854969 0.7343032
vt 0.4824445 0.7398531
vt 0.4814733 0.7250534
vt 0.4774496 0.7419343
vt 0.4743509 0.7724586
vt 0.4726860 0.8113078
vt 0.4727091 0.8533943
vt 0.4743972 0.8936309
vt 0.4774496 0.9248490
vt 0.4813345 0.9414986
vt 0.4855432 0.9410361
vt 0.4895668 0.9243865
vt 0.4926886 0.8936309
vt 0.4943536 0.8547818
vt 0.4943074 0.8126952
vt 0.4926424 0.7724586
vt 0.4895668 0.7414718
vt 0.4856819 0.7248222
vt 0.4857975 0.7190411
vt 0.4812652 0.7190411
vt 0.4770796 0.7361532
vt 0.4738653 0.7682962
vt 0.4721079 0.8101515
vt 0.4721079 0.8554755
vt 0.4738191 0.8975621
vt 0.4770334 0.9294739
vt 0.4812189 0.9470485
vt 0.4857513 0.9470485
vt 0.4899600 0.9299364
vt 0.4931511 0.8977934
vt 0.4949086 0.8559380
vt 0.4949086 0.8106140
vt 0.4931974 0.7687587
vt 0.4899831 0.7366157
vt 0.4020407 0.0128192
vt 0.4020407 0.0093505
vt 0.4024800 0.0128192
vt 0.4024800 0.0093505
vt 0.4029425 0.0128192
vt 0.4029425 0.0093505
vt 0.4034050 0.0128192
vt 0.4034050 0.0093505
vt 0.4038675 0.0093505
vt 0.4038675 0.0128192
vt 0.4043069 0.0128192
vt 0.4043069 0.0093505
vt 0.4047693 0.0093505
vt 0.4047693 0.0128192
vt 0.4052318 0.0128192
vt 0.4052318 0.0093505
vt 0.4056712 0.0088880
vt 0.4052318 0.0088880
vt 0.4047693 0.0088880
vt 0.4043069 0.0088880
vt 0.4038675 0.0088880
vt 0.4034050 0.0088880
vt 0.4029425 0.0088880
vt 0.4024800 0.0088880
vt 0.4020407 0.0088880
vt 0.4015782 0.0088880
vt 0.4015782 0.0093505
vt 0.4015782 0.0128192
vt 0.4015782 0.0132817
vt 0.4020407 0.0132817
vt 0.4024800 0.0132817
vt 0.4029425 0.0132817
vt 0.4034050 0.0132817
vt 0.4038675 0.0132817
vt 0.4043069 0.0132817
vt 0.4047693 0.0132817
vt 0.4052318 0.0132817
vt 0.4056712 0.0128192
vt 0.4056712 0.0093505
vt 0.4061337 0.0088880
vt 0.4061337 0.0093505
vt 0.4065962 0.0093505
vt 0.4065962 0.0088880
vt 0.4065962 0.0081943
vt 0.4061337 0.0081943
vt 0.4056712 0.0081943
vt 0.4052318 0.0081943
vt 0.4047693 0.0081943
vt 0.4043069 0.0081943
vt 0.4038675 0.0081943
vt 0.4034050 0.0081943
vt 0.4029425 0.0081943
vt 0.4024800 0.0081943
vt 0.4020407 0.0081943
vt 0.4015782 0.0081943
vt 0.4011157 0.0081943
vt 0.4011157 0.0088880
vt 0.4011157 0.0093505
vt 0.4011157 0.0128192
vt 0.4011157 0.0132817
vt 0.4011157 0.0137442
vt 0.4015782 0.0137442
vt 0.4020407 0.0137442
vt 0.4024800 0.0137442
vt 0.4029425 0.0137442
vt 0.4034050 0.0137442
vt 0.4038675 0.0137442
vt 0.4043069 0.0137442
vt 0.4047693 0.0137442
vt 0.4052318 0.0137442
vt 0.4056712 0.0132817
vt 0.4061337 0.0128192
vt 0.4065962 0.0128192
vt 0.4070355 0.0128192
vt 0.4070355 0.0093505
vt 0.4070355 0.0088880
vt 0.4070355 0.0081943
vt 0.4070355 0.0026444
vt 0.4065962 0.0026444
vt 0.4061337 0.0026444
vt 0.4056712 0.0026444
vt 0.4052318 0.0026444
vt 0.4047693 0.0026444
vt 0.4043069 0.0026444
vt 0.4038675 0.0026444
vt 0.4034050 0.0026444
vt 0.4029425 0.0026444
vt 0.4024800 0.0026444
vt 0.4020407 0.0026444
vt 0.4015782 0.0026444
vt 0.4011157 0.0026444
vt 0.4006763 0.0026444
vt 0.4006763 0.0081943
vt 0.4006763 0.0088880
vt 0.4006763 0.0093505
vt 0.4006763 0.0128192
vt 0.4006763 0.0132817
vt 0.4006763 0.0137442
vt 0.4006763 0.0153629
vt 0.4011157 0.0153629
vt 0.4015782 0.0153629
vt 0.4020407 0.0153629
vt 0.4024800 0.0153629
vt 0.4029425 0.0153629
vt 0.4034050 0.0153629
vt 0.4038675 0.0153629
vt 0.4043069 0.0153629
vt 0.4047693 0.0153629
vt 0.4052318 0.0153629
vt 0.4056712 0.0153629
vt 0.4056712 0.0137442
vt 0.4061337 0.0132817
vt 0.4065962 0.0132817
vt 0.4070355 0.0132817
vt 0.4065962 0.0158254
vt 0.4070355 0.0153629
vt 0.4070355 0.0158254
vt 0.4074980 0.0158254
vt 0.4074980 0.0153629
vt 0.4070355 0.0137442
vt 0.4074980 0.0137442
vt 0.4074980 0.0132817
vt 0.4074980 0.0128192
vt 0.4074980 0.0093505
vt 0.4074980 0.0088880
vt 0.4074980 0.0081943
vt 0.4074980 0.0026444
vt 0.4074980 0.0021819
vt 0.4070355 0.0021819
vt 0.4065962 0.0021819
vt 0.4061337 0.0021819
vt 0.4056712 0.0021819
vt 0.4052318 0.0021819
vt 0.4047693 0.0021819
vt 0.4043069 0.0021819
vt 0.4038675 0.0021819
vt 0.4034050 0.0021819
vt 0.4029425 0.0021819
vt 0.4024800 0.0021819
vt 0.4020407 0.0021819
vt 0.4015782 0.0021819
vt 0.4011157 0.0021819
vt 0.4006763 0.0021819
vt 0.4002138 0.0021819
vt 0.4002138 0.0026444
vt 0.4002138 0.0081943
vt 0.4002138 0.0088880
vt 0.4002138 0.0093505
vt 0.4002138 0.0128192
vt 0.4002138 0.0132817
vt 0.4002138 0.0137442
vt 0.4002138 0.0153629
vt 0.4002138 0.0158254
vt 0.4006763 0.0158254
vt 0.4011157 0.0158254
vt 0.4015782 0.0158254
vt 0.4020407 0.0158254
vt 0.4024800 0.0158254
vt 0.4029425 0.0158254
vt 0.4034050 0.0158254
vt 0.4038675 0.0158254
vt 0.4043069 0.0158254
vt 0.4047693 0.0158254
vt 0.4052318 0.0158254
vt 0.4056712 0.0158254
vt 0.4061337 0.0158254
vt 0.4061337 0.0153629
vt 0.4061337 0.0137442
vt 0.4065962 0.0137442
vt 0.4065962 0.0153629
vt 0.4309231 0.0088880
vt 0.4314781 0.0107380
vt 0.4309231 0.0107380
vt 0.4309231 0.0260001
vt 0.4314781 0.0260001
vt 0.4314781 0.0412623
vt 0.4309231 0.0412623
vt 0.4309231 0.0431123
vt 0.4314781 0.0431123
vt 0.4320331 0.0431123
vt 0.4320331 0.0412623
vt 0.4320331 0.0260001
vt 0.4320331 0.0107380
vt 0.4314781 0.0088880
vt 0.4309231 0.0081943
vt 0.4303681 0.0081943
vt 0.4303681 0.0088880
vt 0.4303681 0.0107380
vt 0.4303681 0.0260001
vt 0.4303681 0.0412623
vt 0.4303681 0.0431123
vt 0.4303681 0.0435747
vt 0.4309231 0.0435747
vt 0.4314781 0.0435747
vt 0.4320331 0.0435747
vt 0.4325881 0.0431123
vt 0.4325881 0.0435747
vt 0.4359411 0.0435747
vt 0.4353862 0.0435747
vt 0.4359411 0.0431123
vt 0.4353862 0.0431123
vt 0.4348312 0.0435747
vt 0.4348312 0.0431123
vt 0.4342762 0.0435747
vt 0.4342762 0.0431123
vt 0.4336981 0.0435747
vt 0.4336981 0.0431123
vt 0.4331431 0.0435747
vt 0.4331431 0.0431123
vt 0.4331431 0.0412623
vt 0.4325881 0.0412623
vt 0.4325881 0.0260001
vt 0.4325881 0.0107380
vt 0.4320331 0.0088880
vt 0.4314781 0.0081943
vt 0.4314781 0.0077318
vt 0.4309231 0.0077318
vt 0.4303681 0.0077318
vt 0.4298132 0.0077318
vt 0.4298132 0.0081943
vt 0.4298132 0.0088880
vt 0.4298132 0.0107380
vt 0.4298132 0.0260001
vt 0.4298132 0.0412623
vt 0.4298132 0.0431123
vt 0.4298132 0.0435747
vt 0.4298132 0.0442685
vt 0.4303681 0.0442685
vt 0.4309231 0.0442685
vt 0.4314781 0.0442685
vt 0.4320331 0.0442685
vt 0.4325881 0.0442685
vt 0.4331431 0.0442685
vt 0.4336981 0.0442685
vt 0.4342762 0.0442685
vt 0.4348312 0.0442685
vt 0.4353862 0.0442685
vt 0.4359411 0.0442685
vt 0.4364961 0.0442685
vt 0.4364961 0.0435747
vt 0.4364961 0.0431123
vt 0.4364961 0.0412623
vt 0.4359411 0.0260001
vt 0.4364961 0.0260001
vt 0.4359411 0.0412623
vt 0.4353862 0.0412623
vt 0.4348312 0.0412623
vt 0.4342762 0.0412623
vt 0.4336981 0.0412623
vt 0.4336981 0.0260001
vt 0.4331431 0.0260001
vt 0.4331431 0.0107380
vt 0.4325881 0.0088880
vt 0.4320331 0.0081943
vt 0.4320331 0.0077318
vt 0.4325881 0.0042631
vt 0.4320331 0.0042631
vt 0.4314781 0.0042631
vt 0.4309231 0.0042631
vt 0.4303681 0.0042631
vt 0.4298132 0.0042631
vt 0.4292582 0.0042631
vt 0.4292582 0.0077318
vt 0.4292582 0.0081943
vt 0.4292582 0.0088880
vt 0.4292582 0.0107380
vt 0.4292582 0.0260001
vt 0.4292582 0.0412623
vt 0.4292582 0.0431123
vt 0.4292582 0.0435747
vt 0.4292582 0.0442685
vt 0.4292582 0.0477372
vt 0.4298132 0.0477372
vt 0.4303681 0.0477372
vt 0.4309231 0.0477372
vt 0.4314781 0.0477372
vt 0.4320331 0.0477372
vt 0.4325881 0.0477372
vt 0.4331431 0.0477372
vt 0.4336981 0.0477372
vt 0.4342762 0.0477372
vt 0.4348312 0.0477372
vt 0.4353862 0.0477372
vt 0.4359411 0.0477372
vt 0.4364961 0.0477372
vt 0.4370511 0.0477372
vt 0.4370511 0.0442685
vt 0.4370511 0.0435747
vt 0.4370511 0.0431123
vt 0.4370511 0.0412623
vt 0.4370511 0.0260001
vt 0.4370511 0.0107380
vt 0.4364961 0.0107380
vt 0.4364961 0.0088880
vt 0.4370511 0.0088880
vt 0.4364961 0.0081943
vt 0.4370511 0.0081943
vt 0.4364961 0.0077318
vt 0.4370511 0.0077318
vt 0.4370511 0.0042631
vt 0.4364961 0.0042631
vt 0.4359411 0.0042631
vt 0.4359411 0.0077318
vt 0.4359411 0.0081943
vt 0.4359411 0.0088880
vt 0.4359411 0.0107380
vt 0.4353862 0.0260001
vt 0.4348312 0.0260001
vt 0.4342762 0.0260001
vt 0.4336981 0.0107380
vt 0.4331431 0.0088880
vt 0.4325881 0.0081943
vt 0.4325881 0.0077318
vt 0.4331431 0.0042631
vt 0.4331431 0.0035694
vt 0.4325881 0.0035694
vt 0.4320331 0.0035694
vt 0.4314781 0.0035694
vt 0.4309231 0.0035694
vt 0.4303681 0.0035694
vt 0.4298132 0.0035694
vt 0.4292582 0.0035694
vt 0.4287032 0.0035694
vt 0.4287032 0.0042631
vt 0.4287032 0.0077318
vt 0.4287032 0.0081943
vt 0.4287032 0.0088880
vt 0.4287032 0.0107380
vt 0.4287032 0.0260001
vt 0.4287032 0.0412623
vt 0.4287032 0.0431123
vt 0.4287032 0.0435747
vt 0.4287032 0.0442685
vt 0.4287032 0.0477372
vt 0.4287032 0.0481997
vt 0.4292582 0.0481997
vt 0.4298132 0.0481997
vt 0.4303681 0.0481997
vt 0.4309231 0.0481997
vt 0.4314781 0.0481997
vt 0.4320331 0.0481997
vt 0.4325881 0.0481997
vt 0.4331431 0.0481997
vt 0.4336981 0.0481997
vt 0.4342762 0.0481997
vt 0.4348312 0.0481997
vt 0.4353862 0.0481997
vt 0.4359411 0.0481997
vt 0.4364961 0.0481997
vt 0.4370511 0.0481997
vt 0.4376061 0.0481997
vt 0.4376061 0.0477372
vt 0.4376061 0.0442685
vt 0.4376061 0.0435747
vt 0.4376061 0.0431123
vt 0.4376061 0.0412623
vt 0.4376061 0.0260001
vt 0.4376061 0.0107380
vt 0.4376061 0.0088880
vt 0.4376061 0.0081943
vt 0.4376061 0.0077318
vt 0.4376061 0.0042631
vt 0.4376061 0.0035694
vt 0.4370511 0.0035694
vt 0.4364961 0.0035694
vt 0.4359411 0.0035694
vt 0.4353862 0.0035694
vt 0.4348312 0.0035694
vt 0.4353862 0.0042631
vt 0.4353862 0.0077318
vt 0.4353862 0.0081943
vt 0.4353862 0.0088880
vt 0.4353862 0.0107380
vt 0.4348312 0.0107380
vt 0.4342762 0.0107380
vt 0.4336981 0.0088880
vt 0.4331431 0.0081943
vt 0.4331431 0.0077318
vt 0.4336981 0.0042631
vt 0.4336981 0.0035694
vt 0.4342762 0.0042631
vt 0.4342762 0.0035694
vt 0.4348312 0.0042631
vt 0.4348312 0.0077318
vt 0.4348312 0.0081943
vt 0.4348312 0.0088880
vt 0.4342762 0.0088880
vt 0.4336981 0.0081943
vt 0.4336981 0.0077318
vt 0.4342762 0.0077318
vt 0.4342762 0.0081943
vt 0.4646618 0.7486404
vt 0.4617712 0.7107162
vt 0.4688011 0.7248222
vt 0.4659799 0.6827356
vt 0.4725935 0.6959166
vt 0.4702116 0.6545237
vt 0.4673211 0.6168308
vt 0.4631818 0.6404178
vt 0.4593894 0.6693234
vt 0.4561057 0.6628485
vt 0.4566607 0.6933729
vt 0.4585107 0.7324533
vt 0.4614012 0.7645963
vt 0.4640143 0.7814772
vt 0.4670667 0.7759273
vt 0.4709748 0.7576590
vt 0.4741891 0.7287533
vt 0.4758771 0.7026227
vt 0.4753222 0.6720984
vt 0.4734722 0.6330180
vt 0.4705816 0.6008749
vt 0.4679686 0.5839941
vt 0.4649161 0.5893127
vt 0.4610081 0.6078123
vt 0.4577938 0.6367179
vt 0.4551576 0.6609986
vt 0.4552039 0.7030852
vt 0.4568688 0.7433218
vt 0.4599444 0.7743086
vt 0.4638062 0.7909582
vt 0.4680379 0.7907270
vt 0.4720616 0.7738461
vt 0.4751603 0.7433218
vt 0.4768252 0.7044726
vt 0.4767790 0.6623861
vt 0.4751140 0.6221494
vt 0.4720385 0.5909314
vt 0.4681767 0.5742818
vt 0.4639449 0.5747443
vt 0.4599212 0.5913939
vt 0.4568226 0.6221494
vt 0.4546026 0.6598424
vt 0.4546026 0.7051664
vt 0.4563138 0.7470217
vt 0.4595281 0.7791647
vt 0.4636905 0.7967393
vt 0.4682229 0.7967393
vt 0.4724316 0.7796272
vt 0.4756459 0.7474842
vt 0.4773802 0.7056288
vt 0.4773802 0.6603049
vt 0.4756690 0.6182183
vt 0.4724547 0.5863065
vt 0.4682923 0.5687319
vt 0.4637599 0.5687319
vt 0.4595513 0.5858440
vt 0.4563370 0.6179870
vt 0.4005144 0.0734054
vt 0.4005144 0.0690117
vt 0.4008613 0.0734054
vt 0.4008613 0.0690117
vt 0.4005144 0.0643868
vt 0.4008613 0.0643868
vt 0.4005144 0.0597619
vt 0.4008613 0.0597619
vt 0.4008613 0.0553683
vt 0.4005144 0.0553683
vt 0.4005144 0.0507433
vt 0.4008613 0.0507433
vt 0.4008613 0.0461185
vt 0.4005144 0.0461185
vt 0.4008613 0.0417248
vt 0.4005144 0.0417248
vt 0.4004682 0.0461185
vt 0.4004682 0.0507433
vt 0.4004682 0.0553683
vt 0.4004682 0.0597619
vt 0.4004682 0.0643868
vt 0.4004682 0.0690117
vt 0.4004682 0.0734054
vt 0.4004682 0.0780302
vt 0.4005144 0.0780302
vt 0.4008613 0.0780302
vt 0.4009307 0.0780302
vt 0.4009307 0.0734054
vt 0.4009307 0.0690117
vt 0.4009307 0.0643868
vt 0.4009307 0.0597619
vt 0.4009307 0.0553683
vt 0.4009307 0.0507433
vt 0.4009307 0.0461185
vt 0.4009307 0.0417248
vt 0.4009307 0.0370999
vt 0.4008613 0.0324750
vt 0.4009307 0.0324750
vt 0.4008613 0.0370999
vt 0.4005144 0.0370999
vt 0.4004682 0.0417248
vt 0.4004219 0.0461185
vt 0.4004219 0.0507433
vt 0.4004219 0.0553683
vt 0.4004219 0.0597619
vt 0.4004219 0.0643868
vt 0.4004219 0.0690117
vt 0.4004219 0.0734054
vt 0.4004219 0.0780302
vt 0.4004219 0.0826551
vt 0.4004682 0.0826551
vt 0.4005144 0.0826551
vt 0.4008613 0.0826551
vt 0.4009307 0.0826551
vt 0.4009769 0.0826551
vt 0.4009769 0.0780302
vt 0.4009769 0.0734054
vt 0.4009769 0.0690117
vt 0.4009769 0.0643868
vt 0.4009769 0.0597619
vt 0.4009769 0.0553683
vt 0.4009769 0.0507433
vt 0.4009769 0.0461185
vt 0.4009769 0.0417248
vt 0.4009769 0.0370999
vt 0.4009769 0.0324750
vt 0.4009769 0.0278501
vt 0.4009307 0.0278501
vt 0.4008613 0.0278501
vt 0.4005144 0.0278501
vt 0.4005144 0.0324750
vt 0.4004682 0.0370999
vt 0.4004219 0.0417248
vt 0.4002832 0.0417248
vt 0.4002832 0.0461185
vt 0.4002832 0.0507433
vt 0.4002832 0.0553683
vt 0.4002832 0.0597619
vt 0.4002832 0.0643868
vt 0.4002832 0.0690117
vt 0.4002832 0.0734054
vt 0.4002832 0.0780302
vt 0.4002832 0.0826551
vt 0.4002832 0.0872801
vt 0.4004219 0.0872801
vt 0.4004682 0.0872801
vt 0.4005144 0.0872801
vt 0.4008613 0.0872801
vt 0.4009307 0.0872801
vt 0.4009769 0.0872801
vt 0.4015319 0.0872801
vt 0.4015319 0.0826551
vt 0.4015319 0.0780302
vt 0.4015319 0.0734054
vt 0.4015319 0.0690117
vt 0.4015319 0.0643868
vt 0.4015319 0.0597619
vt 0.4015319 0.0553683
vt 0.4015319 0.0507433
vt 0.4015319 0.0461185
vt 0.4015319 0.0417248
vt 0.4015319 0.0370999
vt 0.4015319 0.0324750
vt 0.4015319 0.0278501
vt 0.4015319 0.0234565
vt 0.4009769 0.0234565
vt 0.4009307 0.0234565
vt 0.4008613 0.0234565
vt 0.4005144 0.0234565
vt 0.4004682 0.0234565
vt 0.4004682 0.0278501
vt 0.4004682 0.0324750
vt 0.4004219 0.0370999
vt 0.4002832 0.0370999
vt 0.4002138 0.0370999
vt 0.4002138 0.0417248
vt 0.4002138 0.0461185
vt 0.4002138 0.0507433
vt 0.4002138 0.0553683
vt 0.4002138 0.0597619
vt 0.4002138 0.0643868
vt 0.4002138 0.0690117
vt 0.4002138 0.0734054
vt 0.4002138 0.0780302
vt 0.4002138 0.0826551
vt 0.4002138 0.0872801
vt 0.4002138 0.0916737
vt 0.4002832 0.0916737
vt 0.4004219 0.0916737
vt 0.4004682 0.0916737
vt 0.4005144 0.0916737
vt 0.4008613 0.0916737
vt 0.4009307 0.0916737
vt 0.4009769 0.0916737
vt 0.4015319 0.0916737
vt 0.4015782 0.0916737
vt 0.4015782 0.0872801
vt 0.4015782 0.0826551
vt 0.4015782 0.0780302
vt 0.4015782 0.0734054
vt 0.4015782 0.0690117
vt 0.4015782 0.0643868
vt 0.4015782 0.0597619
vt 0.4015782 0.0553683
vt 0.4015782 0.0507433
vt 0.4015782 0.0461185
vt 0.4015782 0.0417248
vt 0.4015782 0.0370999
vt 0.4015782 0.0324750
vt 0.4015782 0.0278501
vt 0.4015782 0.0234565
vt 0.4015782 0.0188315
vt 0.4015319 0.0188315
vt 0.4009769 0.0188315
vt 0.4009307 0.0188315
vt 0.4008613 0.0188315
vt 0.4005144 0.0188315
vt 0.4004682 0.0188315
vt 0.4004219 0.0234565
vt 0.4004219 0.0188315
vt 0.4002832 0.0188315
vt 0.4002138 0.0188315
vt 0.4002138 0.0234565
vt 0.4002138 0.0278501
vt 0.4002832 0.0234565
vt 0.4004219 0.0278501
vt 0.4004219 0.0324750
vt 0.4002832 0.0324750
vt 0.4002138 0.0324750
vt 0.4002832 0.0278501
vn -1.0000000 0.0000000 0.0000000
vn -1.0000000 0.0000000 0.0000000
vn -1.0000000 0.0000000 0.0000000
vn -1.0000000 0.0000000 0.0000000
vn -1.0000000 0.0000000 0.0000000
vn -1.0000000 0.0000000 0.0000000
vn -1.0000000 0.0000000 0.0000000
vn -1.0000000 0.0000000 0.0000000
vn -1.0000000 0.0000000 0.0000000
vn -0.9999923 0.0000000 -0.0039292
vn -0.9999805 0.0019723 -0.0059170
vn -0.9999508 0.0079361 -0.0059521
vn -0.9999805 0.0059170 -0.0019723
vn -0.9999923 0.0039292 0.0000000
vn -0.9999805 0.0059170 0.0019723
vn -0.9999508 0.0079361 0.0059521
vn -0.9999805 0.0019723 0.0059170
vn -0.9999923 0.0000000 0.0039292
vn -0.9999805 -0.0019723 0.0059170
vn -0.9999508 -0.0079361 0.0059521
vn -0.9999805 -0.0059170 0.0019723
vn -0.9999923 -0.0039292 0.0000000
vn -0.9999805 -0.0059170 -0.0019723
vn -0.9999508 -0.0079361 -0.0059521
vn -0.9999805 -0.0019723 -0.0059170
vn -0.9944416 -0.0398662 -0.0974509
vn -0.9960142 0.0000000 -0.0891953
vn -0.9944416 0.0398662 -0.0974509
vn -0.9914965 0.0920182 -0.0920183
vn -0.9944416 0.0974509 -0.0398662
vn -0.9960142 0.0891953 0.0000000
vn -0.9944416 0.0974509 0.0398662
vn -0.9914965 0.0920183 0.0920183
vn -0.9944416 0.0398662 0.0974509
vn -0.9960142 0.0000000 0.0891953
vn -0.9944416 -0.0398662 0.0974509
vn -0.9914965 -0.0920183 0.0920182
vn -0.9944416 -0.0974509 0.0398662
vn -0.9960142 -0.0891953 0.0000000
vn -0.9944416 -0.0974509 -0.0398662
vn -0.9914965 -0.0920182 -0.0920182
vn -0.7592730 -0.4601655 -0.4601655
vn -0.7764078 -0.2410621 -0.5823058
vn -0.7883158 0.0000000 -0.6152709
vn -0.7764077 0.2410621 -0.5823059
vn -0.7592730 0.4601655 -0.4601655
vn -0.7755720 0.5848064 -0.2376754
vn -0.7883158 0.6152709 0.0000000
vn -0.7755720 0.5848064 0.2376754
vn -0.7592730 0.4601655 0.4601655
vn -0.7764077 0.2410621 0.5823059
vn -0.7883158 0.0000000 0.6152709
vn -0.7764078 -0.2410621 0.5823058
vn -0.7592730 -0.4601655 0.4601655
vn -0.7755720 -0.5848064 0.2376754
vn -0.7883158 -0.6152709 0.0000000
vn -0.7755720 -0.5848064 -0.2376754
vn 0.9976254 0.0000000 0.0688737
vn 0.9984476 0.0000000 0.0556986
vn 0.9976353 0.0255259 0.0638146
vn 0.9984039 0.0209749 0.0524372
vn 0.9976757 0.0492414 0.0471005
vn 0.9984791 0.0400234 0.0379169
vn 0.9976353 0.0638146 0.0255259
vn 0.9984654 0.0503427 0.0230738
vn 0.9984476 0.0556986 0.0000000
vn 0.9976254 0.0688737 0.0000000
vn 0.9976353 0.0638146 -0.0255259
vn 0.9984654 0.0503427 -0.0230738
vn 0.9984791 0.0400234 -0.0379169
vn 0.9976757 0.0492414 -0.0471006
vn 0.9976353 0.0255259 -0.0638146
vn 0.9984039 0.0209749 -0.0524372
vn 0.6832047 0.0000000 -0.7302269
vn 0.6822895 0.2786815 -0.6758829
vn 0.6818341 0.5172535 -0.5172534
vn 0.6822894 0.6758829 -0.2786816
vn 0.6832048 0.7302268 0.0000000
vn 0.6822895 0.6758829 0.2786815
vn 0.6818340 0.5172535 0.5172535
vn 0.6822895 0.2786815 0.6758829
vn 0.6832048 0.0000000 0.7302268
vn 0.6822894 -0.2786816 0.6758829
vn 0.9984039 -0.0209749 0.0524372
vn 0.9976353 -0.0255259 0.0638146
vn 0.7221139 -0.2640327 0.6394046
vn 0.7221609 0.0000000 0.6917251
vn 0.7221139 0.2640327 0.6394046
vn 0.7221029 0.4891664 0.4891664
vn 0.7221139 0.6394046 0.2640327
vn 0.7221609 0.6917251 0.0000000
vn 0.7221139 0.6394046 -0.2640327
vn 0.7221029 0.4891664 -0.4891664
vn 0.7221138 0.2640327 -0.6394047
vn 0.9976254 0.0000000 -0.0688737
vn 0.9984476 0.0000000 -0.0556986
vn 0.6822894 -0.2786816 -0.6758829
vn 0.9984039 -0.0209749 -0.0524372
vn 0.9984791 -0.0400234 -0.0379169
vn 0.6818342 -0.5172534 -0.5172534
vn 0.0310977 -0.7067648 -0.7067648
vn 0.0313981 -0.3820092 -0.9236250
vn 0.0323064 0.0000000 -0.9994780
vn 0.0313981 0.3820092 -0.9236250
vn 0.0310976 0.7067648 -0.7067648
vn 0.0313981 0.9236250 -0.3820092
vn 0.0323064 0.9994780 0.0000000
vn 0.0313981 0.9236250 0.3820092
vn 0.0310975 0.7067648 0.7067648
vn 0.0313981 0.3820092 0.9236250
vn 0.0323064 0.0000000 0.9994780
vn 0.0313981 -0.3820092 0.9236250
vn 0.0310976 -0.7067648 0.7067648
vn 0.6818341 -0.5172534 0.5172535
vn 0.9984791 -0.0400234 0.0379169
vn 0.9976757 -0.0492415 0.0471005
vn 0.7221029 -0.4891664 0.4891664
vn 0.0940587 -0.7025008 0.7054400
vn 0.0955717 -0.3795563 0.9202190
vn 0.0961194 0.0000000 0.9953698
vn 0.0955717 0.3795563 0.9202190
vn 0.0940587 0.7025008 0.7054400
vn 0.0955717 0.9202190 0.3795563
vn 0.0961194 0.9953698 0.0000000
vn 0.0955717 0.9202190 -0.3795563
vn 0.0940587 0.7025008 -0.7054400
vn 0.0955717 0.3795563 -0.9202190
vn 0.7221610 0.0000000 -0.6917250
vn 0.9976353 -0.0255259 -0.0638146
vn 0.9976757 -0.0492415 -0.0471006
vn 0.9976353 -0.0638146 -0.0255259
vn 0.9984654 -0.0503428 -0.0230738
vn 0.6822894 -0.6758829 -0.2786816
vn 0.0313981 -0.9236250 -0.3820092
vn -0.0313981 -0.9236250 -0.3820092
vn -0.0310977 -0.7067648 -0.7067648
vn -0.0313981 -0.3820092 -0.9236250
vn -0.0323064 0.0000000 -0.9994780
vn -0.0313981 0.3820092 -0.9236250
vn -0.0310976 0.7067648 -0.7067648
vn -0.0313981 0.9236250 -0.3820092
vn -0.0323064 0.9994780 0.0000000
vn -0.0313981 0.9236250 0.3820092
vn -0.0310975 0.7067648 0.7067648
vn -0.0313981 0.3820092 0.9236250
vn -0.0323064 0.0000000 0.9994780
vn -0.0313981 -0.3820092 0.9236250
vn -0.0310976 -0.7067648 0.7067648
vn -0.0313981 -0.9236250 0.3820092
vn 0.0313981 -0.9236250 0.3820092
vn 0.6822895 -0.6758829 0.2786815
vn 0.9984654 -0.0503428 0.0230738
vn 0.9976353 -0.0638146 0.0255259
vn 0.7221138 -0.6394047 0.2640327
vn 0.0955717 -0.9202190 0.3795563
vn -0.1161493 -0.9181330 0.3788681
vn -0.1160626 -0.7023281 0.7023281
vn -0.1161492 -0.3788682 0.9181330
vn -0.1149533 0.0000000 0.9933709
vn -0.1161492 0.3788682 0.9181330
vn -0.1160626 0.7023281 0.7023281
vn -0.1161492 0.9181330 0.3788682
vn -0.1149533 0.9933709 0.0000000
vn -0.1161492 0.9181330 -0.3788682
vn -0.1160626 0.7023281 -0.7023281
vn -0.1161493 0.3788681 -0.9181330
vn -0.1149534 0.0000000 -0.9933709
vn 0.0961194 0.0000000 -0.9953698
vn 0.7221138 -0.2640327 -0.6394047
vn 0.7221029 -0.4891664 -0.4891664
vn 0.7221138 -0.6394047 -0.2640327
vn -0.7592730 -0.4601655 -0.4601655
vn -0.1161493 -0.9181330 -0.3788681
vn -0.7755720 -0.5848064 -0.2376754
vn -0.7883158 -0.6152709 0.0000000
vn -0.1149534 -0.9933709 0.0000000
vn 0.0955717 -0.9202190 -0.3795563
vn 0.0961194 -0.9953698 0.0000000
vn 0.7221610 -0.6917250 0.0000000
vn 0.9976254 -0.0688737 0.0000000
vn 0.9984476 -0.0556986 0.0000000
vn 0.6832047 -0.7302269 0.0000000
vn 0.0323064 -0.9994780 0.0000000
vn -0.0323064 -0.9994780 0.0000000
vn -0.6832047 -0.7302269 0.0000000
vn -0.6822894 -0.6758829 -0.2786816
vn -0.6818342 -0.5172534 -0.5172534
vn -0.6822894 -0.2786816 -0.6758829
vn -0.6832047 0.0000000 -0.7302269
vn -0.6822894 0.2786816 -0.6758829
vn -0.6818341 0.5172534 -0.5172535
vn -0.6822894 0.6758829 -0.2786817
vn -0.6832046 0.7302270 0.0000000
vn -0.6822894 0.6758829 0.2786817
vn -0.6818340 0.5172535 0.5172535
vn -0.6822894 0.2786817 0.6758829
vn -0.6832046 0.0000000 0.7302270
vn -0.6822894 -0.2786817 0.6758829
vn -0.6818341 -0.5172535 0.5172534
vn -0.6822894 -0.6758829 0.2786816
vn -0.6832047 -0.7302269 0.0000000
vn -0.0323064 -0.9994780 0.0000000
vn 0.0323064 -0.9994780 0.0000000
vn 0.6832047 -0.7302269 0.0000000
vn 0.9984476 -0.0556986 0.0000000
vn 0.9976254 -0.0688737 0.0000000
vn 0.7221610 -0.6917250 0.0000000
vn 0.0961194 -0.9953698 0.0000000
vn -0.1149534 -0.9933709 0.0000000
vn -0.7883158 -0.6152709 0.0000000
vn -0.7755720 -0.5848064 0.2376754
vn -0.7592730 -0.4601655 0.4601655
vn -0.7764078 -0.2410621 0.5823058
vn -0.7883158 0.0000000 0.6152709
vn -0.7764077 0.2410621 0.5823059
vn -0.7592730 0.4601655 0.4601655
vn -0.7755720 0.5848064 0.2376754
vn -0.7883158 0.6152709 0.0000000
vn -0.7755720 0.5848064 -0.2376754
vn -0.7592730 0.4601655 -0.4601655
vn -0.7764077 0.2410621 -0.5823059
vn -0.7883158 0.0000000 -0.6152709
vn -0.7764078 -0.2410621 -0.5823058
vn -0.1161493 -0.3788681 -0.9181330
vn 0.0955717 -0.3795563 -0.9202190
vn 0.0940587 -0.7025008 -0.7054400
vn -0.1160626 -0.7023281 -0.7023281
vn 0.0891953 0.0000000 0.9960142
vn 0.0025607 0.3815211 0.9243566
vn 0.0019608 0.0000000 0.9999981
vn 0.0000000 0.0000000 1.0000000
vn 0.0000002 0.3837070 0.9234549
vn -0.0025605 0.3815211 0.9243566
vn -0.0019608 0.0000000 0.9999981
vn -0.0891953 0.0000000 0.9960142
vn -0.0898369 0.3811264 0.9201478
vn -0.0909560 0.7041758 0.7041758
vn -0.0027729 0.7071041 0.7071041
vn 0.0000000 0.7084892 0.7057216
vn 0.0027729 0.7071041 0.7071041
vn 0.0898369 0.3811264 0.9201478
vn 0.6273759 0.0000000 0.7787166
vn 0.6280429 -0.2995282 0.7182235
vn 0.0898369 -0.3811264 0.9201478
vn 0.0025606 -0.3815212 0.9243565
vn 0.0000001 -0.3837071 0.9234549
vn -0.0025606 -0.3815211 0.9243566
vn -0.0898369 -0.3811264 0.9201478
vn -0.6280429 -0.2995282 0.7182235
vn -0.6273759 0.0000000 0.7787166
vn -0.6280429 0.2995282 0.7182235
vn -0.6259044 0.5514724 0.5514724
vn -0.0898369 0.9201478 0.3811264
vn -0.6271912 0.7204658 0.2959057
vn -0.6280429 -0.2995282 -0.7182235
vn -0.6273759 0.0000000 -0.7787165
vn -0.0898369 -0.3811264 -0.9201478
vn -0.0891953 0.0000000 -0.9960142
vn -0.6280429 0.2995282 -0.7182235
vn -0.0898369 0.3811264 -0.9201478
vn -0.6259044 0.5514724 -0.5514724
vn -0.0909560 0.7041758 -0.7041758
vn -0.6271912 0.7204658 -0.2959057
vn -0.0898369 0.9201478 -0.3811264
vn -0.6273759 0.7787166 0.0000000
vn -0.0891953 0.9960142 0.0000000
vn -0.0019608 0.9999981 0.0000000
vn -0.0025605 0.9243566 0.3815211
vn 0.0000002 0.9234549 0.3837070
vn 0.0025607 0.9243566 0.3815211
vn 0.0909560 0.7041758 0.7041758
vn 0.6280429 0.2995282 0.7182235
vn 0.9976353 0.0255259 0.0638146
vn 0.9976254 0.0000000 0.0688737
vn 0.9976353 -0.0255259 0.0638146
vn 0.9976757 -0.0492415 0.0471005
vn 0.6259044 -0.5514724 0.5514724
vn 0.0909560 -0.7041758 0.7041758
vn 0.0027729 -0.7071041 0.7071041
vn 0.0000000 -0.7057216 0.7084892
vn -0.0027729 -0.7071041 0.7071041
vn -0.0909560 -0.7041758 0.7041758
vn -0.6259044 -0.5514724 0.5514724
vn -0.9976757 -0.0492416 0.0471006
vn -0.9976353 -0.0255259 0.0638146
vn -0.9976254 0.0000000 0.0688737
vn -0.9976353 0.0255259 0.0638146
vn -0.9976757 0.0492416 0.0471007
vn -0.9976353 0.0638146 0.0255259
vn -0.9976254 0.0688737 0.0000000
vn -0.9976353 0.0638146 -0.0255259
vn -0.9976757 0.0492415 -0.0471007
vn -0.9976353 0.0255259 -0.0638146
vn -0.9976254 0.0000000 -0.0688737
vn -0.9976353 -0.0255259 -0.0638146
vn -0.9976757 -0.0492415 -0.0471006
vn -0.6259044 -0.5514724 -0.5514724
vn -0.0909560 -0.7041758 -0.7041758
vn -0.0027729 -0.7071041 -0.7071041
vn 0.0000000 -0.3837070 -0.9234549
vn 0.0000000 -0.7057216 -0.7084892
vn -0.0025606 -0.3815211 -0.9243566
vn -0.0019608 0.0000000 -0.9999981
vn -0.0025605 0.3815211 -0.9243566
vn -0.0027729 0.7071041 -0.7071041
vn -0.0025606 0.9243566 -0.3815211
vn 0.0000001 0.9234549 -0.3837071
vn 0.0000000 1.0000000 0.0000000
vn 0.0019608 0.9999981 0.0000000
vn 0.0898369 0.9201478 0.3811264
vn 0.6259044 0.5514724 0.5514724
vn 0.9976757 0.0492414 0.0471005
vn 0.9984654 0.0503427 0.0230738
vn 0.9984791 0.0400234 0.0379169
vn 0.9984039 0.0209749 0.0524372
vn 0.9984476 0.0000000 0.0556986
vn 0.9984039 -0.0209749 0.0524372
vn 0.9984791 -0.0400234 0.0379169
vn 0.9984654 -0.0503428 0.0230738
vn 0.9976353 -0.0638146 0.0255259
vn 0.6271912 -0.7204658 0.2959057
vn 0.0898369 -0.9201478 0.3811264
vn 0.0025606 -0.9243566 0.3815211
vn 0.0000001 -0.9234549 0.3837070
vn -0.0025605 -0.9243566 0.3815211
vn -0.0898369 -0.9201478 0.3811264
vn -0.6271912 -0.7204658 0.2959057
vn -0.9976353 -0.0638146 0.0255259
vn -0.9984654 -0.0503429 0.0230738
vn -0.9984791 -0.0400234 0.0379169
vn -0.9984039 -0.0209749 0.0524372
vn -0.9984476 0.0000000 0.0556986
vn -0.9984039 0.0209749 0.0524372
vn -0.9984791 0.0400234 0.0379169
vn -0.9984654 0.0503429 0.0230738
vn -0.9984476 0.0556986 0.0000000
vn -0.9984654 0.0503428 -0.0230738
vn -0.9984791 0.0400234 -0.0379169
vn -0.9984039 0.0209749 -0.0524372
vn -0.9984476 0.0000000 -0.0556985
vn -0.9984039 -0.0209749 -0.0524372
vn -0.9984791 -0.0400234 -0.0379169
vn -0.9984654 -0.0503428 -0.0230738
vn -0.9976353 -0.0638146 -0.0255259
vn -0.6271912 -0.7204658 -0.2959057
vn -0.0898369 -0.9201478 -0.3811264
vn -0.0025606 -0.9243566 -0.3815211
vn 0.0000000 -0.9234549 -0.3837070
vn 0.0025605 -0.9243566 -0.3815212
vn 0.0027729 -0.7071041 -0.7071041
vn 0.0909560 -0.7041758 -0.7041758
vn 0.0898369 -0.9201478 -0.3811264
vn 0.6259044 -0.5514724 -0.5514724
vn 0.6271912 -0.7204658 -0.2959057
vn 0.9976757 -0.0492415 -0.0471006
vn 0.9976353 -0.0638146 -0.0255259
vn 0.9984654 -0.0503428 -0.0230738
vn 0.9984791 -0.0400234 -0.0379169
vn 0.9984039 -0.0209749 -0.0524372
vn 0.9976353 -0.0255259 -0.0638146
vn 0.6280429 -0.2995282 -0.7182235
vn 0.0898369 -0.3811264 -0.9201478
vn 0.0025605 -0.3815212 -0.9243566
vn 0.0000000 0.0000000 -1.0000000
vn 0.0000001 0.3837070 -0.9234549
vn 0.0000000 0.7084892 -0.7057216
vn 0.0025606 0.9243565 -0.3815212
vn 0.0891953 0.9960142 0.0000000
vn 0.6271912 0.7204658 0.2959057
vn 0.9976353 0.0638146 0.0255259
vn 0.9984476 0.0556986 0.0000000
vn 0.6832048 0.7302268 0.0000000
vn 0.6822895 0.6758829 0.2786815
vn 0.6818340 0.5172535 0.5172535
vn 0.6822895 0.2786815 0.6758829
vn 0.6832048 0.0000000 0.7302268
vn 0.6822894 -0.2786816 0.6758829
vn 0.6818341 -0.5172534 0.5172535
vn 0.6822895 -0.6758829 0.2786815
vn 0.6832047 -0.7302269 0.0000000
vn 0.9984476 -0.0556986 0.0000000
vn 0.9976254 -0.0688737 0.0000000
vn 0.6273759 -0.7787166 0.0000000
vn 0.0891953 -0.9960142 0.0000000
vn 0.0019608 -0.9999981 0.0000000
vn 0.0000000 -1.0000000 0.0000000
vn -0.0019608 -0.9999981 0.0000000
vn -0.0891953 -0.9960142 0.0000000
vn -0.6273759 -0.7787165 0.0000000
vn -0.9976254 -0.0688737 0.0000000
vn -0.9984476 -0.0556985 0.0000000
vn -0.6832047 -0.7302269 0.0000000
vn -0.6822894 -0.6758829 0.2786816
vn -0.6818341 -0.5172535 0.5172534
vn -0.6822894 -0.2786817 0.6758829
vn -0.6832046 0.0000000 0.7302270
vn -0.6822894 0.2786817 0.6758829
vn -0.6818340 0.5172535 0.5172535
vn -0.6822894 0.6758829 0.2786817
vn -0.6832046 0.7302270 0.0000000
vn -0.6822894 0.6758829 -0.2786817
vn -0.6818341 0.5172534 -0.5172535
vn -0.6822894 0.2786816 -0.6758829
vn -0.6832047 0.0000000 -0.7302269
vn -0.6822894 -0.2786816 -0.6758829
vn -0.6818342 -0.5172534 -0.5172534
vn -0.6822894 -0.6758829 -0.2786816
vn -0.6832047 -0.7302269 0.0000000
vn -0.9984476 -0.0556985 0.0000000
vn -0.9976254 -0.0688737 0.0000000
vn -0.6273759 -0.7787165 0.0000000
vn -0.0891953 -0.9960142 0.0000000
vn -0.0019608 -0.9999981 0.0000000
vn 0.0000000 -1.0000000 0.0000000
vn 0.0019608 -0.9999981 0.0000000
vn 0.0891953 -0.9960142 0.0000000
vn 0.6273759 -0.7787166 0.0000000
vn 0.9976254 -0.0688737 0.0000000
vn 0.9984476 -0.0556986 0.0000000
vn 0.6832047 -0.7302269 0.0000000
vn 0.6822894 -0.6758829 -0.2786816
vn 0.6818342 -0.5172534 -0.5172534
vn 0.6822894 -0.2786816 -0.6758829
vn 0.6832047 0.0000000 -0.7302269
vn 0.6822895 0.2786815 -0.6758829
vn 0.9984476 0.0000000 -0.0556986
vn 0.9976254 0.0000000 -0.0688737
vn 0.6273759 0.0000000 -0.7787166
vn 0.0891953 0.0000000 -0.9960142
vn 0.0019608 0.0000000 -0.9999981
vn 0.0025606 0.3815211 -0.9243566
vn 0.0027729 0.7071041 -0.7071041
vn 0.0898369 0.9201478 -0.3811264
vn 0.6273759 0.7787166 0.0000000
vn 0.9976254 0.0688737 0.0000000
vn 0.9984654 0.0503427 -0.0230738
vn 0.6822894 0.6758829 -0.2786816
vn 0.9984791 0.0400234 -0.0379169
vn 0.6818341 0.5172535 -0.5172534
vn 0.9984039 0.0209749 -0.0524372
vn 0.9976353 0.0255259 -0.0638146
vn 0.6280429 0.2995282 -0.7182235
vn 0.0898369 0.3811264 -0.9201478
vn 0.0909560 0.7041758 -0.7041758
vn 0.6271912 0.7204658 -0.2959057
vn 0.9976353 0.0638146 -0.0255259
vn 0.9976757 0.0492414 -0.0471006
vn 0.6259044 0.5514724 -0.5514724
vn 1.0000000 0.0000000 0.0000000
vn 1.0000000 0.0000000 0.0000000
vn 1.0000000 0.0000000 0.0000000
vn 1.0000000 0.0000000 0.0000000
vn 1.0000000 0.0000000 0.0000000
vn 1.0000000 0.0000000 0.0000000
vn 1.0000000 0.0000000 0.0000000
vn 1.0000000 0.0000000 0.0000000
vn 1.0000000 0.0000000 0.0000000
vn 0.9999508 -0.0079361 -0.0059521
vn 0.9999805 -0.0059170 -0.0019723
vn 0.9999923 -0.0039292 0.0000000
vn 0.9999805 -0.0059170 0.0019723
vn 0.9999508 -0.0079361 0.0059521
vn 0.9999805 -0.0019723 0.0059170
vn 0.9999923 0.0000000 0.0039292
vn 0.9999805 0.0019723 0.0059170
vn 0.9999508 0.0079361 0.0059521
vn 0.9999805 0.0059170 0.0019723
vn 0.9999923 0.0039292 0.0000000
vn 0.9999805 0.0059170 -0.0019723
vn 0.9999508 0.0079361 -0.0059521
vn 0.9999805 0.0019723 -0.0059170
vn 0.9999923 0.0000000 -0.0039292
vn 0.9999805 -0.0019723 -0.0059170
vn 0.9914965 -0.0920182 -0.0920182
vn 0.9944416 -0.0974509 -0.0398662
vn 0.9960142 -0.0891953 0.0000000
vn 0.9944416 -0.0974509 0.0398662
vn 0.9914965 -0.0920182 0.0920182
vn 0.9944416 -0.0398662 0.0974509
vn 0.9960142 0.0000000 0.0891953
vn 0.9944416 0.0398662 0.0974509
vn 0.9914965 0.0920182 0.0920182
vn 0.9944416 0.0974509 0.0398662
vn 0.9960142 0.0891953 0.0000000
vn 0.9944416 0.0974509 -0.0398662
vn 0.9914965 0.0920182 -0.0920182
vn 0.9944416 0.0398662 -0.0974509
vn 0.9960142 0.0000000 -0.0891953
vn 0.9944416 -0.0398662 -0.0974509
vn 0.7592730 -0.4601655 -0.4601655
vn 0.7755720 -0.5848064 -0.2376754
vn 0.7883158 -0.6152709 0.0000000
vn 0.7755720 -0.5848064 0.2376754
vn 0.7592730 -0.4601655 0.4601655
vn 0.7764077 -0.2410621 0.5823059
vn 0.7883158 0.0000000 0.6152709
vn 0.7764077 0.2410621 0.5823059
vn 0.7592730 0.4601655 0.4601655
vn 0.7755720 0.5848064 0.2376754
vn 0.7883158 0.6152709 0.0000000
vn 0.7755720 0.5848064 -0.2376754
vn 0.7592730 0.4601655 -0.4601655
vn 0.7764078 0.2410621 -0.5823058
vn 0.7883158 0.0000000 -0.6152709
vn 0.7764078 -0.2410621 -0.5823058
vn -0.9976254 0.0000000 0.0688737
vn -0.9976353 0.0255259 0.0638146
vn -0.9984476 0.0000000 0.0556986
vn -0.9984039 0.0209749 0.0524372
vn -0.9976757 0.0492416 0.0471007
vn -0.9984791 0.0400234 0.0379169
vn -0.9976353 0.0638146 0.0255259
vn -0.9984654 0.0503429 0.0230738
vn -0.9984476 0.0556986 0.0000000
vn -0.9976254 0.0688737 0.0000000
vn -0.9976353 0.0638146 -0.0255259
vn -0.9984654 0.0503428 -0.0230738
vn -0.9984791 0.0400234 -0.0379169
vn -0.9976757 0.0492415 -0.0471007
vn -0.9984039 0.0209749 -0.0524372
vn -0.9976353 0.0255259 -0.0638146
vn -0.7221029 0.4891664 -0.4891664
vn -0.7221138 0.6394047 -0.2640327
vn -0.7221609 0.6917251 0.0000000
vn -0.7221137 0.6394048 0.2640327
vn -0.7221029 0.4891664 0.4891664
vn -0.7221137 0.2640327 0.6394048
vn -0.7221609 0.0000000 0.6917251
vn -0.7221138 -0.2640327 0.6394047
vn -0.9976353 -0.0255259 0.0638146
vn -0.9984039 -0.0209749 0.0524372
vn -0.6822894 -0.2786817 0.6758829
vn -0.6832046 0.0000000 0.7302270
vn -0.6822894 0.2786817 0.6758829
vn -0.6818340 0.5172535 0.5172535
vn -0.6822894 0.6758829 0.2786817
vn -0.6832046 0.7302270 0.0000000
vn -0.6822894 0.6758829 -0.2786817
vn -0.6818341 0.5172534 -0.5172535
vn -0.6822894 0.2786816 -0.6758829
vn -0.6832047 0.0000000 -0.7302269
vn -0.9984039 -0.0209749 -0.0524372
vn -0.6822894 -0.2786816 -0.6758829
vn -0.9984476 0.0000000 -0.0556985
vn -0.9976254 0.0000000 -0.0688737
vn -0.7221137 0.2640327 -0.6394048
vn -0.0940587 0.7025008 -0.7054400
vn -0.0955717 0.9202190 -0.3795563
vn -0.0961194 0.9953698 0.0000000
vn -0.0955717 0.9202190 0.3795563
vn -0.0940587 0.7025008 0.7054400
vn -0.0955717 0.3795563 0.9202190
vn -0.0961194 0.0000000 0.9953698
vn -0.0955717 -0.3795563 0.9202190
vn -0.0940587 -0.7025008 0.7054400
vn -0.7221029 -0.4891664 0.4891664
vn -0.9976757 -0.0492416 0.0471006
vn -0.9984791 -0.0400234 0.0379169
vn -0.6818341 -0.5172535 0.5172534
vn -0.0310976 -0.7067648 0.7067648
vn -0.0313981 -0.3820092 0.9236250
vn -0.0323064 0.0000000 0.9994780
vn -0.0313981 0.3820092 0.9236250
vn -0.0310975 0.7067648 0.7067648
vn -0.0313981 0.9236250 0.3820092
vn -0.0323064 0.9994780 0.0000000
vn -0.0313981 0.9236250 -0.3820092
vn -0.0310976 0.7067648 -0.7067648
vn -0.0313981 0.3820092 -0.9236250
vn -0.0323064 0.0000000 -0.9994780
vn -0.0313981 -0.3820092 -0.9236250
vn -0.0310977 -0.7067648 -0.7067648
vn -0.6818342 -0.5172534 -0.5172534
vn -0.9984791 -0.0400234 -0.0379169
vn -0.9976757 -0.0492415 -0.0471006
vn -0.9976353 -0.0255259 -0.0638146
vn -0.7221610 0.0000000 -0.6917250
vn -0.0955717 0.3795563 -0.9202190
vn 0.1161494 0.3788680 -0.9181331
vn 0.1160626 0.7023281 -0.7023281
vn 0.1161493 0.9181330 -0.3788681
vn 0.1149533 0.9933709 0.0000000
vn 0.1161494 0.9181331 0.3788680
vn 0.1160626 0.7023281 0.7023281
vn 0.1161494 0.3788680 0.9181331
vn 0.1149533 0.0000000 0.9933709
vn 0.1161493 -0.3788681 0.9181330
vn 0.1160626 -0.7023281 0.7023281
vn 0.1161494 -0.9181331 0.3788680
vn -0.0955717 -0.9202190 0.3795563
vn -0.7221137 -0.6394048 0.2640327
vn -0.9976353 -0.0638146 0.0255259
vn -0.9984654 -0.0503429 0.0230738
vn -0.6822894 -0.6758829 0.2786816
vn -0.0313981 -0.9236250 0.3820092
vn 0.0313981 -0.9236250 0.3820092
vn 0.0310976 -0.7067648 0.7067648
vn 0.0313981 -0.3820092 0.9236250
vn 0.0323064 0.0000000 0.9994780
vn 0.0313981 0.3820092 0.9236250
vn 0.0310975 0.7067648 0.7067648
vn 0.0313981 0.9236250 0.3820092
vn 0.0323064 0.9994780 0.0000000
vn 0.0313981 0.9236250 -0.3820092
vn 0.0310976 0.7067648 -0.7067648
vn 0.0313981 0.3820092 -0.9236250
vn 0.0323064 0.0000000 -0.9994780
vn 0.0313981 -0.3820092 -0.9236250
vn 0.0310977 -0.7067648 -0.7067648
vn 0.0313981 -0.9236250 -0.3820092
vn -0.0313981 -0.9236250 -0.3820092
vn -0.6822894 -0.6758829 -0.2786816
vn -0.9984654 -0.0503428 -0.0230738
vn -0.9976353 -0.0638146 -0.0255259
vn -0.7221138 -0.6394047 -0.2640327
vn -0.7221029 -0.4891664 -0.4891664
vn -0.7221138 -0.2640327 -0.6394047
vn -0.0961194 0.0000000 -0.9953698
vn 0.1149534 0.0000000 -0.9933709
vn 0.7883158 0.0000000 -0.6152709
vn 0.7764078 0.2410621 -0.5823058
vn 0.7592730 0.4601655 -0.4601655
vn 0.7755720 0.5848064 -0.2376754
vn 0.7883158 0.6152709 0.0000000
vn 0.7755720 0.5848064 0.2376754
vn 0.7592730 0.4601655 0.4601655
vn 0.7764077 0.2410621 0.5823059
vn 0.7883158 0.0000000 0.6152709
vn 0.7764077 -0.2410621 0.5823059
vn 0.7592730 -0.4601655 0.4601655
vn 0.7755720 -0.5848064 0.2376754
vn 0.7883158 -0.6152709 0.0000000
vn 0.1149534 -0.9933709 0.0000000
vn -0.0961194 -0.9953698 0.0000000
vn -0.7221610 -0.6917250 0.0000000
vn -0.9976254 -0.0688737 0.0000000
vn -0.9984476 -0.0556985 0.0000000
vn -0.6832047 -0.7302269 0.0000000
vn -0.0323064 -0.9994780 0.0000000
vn 0.0323064 -0.9994780 0.0000000
vn 0.6832047 -0.7302269 0.0000000
vn 0.6822895 -0.6758829 0.2786815
vn 0.6818341 -0.5172534 0.5172535
vn 0.6822894 -0.2786816 0.6758829
vn 0.6832048 0.0000000 0.7302268
vn 0.6822895 0.2786815 0.6758829
vn 0.6818340 0.5172535 0.5172535
vn 0.6822895 0.6758829 0.2786815
vn 0.6832048 0.7302268 0.0000000
vn 0.6822894 0.6758829 -0.2786816
vn 0.6818341 0.5172535 -0.5172534
vn 0.6822895 0.2786815 -0.6758829
vn 0.6832047 0.0000000 -0.7302269
vn 0.6822894 -0.2786816 -0.6758829
vn 0.6818342 -0.5172534 -0.5172534
vn 0.6822894 -0.6758829 -0.2786816
vn 0.6832047 -0.7302269 0.0000000
vn 0.0323064 -0.9994780 0.0000000
vn -0.0323064 -0.9994780 0.0000000
vn -0.6832047 -0.7302269 0.0000000
vn -0.9984476 -0.0556985 0.0000000
vn -0.9976254 -0.0688737 0.0000000
vn -0.7221610 -0.6917250 0.0000000
vn -0.0955717 -0.9202190 -0.3795563
vn -0.0961194 -0.9953698 0.0000000
vn 0.1149534 -0.9933709 0.0000000
vn 0.7883158 -0.6152709 0.0000000
vn 0.7755720 -0.5848064 -0.2376754
vn 0.7592730 -0.4601655 -0.4601655
vn 0.1161493 -0.9181330 -0.3788681
vn -0.0940587 -0.7025008 -0.7054400
vn -0.0955717 -0.3795563 -0.9202190
vn 0.1161493 -0.3788681 -0.9181330
vn 0.7764078 -0.2410621 -0.5823058
vn 0.1160626 -0.7023281 -0.7023281
f 1112/1112/1112 1113/1113/1113 1114/1114/1114
f 1114/1114/1114 1113/1113/1113 1115/1115/1115
f 1116/1116/1116 1115/1115/1115 1117/1117/1117
f 1115/1115/1115 1113/1113/1113 1117/1117/1117
f 1117/1117/1117 1113/1113/1113 1118/1118/1118
f 1118/1118/1118 1113/1113/1113 1119/1119/1119
f 1113/1113/1113 1112/1112/1112 1119/1119/1119
f 1112/1112/1112 1120/1120/1120 1119/1119/1119
f 1119/1119/1119 1120/1120/1120 1121/1121/1121
f 1121/1121/1121 1120/1120/1120 1122/1122/1122
f 1123/1123/1123 1122/1122/1122 1124/1124/1124
f 1122/1122/1122 1120/1120/1120 1124/1124/1124
f 1124/1124/1124 1120/1120/1120 1125/1125/1125
f 1120/1120/1120 1112/1112/1112 1125/1125/1125
f 1125/1125/1125 1112/1112/1112 1126/1126/1126
f 1112/1112/1112 1114/1114/1114 1126/1126/1126
f 1126/1126/1126 1114/1114/1114 1127/1127/1127
f 1127/1127/1127 1114/1114/1114 1128/1128/1128
f 1114/1114/1114 1115/1115/1115 1128/1128/1128
f 1128/1128/1128 1115/1115/1115 1129/1129/1129
f 1115/1115/1115 1116/1116/1116 1129/1129/1129
f 1129/1129/1129 1116/1116/1116 1130/1130/1130
f 1131/1131/1131 1130/1130/1130 1132/1132/1132
f 1130/1130/1130 1116/1116/1116 1132/1132/1132
f 1132/1132/1132 1116/1116/1116 1133/1133/1133
f 1116/1116/1116 1117/1117/1117 1133/1133/1133
f 1133/1133/1133 1117/1117/1117 1134/1134/1134
f 1117/1117/1117 1118/1118/1118 1134/1134/1134
f 1134/1134/1134 1118/1118/1118 1135/1135/1135
f 1135/1135/1135 1118/1118/1118 1136/1136/1136
f 1118/1118/1118 1119/1119/1119 1136/1136/1136
f 1119/1119/1119 1121/1121/1121 1136/1136/1136
f 1136/1136/1136 1121/1121/1121 1137/1137/1137
f 1137/1137/1137 1121/1121/1121 1138/1138/1138
f 1121/1121/1121 1122/1122/1122 1138/1138/1138
f 1138/1138/1138 1122/1122/1122 1139/1139/1139
f 1122/1122/1122 1123/1123/1123 1139/1139/1139
f 1139/1139/1139 1123/1123/1123 1140/1140/1140
f 1123/1123/1123 1124/1124/1124 1140/1140/1140
f 1140/1140/1140 1124/1124/1124 1141/1141/1141
f 1124/1124/1124 1125/1125/1125 1141/1141/1141
f 1141/1141/1141 1125/1125/1125 1142/1142/1142
f 1125/1125/1125 1126/1126/1126 1142/1142/1142
f 1142/1142/1142 1126/1126/1126 1143/1143/1143
f 1126/1126/1126 1127/1127/1127 1143/1143/1143
f 1143/1143/1143 1127/1127/1127 1144/1144/1144
f 1127/1127/1127 1128/1128/1128 1144/1144/1144
f 1144/1144/1144 1128/1128/1128 1145/1145/1145
f 1128/1128/1128 1129/1129/1129 1145/1145/1145
f 1145/1145/1145 1129/1129/1129 1146/1146/1146
f 1129/1129/1129 1130/1130/1130 1146/1146/1146
f 1146/1146/1146 1130/1130/1130 1147/1147/1147
f 1130/1130/1130 1131/1131/1131 1147/1147/1147
f 1147/1147/1147 1131/1131/1131 1148/1148/1148
f 1131/1131/1131 1132/1132/1132 1148/1148/1148
f 1148/1148/1148 1132/1132/1132 1149/1149/1149
f 1132/1132/1132 1133/1133/1133 1149/1149/1149
f 1149/1149/1149 1133/1133/1133 1150/1150/1150
f 1133/1133/1133 1134/1134/1134 1150/1150/1150
f 1150/1150/1150 1134/1134/1134 1151/1151/1151
f 1134/1134/1134 1135/1135/1135 1151/1151/1151
f 1151/1151/1151 1135/1135/1135 1152/1152/1152
f 1135/1135/1135 1136/1136/1136 1152/1152/1152
f 1136/1136/1136 1137/1137/1137 1152/1152/1152
f 1152/1152/1152 1137/1137/1137 1153/1153/1153
f 1153/1153/1153 1137/1137/1137 1154/1154/1154
f 1137/1137/1137 1138/1138/1138 1154/1154/1154
f 1154/1154/1154 1138/1138/1138 1155/1155/1155
f 1138/1138/1138 1139/1139/1139 1155/1155/1155
f 1155/1155/1155 1139/1139/1139 1156/1156/1156
f 1139/1139/1139 1140/1140/1140 1156/1156/1156
f 1156/1156/1156 1140/1140/1140 1157/1157/1157
f 1140/1140/1140 1141/1141/1141 1157/1157/1157
f 1157/1157/1157 1141/1141/1141 1158/1158/1158
f 1141/1141/1141 1142/1142/1142 1158/1158/1158
f 1158/1158/1158 1142/1142/1142 1159/1159/1159
f 1142/1142/1142 1143/1143/1143 1159/1159/1159
f 1159/1159/1159 1143/1143/1143 1160/1160/1160
f 1143/1143/1143 1144/1144/1144 1160/1160/1160
f 1160/1160/1160 1144/1144/1144 1161/1161/1161
f 1144/1144/1144 1145/1145/1145 1161/1161/1161
f 1161/1161/1161 1145/1145/1145 1162/1162/1162
f 1145/1145/1145 1146/1146/1146 1162/1162/1162
f 1162/1162/1162 1146/1146/1146 1163/1163/1163
f 1146/1146/1146 1147/1147/1147 1163/1163/1163
f 1163/1163/1163 1147/1147/1147 1164/1164/1164
f 1147/1147/1147 1148/1148/1148 1164/1164/1164
f 1164/1164/1164 1148/1148/1148 1165/1165/1165
f 1148/1148/1148 1149/1149/1149 1165/1165/1165
f 1165/1165/1165 1149/1149/1149 1166/1166/1166
f 1149/1149/1149 1150/1150/1150 1166/1166/1166
f 1166/1166/1166 1150/1150/1150 1167/1167/1167
f 1150/1150/1150 1151/1151/1151 1167/1167/1167
f 1167/1167/1167 1151/1151/1151 1168/1168/1168
f 1151/1151/1151 1152/1152/1152 1168/1168/1168
f 1152/1152/1152 1153/1153/1153 1168/1168/1168
f 1169/1169/1169 1170/1170/1170 1171/1171/1171
f 1170/1170/1170 1172/1172/1172 1171/1171/1171
f 1171/1171/1171 1172/1172/1172 1173/1173/1173
f 1172/1172/1172 1174/1174/1174 1173/1173/1173
f 1173/1173/1173 1174/1174/1174 1175/1175/1175
f 1174/1174/1174 1176/1176/1176 1175/1175/1175
f 1176/1176/1176 1177/1177/1177 1175/1175/1175
f 1175/1175/1175 1177/1177/1177 1178/1178/1178
f 1178/1178/1178 1177/1177/1177 1179/1179/1179
f 1177/1177/1177 1180/1180/1180 1179/1179/1179
f 1180/1180/1180 1181/1181/1181 1179/1179/1179
f 1179/1179/1179 1181/1181/1181 1182/1182/1182
f 1182/1182/1182 1181/1181/1181 1183/1183/1183
f 1183/1183/1183 1181/1181/1181 1184/1184/1184
f 1185/1185/1185 1184/1184/1184 1186/1186/1186
f 1184/1184/1184 1181/1181/1181 1186/1186/1186
f 1186/1186/1186 1181/1181/1181 1187/1187/1187
f 1181/1181/1181 1180/1180/1180 1187/1187/1187
f 1187/1187/1187 1180/1180/1180 1188/1188/1188
f 1180/1180/1180 1177/1177/1177 1188/1188/1188
f 1188/1188/1188 1177/1177/1177 1189/1189/1189
f 1177/1177/1177 1176/1176/1176 1189/1189/1189
f 1189/1189/1189 1176/1176/1176 1190/1190/1190
f 1176/1176/1176 1174/1174/1174 1190/1190/1190
f 1190/1190/1190 1174/1174/1174 1191/1191/1191
f 1174/1174/1174 1172/1172/1172 1191/1191/1191
f 1191/1191/1191 1172/1172/1172 1192/1192/1192
f 1172/1172/1172 1170/1170/1170 1192/1192/1192
f 1192/1192/1192 1170/1170/1170 1193/1193/1193
f 1194/1194/1194 1193/1193/1193 1195/1195/1195
f 1193/1193/1193 1170/1170/1170 1195/1195/1195
f 1170/1170/1170 1169/1169/1169 1195/1195/1195
f 1195/1195/1195 1169/1169/1169 1196/1196/1196
f 1196/1196/1196 1169/1169/1169 1197/1197/1197
f 1197/1197/1197 1169/1169/1169 1198/1198/1198
f 1169/1169/1169 1171/1171/1171 1198/1198/1198
f 1198/1198/1198 1171/1171/1171 1199/1199/1199
f 1171/1171/1171 1173/1173/1173 1199/1199/1199
f 1199/1199/1199 1173/1173/1173 1200/1200/1200
f 1173/1173/1173 1175/1175/1175 1200/1200/1200
f 1200/1200/1200 1175/1175/1175 1201/1201/1201
f 1175/1175/1175 1178/1178/1178 1201/1201/1201
f 1201/1201/1201 1178/1178/1178 1202/1202/1202
f 1178/1178/1178 1179/1179/1179 1202/1202/1202
f 1202/1202/1202 1179/1179/1179 1203/1203/1203
f 1179/1179/1179 1182/1182/1182 1203/1203/1203
f 1203/1203/1203 1182/1182/1182 1204/1204/1204
f 1182/1182/1182 1183/1183/1183 1204/1204/1204
f 1204/1204/1204 1183/1183/1183 1205/1205/1205
f 1205/1205/1205 1183/1183/1183 1206/1206/1206
f 1206/1206/1206 1183/1183/1183 1207/1207/1207
f 1183/1183/1183 1184/1184/1184 1207/1207/1207
f 1184/1184/1184 1185/1185/1185 1207/1207/1207
f 1185/1185/1185 1208/1208/1208 1207/1207/1207
f 1207/1207/1207 1208/1208/1208 1209/1209/1209
f 1210/1210/1210 1209/1209/1209 1211/1211/1211
f 1209/1209/1209 1208/1208/1208 1211/1211/1211
f 1211/1211/1211 1208/1208/1208 1212/1212/1212
f 1212/1212/1212 1208/1208/1208 1213/1213/1213
f 1208/1208/1208 1185/1185/1185 1213/1213/1213
f 1213/1213/1213 1185/1185/1185 1214/1214/1214
f 1185/1185/1185 1186/1186/1186 1214/1214/1214
f 1214/1214/1214 1186/1186/1186 1215/1215/1215
f 1186/1186/1186 1187/1187/1187 1215/1215/1215
f 1215/1215/1215 1187/1187/1187 1216/1216/1216
f 1187/1187/1187 1188/1188/1188 1216/1216/1216
f 1216/1216/1216 1188/1188/1188 1217/1217/1217
f 1188/1188/1188 1189/1189/1189 1217/1217/1217
f 1217/1217/1217 1189/1189/1189 1218/1218/1218
f 1189/1189/1189 1190/1190/1190 1218/1218/1218
f 1218/1218/1218 1190/1190/1190 1219/1219/1219
f 1190/1190/1190 1191/1191/1191 1219/1219/1219
f 1219/1219/1219 1191/1191/1191 1220/1220/1220
f 1191/1191/1191 1192/1192/1192 1220/1220/1220
f 1220/1220/1220 1192/1192/1192 1221/1221/1221
f 1192/1192/1192 1193/1193/1193 1221/1221/1221
f 1221/1221/1221 1193/1193/1193 1222/1222/1222
f 1193/1193/1193 1194/1194/1194 1222/1222/1222
f 1222/1222/1222 1194/1194/1194 1223/1223/1223
f 1224/1224/1224 1223/1223/1223 1225/1225/1225
f 1223/1223/1223 1194/1194/1194 1225/1225/1225
f 1225/1225/1225 1194/1194/1194 1226/1226/1226
f 1194/1194/1194 1195/1195/1195 1226/1226/1226
f 1195/1195/1195 1196/1196/1196 1226/1226/1226
f 1226/1226/1226 1196/1196/1196 1227/1227/1227
f 1227/1227/1227 1196/1196/1196 1228/1228/1228
f 1196/1196/1196 1197/1197/1197 1228/1228/1228
f 1228/1228/1228 1197/1197/1197 1229/1229/1229
f 1229/1229/1229 1197/1197/1197 1230/1230/1230
f 1197/1197/1197 1198/1198/1198 1230/1230/1230
f 1230/1230/1230 1198/1198/1198 1231/1231/1231
f 1198/1198/1198 1199/1199/1199 1231/1231/1231
f 1231/1231/1231 1199/1199/1199 1232/1232/1232
f 1199/1199/1199 1200/1200/1200 1232/1232/1232
f 1232/1232/1232 1200/1200/1200 1233/1233/1233
f 1200/1200/1200 1201/1201/1201 1233/1233/1233
f 1233/1233/1233 1201/1201/1201 1234/1234/1234
f 1201/1201/1201 1202/1202/1202 1234/1234/1234
f 1234/1234/1234 1202/1202/1202 1235/1235/1235
f 1202/1202/1202 1203/1203/1203 1235/1235/1235
f 1235/1235/1235 1203/1203/1203 1236/1236/1236
f 1203/1203/1203 1204/1204/1204 1236/1236/1236
f 1236/1236/1236 1204/1204/1204 1237/1237/1237
f 1204/1204/1204 1205/1205/1205 1237/1237/1237
f 1237/1237/1237 1205/1205/1205 1238/1238/1238
f 1238/1238/1238 1205/1205/1205 1239/1239/1239
f 1205/1205/1205 1206/1206/1206 1239/1239/1239
f 1239/1239/1239 1206/1206/1206 1240/1240/1240
f 1206/1206/1206 1207/1207/1207 1240/1240/1240
f 1207/1207/1207 1209/1209/1209 1240/1240/1240
f 1240/1240/1240 1209/1209/1209 1241/1241/1241
f 1209/1209/1209 1210/1210/1210 1241/1241/1241
f 1241/1241/1241 1210/1210/1210 1242/1242/1242
f 1242/1242/1242 1210/1210/1210 1243/1243/1243
f 1243/1243/1243 1210/1210/1210 1244/1244/1244
f 1210/1210/1210 1211/1211/1211 1244/1244/1244
f 1244/1244/1244 1211/1211/1211 1245/1245/1245
f 1211/1211/1211 1212/1212/1212 1245/1245/1245
f 1245/1245/1245 1212/1212/1212 1246/1246/1246
f 1246/1246/1246 1212/1212/1212 1247/1247/1247
f 1212/1212/1212 1213/1213/1213 1247/1247/1247
f 1247/1247/1247 1213/1213/1213 1248/1248/1248
f 1248/1248/1248 1213/1213/1213 1249/1249/1249
f 1213/1213/1213 1214/1214/1214 1249/1249/1249
f 1214/1214/1214 1215/1215/1215 1249/1249/1249
f 1249/1249/1249 1215/1215/1215 1250/1250/1250
f 1215/1215/1215 1216/1216/1216 1250/1250/1250
f 1250/1250/1250 1216/1216/1216 1251/1251/1251
f 1216/1216/1216 1217/1217/1217 1251/1251/1251
f 1251/1251/1251 1217/1217/1217 1252/1252/1252
f 1217/1217/1217 1218/1218/1218 1252/1252/1252
f 1252/1252/1252 1218/1218/1218 1253/1253/1253
f 1218/1218/1218 1219/1219/1219 1253/1253/1253
f 1253/1253/1253 1219/1219/1219 1254/1254/1254
f 1219/1219/1219 1220/1220/1220 1254/1254/1254
f 1254/1254/1254 1220/1220/1220 1255/1255/1255
f 1220/1220/1220 1221/1221/1221 1255/1255/1255
f 1255/1255/1255 1221/1221/1221 1256/1256/1256
f 1221/1221/1221 1222/1222/1222 1256/1256/1256
f 1256/1256/1256 1222/1222/1222 1257/1257/1257
f 1222/1222/1222 1223/1223/1223 1257/1257/1257
f 1257/1257/1257 1223/1223/1223 1258/1258/1258
f 1223/1223/1223 1224/1224/1224 1258/1258/1258
f 1258/1258/1258 1224/1224/1224 1259/1259/1259
f 1260/1260/1260 1259/1259/1259 1261/1261/1261
f 1259/1259/1259 1224/1224/1224 1261/1261/1261
f 1261/1261/1261 1224/1224/1224 1262/1262/1262
f 1224/1224/1224 1225/1225/1225 1262/1262/1262
f 1262/1262/1262 1225/1225/1225 1263/1263/1263
f 1225/1225/1225 1226/1226/1226 1263/1263/1263
f 1226/1226/1226 1227/1227/1227 1263/1263/1263
f 1263/1263/1263 1227/1227/1227 1264/1264/1264
f 1264/1264/1264 1227/1227/1227 1265/1265/1265
f 1227/1227/1227 1228/1228/1228 1265/1265/1265
f 1265/1265/1265 1228/1228/1228 1266/1266/1266
f 1228/1228/1228 1229/1229/1229 1266/1266/1266
f 1267/1267/1267 1266/1266/1266 1268/1268/1268
f 1266/1266/1266 1229/1229/1229 1268/1268/1268
f 1268/1268/1268 1229/1229/1229 1269/1269/1269
f 1229/1229/1229 1230/1230/1230 1269/1269/1269
f 1269/1269/1269 1230/1230/1230 1270/1270/1270
f 1230/1230/1230 1231/1231/1231 1270/1270/1270
f 1270/1270/1270 1231/1231/1231 1271/1271/1271
f 1231/1231/1231 1232/1232/1232 1271/1271/1271
f 1271/1271/1271 1232/1232/1232 1272/1272/1272
f 1232/1232/1232 1233/1233/1233 1272/1272/1272
f 1272/1272/1272 1233/1233/1233 1273/1273/1273
f 1233/1233/1233 1234/1234/1234 1273/1273/1273
f 1273/1273/1273 1234/1234/1234 1274/1274/1274
f 1234/1234/1234 1235/1235/1235 1274/1274/1274
f 1274/1274/1274 1235/1235/1235 1275/1275/1275
f 1235/1235/1235 1236/1236/1236 1275/1275/1275
f 1275/1275/1275 1236/1236/1236 1276/1276/1276
f 1236/1236/1236 1237/1237/1237 1276/1276/1276
f 1276/1276/1276 1237/1237/1237 1277/1277/1277
f 1237/1237/1237 1238/1238/1238 1277/1277/1277
f 1277/1277/1277 1238/1238/1238 1278/1278/1278
f 1278/1278/1278 1238/1238/1238 1279/1279/1279
f 1238/1238/1238 1239/1239/1239 1279/1279/1279
f 1279/1279/1279 1239/1239/1239 1280/1280/1280
f 1239/1239/1239 1240/1240/1240 1280/1280/1280
f 1240/1240/1240 1241/1241/1241 1280/1280/1280
f 1280/1280/1280 1241/1241/1241 1281/1281/1281
f 1241/1241/1241 1242/1242/1242 1281/1281/1281
f 1281/1281/1281 1242/1242/1242 1282/1282/1282
f 1283/1283/1283 1284/1284/1284 1285/1285/1285
f 1286/1286/1286 1285/1285/1285 1287/1287/1287
f 1285/1285/1285 1284/1284/1284 1287/1287/1287
f 1284/1284/1284 1288/1288/1288 1287/1287/1287
f 1287/1287/1287 1288/1288/1288 1289/1289/1289
f 1289/1289/1289 1288/1288/1288 1290/1290/1290
f 1288/1288/1288 1282/1282/1282 1290/1290/1290
f 1290/1290/1290 1282/1282/1282 1291/1291/1291
f 1282/1282/1282 1242/1242/1242 1291/1291/1291
f 1242/1242/1242 1243/1243/1243 1291/1291/1291
f 1291/1291/1291 1243/1243/1243 1292/1292/1292
f 1292/1292/1292 1243/1243/1243 1293/1293/1293
f 1243/1243/1243 1244/1244/1244 1293/1293/1293
f 1293/1293/1293 1244/1244/1244 1294/1294/1294
f 1244/1244/1244 1245/1245/1245 1294/1294/1294
f 1294/1294/1294 1245/1245/1245 1295/1295/1295
f 1245/1245/1245 1246/1246/1246 1295/1295/1295
f 1295/1295/1295 1246/1246/1246 1296/1296/1296
f 1296/1296/1296 1246/1246/1246 1297/1297/1297
f 1246/1246/1246 1247/1247/1247 1297/1297/1297
f 1297/1297/1297 1247/1247/1247 1298/1298/1298
f 1247/1247/1247 1248/1248/1248 1298/1298/1298
f 1298/1298/1298 1248/1248/1248 1299/1299/1299
f 1248/1248/1248 1249/1249/1249 1299/1299/1299
f 1299/1299/1299 1249/1249/1249 1300/1300/1300
f 1249/1249/1249 1250/1250/1250 1300/1300/1300
f 1300/1300/1300 1250/1250/1250 1301/1301/1301
f 1250/1250/1250 1251/1251/1251 1301/1301/1301
f 1301/1301/1301 1251/1251/1251 1302/1302/1302
f 1251/1251/1251 1252/1252/1252 1302/1302/1302
f 1302/1302/1302 1252/1252/1252 1303/1303/1303
f 1252/1252/1252 1253/1253/1253 1303/1303/1303
f 1303/1303/1303 1253/1253/1253 1304/1304/1304
f 1253/1253/1253 1254/1254/1254 1304/1304/1304
f 1304/1304/1304 1254/1254/1254 1305/1305/1305
f 1254/1254/1254 1255/1255/1255 1305/1305/1305
f 1305/1305/1305 1255/1255/1255 1306/1306/1306
f 1255/1255/1255 1256/1256/1256 1306/1306/1306
f 1306/1306/1306 1256/1256/1256 1307/1307/1307
f 1256/1256/1256 1257/1257/1257 1307/1307/1307
f 1307/1307/1307 1257/1257/1257 1308/1308/1308
f 1257/1257/1257 1258/1258/1258 1308/1308/1308
f 1308/1308/1308 1258/1258/1258 1309/1309/1309
f 1258/1258/1258 1259/1259/1259 1309/1309/1309
f 1309/1309/1309 1259/1259/1259 1310/1310/1310
f 1259/1259/1259 1260/1260/1260 1310/1310/1310
f 1310/1310/1310 1260/1260/1260 1311/1311/1311
f 1312/1312/1312 1311/1311/1311 1313/1313/1313
f 1311/1311/1311 1260/1260/1260 1313/1313/1313
f 1313/1313/1313 1260/1260/1260 1314/1314/1314
f 1260/1260/1260 1261/1261/1261 1314/1314/1314
f 1314/1314/1314 1261/1261/1261 1315/1315/1315
f 1261/1261/1261 1262/1262/1262 1315/1315/1315
f 1315/1315/1315 1262/1262/1262 1316/1316/1316
f 1262/1262/1262 1263/1263/1263 1316/1316/1316
f 1263/1263/1263 1264/1264/1264 1316/1316/1316
f 1316/1316/1316 1264/1264/1264 1317/1317/1317
f 1317/1317/1317 1264/1264/1264 1318/1318/1318
f 1264/1264/1264 1265/1265/1265 1318/1318/1318
f 1318/1318/1318 1265/1265/1265 1319/1319/1319
f 1265/1265/1265 1266/1266/1266 1319/1319/1319
f 1266/1266/1266 1267/1267/1267 1319/1319/1319
f 1319/1319/1319 1267/1267/1267 1320/1320/1320
f 1320/1320/1320 1267/1267/1267 1321/1321/1321
f 1321/1321/1321 1267/1267/1267 1322/1322/1322
f 1267/1267/1267 1268/1268/1268 1322/1322/1322
f 1322/1322/1322 1268/1268/1268 1323/1323/1323
f 1268/1268/1268 1269/1269/1269 1323/1323/1323
f 1323/1323/1323 1269/1269/1269 1324/1324/1324
f 1269/1269/1269 1270/1270/1270 1324/1324/1324
f 1324/1324/1324 1270/1270/1270 1325/1325/1325
f 1270/1270/1270 1271/1271/1271 1325/1325/1325
f 1325/1325/1325 1271/1271/1271 1326/1326/1326
f 1271/1271/1271 1272/1272/1272 1326/1326/1326
f 1326/1326/1326 1272/1272/1272 1327/1327/1327
f 1272/1272/1272 1273/1273/1273 1327/1327/1327
f 1327/1327/1327 1273/1273/1273 1328/1328/1328
f 1273/1273/1273 1274/1274/1274 1328/1328/1328
f 1328/1328/1328 1274/1274/1274 1329/1329/1329
f 1274/1274/1274 1275/1275/1275 1329/1329/1329
f 1329/1329/1329 1275/1275/1275 1330/1330/1330
f 1275/1275/1275 1276/1276/1276 1330/1330/1330
f 1330/1330/1330 1276/1276/1276 1331/1331/1331
f 1276/1276/1276 1277/1277/1277 1331/1331/1331
f 1331/1331/1331 1277/1277/1277 1332/1332/1332
f 1277/1277/1277 1278/1278/1278 1332/1332/1332
f 1332/1332/1332 1278/1278/1278 1333/1333/1333
f 1334/1334/1334 1333/1333/1333 1335/1335/1335
f 1333/1333/1333 1278/1278/1278 1335/1335/1335
f 1278/1278/1278 1279/1279/1279 1335/1335/1335
f 1335/1335/1335 1279/1279/1279 1336/1336/1336
f 1279/1279/1279 1280/1280/1280 1336/1336/1336
f 1280/1280/1280 1281/1281/1281 1336/1336/1336
f 1336/1336/1336 1281/1281/1281 1337/1337/1337
f 1281/1281/1281 1282/1282/1282 1337/1337/1337
f 1282/1282/1282 1288/1288/1288 1337/1337/1337
f 1288/1288/1288 1284/1284/1284 1337/1337/1337
f 1337/1337/1337 1284/1284/1284 1338/1338/1338
f 1284/1284/1284 1283/1283/1283 1338/1338/1338
f 1283/1283/1283 1334/1334/1334 1338/1338/1338
f 1334/1334/1334 1335/1335/1335 1338/1338/1338
f 1335/1335/1335 1336/1336/1336 1338/1338/1338
f 1339/1339/1339 1340/1340/1340 1341/1341/1341
f 1341/1341/1341 1340/1340/1340 1342/1342/1342
f 1340/1340/1340 1343/1343/1343 1342/1342/1342
f 1343/1343/1343 1344/1344/1344 1342/1342/1342
f 1342/1342/1342 1344/1344/1344 1345/1345/1345
f 1345/1345/1345 1344/1344/1344 1346/1346/1346
f 1346/1346/1346 1344/1344/1344 1347/1347/1347
f 1348/1348/1348 1347/1347/1347 1349/1349/1349
f 1347/1347/1347 1344/1344/1344 1349/1349/1349
f 1349/1349/1349 1344/1344/1344 1350/1350/1350
f 1344/1344/1344 1343/1343/1343 1350/1350/1350
f 1343/1343/1343 1340/1340/1340 1350/1350/1350
f 1350/1350/1350 1340/1340/1340 1351/1351/1351
f 1351/1351/1351 1340/1340/1340 1352/1352/1352
f 1340/1340/1340 1339/1339/1339 1352/1352/1352
f 1352/1352/1352 1339/1339/1339 1353/1353/1353
f 1353/1353/1353 1339/1339/1339 1354/1354/1354
f 1354/1354/1354 1339/1339/1339 1355/1355/1355
f 1339/1339/1339 1341/1341/1341 1355/1355/1355
f 1355/1355/1355 1341/1341/1341 1356/1356/1356
f 1341/1341/1341 1342/1342/1342 1356/1356/1356
f 1356/1356/1356 1342/1342/1342 1357/1357/1357
f 1357/1357/1357 1342/1342/1342 1358/1358/1358
f 1342/1342/1342 1345/1345/1345 1358/1358/1358
f 1358/1358/1358 1345/1345/1345 1359/1359/1359
f 1345/1345/1345 1346/1346/1346 1359/1359/1359
f 1359/1359/1359 1346/1346/1346 1360/1360/1360
f 1360/1360/1360 1346/1346/1346 1361/1361/1361
f 1346/1346/1346 1347/1347/1347 1361/1361/1361
f 1361/1361/1361 1347/1347/1347 1362/1362/1362
f 1347/1347/1347 1348/1348/1348 1362/1362/1362
f 1362/1362/1362 1348/1348/1348 1363/1363/1363
f 1348/1348/1348 1364/1364/1364 1363/1363/1363
f 1363/1363/1363 1364/1364/1364 1365/1365/1365
f 1366/1366/1366 1367/1367/1367 1368/1368/1368
f 1368/1368/1368 1367/1367/1367 1369/1369/1369
f 1367/1367/1367 1370/1370/1370 1369/1369/1369
f 1369/1369/1369 1370/1370/1370 1371/1371/1371
f 1370/1370/1370 1372/1372/1372 1371/1371/1371
f 1371/1371/1371 1372/1372/1372 1373/1373/1373
f 1372/1372/1372 1374/1374/1374 1373/1373/1373
f 1373/1373/1373 1374/1374/1374 1375/1375/1375
f 1374/1374/1374 1376/1376/1376 1375/1375/1375
f 1375/1375/1375 1376/1376/1376 1377/1377/1377
f 1376/1376/1376 1365/1365/1365 1377/1377/1377
f 1365/1365/1365 1364/1364/1364 1377/1377/1377
f 1377/1377/1377 1364/1364/1364 1378/1378/1378
f 1378/1378/1378 1364/1364/1364 1379/1379/1379
f 1364/1364/1364 1348/1348/1348 1379/1379/1379
f 1348/1348/1348 1349/1349/1349 1379/1379/1379
f 1349/1349/1349 1350/1350/1350 1379/1379/1379
f 1379/1379/1379 1350/1350/1350 1380/1380/1380
f 1380/1380/1380 1350/1350/1350 1381/1381/1381
f 1350/1350/1350 1351/1351/1351 1381/1381/1381
f 1381/1381/1381 1351/1351/1351 1382/1382/1382
f 1351/1351/1351 1352/1352/1352 1382/1382/1382
f 1382/1382/1382 1352/1352/1352 1383/1383/1383
f 1352/1352/1352 1353/1353/1353 1383/1383/1383
f 1384/1384/1384 1383/1383/1383 1385/1385/1385
f 1383/1383/1383 1353/1353/1353 1385/1385/1385
f 1385/1385/1385 1353/1353/1353 1386/1386/1386
f 1353/1353/1353 1354/1354/1354 1386/1386/1386
f 1386/1386/1386 1354/1354/1354 1387/1387/1387
f 1387/1387/1387 1354/1354/1354 1388/1388/1388
f 1354/1354/1354 1355/1355/1355 1388/1388/1388
f 1388/1388/1388 1355/1355/1355 1389/1389/1389
f 1355/1355/1355 1356/1356/1356 1389/1389/1389
f 1389/1389/1389 1356/1356/1356 1390/1390/1390
f 1390/1390/1390 1356/1356/1356 1391/1391/1391
f 1356/1356/1356 1357/1357/1357 1391/1391/1391
f 1357/1357/1357 1358/1358/1358 1391/1391/1391
f 1391/1391/1391 1358/1358/1358 1392/1392/1392
f 1392/1392/1392 1358/1358/1358 1393/1393/1393
f 1358/1358/1358 1359/1359/1359 1393/1393/1393
f 1393/1393/1393 1359/1359/1359 1394/1394/1394
f 1359/1359/1359 1360/1360/1360 1394/1394/1394
f 1394/1394/1394 1360/1360/1360 1395/1395/1395
f 1395/1395/1395 1360/1360/1360 1396/1396/1396
f 1360/1360/1360 1361/1361/1361 1396/1396/1396
f 1396/1396/1396 1361/1361/1361 1397/1397/1397
f 1361/1361/1361 1362/1362/1362 1397/1397/1397
f 1397/1397/1397 1362/1362/1362 1398/1398/1398
f 1362/1362/1362 1363/1363/1363 1398/1398/1398
f 1398/1398/1398 1363/1363/1363 1399/1399/1399
f 1363/1363/1363 1365/1365/1365 1399/1399/1399
f 1399/1399/1399 1365/1365/1365 1400/1400/1400
f 1365/1365/1365 1376/1376/1376 1400/1400/1400
f 1400/1400/1400 1376/1376/1376 1401/1401/1401
f 1376/1376/1376 1374/1374/1374 1401/1401/1401
f 1401/1401/1401 1374/1374/1374 1402/1402/1402
f 1374/1374/1374 1372/1372/1372 1402/1402/1402
f 1402/1402/1402 1372/1372/1372 1403/1403/1403
f 1372/1372/1372 1370/1370/1370 1403/1403/1403
f 1403/1403/1403 1370/1370/1370 1404/1404/1404
f 1370/1370/1370 1367/1367/1367 1404/1404/1404
f 1404/1404/1404 1367/1367/1367 1405/1405/1405
f 1367/1367/1367 1366/1366/1366 1405/1405/1405
f 1405/1405/1405 1366/1366/1366 1406/1406/1406
f 1407/1407/1407 1406/1406/1406 1408/1408/1408
f 1406/1406/1406 1366/1366/1366 1408/1408/1408
f 1408/1408/1408 1366/1366/1366 1409/1409/1409
f 1366/1366/1366 1368/1368/1368 1409/1409/1409
f 1409/1409/1409 1368/1368/1368 1410/1410/1410
f 1411/1411/1411 1412/1412/1412 1413/1413/1413
f 1412/1412/1412 1410/1410/1410 1413/1413/1413
f 1410/1410/1410 1368/1368/1368 1413/1413/1413
f 1368/1368/1368 1369/1369/1369 1413/1413/1413
f 1413/1413/1413 1369/1369/1369 1414/1414/1414
f 1369/1369/1369 1371/1371/1371 1414/1414/1414
f 1414/1414/1414 1371/1371/1371 1415/1415/1415
f 1371/1371/1371 1373/1373/1373 1415/1415/1415
f 1415/1415/1415 1373/1373/1373 1416/1416/1416
f 1373/1373/1373 1375/1375/1375 1416/1416/1416
f 1416/1416/1416 1375/1375/1375 1417/1417/1417
f 1375/1375/1375 1377/1377/1377 1417/1417/1417
f 1377/1377/1377 1378/1378/1378 1417/1417/1417
f 1418/1418/1418 1417/1417/1417 1419/1419/1419
f 1417/1417/1417 1378/1378/1378 1419/1419/1419
f 1378/1378/1378 1379/1379/1379 1419/1419/1419
f 1379/1379/1379 1380/1380/1380 1419/1419/1419
f 1380/1380/1380 1381/1381/1381 1419/1419/1419
f 1419/1419/1419 1381/1381/1381 1420/1420/1420
f 1420/1420/1420 1381/1381/1381 1421/1421/1421
f 1381/1381/1381 1382/1382/1382 1421/1421/1421
f 1421/1421/1421 1382/1382/1382 1422/1422/1422
f 1382/1382/1382 1383/1383/1383 1422/1422/1422
f 1383/1383/1383 1384/1384/1384 1422/1422/1422
f 1422/1422/1422 1384/1384/1384 1423/1423/1423
f 1424/1424/1424 1423/1423/1423 1425/1425/1425
f 1423/1423/1423 1384/1384/1384 1425/1425/1425
f 1425/1425/1425 1384/1384/1384 1426/1426/1426
f 1384/1384/1384 1385/1385/1385 1426/1426/1426
f 1426/1426/1426 1385/1385/1385 1427/1427/1427
f 1385/1385/1385 1386/1386/1386 1427/1427/1427
f 1427/1427/1427 1386/1386/1386 1428/1428/1428
f 1386/1386/1386 1387/1387/1387 1428/1428/1428
f 1428/1428/1428 1387/1387/1387 1429/1429/1429
f 1430/1430/1430 1429/1429/1429 1431/1431/1431
f 1429/1429/1429 1387/1387/1387 1431/1431/1431
f 1387/1387/1387 1388/1388/1388 1431/1431/1431
f 1431/1431/1431 1388/1388/1388 1432/1432/1432
f 1388/1388/1388 1389/1389/1389 1432/1432/1432
f 1432/1432/1432 1389/1389/1389 1433/1433/1433
f 1389/1389/1389 1390/1390/1390 1433/1433/1433
f 1433/1433/1433 1390/1390/1390 1434/1434/1434
f 1390/1390/1390 1391/1391/1391 1434/1434/1434
f 1434/1434/1434 1391/1391/1391 1435/1435/1435
f 1435/1435/1435 1391/1391/1391 1436/1436/1436
f 1391/1391/1391 1392/1392/1392 1436/1436/1436
f 1436/1436/1436 1392/1392/1392 1437/1437/1437
f 1392/1392/1392 1393/1393/1393 1437/1437/1437
f 1437/1437/1437 1393/1393/1393 1438/1438/1438
f 1393/1393/1393 1394/1394/1394 1438/1438/1438
f 1438/1438/1438 1394/1394/1394 1439/1439/1439
f 1394/1394/1394 1395/1395/1395 1439/1439/1439
f 1440/1440/1440 1439/1439/1439 1441/1441/1441
f 1439/1439/1439 1395/1395/1395 1441/1441/1441
f 1441/1441/1441 1395/1395/1395 1442/1442/1442
f 1395/1395/1395 1396/1396/1396 1442/1442/1442
f 1442/1442/1442 1396/1396/1396 1443/1443/1443
f 1396/1396/1396 1397/1397/1397 1443/1443/1443
f 1443/1443/1443 1397/1397/1397 1444/1444/1444
f 1397/1397/1397 1398/1398/1398 1444/1444/1444
f 1444/1444/1444 1398/1398/1398 1445/1445/1445
f 1398/1398/1398 1399/1399/1399 1445/1445/1445
f 1445/1445/1445 1399/1399/1399 1446/1446/1446
f 1399/1399/1399 1400/1400/1400 1446/1446/1446
f 1446/1446/1446 1400/1400/1400 1447/1447/1447
f 1400/1400/1400 1401/1401/1401 1447/1447/1447
f 1447/1447/1447 1401/1401/1401 1448/1448/1448
f 1401/1401/1401 1402/1402/1402 1448/1448/1448
f 1448/1448/1448 1402/1402/1402 1449/1449/1449
f 1402/1402/1402 1403/1403/1403 1449/1449/1449
f 1449/1449/1449 1403/1403/1403 1450/1450/1450
f 1403/1403/1403 1404/1404/1404 1450/1450/1450
f 1450/1450/1450 1404/1404/1404 1451/1451/1451
f 1404/1404/1404 1405/1405/1405 1451/1451/1451
f 1451/1451/1451 1405/1405/1405 1452/1452/1452
f 1405/1405/1405 1406/1406/1406 1452/1452/1452
f 1452/1452/1452 1406/1406/1406 1453/1453/1453
f 1406/1406/1406 1407/1407/1407 1453/1453/1453
f 1453/1453/1453 1407/1407/1407 1454/1454/1454
f 1454/1454/1454 1407/1407/1407 1455/1455/1455
f 1455/1455/1455 1407/1407/1407 1456/1456/1456
f 1407/1407/1407 1408/1408/1408 1456/1456/1456
f 1456/1456/1456 1408/1408/1408 1457/1457/1457
f 1408/1408/1408 1409/1409/1409 1457/1457/1457
f 1457/1457/1457 1409/1409/1409 1458/1458/1458
f 1409/1409/1409 1410/1410/1410 1458/1458/1458
f 1410/1410/1410 1412/1412/1412 1458/1458/1458
f 1458/1458/1458 1412/1412/1412 1459/1459/1459
f 1459/1459/1459 1412/1412/1412 1460/1460/1460
f 1412/1412/1412 1461/1461/1461 1460/1460/1460
f 1461/1461/1461 1462/1462/1462 1460/1460/1460
f 1460/1460/1460 1462/1462/1462 1463/1463/1463
f 1462/1462/1462 1464/1464/1464 1463/1463/1463
f 1463/1463/1463 1464/1464/1464 1465/1465/1465
f 1464/1464/1464 1466/1466/1466 1465/1465/1465
f 1465/1465/1465 1466/1466/1466 1467/1467/1467
f 1467/1467/1467 1466/1466/1466 1468/1468/1468
f 1468/1468/1468 1466/1466/1466 1469/1469/1469
f 1470/1470/1470 1469/1469/1469 1471/1471/1471
f 1469/1469/1469 1466/1466/1466 1471/1471/1471
f 1466/1466/1466 1464/1464/1464 1471/1471/1471
f 1471/1471/1471 1464/1464/1464 1472/1472/1472
f 1464/1464/1464 1462/1462/1462 1472/1472/1472
f 1472/1472/1472 1462/1462/1462 1473/1473/1473
f 1462/1462/1462 1461/1461/1461 1473/1473/1473
f 1473/1473/1473 1461/1461/1461 1474/1474/1474
f 1461/1461/1461 1412/1412/1412 1474/1474/1474
f 1412/1412/1412 1411/1411/1411 1474/1474/1474
f 1474/1474/1474 1411/1411/1411 1475/1475/1475
f 1411/1411/1411 1413/1413/1413 1475/1475/1475
f 1413/1413/1413 1414/1414/1414 1475/1475/1475
f 1414/1414/1414 1415/1415/1415 1475/1475/1475
f 1475/1475/1475 1415/1415/1415 1476/1476/1476
f 1476/1476/1476 1415/1415/1415 1477/1477/1477
f 1415/1415/1415 1416/1416/1416 1477/1477/1477
f 1416/1416/1416 1417/1417/1417 1477/1477/1477
f 1417/1417/1417 1418/1418/1418 1477/1477/1477
f 1477/1477/1477 1418/1418/1418 1478/1478/1478
f 1418/1418/1418 1419/1419/1419 1478/1478/1478
f 1419/1419/1419 1420/1420/1420 1478/1478/1478
f 1478/1478/1478 1420/1420/1420 1479/1479/1479
f 1420/1420/1420 1421/1421/1421 1479/1479/1479
f 1479/1479/1479 1421/1421/1421 1480/1480/1480
f 1421/1421/1421 1422/1422/1422 1480/1480/1480
f 1422/1422/1422 1423/1423/1423 1480/1480/1480
f 1480/1480/1480 1423/1423/1423 1481/1481/1481
f 1423/1423/1423 1424/1424/1424 1481/1481/1481
f 1481/1481/1481 1424/1424/1424 1482/1482/1482
f 1483/1483/1483 1482/1482/1482 1484/1484/1484
f 1482/1482/1482 1424/1424/1424 1484/1484/1484
f 1484/1484/1484 1424/1424/1424 1485/1485/1485
f 1424/1424/1424 1425/1425/1425 1485/1485/1485
f 1485/1485/1485 1425/1425/1425 1486/1486/1486
f 1425/1425/1425 1426/1426/1426 1486/1486/1486
f 1486/1486/1486 1426/1426/1426 1487/1487/1487
f 1426/1426/1426 1427/1427/1427 1487/1487/1487
f 1487/1487/1487 1427/1427/1427 1488/1488/1488
f 1427/1427/1427 1428/1428/1428 1488/1488/1488
f 1488/1488/1488 1428/1428/1428 1489/1489/1489
f 1428/1428/1428 1429/1429/1429 1489/1489/1489
f 1489/1489/1489 1429/1429/1429 1490/1490/1490
f 1429/1429/1429 1430/1430/1430 1490/1490/1490
f 1490/1490/1490 1430/1430/1430 1491/1491/1491
f 1491/1491/1491 1430/1430/1430 1492/1492/1492
f 1492/1492/1492 1430/1430/1430 1493/1493/1493
f 1430/1430/1430 1431/1431/1431 1493/1493/1493
f 1431/1431/1431 1432/1432/1432 1493/1493/1493
f 1493/1493/1493 1432/1432/1432 1494/1494/1494
f 1432/1432/1432 1433/1433/1433 1494/1494/1494
f 1494/1494/1494 1433/1433/1433 1495/1495/1495
f 1433/1433/1433 1434/1434/1434 1495/1495/1495
f 1495/1495/1495 1434/1434/1434 1496/1496/1496
f 1496/1496/1496 1434/1434/1434 1497/1497/1497
f 1434/1434/1434 1435/1435/1435 1497/1497/1497
f 1435/1435/1435 1436/1436/1436 1497/1497/1497
f 1497/1497/1497 1436/1436/1436 1498/1498/1498
f 1498/1498/1498 1436/1436/1436 1499/1499/1499
f 1436/1436/1436 1437/1437/1437 1499/1499/1499
f 1499/1499/1499 1437/1437/1437 1500/1500/1500
f 1437/1437/1437 1438/1438/1438 1500/1500/1500
f 1500/1500/1500 1438/1438/1438 1501/1501/1501
f 1438/1438/1438 1439/1439/1439 1501/1501/1501
f 1439/1439/1439 1440/1440/1440 1501/1501/1501
f 1501/1501/1501 1440/1440/1440 1502/1502/1502
f 1502/1502/1502 1440/1440/1440 1503/1503/1503
f 1503/1503/1503 1440/1440/1440 1504/1504/1504
f 1440/1440/1440 1441/1441/1441 1504/1504/1504
f 1504/1504/1504 1441/1441/1441 1505/1505/1505
f 1441/1441/1441 1442/1442/1442 1505/1505/1505
f 1505/1505/1505 1442/1442/1442 1506/1506/1506
f 1442/1442/1442 1443/1443/1443 1506/1506/1506
f 1506/1506/1506 1443/1443/1443 1507/1507/1507
f 1443/1443/1443 1444/1444/1444 1507/1507/1507
f 1507/1507/1507 1444/1444/1444 1508/1508/1508
f 1444/1444/1444 1445/1445/1445 1508/1508/1508
f 1508/1508/1508 1445/1445/1445 1509/1509/1509
f 1445/1445/1445 1446/1446/1446 1509/1509/1509
f 1509/1509/1509 1446/1446/1446 1510/1510/1510
f 1446/1446/1446 1447/1447/1447 1510/1510/1510
f 1510/1510/1510 1447/1447/1447 1511/1511/1511
f 1447/1447/1447 1448/1448/1448 1511/1511/1511
f 1511/1511/1511 1448/1448/1448 1512/1512/1512
f 1448/1448/1448 1449/1449/1449 1512/1512/1512
f 1512/1512/1512 1449/1449/1449 1513/1513/1513
f 1449/1449/1449 1450/1450/1450 1513/1513/1513
f 1513/1513/1513 1450/1450/1450 1514/1514/1514
f 1450/1450/1450 1451/1451/1451 1514/1514/1514
f 1514/1514/1514 1451/1451/1451 1515/1515/1515
f 1451/1451/1451 1452/1452/1452 1515/1515/1515
f 1515/1515/1515 1452/1452/1452 1516/1516/1516
f 1452/1452/1452 1453/1453/1453 1516/1516/1516
f 1516/1516/1516 1453/1453/1453 1517/1517/1517
f 1453/1453/1453 1454/1454/1454 1517/1517/1517
f 1517/1517/1517 1454/1454/1454 1518/1518/1518
f 1519/1519/1519 1518/1518/1518 1520/1520/1520
f 1518/1518/1518 1454/1454/1454 1520/1520/1520
f 1454/1454/1454 1455/1455/1455 1520/1520/1520
f 1520/1520/1520 1455/1455/1455 1521/1521/1521
f 1521/1521/1521 1455/1455/1455 1522/1522/1522
f 1455/1455/1455 1456/1456/1456 1522/1522/1522
f 1522/1522/1522 1456/1456/1456 1523/1523/1523
f 1456/1456/1456 1457/1457/1457 1523/1523/1523
f 1523/1523/1523 1457/1457/1457 1524/1524/1524
f 1457/1457/1457 1458/1458/1458 1524/1524/1524
f 1524/1524/1524 1458/1458/1458 1525/1525/1525
f 1458/1458/1458 1459/1459/1459 1525/1525/1525
f 1459/1459/1459 1460/1460/1460 1525/1525/1525
f 1525/1525/1525 1460/1460/1460 1526/1526/1526
f 1460/1460/1460 1463/1463/1463 1526/1526/1526
f 1526/1526/1526 1463/1463/1463 1527/1527/1527
f 1463/1463/1463 1465/1465/1465 1527/1527/1527
f 1527/1527/1527 1465/1465/1465 1528/1528/1528
f 1465/1465/1465 1467/1467/1467 1528/1528/1528
f 1528/1528/1528 1467/1467/1467 1529/1529/1529
f 1529/1529/1529 1467/1467/1467 1530/1530/1530
f 1467/1467/1467 1468/1468/1468 1530/1530/1530
f 1531/1531/1531 1530/1530/1530 1532/1532/1532
f 1530/1530/1530 1468/1468/1468 1532/1532/1532
f 1532/1532/1532 1468/1468/1468 1533/1533/1533
f 1468/1468/1468 1469/1469/1469 1533/1533/1533
f 1533/1533/1533 1469/1469/1469 1534/1534/1534
f 1469/1469/1469 1470/1470/1470 1534/1534/1534
f 1534/1534/1534 1470/1470/1470 1535/1535/1535
f 1536/1536/1536 1535/1535/1535 1537/1537/1537
f 1535/1535/1535 1470/1470/1470 1537/1537/1537
f 1537/1537/1537 1470/1470/1470 1538/1538/1538
f 1470/1470/1470 1471/1471/1471 1538/1538/1538
f 1471/1471/1471 1472/1472/1472 1538/1538/1538
f 1538/1538/1538 1472/1472/1472 1539/1539/1539
f 1472/1472/1472 1473/1473/1473 1539/1539/1539
f 1539/1539/1539 1473/1473/1473 1540/1540/1540
f 1473/1473/1473 1474/1474/1474 1540/1540/1540
f 1540/1540/1540 1474/1474/1474 1541/1541/1541
f 1474/1474/1474 1475/1475/1475 1541/1541/1541
f 1541/1541/1541 1475/1475/1475 1542/1542/1542
f 1475/1475/1475 1476/1476/1476 1542/1542/1542
f 1476/1476/1476 1477/1477/1477 1542/1542/1542
f 1542/1542/1542 1477/1477/1477 1543/1543/1543
f 1477/1477/1477 1478/1478/1478 1543/1543/1543
f 1543/1543/1543 1478/1478/1478 1544/1544/1544
f 1478/1478/1478 1479/1479/1479 1544/1544/1544
f 1544/1544/1544 1479/1479/1479 1545/1545/1545
f 1479/1479/1479 1480/1480/1480 1545/1545/1545
f 1480/1480/1480 1481/1481/1481 1545/1545/1545
f 1545/1545/1545 1481/1481/1481 1546/1546/1546
f 1481/1481/1481 1482/1482/1482 1546/1546/1546
f 1546/1546/1546 1482/1482/1482 1547/1547/1547
f 1482/1482/1482 1483/1483/1483 1547/1547/1547
f 1483/1483/1483 1548/1548/1548 1547/1547/1547
f 1547/1547/1547 1548/1548/1548 1549/1549/1549
f 1548/1548/1548 1550/1550/1550 1549/1549/1549
f 1549/1549/1549 1550/1550/1550 1551/1551/1551
f 1550/1550/1550 1536/1536/1536 1551/1551/1551
f 1536/1536/1536 1537/1537/1537 1551/1551/1551
f 1551/1551/1551 1537/1537/1537 1552/1552/1552
f 1537/1537/1537 1538/1538/1538 1552/1552/1552
f 1538/1538/1538 1539/1539/1539 1552/1552/1552
f 1552/1552/1552 1539/1539/1539 1553/1553/1553
f 1539/1539/1539 1540/1540/1540 1553/1553/1553
f 1553/1553/1553 1540/1540/1540 1554/1554/1554
f 1540/1540/1540 1541/1541/1541 1554/1554/1554
f 1541/1541/1541 1542/1542/1542 1554/1554/1554
f 1554/1554/1554 1542/1542/1542 1555/1555/1555
f 1542/1542/1542 1543/1543/1543 1555/1555/1555
f 1543/1543/1543 1544/1544/1544 1555/1555/1555
f 1555/1555/1555 1544/1544/1544 1556/1556/1556
f 1544/1544/1544 1545/1545/1545 1556/1556/1556
f 1545/1545/1545 1546/1546/1546 1556/1556/1556
f 1556/1556/1556 1546/1546/1546 1557/1557/1557
f 1546/1546/1546 1547/1547/1547 1557/1557/1557
f 1547/1547/1547 1549/1549/1549 1557/1557/1557
f 1557/1557/1557 1549/1549/1549 1558/1558/1558
f 1549/1549/1549 1551/1551/1551 1558/1558/1558
f 1551/1551/1551 1552/1552/1552 1558/1558/1558
f 1552/1552/1552 1553/1553/1553 1558/1558/1558
f 1558/1558/1558 1553/1553/1553 1559/1559/1559
f 1553/1553/1553 1554/1554/1554 1559/1559/1559
f 1554/1554/1554 1555/1555/1555 1559/1559/1559
f 1555/1555/1555 1556/1556/1556 1559/1559/1559
f 1556/1556/1556 1557/1557/1557 1559/1559/1559
f 1560/1560/1560 1561/1561/1561 1562/1562/1562
f 1561/1561/1561 1563/1563/1563 1562/1562/1562
f 1562/1562/1562 1563/1563/1563 1564/1564/1564
f 1564/1564/1564 1563/1563/1563 1565/1565/1565
f 1566/1566/1566 1565/1565/1565 1567/1567/1567
f 1565/1565/1565 1563/1563/1563 1567/1567/1567
f 1567/1567/1567 1563/1563/1563 1568/1568/1568
f 1563/1563/1563 1561/1561/1561 1568/1568/1568
f 1569/1569/1569 1568/1568/1568 1570/1570/1570
f 1568/1568/1568 1561/1561/1561 1570/1570/1570
f 1570/1570/1570 1561/1561/1561 1571/1571/1571
f 1561/1561/1561 1560/1560/1560 1571/1571/1571
f 1571/1571/1571 1560/1560/1560 1572/1572/1572
f 1573/1573/1573 1572/1572/1572 1574/1574/1574
f 1572/1572/1572 1560/1560/1560 1574/1574/1574
f 1574/1574/1574 1560/1560/1560 1575/1575/1575
f 1560/1560/1560 1562/1562/1562 1575/1575/1575
f 1575/1575/1575 1562/1562/1562 1576/1576/1576
f 1562/1562/1562 1564/1564/1564 1576/1576/1576
f 1576/1576/1576 1564/1564/1564 1577/1577/1577
f 1577/1577/1577 1564/1564/1564 1578/1578/1578
f 1564/1564/1564 1565/1565/1565 1578/1578/1578
f 1578/1578/1578 1565/1565/1565 1579/1579/1579
f 1565/1565/1565 1566/1566/1566 1579/1579/1579
f 1579/1579/1579 1566/1566/1566 1580/1580/1580
f 1581/1581/1581 1580/1580/1580 1582/1582/1582
f 1580/1580/1580 1566/1566/1566 1582/1582/1582
f 1582/1582/1582 1566/1566/1566 1583/1583/1583
f 1566/1566/1566 1567/1567/1567 1583/1583/1583
f 1583/1583/1583 1567/1567/1567 1584/1584/1584
f 1567/1567/1567 1568/1568/1568 1584/1584/1584
f 1568/1568/1568 1569/1569/1569 1584/1584/1584
f 1584/1584/1584 1569/1569/1569 1585/1585/1585
f 1585/1585/1585 1569/1569/1569 1586/1586/1586
f 1569/1569/1569 1570/1570/1570 1586/1586/1586
f 1586/1586/1586 1570/1570/1570 1587/1587/1587
f 1570/1570/1570 1571/1571/1571 1587/1587/1587
f 1587/1587/1587 1571/1571/1571 1588/1588/1588
f 1571/1571/1571 1572/1572/1572 1588/1588/1588
f 1588/1588/1588 1572/1572/1572 1589/1589/1589
f 1572/1572/1572 1573/1573/1573 1589/1589/1589
f 1589/1589/1589 1573/1573/1573 1590/1590/1590
f 1573/1573/1573 1574/1574/1574 1590/1590/1590
f 1590/1590/1590 1574/1574/1574 1591/1591/1591
f 1574/1574/1574 1575/1575/1575 1591/1591/1591
f 1591/1591/1591 1575/1575/1575 1592/1592/1592
f 1575/1575/1575 1576/1576/1576 1592/1592/1592
f 1592/1592/1592 1576/1576/1576 1593/1593/1593
f 1576/1576/1576 1577/1577/1577 1593/1593/1593
f 1593/1593/1593 1577/1577/1577 1594/1594/1594
f 1577/1577/1577 1578/1578/1578 1594/1594/1594
f 1594/1594/1594 1578/1578/1578 1595/1595/1595
f 1578/1578/1578 1579/1579/1579 1595/1595/1595
f 1595/1595/1595 1579/1579/1579 1596/1596/1596
f 1579/1579/1579 1580/1580/1580 1596/1596/1596
f 1596/1596/1596 1580/1580/1580 1597/1597/1597
f 1580/1580/1580 1581/1581/1581 1597/1597/1597
f 1597/1597/1597 1581/1581/1581 1598/1598/1598
f 1581/1581/1581 1582/1582/1582 1598/1598/1598
f 1598/1598/1598 1582/1582/1582 1599/1599/1599
f 1582/1582/1582 1583/1583/1583 1599/1599/1599
f 1599/1599/1599 1583/1583/1583 1600/1600/1600
f 1583/1583/1583 1584/1584/1584 1600/1600/1600
f 1584/1584/1584 1585/1585/1585 1600/1600/1600
f 1600/1600/1600 1585/1585/1585 1601/1601/1601
f 1601/1601/1601 1585/1585/1585 1602/1602/1602
f 1585/1585/1585 1586/1586/1586 1602/1602/1602
f 1602/1602/1602 1586/1586/1586 1603/1603/1603
f 1586/1586/1586 1587/1587/1587 1603/1603/1603
f 1603/1603/1603 1587/1587/1587 1604/1604/1604
f 1587/1587/1587 1588/1588/1588 1604/1604/1604
f 1604/1604/1604 1588/1588/1588 1605/1605/1605
f 1588/1588/1588 1589/1589/1589 1605/1605/1605
f 1605/1605/1605 1589/1589/1589 1606/1606/1606
f 1589/1589/1589 1590/1590/1590 1606/1606/1606
f 1606/1606/1606 1590/1590/1590 1607/1607/1607
f 1590/1590/1590 1591/1591/1591 1607/1607/1607
f 1607/1607/1607 1591/1591/1591 1608/1608/1608
f 1591/1591/1591 1592/1592/1592 1608/1608/1608
f 1608/1608/1608 1592/1592/1592 1609/1609/1609
f 1592/1592/1592 1593/1593/1593 1609/1609/1609
f 1609/1609/1609 1593/1593/1593 1610/1610/1610
f 1593/1593/1593 1594/1594/1594 1610/1610/1610
f 1610/1610/1610 1594/1594/1594 1611/1611/1611
f 1594/1594/1594 1595/1595/1595 1611/1611/1611
f 1611/1611/1611 1595/1595/1595 1612/1612/1612
f 1595/1595/1595 1596/1596/1596 1612/1612/1612
f 1612/1612/1612 1596/1596/1596 1613/1613/1613
f 1596/1596/1596 1597/1597/1597 1613/1613/1613
f 1613/1613/1613 1597/1597/1597 1614/1614/1614
f 1597/1597/1597 1598/1598/1598 1614/1614/1614
f 1614/1614/1614 1598/1598/1598 1615/1615/1615
f 1598/1598/1598 1599/1599/1599 1615/1615/1615
f 1615/1615/1615 1599/1599/1599 1616/1616/1616
f 1599/1599/1599 1600/1600/1600 1616/1616/1616
f 1600/1600/1600 1601/1601/1601 1616/1616/1616
f 1617/1617/1617 1618/1618/1618 1619/1619/1619
f 1619/1619/1619 1618/1618/1618 1620/1620/1620
f 1618/1618/1618 1621/1621/1621 1620/1620/1620
f 1620/1620/1620 1621/1621/1621 1622/1622/1622
f 1621/1621/1621 1623/1623/1623 1622/1622/1622
f 1622/1622/1622 1623/1623/1623 1624/1624/1624
f 1624/1624/1624 1623/1623/1623 1625/1625/1625
f 1623/1623/1623 1626/1626/1626 1625/1625/1625
f 1626/1626/1626 1627/1627/1627 1625/1625/1625
f 1625/1625/1625 1627/1627/1627 1628/1628/1628
f 1628/1628/1628 1627/1627/1627 1629/1629/1629
f 1627/1627/1627 1630/1630/1630 1629/1629/1629
f 1631/1631/1631 1629/1629/1629 1632/1632/1632
f 1629/1629/1629 1630/1630/1630 1632/1632/1632
f 1632/1632/1632 1630/1630/1630 1633/1633/1633
f 1633/1633/1633 1630/1630/1630 1634/1634/1634
f 1630/1630/1630 1627/1627/1627 1634/1634/1634
f 1634/1634/1634 1627/1627/1627 1635/1635/1635
f 1627/1627/1627 1626/1626/1626 1635/1635/1635
f 1635/1635/1635 1626/1626/1626 1636/1636/1636
f 1626/1626/1626 1623/1623/1623 1636/1636/1636
f 1636/1636/1636 1623/1623/1623 1637/1637/1637
f 1623/1623/1623 1621/1621/1621 1637/1637/1637
f 1637/1637/1637 1621/1621/1621 1638/1638/1638
f 1621/1621/1621 1618/1618/1618 1638/1638/1638
f 1638/1638/1638 1618/1618/1618 1639/1639/1639
f 1618/1618/1618 1617/1617/1617 1639/1639/1639
f 1639/1639/1639 1617/1617/1617 1640/1640/1640
f 1640/1640/1640 1617/1617/1617 1641/1641/1641
f 1641/1641/1641 1617/1617/1617 1642/1642/1642
f 1617/1617/1617 1619/1619/1619 1642/1642/1642
f 1643/1643/1643 1642/1642/1642 1644/1644/1644
f 1642/1642/1642 1619/1619/1619 1644/1644/1644
f 1644/1644/1644 1619/1619/1619 1645/1645/1645
f 1619/1619/1619 1620/1620/1620 1645/1645/1645
f 1645/1645/1645 1620/1620/1620 1646/1646/1646
f 1620/1620/1620 1622/1622/1622 1646/1646/1646
f 1646/1646/1646 1622/1622/1622 1647/1647/1647
f 1622/1622/1622 1624/1624/1624 1647/1647/1647
f 1647/1647/1647 1624/1624/1624 1648/1648/1648
f 1624/1624/1624 1625/1625/1625 1648/1648/1648
f 1648/1648/1648 1625/1625/1625 1649/1649/1649
f 1625/1625/1625 1628/1628/1628 1649/1649/1649
f 1649/1649/1649 1628/1628/1628 1650/1650/1650
f 1628/1628/1628 1629/1629/1629 1650/1650/1650
f 1650/1650/1650 1629/1629/1629 1651/1651/1651
f 1629/1629/1629 1631/1631/1631 1651/1651/1651
f 1651/1651/1651 1631/1631/1631 1652/1652/1652
f 1653/1653/1653 1654/1654/1654 1655/1655/1655
f 1654/1654/1654 1652/1652/1652 1655/1655/1655
f 1652/1652/1652 1631/1631/1631 1655/1655/1655
f 1631/1631/1631 1632/1632/1632 1655/1655/1655
f 1655/1655/1655 1632/1632/1632 1656/1656/1656
f 1656/1656/1656 1632/1632/1632 1657/1657/1657
f 1632/1632/1632 1633/1633/1633 1657/1657/1657
f 1657/1657/1657 1633/1633/1633 1658/1658/1658
f 1658/1658/1658 1633/1633/1633 1659/1659/1659
f 1633/1633/1633 1634/1634/1634 1659/1659/1659
f 1659/1659/1659 1634/1634/1634 1660/1660/1660
f 1634/1634/1634 1635/1635/1635 1660/1660/1660
f 1660/1660/1660 1635/1635/1635 1661/1661/1661
f 1635/1635/1635 1636/1636/1636 1661/1661/1661
f 1661/1661/1661 1636/1636/1636 1662/1662/1662
f 1636/1636/1636 1637/1637/1637 1662/1662/1662
f 1662/1662/1662 1637/1637/1637 1663/1663/1663
f 1637/1637/1637 1638/1638/1638 1663/1663/1663
f 1663/1663/1663 1638/1638/1638 1664/1664/1664
f 1638/1638/1638 1639/1639/1639 1664/1664/1664
f 1664/1664/1664 1639/1639/1639 1665/1665/1665
f 1639/1639/1639 1640/1640/1640 1665/1665/1665
f 1665/1665/1665 1640/1640/1640 1666/1666/1666
f 1666/1666/1666 1640/1640/1640 1667/1667/1667
f 1640/1640/1640 1641/1641/1641 1667/1667/1667
f 1667/1667/1667 1641/1641/1641 1668/1668/1668
f 1668/1668/1668 1641/1641/1641 1669/1669/1669
f 1641/1641/1641 1642/1642/1642 1669/1669/1669
f 1642/1642/1642 1643/1643/1643 1669/1669/1669
f 1669/1669/1669 1643/1643/1643 1670/1670/1670
f 1671/1671/1671 1670/1670/1670 1672/1672/1672
f 1670/1670/1670 1643/1643/1643 1672/1672/1672
f 1672/1672/1672 1643/1643/1643 1673/1673/1673
f 1643/1643/1643 1644/1644/1644 1673/1673/1673
f 1673/1673/1673 1644/1644/1644 1674/1674/1674
f 1644/1644/1644 1645/1645/1645 1674/1674/1674
f 1674/1674/1674 1645/1645/1645 1675/1675/1675
f 1645/1645/1645 1646/1646/1646 1675/1675/1675
f 1675/1675/1675 1646/1646/1646 1676/1676/1676
f 1646/1646/1646 1647/1647/1647 1676/1676/1676
f 1676/1676/1676 1647/1647/1647 1677/1677/1677
f 1647/1647/1647 1648/1648/1648 1677/1677/1677
f 1677/1677/1677 1648/1648/1648 1678/1678/1678
f 1648/1648/1648 1649/1649/1649 1678/1678/1678
f 1678/1678/1678 1649/1649/1649 1679/1679/1679
f 1649/1649/1649 1650/1650/1650 1679/1679/1679
f 1679/1679/1679 1650/1650/1650 1680/1680/1680
f 1650/1650/1650 1651/1651/1651 1680/1680/1680
f 1680/1680/1680 1651/1651/1651 1681/1681/1681
f 1651/1651/1651 1652/1652/1652 1681/1681/1681
f 1681/1681/1681 1652/1652/1652 1682/1682/1682
f 1652/1652/1652 1654/1654/1654 1682/1682/1682
f 1682/1682/1682 1654/1654/1654 1683/1683/1683
f 1683/1683/1683 1654/1654/1654 1684/1684/1684
f 1654/1654/1654 1653/1653/1653 1684/1684/1684
f 1684/1684/1684 1653/1653/1653 1685/1685/1685
f 1685/1685/1685 1653/1653/1653 1686/1686/1686
f 1686/1686/1686 1653/1653/1653 1687/1687/1687
f 1653/1653/1653 1655/1655/1655 1687/1687/1687
f 1655/1655/1655 1656/1656/1656 1687/1687/1687
f 1687/1687/1687 1656/1656/1656 1688/1688/1688
f 1656/1656/1656 1657/1657/1657 1688/1688/1688
f 1688/1688/1688 1657/1657/1657 1689/1689/1689
f 1657/1657/1657 1658/1658/1658 1689/1689/1689
f 1689/1689/1689 1658/1658/1658 1690/1690/1690
f 1690/1690/1690 1658/1658/1658 1691/1691/1691
f 1658/1658/1658 1659/1659/1659 1691/1691/1691
f 1691/1691/1691 1659/1659/1659 1692/1692/1692
f 1659/1659/1659 1660/1660/1660 1692/1692/1692
f 1692/1692/1692 1660/1660/1660 1693/1693/1693
f 1660/1660/1660 1661/1661/1661 1693/1693/1693
f 1693/1693/1693 1661/1661/1661 1694/1694/1694
f 1661/1661/1661 1662/1662/1662 1694/1694/1694
f 1694/1694/1694 1662/1662/1662 1695/1695/1695
f 1662/1662/1662 1663/1663/1663 1695/1695/1695
f 1695/1695/1695 1663/1663/1663 1696/1696/1696
f 1663/1663/1663 1664/1664/1664 1696/1696/1696
f 1696/1696/1696 1664/1664/1664 1697/1697/1697
f 1664/1664/1664 1665/1665/1665 1697/1697/1697
f 1697/1697/1697 1665/1665/1665 1698/1698/1698
f 1665/1665/1665 1666/1666/1666 1698/1698/1698
f 1698/1698/1698 1666/1666/1666 1699/1699/1699
f 1700/1700/1700 1699/1699/1699 1701/1701/1701
f 1699/1699/1699 1666/1666/1666 1701/1701/1701
f 1666/1666/1666 1667/1667/1667 1701/1701/1701
f 1701/1701/1701 1667/1667/1667 1702/1702/1702
f 1667/1667/1667 1668/1668/1668 1702/1702/1702
f 1702/1702/1702 1668/1668/1668 1703/1703/1703
f 1703/1703/1703 1668/1668/1668 1704/1704/1704
f 1668/1668/1668 1669/1669/1669 1704/1704/1704
f 1669/1669/1669 1670/1670/1670 1704/1704/1704
f 1704/1704/1704 1670/1670/1670 1705/1705/1705
f 1670/1670/1670 1671/1671/1671 1705/1705/1705
f 1705/1705/1705 1671/1671/1671 1706/1706/1706
f 1707/1707/1707 1706/1706/1706 1708/1708/1708
f 1706/1706/1706 1671/1671/1671 1708/1708/1708
f 1708/1708/1708 1671/1671/1671 1709/1709/1709
f 1671/1671/1671 1672/1672/1672 1709/1709/1709
f 1709/1709/1709 1672/1672/1672 1710/1710/1710
f 1672/1672/1672 1673/1673/1673 1710/1710/1710
f 1710/1710/1710 1673/1673/1673 1711/1711/1711
f 1673/1673/1673 1674/1674/1674 1711/1711/1711
f 1711/1711/1711 1674/1674/1674 1712/1712/1712
f 1674/1674/1674 1675/1675/1675 1712/1712/1712
f 1712/1712/1712 1675/1675/1675 1713/1713/1713
f 1675/1675/1675 1676/1676/1676 1713/1713/1713
f 1713/1713/1713 1676/1676/1676 1714/1714/1714
f 1676/1676/1676 1677/1677/1677 1714/1714/1714
f 1714/1714/1714 1677/1677/1677 1715/1715/1715
f 1677/1677/1677 1678/1678/1678 1715/1715/1715
f 1715/1715/1715 1678/1678/1678 1716/1716/1716
f 1678/1678/1678 1679/1679/1679 1716/1716/1716
f 1716/1716/1716 1679/1679/1679 1717/1717/1717
f 1679/1679/1679 1680/1680/1680 1717/1717/1717
f 1717/1717/1717 1680/1680/1680 1718/1718/1718
f 1680/1680/1680 1681/1681/1681 1718/1718/1718
f 1681/1681/1681 1682/1682/1682 1718/1718/1718
f 1718/1718/1718 1682/1682/1682 1719/1719/1719
f 1719/1719/1719 1682/1682/1682 1720/1720/1720
f 1682/1682/1682 1683/1683/1683 1720/1720/1720
f 1720/1720/1720 1683/1683/1683 1721/1721/1721
f 1721/1721/1721 1683/1683/1683 1722/1722/1722
f 1683/1683/1683 1684/1684/1684 1722/1722/1722
f 1722/1722/1722 1684/1684/1684 1723/1723/1723
f 1684/1684/1684 1685/1685/1685 1723/1723/1723
f 1723/1723/1723 1685/1685/1685 1724/1724/1724
f 1724/1724/1724 1685/1685/1685 1725/1725/1725
f 1685/1685/1685 1686/1686/1686 1725/1725/1725
f 1726/1726/1726 1725/1725/1725 1727/1727/1727
f 1725/1725/1725 1686/1686/1686 1727/1727/1727
f 1727/1727/1727 1686/1686/1686 1728/1728/1728
f 1686/1686/1686 1687/1687/1687 1728/1728/1728
f 1687/1687/1687 1688/1688/1688 1728/1728/1728
f 1728/1728/1728 1688/1688/1688 1729/1729/1729
f 1688/1688/1688 1689/1689/1689 1729/1729/1729
f 1729/1729/1729 1689/1689/1689 1730/1730/1730
f 1689/1689/1689 1690/1690/1690 1730/1730/1730
f 1731/1731/1731 1730/1730/1730 1732/1732/1732
f 1730/1730/1730 1690/1690/1690 1732/1732/1732
f 1732/1732/1732 1690/1690/1690 1733/1733/1733
f 1690/1690/1690 1691/1691/1691 1733/1733/1733
f 1733/1733/1733 1691/1691/1691 1734/1734/1734
f 1691/1691/1691 1692/1692/1692 1734/1734/1734
f 1734/1734/1734 1692/1692/1692 1735/1735/1735
f 1692/1692/1692 1693/1693/1693 1735/1735/1735
f 1735/1735/1735 1693/1693/1693 1736/1736/1736
f 1693/1693/1693 1694/1694/1694 1736/1736/1736
f 1736/1736/1736 1694/1694/1694 1737/1737/1737
f 1694/1694/1694 1695/1695/1695 1737/1737/1737
f 1737/1737/1737 1695/1695/1695 1738/1738/1738
f 1695/1695/1695 1696/1696/1696 1738/1738/1738
f 1738/1738/1738 1696/1696/1696 1739/1739/1739
f 1696/1696/1696 1697/1697/1697 1739/1739/1739
f 1739/1739/1739 1697/1697/1697 1740/1740/1740
f 1697/1697/1697 1698/1698/1698 1740/1740/1740
f 1740/1740/1740 1698/1698/1698 1741/1741/1741
f 1698/1698/1698 1699/1699/1699 1741/1741/1741
f 1741/1741/1741 1699/1699/1699 1742/1742/1742
f 1699/1699/1699 1700/1700/1700 1742/1742/1742
f 1742/1742/1742 1700/1700/1700 1743/1743/1743
f 1743/1743/1743 1700/1700/1700 1744/1744/1744
f 1744/1744/1744 1700/1700/1700 1745/1745/1745
f 1700/1700/1700 1701/1701/1701 1745/1745/1745
f 1701/1701/1701 1702/1702/1702 1745/1745/1745
f 1745/1745/1745 1702/1702/1702 1746/1746/1746
f 1702/1702/1702 1703/1703/1703 1746/1746/1746
f 1746/1746/1746 1703/1703/1703 1747/1747/1747
f 1747/1747/1747 1703/1703/1703 1748/1748/1748
f 1703/1703/1703 1704/1704/1704 1748/1748/1748
f 1704/1704/1704 1705/1705/1705 1748/1748/1748
f 1748/1748/1748 1705/1705/1705 1749/1749/1749
f 1705/1705/1705 1706/1706/1706 1749/1749/1749
f 1749/1749/1749 1706/1706/1706 1750/1750/1750
f 1706/1706/1706 1707/1707/1707 1750/1750/1750
f 1750/1750/1750 1707/1707/1707 1751/1751/1751
f 1752/1752/1752 1751/1751/1751 1753/1753/1753
f 1751/1751/1751 1707/1707/1707 1753/1753/1753
f 1753/1753/1753 1707/1707/1707 1754/1754/1754
f 1707/1707/1707 1708/1708/1708 1754/1754/1754
f 1754/1754/1754 1708/1708/1708 1755/1755/1755
f 1708/1708/1708 1709/1709/1709 1755/1755/1755
f 1755/1755/1755 1709/1709/1709 1756/1756/1756
f 1709/1709/1709 1710/1710/1710 1756/1756/1756
f 1756/1756/1756 1710/1710/1710 1757/1757/1757
f 1710/1710/1710 1711/1711/1711 1757/1757/1757
f 1757/1757/1757 1711/1711/1711 1758/1758/1758
f 1711/1711/1711 1712/1712/1712 1758/1758/1758
f 1758/1758/1758 1712/1712/1712 1759/1759/1759
f 1712/1712/1712 1713/1713/1713 1759/1759/1759
f 1759/1759/1759 1713/1713/1713 1760/1760/1760
f 1713/1713/1713 1714/1714/1714 1760/1760/1760
f 1760/1760/1760 1714/1714/1714 1761/1761/1761
f 1714/1714/1714 1715/1715/1715 1761/1761/1761
f 1761/1761/1761 1715/1715/1715 1762/1762/1762
f 1715/1715/1715 1716/1716/1716 1762/1762/1762
f 1762/1762/1762 1716/1716/1716 1763/1763/1763
f 1716/1716/1716 1717/1717/1717 1763/1763/1763
f 1763/1763/1763 1717/1717/1717 1764/1764/1764
f 1717/1717/1717 1718/1718/1718 1764/1764/1764
f 1764/1764/1764 1718/1718/1718 1765/1765/1765
f 1718/1718/1718 1719/1719/1719 1765/1765/1765
f 1765/1765/1765 1719/1719/1719 1766/1766/1766
f 1719/1719/1719 1720/1720/1720 1766/1766/1766
f 1766/1766/1766 1720/1720/1720 1767/1767/1767
f 1720/1720/1720 1721/1721/1721 1767/1767/1767
f 1767/1767/1767 1721/1721/1721 1768/1768/1768
f 1768/1768/1768 1721/1721/1721 1769/1769/1769
f 1721/1721/1721 1722/1722/1722 1769/1769/1769
f 1769/1769/1769 1722/1722/1722 1770/1770/1770
f 1722/1722/1722 1723/1723/1723 1770/1770/1770
f 1770/1770/1770 1723/1723/1723 1771/1771/1771
f 1723/1723/1723 1724/1724/1724 1771/1771/1771
f 1771/1771/1771 1724/1724/1724 1772/1772/1772
f 1772/1772/1772 1724/1724/1724 1773/1773/1773
f 1724/1724/1724 1725/1725/1725 1773/1773/1773
f 1725/1725/1725 1726/1726/1726 1773/1773/1773
f 1773/1773/1773 1726/1726/1726 1774/1774/1774
f 1726/1726/1726 1775/1775/1775 1774/1774/1774
f 1774/1774/1774 1775/1775/1775 1776/1776/1776
f 1776/1776/1776 1775/1775/1775 1777/1777/1777
f 1778/1778/1778 1777/1777/1777 1779/1779/1779
f 1780/1780/1780 1779/1779/1779 1781/1781/1781
f 1779/1779/1779 1777/1777/1777 1781/1781/1781
f 1777/1777/1777 1775/1775/1775 1781/1781/1781
f 1781/1781/1781 1775/1775/1775 1782/1782/1782
f 1775/1775/1775 1726/1726/1726 1782/1782/1782
f 1726/1726/1726 1727/1727/1727 1782/1782/1782
f 1782/1782/1782 1727/1727/1727 1783/1783/1783
f 1727/1727/1727 1728/1728/1728 1783/1783/1783
f 1728/1728/1728 1729/1729/1729 1783/1783/1783
f 1783/1783/1783 1729/1729/1729 1784/1784/1784
f 1729/1729/1729 1730/1730/1730 1784/1784/1784
f 1730/1730/1730 1731/1731/1731 1784/1784/1784
f 1731/1731/1731 1785/1785/1785 1784/1784/1784
f 1784/1784/1784 1785/1785/1785 1786/1786/1786
f 1785/1785/1785 1780/1780/1780 1786/1786/1786
f 1780/1780/1780 1781/1781/1781 1786/1786/1786
f 1781/1781/1781 1782/1782/1782 1786/1786/1786
f 1782/1782/1782 1783/1783/1783 1786/1786/1786
f 1784/1784/1784 1786/1786/1786 1783/1783/1783
f 1558/1558/1558 1559/1559/1559 1557/1557/1557
f 1337/1337/1337 1338/1338/1338 1336/1336/1336
v -0.0360373 0.6154098 -0.8524764
v -0.0360373 0.6072930 -0.8524764
v -0.0360373 0.6149082 -0.8448611
v -0.0360373 0.6072930 -0.8443596
v -0.0360373 0.5996821 -0.8448611
v -0.0360373 0.5991761 -0.8524764
v -0.0360373 0.5996821 -0.8600873
v -0.0360373 0.6072930 -0.8605932
v -0.0360373 0.6149082 -0.8600873
v -0.0360373 0.6072930 -0.8668579
v -0.0360373 0.6141384 -0.8658593
v -0.0360373 0.6186961 -0.8638796
v -0.0360373 0.6206758 -0.8593218
v -0.0360373 0.6216744 -0.8524764
v -0.0360373 0.6206758 -0.8456310
v -0.0360373 0.6186961 -0.8410733
v -0.0360373 0.6141384 -0.8390936
v -0.0360373 0.6072930 -0.8380949
v -0.0360373 0.6004476 -0.8390936
v -0.0360373 0.5958898 -0.8410733
v -0.0360373 0.5939101 -0.8456310
v -0.0360373 0.5929115 -0.8524764
v -0.0360373 0.5939101 -0.8593218
v -0.0360373 0.5958898 -0.8638796
v -0.0360373 0.6004476 -0.8658593
v -0.0359933 0.6004476 -0.8686617
v -0.0359933 0.6072930 -0.8699947
v -0.0359933 0.6141384 -0.8686617
v -0.0359933 0.6198003 -0.8649794
v -0.0359933 0.6234782 -0.8593218
v -0.0359933 0.6248112 -0.8524764
v -0.0359933 0.6234782 -0.8456310
v -0.0359933 0.6198003 -0.8399691
v -0.0359933 0.6141384 -0.8362912
v -0.0359933 0.6072930 -0.8349582
v -0.0359933 0.6004476 -0.8362912
v -0.0359933 0.5947900 -0.8399691
v -0.0359933 0.5911077 -0.8456310
v -0.0359933 0.5897747 -0.8524764
v -0.0359933 0.5911077 -0.8593218
v -0.0359933 0.5947900 -0.8649794
v -0.0356898 0.5941741 -0.8655953
v -0.0356898 0.6002012 -0.8695943
v -0.0356898 0.6072930 -0.8710285
v -0.0356898 0.6143847 -0.8695943
v -0.0356898 0.6204118 -0.8655953
v -0.0356898 0.6244108 -0.8595682
v -0.0356898 0.6258450 -0.8524764
v -0.0356898 0.6244108 -0.8453847
v -0.0356898 0.6204118 -0.8393576
v -0.0356898 0.6143847 -0.8353585
v -0.0356898 0.6072930 -0.8339244
v -0.0356898 0.6002012 -0.8353585
v -0.0356898 0.5941741 -0.8393576
v -0.0356898 0.5901751 -0.8453847
v -0.0356898 0.5887409 -0.8524764
v -0.0356898 0.5901751 -0.8595682
v -0.0322495 0.6072930 -0.8344919
v -0.0321791 0.6072930 -0.8390628
v -0.0322495 0.6141691 -0.8358821
v -0.0321791 0.6124226 -0.8400966
v -0.0322495 0.6200115 -0.8397623
v -0.0321791 0.6167780 -0.8429914
v -0.0322495 0.6238873 -0.8456002
v -0.0321791 0.6196727 -0.8473468
v -0.0321791 0.6207066 -0.8524764
v -0.0322495 0.6252775 -0.8524764
v -0.0322495 0.6238873 -0.8593526
v -0.0321791 0.6196727 -0.8576017
v -0.0321791 0.6167780 -0.8619614
v -0.0322495 0.6200115 -0.8651906
v -0.0322495 0.6141691 -0.8690708
v -0.0321791 0.6124226 -0.8648562
v -0.0319283 0.6072930 -0.8652654
v -0.0319283 0.6121806 -0.8642755
v -0.0319283 0.6163336 -0.8615171
v -0.0319283 0.6190964 -0.8573641
v -0.0319283 0.6200819 -0.8524764
v -0.0319283 0.6190964 -0.8475887
v -0.0319283 0.6163336 -0.8434358
v -0.0319283 0.6121806 -0.8406730
v -0.0319283 0.6072930 -0.8396875
v -0.0319283 0.6024053 -0.8406730
v -0.0321791 0.6021677 -0.8400966
v -0.0322495 0.6004168 -0.8358821
v -0.0325046 0.6001792 -0.8353013
v -0.0325046 0.6072930 -0.8338672
v -0.0325046 0.6144067 -0.8353013
v -0.0325046 0.6204514 -0.8393180
v -0.0325046 0.6244680 -0.8453627
v -0.0325046 0.6259022 -0.8524764
v -0.0325046 0.6244680 -0.8595902
v -0.0325046 0.6204514 -0.8656349
v -0.0325046 0.6144067 -0.8696515
v -0.0322495 0.6072930 -0.8704610
v -0.0321791 0.6072930 -0.8658901
v -0.0319283 0.6024053 -0.8642755
v -0.0321791 0.6021677 -0.8648562
v -0.0321791 0.5978079 -0.8619614
v -0.0319283 0.5982523 -0.8615171
v -0.0312332 0.5984239 -0.8613455
v -0.0312332 0.6024977 -0.8640511
v -0.0312332 0.6072930 -0.8650190
v -0.0312332 0.6120883 -0.8640511
v -0.0312332 0.6161621 -0.8613455
v -0.0312332 0.6188677 -0.8572717
v -0.0312332 0.6198355 -0.8524764
v -0.0312332 0.6188677 -0.8476811
v -0.0312332 0.6161621 -0.8436073
v -0.0312332 0.6120883 -0.8409017
v -0.0312332 0.6072930 -0.8399339
v -0.0312332 0.6024977 -0.8409017
v -0.0312332 0.5984239 -0.8436073
v -0.0319283 0.5982523 -0.8434358
v -0.0321791 0.5978079 -0.8429914
v -0.0322495 0.5945788 -0.8397623
v -0.0325046 0.5941345 -0.8393180
v -0.0330810 0.5939585 -0.8391420
v -0.0330810 0.6000868 -0.8350770
v -0.0330810 0.6072930 -0.8336208
v -0.0330810 0.6144991 -0.8350770
v -0.0330810 0.6206274 -0.8391420
v -0.0330810 0.6246924 -0.8452703
v -0.0330810 0.6261486 -0.8524764
v -0.0330810 0.6246924 -0.8596826
v -0.0330810 0.6206274 -0.8658109
v -0.0330810 0.6144991 -0.8698759
v -0.0325046 0.6072930 -0.8710857
v -0.0322495 0.6004168 -0.8690708
v -0.0322495 0.5945788 -0.8651906
v -0.0322495 0.5906986 -0.8593526
v -0.0321791 0.5949132 -0.8576017
v -0.0319283 0.5954939 -0.8573641
v -0.0312332 0.5957183 -0.8572717
v -0.0240403 0.5957183 -0.8572717
v -0.0240403 0.5984239 -0.8613455
v -0.0240403 0.6024977 -0.8640511
v -0.0240403 0.6072930 -0.8650190
v -0.0240403 0.6120883 -0.8640511
v -0.0240403 0.6161621 -0.8613455
v -0.0240403 0.6188677 -0.8572717
v -0.0240403 0.6198355 -0.8524764
v -0.0240403 0.6188677 -0.8476811
v -0.0240403 0.6161621 -0.8436073
v -0.0240403 0.6120883 -0.8409017
v -0.0240403 0.6072930 -0.8399339
v -0.0240403 0.6024977 -0.8409017
v -0.0240403 0.5984239 -0.8436073
v -0.0240403 0.5957183 -0.8476811
v -0.0312332 0.5957183 -0.8476811
v -0.0319283 0.5954939 -0.8475887
v -0.0321791 0.5949132 -0.8473468
v -0.0322495 0.5906986 -0.8456002
v -0.0325046 0.5901179 -0.8453627
v -0.0330810 0.5898935 -0.8452703
v -0.0349903 0.5898979 -0.8452703
v -0.0349903 0.5939673 -0.8391508
v -0.0349903 0.6000868 -0.8350814
v -0.0349903 0.6072930 -0.8336296
v -0.0349903 0.6144991 -0.8350814
v -0.0349903 0.6206186 -0.8391508
v -0.0349903 0.6246880 -0.8452703
v -0.0349903 0.6261398 -0.8524764
v -0.0349903 0.6246880 -0.8596826
v -0.0349903 0.6206186 -0.8658021
v -0.0349903 0.6144991 -0.8698715
v -0.0349903 0.6072930 -0.8713233
v -0.0330810 0.6072930 -0.8713321
v -0.0325046 0.6001792 -0.8696515
v -0.0325046 0.5941345 -0.8656349
v -0.0325046 0.5901179 -0.8595902
v -0.0356898 0.5941741 -0.8655953
v -0.0349903 0.5898979 -0.8596826
v -0.0356898 0.5901751 -0.8595682
v -0.0356898 0.5887409 -0.8524764
v -0.0349903 0.5884461 -0.8524764
v -0.0330810 0.5898935 -0.8596826
v -0.0330810 0.5884373 -0.8524764
v -0.0325046 0.5886837 -0.8524764
v -0.0322495 0.5893084 -0.8524764
v -0.0321791 0.5938793 -0.8524764
v -0.0319283 0.5945040 -0.8524764
v -0.0312332 0.5947504 -0.8524764
v -0.0240403 0.5947504 -0.8524764
v -0.0233452 0.5945040 -0.8524764
v -0.0233452 0.5954939 -0.8573641
v -0.0233452 0.5982523 -0.8615171
v -0.0233452 0.6024053 -0.8642755
v -0.0233452 0.6072930 -0.8652654
v -0.0233452 0.6121806 -0.8642755
v -0.0233452 0.6163336 -0.8615171
v -0.0233452 0.6190964 -0.8573641
v -0.0233452 0.6200819 -0.8524764
v -0.0233452 0.6190964 -0.8475887
v -0.0233452 0.6163336 -0.8434358
v -0.0233452 0.6121806 -0.8406730
v -0.0233452 0.6072930 -0.8396875
v -0.0233452 0.6024053 -0.8406730
v -0.0233452 0.5982523 -0.8434358
v -0.0233452 0.5954939 -0.8475887
v -0.0233452 0.5945040 -0.8524764
v -0.0240403 0.5947504 -0.8524764
v -0.0312332 0.5947504 -0.8524764
v -0.0319283 0.5945040 -0.8524764
v -0.0321791 0.5938793 -0.8524764
v -0.0322495 0.5893084 -0.8524764
v -0.0325046 0.5886837 -0.8524764
v -0.0330810 0.5884373 -0.8524764
v -0.0349903 0.5884461 -0.8524764
v -0.0356898 0.5887409 -0.8524764
v -0.0356898 0.5901751 -0.8453847
v -0.0356898 0.5941741 -0.8393576
v -0.0356898 0.6002012 -0.8353585
v -0.0356898 0.6072930 -0.8339244
v -0.0356898 0.6143847 -0.8353585
v -0.0356898 0.6204118 -0.8393576
v -0.0356898 0.6244108 -0.8453847
v -0.0356898 0.6258450 -0.8524764
v -0.0356898 0.6244108 -0.8595682
v -0.0356898 0.6204118 -0.8655953
v -0.0356898 0.6143847 -0.8695943
v -0.0356898 0.6072930 -0.8710285
v -0.0356898 0.6002012 -0.8695943
v -0.0349903 0.6000868 -0.8698715
v -0.0330810 0.6000868 -0.8698759
v -0.0330810 0.5939585 -0.8658109
v -0.0349903 0.5939673 -0.8658021
v 0.0219462 0.6072930 -0.8336208
v 0.0196717 0.6145123 -0.8350418
v 0.0196717 0.6072930 -0.8335856
v 0.0000022 0.6072930 -0.8335856
v 0.0000022 0.6145123 -0.8350418
v -0.0196717 0.6145123 -0.8350418
v -0.0196717 0.6072930 -0.8335856
v -0.0219462 0.6072930 -0.8336208
v -0.0219462 0.6144991 -0.8350770
v -0.0219462 0.6206274 -0.8391420
v -0.0196717 0.6206494 -0.8391200
v 0.0000022 0.6206494 -0.8391200
v 0.0196717 0.6206494 -0.8391200
v 0.0219462 0.6144991 -0.8350770
v 0.0227689 0.6072930 -0.8338672
v 0.0227689 0.6001792 -0.8353013
v 0.0219462 0.6000868 -0.8350770
v 0.0196717 0.6000736 -0.8350418
v 0.0000022 0.6000736 -0.8350418
v -0.0196717 0.6000736 -0.8350418
v -0.0219462 0.6000868 -0.8350770
v -0.0227689 0.6001792 -0.8353013
v -0.0227689 0.6072930 -0.8338672
v -0.0227689 0.6144067 -0.8353013
v -0.0227689 0.6204514 -0.8393180
v -0.0219462 0.6246924 -0.8452703
v -0.0227689 0.6244680 -0.8453627
v -0.0227689 0.6001792 -0.8696515
v -0.0227689 0.6072930 -0.8710857
v -0.0219462 0.6000868 -0.8698759
v -0.0219462 0.6072930 -0.8713321
v -0.0227689 0.6144067 -0.8696515
v -0.0219462 0.6144991 -0.8698759
v -0.0227689 0.6204514 -0.8656349
v -0.0219462 0.6206274 -0.8658109
v -0.0227689 0.6244680 -0.8595902
v -0.0219462 0.6246924 -0.8596826
v -0.0227689 0.6259022 -0.8524764
v -0.0219462 0.6261486 -0.8524764
v -0.0196717 0.6261838 -0.8524764
v -0.0196717 0.6247276 -0.8452571
v 0.0000022 0.6247276 -0.8452571
v 0.0196717 0.6247276 -0.8452571
v 0.0219462 0.6206274 -0.8391420
v 0.0227689 0.6144067 -0.8353013
v 0.0230196 0.6141691 -0.8358821
v 0.0230196 0.6072930 -0.8344919
v 0.0230196 0.6004168 -0.8358821
v 0.0230196 0.5945788 -0.8397623
v 0.0227689 0.5941345 -0.8393180
v 0.0219462 0.5939585 -0.8391420
v 0.0196717 0.5939365 -0.8391200
v 0.0000022 0.5939365 -0.8391200
v -0.0196717 0.5939365 -0.8391200
v -0.0219462 0.5939585 -0.8391420
v -0.0227689 0.5941345 -0.8393180
v -0.0230196 0.5945788 -0.8397623
v -0.0230196 0.6004168 -0.8358821
v -0.0230196 0.6072930 -0.8344919
v -0.0230196 0.6141691 -0.8358821
v -0.0230196 0.6200115 -0.8397623
v -0.0230196 0.6238873 -0.8456002
v -0.0230196 0.6252775 -0.8524764
v -0.0230196 0.6238873 -0.8593526
v -0.0230196 0.6200115 -0.8651906
v -0.0230196 0.6141691 -0.8690708
v -0.0230196 0.6072930 -0.8704610
v -0.0230196 0.6004168 -0.8690708
v -0.0230196 0.5945788 -0.8651906
v -0.0227689 0.5941345 -0.8656349
v -0.0219462 0.5939585 -0.8658109
v -0.0196717 0.5939365 -0.8658329
v 0.0000022 0.6000736 -0.8699111
v 0.0000022 0.5939365 -0.8658329
v -0.0196717 0.6000736 -0.8699111
v -0.0196717 0.6072930 -0.8713673
v -0.0196717 0.6145123 -0.8699111
v -0.0196717 0.6206494 -0.8658329
v -0.0196717 0.6247276 -0.8596958
v 0.0000022 0.6247276 -0.8596958
v 0.0000022 0.6261838 -0.8524764
v 0.0196717 0.6261838 -0.8524764
v 0.0219462 0.6246924 -0.8452703
v 0.0227689 0.6204514 -0.8393180
v 0.0230196 0.6200115 -0.8397623
v 0.0230900 0.6196727 -0.8473468
v 0.0230900 0.6167780 -0.8429914
v 0.0230900 0.6124226 -0.8400966
v 0.0230900 0.6072930 -0.8390628
v 0.0230900 0.6021677 -0.8400966
v 0.0230900 0.5978079 -0.8429914
v 0.0230900 0.5949132 -0.8473468
v 0.0230196 0.5906986 -0.8456002
v 0.0227689 0.5901179 -0.8453627
v 0.0219462 0.5898935 -0.8452703
v 0.0196717 0.5898583 -0.8452571
v 0.0000022 0.5898583 -0.8452571
v -0.0196717 0.5898583 -0.8452571
v -0.0219462 0.5898935 -0.8452703
v -0.0227689 0.5901179 -0.8453627
v -0.0230196 0.5906986 -0.8456002
v -0.0230900 0.5949132 -0.8473468
v -0.0230900 0.5978079 -0.8429914
v -0.0230900 0.6021677 -0.8400966
v -0.0230900 0.6072930 -0.8390628
v -0.0230900 0.6124226 -0.8400966
v -0.0230900 0.6167780 -0.8429914
v -0.0230900 0.6196727 -0.8473468
v -0.0230900 0.6207066 -0.8524764
v -0.0230900 0.6196727 -0.8576017
v -0.0230900 0.6167780 -0.8619614
v -0.0230900 0.6124226 -0.8648562
v -0.0230900 0.6072930 -0.8658901
v -0.0230900 0.6021677 -0.8648562
v -0.0230900 0.5978079 -0.8619614
v -0.0230900 0.5949132 -0.8576017
v -0.0230196 0.5906986 -0.8593526
v -0.0227689 0.5901179 -0.8595902
v -0.0219462 0.5898935 -0.8596826
v -0.0196717 0.5898583 -0.8596958
v 0.0000022 0.5898583 -0.8596958
v 0.0196717 0.5898583 -0.8596958
v 0.0196717 0.5939365 -0.8658329
v 0.0219462 0.5939585 -0.8658109
v 0.0219462 0.5898935 -0.8596826
v 0.0227689 0.5941345 -0.8656349
v 0.0227689 0.5901179 -0.8595902
v 0.0230196 0.5945788 -0.8651906
v 0.0230196 0.5906986 -0.8593526
v 0.0230900 0.5949132 -0.8576017
v 0.0230900 0.5978079 -0.8619614
v 0.0230900 0.6021677 -0.8648562
v 0.0230196 0.6004168 -0.8690708
v 0.0227689 0.6001792 -0.8696515
v 0.0219462 0.6000868 -0.8698759
v 0.0196717 0.6000736 -0.8699111
v 0.0000022 0.6072930 -0.8713673
v 0.0000022 0.6145123 -0.8699111
v 0.0000022 0.6206494 -0.8658329
v 0.0196717 0.6247276 -0.8596958
v 0.0219462 0.6261486 -0.8524764
v 0.0227689 0.6244680 -0.8453627
v 0.0230196 0.6238873 -0.8456002
v 0.0230900 0.6207066 -0.8524764
v 0.0233452 0.6200819 -0.8524764
v 0.0233452 0.6190964 -0.8475887
v 0.0233452 0.6163336 -0.8434358
v 0.0233452 0.6121806 -0.8406730
v 0.0233452 0.6072930 -0.8396875
v 0.0233452 0.6024053 -0.8406730
v 0.0233452 0.5982523 -0.8434358
v 0.0233452 0.5954939 -0.8475887
v 0.0233452 0.5945040 -0.8524764
v 0.0230900 0.5938793 -0.8524764
v 0.0230196 0.5893084 -0.8524764
v 0.0227689 0.5886837 -0.8524764
v 0.0219462 0.5884373 -0.8524764
v 0.0196717 0.5884021 -0.8524764
v 0.0000022 0.5884021 -0.8524764
v -0.0196717 0.5884021 -0.8524764
v -0.0219462 0.5884373 -0.8524764
v -0.0227689 0.5886837 -0.8524764
v -0.0230196 0.5893084 -0.8524764
v -0.0230900 0.5938793 -0.8524764
v -0.0233452 0.5945040 -0.8524764
v -0.0233452 0.5954939 -0.8475887
v -0.0233452 0.5982523 -0.8434358
v -0.0233452 0.6024053 -0.8406730
v -0.0233452 0.6072930 -0.8396875
v -0.0233452 0.6121806 -0.8406730
v -0.0233452 0.6163336 -0.8434358
v -0.0233452 0.6190964 -0.8475887
v -0.0233452 0.6200819 -0.8524764
v -0.0233452 0.6190964 -0.8573641
v -0.0233452 0.6163336 -0.8615171
v -0.0233452 0.6121806 -0.8642755
v -0.0233452 0.6072930 -0.8652654
v -0.0233452 0.6024053 -0.8642755
v -0.0233452 0.5982523 -0.8615171
v -0.0233452 0.5954939 -0.8573641
v -0.0233452 0.5945040 -0.8524764
v -0.0230900 0.5938793 -0.8524764
v -0.0230196 0.5893084 -0.8524764
v -0.0227689 0.5886837 -0.8524764
v -0.0219462 0.5884373 -0.8524764
v -0.0196717 0.5884021 -0.8524764
v 0.0000022 0.5884021 -0.8524764
v 0.0196717 0.5884021 -0.8524764
v 0.0219462 0.5884373 -0.8524764
v 0.0227689 0.5886837 -0.8524764
v 0.0230196 0.5893084 -0.8524764
v 0.0230900 0.5938793 -0.8524764
v 0.0233452 0.5945040 -0.8524764
v 0.0233452 0.5954939 -0.8573641
v 0.0233452 0.5982523 -0.8615171
v 0.0233452 0.6024053 -0.8642755
v 0.0233452 0.6072930 -0.8652654
v 0.0233452 0.6121806 -0.8642755
v 0.0230900 0.6072930 -0.8658901
v 0.0230196 0.6072930 -0.8704610
v 0.0227689 0.6072930 -0.8710857
v 0.0219462 0.6072930 -0.8713321
v 0.0196717 0.6072930 -0.8713673
v 0.0196717 0.6145123 -0.8699111
v 0.0196717 0.6206494 -0.8658329
v 0.0219462 0.6246924 -0.8596826
v 0.0227689 0.6259022 -0.8524764
v 0.0230196 0.6252775 -0.8524764
v 0.0230900 0.6196727 -0.8576017
v 0.0233452 0.6190964 -0.8573641
v 0.0230900 0.6167780 -0.8619614
v 0.0233452 0.6163336 -0.8615171
v 0.0230900 0.6124226 -0.8648562
v 0.0230196 0.6141691 -0.8690708
v 0.0227689 0.6144067 -0.8696515
v 0.0219462 0.6144991 -0.8698759
v 0.0219462 0.6206274 -0.8658109
v 0.0227689 0.6244680 -0.8595902
v 0.0230196 0.6238873 -0.8593526
v 0.0230196 0.6200115 -0.8651906
v 0.0227689 0.6204514 -0.8656349
v 0.0360373 0.5996821 -0.8448611
v 0.0360373 0.5991761 -0.8524764
v 0.0360373 0.6072930 -0.8443596
v 0.0360373 0.6072930 -0.8524764
v 0.0360373 0.6149082 -0.8448611
v 0.0360373 0.6154098 -0.8524764
v 0.0360373 0.6149082 -0.8600873
v 0.0360373 0.6072930 -0.8605932
v 0.0360373 0.5996821 -0.8600873
v 0.0360373 0.5958898 -0.8638796
v 0.0360373 0.5939101 -0.8593218
v 0.0360373 0.5929115 -0.8524764
v 0.0360373 0.5939101 -0.8456310
v 0.0360373 0.5958898 -0.8410733
v 0.0360373 0.6004476 -0.8390936
v 0.0360373 0.6072930 -0.8380949
v 0.0360373 0.6141384 -0.8390936
v 0.0360373 0.6186961 -0.8410733
v 0.0360373 0.6206758 -0.8456310
v 0.0360373 0.6216744 -0.8524764
v 0.0360373 0.6206758 -0.8593218
v 0.0360373 0.6186961 -0.8638796
v 0.0360373 0.6141384 -0.8658593
v 0.0360373 0.6072930 -0.8668579
v 0.0360373 0.6004476 -0.8658593
v 0.0359933 0.5947900 -0.8649794
v 0.0359933 0.5911077 -0.8593218
v 0.0359933 0.5897747 -0.8524764
v 0.0359933 0.5911077 -0.8456310
v 0.0359933 0.5947900 -0.8399691
v 0.0359933 0.6004476 -0.8362912
v 0.0359933 0.6072930 -0.8349582
v 0.0359933 0.6141384 -0.8362912
v 0.0359933 0.6198003 -0.8399691
v 0.0359933 0.6234782 -0.8456310
v 0.0359933 0.6248112 -0.8524764
v 0.0359933 0.6234782 -0.8593218
v 0.0359933 0.6198003 -0.8649794
v 0.0359933 0.6141384 -0.8686617
v 0.0359933 0.6072930 -0.8699947
v 0.0359933 0.6004476 -0.8686617
v 0.0356898 0.5941741 -0.8655953
v 0.0356898 0.5901751 -0.8595682
v 0.0356898 0.5887409 -0.8524764
v 0.0356898 0.5901751 -0.8453847
v 0.0356898 0.5941741 -0.8393576
v 0.0356898 0.6002012 -0.8353585
v 0.0356898 0.6072930 -0.8339244
v 0.0356898 0.6143847 -0.8353585
v 0.0356898 0.6204118 -0.8393576
v 0.0356898 0.6244108 -0.8453847
v 0.0356898 0.6258450 -0.8524764
v 0.0356898 0.6244108 -0.8595682
v 0.0356898 0.6204118 -0.8655953
v 0.0356898 0.6143847 -0.8695943
v 0.0356898 0.6072930 -0.8710285
v 0.0356898 0.6002012 -0.8695943
v 0.0322495 0.6072930 -0.8344919
v 0.0322495 0.6141691 -0.8358821
v 0.0321791 0.6072930 -0.8390628
v 0.0321791 0.6124226 -0.8400966
v 0.0322495 0.6200115 -0.8397623
v 0.0321791 0.6167780 -0.8429914
v 0.0322495 0.6238873 -0.8456002
v 0.0321791 0.6196727 -0.8473468
v 0.0321791 0.6207066 -0.8524764
v 0.0322495 0.6252775 -0.8524764
v 0.0322495 0.6238873 -0.8593526
v 0.0321791 0.6196727 -0.8576017
v 0.0321791 0.6167780 -0.8619614
v 0.0322495 0.6200115 -0.8651906
v 0.0321791 0.6124226 -0.8648562
v 0.0322495 0.6141691 -0.8690708
v 0.0325046 0.6204514 -0.8656349
v 0.0325046 0.6244680 -0.8595902
v 0.0325046 0.6259022 -0.8524764
v 0.0325046 0.6244680 -0.8453627
v 0.0325046 0.6204514 -0.8393180
v 0.0325046 0.6144067 -0.8353013
v 0.0325046 0.6072930 -0.8338672
v 0.0325046 0.6001792 -0.8353013
v 0.0322495 0.6004168 -0.8358821
v 0.0321791 0.6021677 -0.8400966
v 0.0319283 0.6024053 -0.8406730
v 0.0319283 0.6072930 -0.8396875
v 0.0319283 0.6121806 -0.8406730
v 0.0319283 0.6163336 -0.8434358
v 0.0319283 0.6190964 -0.8475887
v 0.0319283 0.6200819 -0.8524764
v 0.0319283 0.6190964 -0.8573641
v 0.0319283 0.6163336 -0.8615171
v 0.0319283 0.6121806 -0.8642755
v 0.0319283 0.6072930 -0.8652654
v 0.0321791 0.6021677 -0.8648562
v 0.0319283 0.6024053 -0.8642755
v 0.0321791 0.6072930 -0.8658901
v 0.0322495 0.6072930 -0.8704610
v 0.0325046 0.6144067 -0.8696515
v 0.0330809 0.6206274 -0.8658109
v 0.0330809 0.6246924 -0.8596826
v 0.0330809 0.6261486 -0.8524764
v 0.0330809 0.6246924 -0.8452703
v 0.0330809 0.6206274 -0.8391420
v 0.0330809 0.6144991 -0.8350770
v 0.0330809 0.6072930 -0.8336208
v 0.0330809 0.6000868 -0.8350770
v 0.0330809 0.5939585 -0.8391420
v 0.0325046 0.5941345 -0.8393180
v 0.0322495 0.5945788 -0.8397623
v 0.0321791 0.5978079 -0.8429914
v 0.0319283 0.5982523 -0.8434358
v 0.0312332 0.5984239 -0.8436073
v 0.0312332 0.6024977 -0.8409017
v 0.0312332 0.6072930 -0.8399339
v 0.0312332 0.6120883 -0.8409017
v 0.0312332 0.6161621 -0.8436073
v 0.0312332 0.6188677 -0.8476811
v 0.0312332 0.6198355 -0.8524764
v 0.0312332 0.6188677 -0.8572717
v 0.0312332 0.6161621 -0.8613455
v 0.0312332 0.6120883 -0.8640511
v 0.0312332 0.6072930 -0.8650190
v 0.0312332 0.6024977 -0.8640511
v 0.0312332 0.5984239 -0.8613455
v 0.0319283 0.5982523 -0.8615171
v 0.0321791 0.5978079 -0.8619614
v 0.0322495 0.5945788 -0.8651906
v 0.0322495 0.6004168 -0.8690708
v 0.0325046 0.6072930 -0.8710857
v 0.0330809 0.6144991 -0.8698759
v 0.0349903 0.6144991 -0.8698715
v 0.0349903 0.6206186 -0.8658021
v 0.0349903 0.6246880 -0.8596826
v 0.0349903 0.6261398 -0.8524764
v 0.0349903 0.6246880 -0.8452703
v 0.0349903 0.6206186 -0.8391508
v 0.0349903 0.6144991 -0.8350814
v 0.0349903 0.6072930 -0.8336296
v 0.0349903 0.6000868 -0.8350814
v 0.0349903 0.5939673 -0.8391508
v 0.0349903 0.5898979 -0.8452703
v 0.0330809 0.5898935 -0.8452703
v 0.0325046 0.5901179 -0.8453627
v 0.0322495 0.5906986 -0.8456002
v 0.0321791 0.5949132 -0.8473468
v 0.0319283 0.5954939 -0.8475887
v 0.0312332 0.5957183 -0.8476811
v 0.0240403 0.5957183 -0.8476811
v 0.0240403 0.5984239 -0.8436073
v 0.0240403 0.6024977 -0.8409017
v 0.0240403 0.6072930 -0.8399339
v 0.0240403 0.6120883 -0.8409017
v 0.0240403 0.6161621 -0.8436073
v 0.0240403 0.6188677 -0.8476811
v 0.0240403 0.6198355 -0.8524764
v 0.0240403 0.6188677 -0.8572717
v 0.0240403 0.6161621 -0.8613455
v 0.0240403 0.6120883 -0.8640511
v 0.0240403 0.6072930 -0.8650190
v 0.0240403 0.6024977 -0.8640511
v 0.0240403 0.5984239 -0.8613455
v 0.0240403 0.5957183 -0.8572717
v 0.0312332 0.5957183 -0.8572717
v 0.0319283 0.5954939 -0.8573641
v 0.0321791 0.5949132 -0.8576017
v 0.0322495 0.5906986 -0.8593526
v 0.0325046 0.5901179 -0.8595902
v 0.0325046 0.5941345 -0.8656349
v 0.0325046 0.6001792 -0.8696515
v 0.0330809 0.6072930 -0.8713321
v 0.0349903 0.6072930 -0.8713233
v 0.0356898 0.6072930 -0.8710285
v 0.0356898 0.6143847 -0.8695943
v 0.0356898 0.6204118 -0.8655953
v 0.0356898 0.6244108 -0.8595682
v 0.0356898 0.6258450 -0.8524764
v 0.0356898 0.6244108 -0.8453847
v 0.0356898 0.6204118 -0.8393576
v 0.0356898 0.6143847 -0.8353585
v 0.0356898 0.6072930 -0.8339244
v 0.0356898 0.6002012 -0.8353585
v 0.0356898 0.5941741 -0.8393576
v 0.0356898 0.5901751 -0.8453847
v 0.0356898 0.5887409 -0.8524764
v 0.0349903 0.5884461 -0.8524764
v 0.0330809 0.5884373 -0.8524764
v 0.0325046 0.5886837 -0.8524764
v 0.0322495 0.5893084 -0.8524764
v 0.0321791 0.5938793 -0.8524764
v 0.0319283 0.5945040 -0.8524764
v 0.0312332 0.5947504 -0.8524764
v 0.0240403 0.5947504 -0.8524764
v 0.0233452 0.5945040 -0.8524764
v 0.0233452 0.5954939 -0.8475887
v 0.0233452 0.5982523 -0.8434358
v 0.0233452 0.6024053 -0.8406730
v 0.0233452 0.6072930 -0.8396875
v 0.0233452 0.6121806 -0.8406730
v 0.0233452 0.6163336 -0.8434358
v 0.0233452 0.6190964 -0.8475887
v 0.0233452 0.6200819 -0.8524764
v 0.0233452 0.6190964 -0.8573641
v 0.0233452 0.6163336 -0.8615171
v 0.0233452 0.6121806 -0.8642755
v 0.0233452 0.6072930 -0.8652654
v 0.0233452 0.6024053 -0.8642755
v 0.0233452 0.5982523 -0.8615171
v 0.0233452 0.5954939 -0.8573641
v 0.0233452 0.5945040 -0.8524764
v 0.0240403 0.5947504 -0.8524764
v 0.0312332 0.5947504 -0.8524764
v 0.0319283 0.5945040 -0.8524764
v 0.0321791 0.5938793 -0.8524764
v 0.0322495 0.5893084 -0.8524764
v 0.0325046 0.5886837 -0.8524764
v 0.0330809 0.5898935 -0.8596826
v 0.0330809 0.5884373 -0.8524764
v 0.0349903 0.5884461 -0.8524764
v 0.0356898 0.5887409 -0.8524764
v 0.0356898 0.5901751 -0.8595682
v 0.0356898 0.5941741 -0.8655953
v 0.0349903 0.5898979 -0.8596826
v 0.0330809 0.5939585 -0.8658109
v 0.0330809 0.6000868 -0.8698759
v 0.0349903 0.6000868 -0.8698715
v 0.0356898 0.6002012 -0.8695943
v 0.0349903 0.5939673 -0.8658021
vt 0.5374489 0.3777395
vt 0.5346264 0.4198726
vt 0.5332970 0.3540141
vt 0.5304131 0.3918520
vt 0.5280406 0.4331670
vt 0.5318244 0.4622102
vt 0.5359559 0.4859356
vt 0.5388602 0.4480976
vt 0.5412327 0.4065781
vt 0.5421122 0.4697778
vt 0.5439530 0.4305081
vt 0.5445052 0.4000332
vt 0.5428281 0.3740580
vt 0.5396170 0.3450147
vt 0.5356900 0.3266071
vt 0.5326425 0.3210848
vt 0.5300450 0.3380608
vt 0.5271407 0.3701719
vt 0.5252999 0.4092370
vt 0.5247477 0.4397119
vt 0.5264453 0.4658917
vt 0.5296564 0.4947304
vt 0.5335629 0.5131380
vt 0.5366104 0.5186603
vt 0.5392284 0.5018889
vt 0.5406805 0.5115018
vt 0.5437485 0.4806179
vt 0.5454256 0.4403255
vt 0.5454665 0.3981925
vt 0.5437894 0.3593318
vt 0.5407010 0.3286524
vt 0.5366717 0.3118810
vt 0.5324584 0.3116765
vt 0.5285724 0.3282434
vt 0.5255044 0.3593318
vt 0.5238273 0.3996242
vt 0.5238068 0.4417572
vt 0.5254635 0.4804133
vt 0.5285724 0.5110927
vt 0.5326016 0.5278641
vt 0.5368149 0.5282732
vt 0.5369172 0.5337955
vt 0.5411100 0.5164105
vt 0.5443211 0.4842994
vt 0.5460187 0.4423708
vt 0.5460187 0.3969653
vt 0.5442802 0.3552412
vt 0.5410691 0.3231301
vt 0.5368763 0.3059496
vt 0.5323357 0.3059496
vt 0.5281633 0.3235392
vt 0.5249522 0.3554458
vt 0.5232341 0.3975788
vt 0.5232341 0.4427799
vt 0.5249931 0.4847084
vt 0.5281838 0.5168196
vt 0.5323971 0.5337955
vt 0.5676989 0.0582644
vt 0.5673512 0.0582644
vt 0.5676989 0.0537648
vt 0.5673512 0.0537648
vt 0.5676989 0.0492651
vt 0.5673512 0.0492651
vt 0.5676989 0.0445609
vt 0.5673512 0.0445609
vt 0.5673512 0.0400613
vt 0.5676989 0.0400613
vt 0.5676989 0.0355616
vt 0.5673512 0.0355616
vt 0.5673512 0.0310620
vt 0.5676989 0.0310620
vt 0.5676989 0.0263578
vt 0.5673512 0.0263578
vt 0.5673102 0.0218582
vt 0.5673102 0.0263578
vt 0.5673102 0.0310620
vt 0.5673102 0.0355616
vt 0.5673102 0.0400613
vt 0.5673102 0.0445609
vt 0.5673102 0.0492651
vt 0.5673102 0.0537648
vt 0.5673102 0.0582644
vt 0.5673102 0.0627641
vt 0.5673512 0.0627641
vt 0.5676989 0.0627641
vt 0.5677602 0.0627641
vt 0.5677602 0.0582644
vt 0.5677602 0.0537648
vt 0.5677602 0.0492651
vt 0.5677602 0.0445609
vt 0.5677602 0.0400613
vt 0.5677602 0.0355616
vt 0.5677602 0.0310620
vt 0.5677602 0.0263578
vt 0.5676989 0.0218582
vt 0.5673512 0.0218582
vt 0.5673102 0.0173585
vt 0.5673512 0.0173585
vt 0.5673512 0.0128588
vt 0.5673102 0.0128588
vt 0.5672489 0.0128588
vt 0.5672489 0.0173585
vt 0.5672489 0.0218582
vt 0.5672489 0.0263578
vt 0.5672489 0.0310620
vt 0.5672489 0.0355616
vt 0.5672489 0.0400613
vt 0.5672489 0.0445609
vt 0.5672489 0.0492651
vt 0.5672489 0.0537648
vt 0.5672489 0.0582644
vt 0.5672489 0.0627641
vt 0.5672489 0.0674683
vt 0.5673102 0.0674683
vt 0.5673512 0.0674683
vt 0.5676989 0.0674683
vt 0.5677602 0.0674683
vt 0.5678011 0.0674683
vt 0.5678011 0.0627641
vt 0.5678011 0.0582644
vt 0.5678011 0.0537648
vt 0.5678011 0.0492651
vt 0.5678011 0.0445609
vt 0.5678011 0.0400613
vt 0.5678011 0.0355616
vt 0.5678011 0.0310620
vt 0.5678011 0.0263578
vt 0.5677602 0.0218582
vt 0.5676989 0.0173585
vt 0.5676989 0.0128588
vt 0.5676989 0.0081547
vt 0.5673512 0.0081547
vt 0.5673102 0.0081547
vt 0.5672489 0.0081547
vt 0.5666967 0.0081547
vt 0.5666967 0.0128588
vt 0.5666967 0.0173585
vt 0.5666967 0.0218582
vt 0.5666967 0.0263578
vt 0.5666967 0.0310620
vt 0.5666967 0.0355616
vt 0.5666967 0.0400613
vt 0.5666967 0.0445609
vt 0.5666967 0.0492651
vt 0.5666967 0.0537648
vt 0.5666967 0.0582644
vt 0.5666967 0.0627641
vt 0.5666967 0.0674683
vt 0.5666967 0.0719679
vt 0.5672489 0.0719679
vt 0.5673102 0.0719679
vt 0.5673512 0.0719679
vt 0.5676989 0.0719679
vt 0.5677602 0.0719679
vt 0.5678011 0.0719679
vt 0.5679443 0.0719679
vt 0.5679443 0.0674683
vt 0.5679443 0.0627641
vt 0.5679443 0.0582644
vt 0.5679443 0.0537648
vt 0.5679443 0.0492651
vt 0.5679443 0.0445609
vt 0.5679443 0.0400613
vt 0.5679443 0.0355616
vt 0.5679443 0.0310620
vt 0.5679443 0.0263578
vt 0.5679443 0.0218582
vt 0.5678011 0.0218582
vt 0.5677602 0.0173585
vt 0.5677602 0.0128588
vt 0.5677602 0.0081547
vt 0.5680057 0.0128588
vt 0.5679443 0.0081547
vt 0.5680057 0.0081547
vt 0.5680057 0.0036550
vt 0.5679443 0.0036550
vt 0.5678011 0.0081547
vt 0.5678011 0.0036550
vt 0.5677602 0.0036550
vt 0.5676989 0.0036550
vt 0.5673512 0.0036550
vt 0.5673102 0.0036550
vt 0.5672489 0.0036550
vt 0.5666967 0.0036550
vt 0.5666353 0.0036550
vt 0.5666353 0.0081547
vt 0.5666353 0.0128588
vt 0.5666353 0.0173585
vt 0.5666353 0.0218582
vt 0.5666353 0.0263578
vt 0.5666353 0.0310620
vt 0.5666353 0.0355616
vt 0.5666353 0.0400613
vt 0.5666353 0.0445609
vt 0.5666353 0.0492651
vt 0.5666353 0.0537648
vt 0.5666353 0.0582644
vt 0.5666353 0.0627641
vt 0.5666353 0.0674683
vt 0.5666353 0.0719679
vt 0.5666353 0.0764675
vt 0.5666967 0.0764675
vt 0.5672489 0.0764675
vt 0.5673102 0.0764675
vt 0.5673512 0.0764675
vt 0.5676989 0.0764675
vt 0.5677602 0.0764675
vt 0.5678011 0.0764675
vt 0.5679443 0.0764675
vt 0.5680057 0.0764675
vt 0.5680057 0.0719679
vt 0.5680057 0.0674683
vt 0.5680057 0.0627641
vt 0.5680057 0.0582644
vt 0.5680057 0.0537648
vt 0.5680057 0.0492651
vt 0.5680057 0.0445609
vt 0.5680057 0.0400613
vt 0.5680057 0.0355616
vt 0.5680057 0.0310620
vt 0.5680057 0.0263578
vt 0.5680057 0.0218582
vt 0.5680057 0.0173585
vt 0.5679443 0.0173585
vt 0.5678011 0.0173585
vt 0.5678011 0.0128588
vt 0.5679443 0.0128588
vt 0.5210457 0.8358856
vt 0.5204935 0.8342493
vt 0.5210457 0.8342493
vt 0.5210457 0.8189096
vt 0.5204935 0.8189096
vt 0.5204935 0.8035699
vt 0.5210457 0.8035699
vt 0.5210457 0.8019337
vt 0.5204935 0.8019337
vt 0.5199208 0.8019337
vt 0.5199208 0.8035699
vt 0.5199208 0.8189096
vt 0.5199208 0.8342493
vt 0.5204935 0.8358856
vt 0.5210457 0.8367037
vt 0.5215979 0.8367037
vt 0.5215979 0.8358856
vt 0.5215979 0.8342493
vt 0.5215979 0.8189096
vt 0.5215979 0.8035699
vt 0.5215979 0.8019337
vt 0.5215979 0.8011156
vt 0.5210457 0.8011156
vt 0.5204935 0.8011156
vt 0.5199208 0.8011156
vt 0.5193685 0.8019337
vt 0.5193685 0.8011156
vt 0.5160347 0.8011156
vt 0.5165869 0.8011156
vt 0.5160347 0.8019337
vt 0.5165869 0.8019337
vt 0.5171392 0.8011156
vt 0.5171392 0.8019337
vt 0.5176914 0.8011156
vt 0.5176914 0.8019337
vt 0.5182641 0.8011156
vt 0.5182641 0.8019337
vt 0.5188163 0.8011156
vt 0.5188163 0.8019337
vt 0.5188163 0.8035699
vt 0.5193685 0.8035699
vt 0.5193685 0.8189096
vt 0.5193685 0.8342493
vt 0.5199208 0.8358856
vt 0.5204935 0.8367037
vt 0.5204935 0.8371128
vt 0.5210457 0.8371128
vt 0.5215979 0.8371128
vt 0.5221501 0.8371128
vt 0.5221501 0.8367037
vt 0.5221501 0.8358856
vt 0.5221501 0.8342493
vt 0.5221501 0.8189096
vt 0.5221501 0.8035699
vt 0.5221501 0.8019337
vt 0.5221501 0.8011156
vt 0.5221501 0.8007065
vt 0.5215979 0.8007065
vt 0.5210457 0.8007065
vt 0.5204935 0.8007065
vt 0.5199208 0.8007065
vt 0.5193685 0.8007065
vt 0.5188163 0.8007065
vt 0.5182641 0.8007065
vt 0.5176914 0.8007065
vt 0.5171392 0.8007065
vt 0.5165869 0.8007065
vt 0.5160347 0.8007065
vt 0.5154620 0.8007065
vt 0.5154620 0.8011156
vt 0.5154620 0.8019337
vt 0.5154620 0.8035699
vt 0.5160347 0.8189096
vt 0.5154620 0.8189096
vt 0.5160347 0.8035699
vt 0.5165869 0.8035699
vt 0.5171392 0.8035699
vt 0.5176914 0.8035699
vt 0.5182641 0.8035699
vt 0.5182641 0.8189096
vt 0.5188163 0.8189096
vt 0.5188163 0.8342493
vt 0.5193685 0.8358856
vt 0.5199208 0.8367037
vt 0.5199208 0.8371128
vt 0.5193685 0.8405897
vt 0.5199208 0.8405897
vt 0.5204935 0.8405897
vt 0.5210457 0.8405897
vt 0.5215979 0.8405897
vt 0.5221501 0.8405897
vt 0.5227024 0.8405897
vt 0.5227024 0.8371128
vt 0.5227024 0.8367037
vt 0.5227024 0.8358856
vt 0.5227024 0.8342493
vt 0.5227024 0.8189096
vt 0.5227024 0.8035699
vt 0.5227024 0.8019337
vt 0.5227024 0.8011156
vt 0.5227024 0.8007065
vt 0.5227024 0.7970250
vt 0.5221501 0.7970250
vt 0.5215979 0.7970250
vt 0.5210457 0.7970250
vt 0.5204935 0.7970250
vt 0.5199208 0.7970250
vt 0.5193685 0.7970250
vt 0.5188163 0.7970250
vt 0.5182641 0.7970250
vt 0.5176914 0.7970250
vt 0.5171392 0.7970250
vt 0.5165869 0.7970250
vt 0.5160347 0.7970250
vt 0.5154620 0.7970250
vt 0.5149098 0.7970250
vt 0.5149098 0.8007065
vt 0.5149098 0.8011156
vt 0.5149098 0.8019337
vt 0.5149098 0.8035699
vt 0.5149098 0.8189096
vt 0.5149098 0.8342493
vt 0.5154620 0.8342493
vt 0.5154620 0.8358856
vt 0.5149098 0.8358856
vt 0.5154620 0.8367037
vt 0.5149098 0.8367037
vt 0.5154620 0.8371128
vt 0.5149098 0.8371128
vt 0.5149098 0.8405897
vt 0.5154620 0.8405897
vt 0.5160347 0.8405897
vt 0.5160347 0.8371128
vt 0.5160347 0.8367037
vt 0.5160347 0.8358856
vt 0.5160347 0.8342493
vt 0.5165869 0.8189096
vt 0.5171392 0.8189096
vt 0.5176914 0.8189096
vt 0.5182641 0.8342493
vt 0.5188163 0.8358856
vt 0.5193685 0.8367037
vt 0.5193685 0.8371128
vt 0.5188163 0.8405897
vt 0.5188163 0.8412033
vt 0.5193685 0.8412033
vt 0.5199208 0.8412033
vt 0.5204935 0.8412033
vt 0.5210457 0.8412033
vt 0.5215979 0.8412033
vt 0.5221501 0.8412033
vt 0.5227024 0.8412033
vt 0.5232751 0.8412033
vt 0.5232751 0.8405897
vt 0.5232751 0.8371128
vt 0.5232751 0.8367037
vt 0.5232751 0.8358856
vt 0.5232751 0.8342493
vt 0.5232751 0.8189096
vt 0.5232751 0.8035699
vt 0.5232751 0.8019337
vt 0.5232751 0.8011156
vt 0.5232751 0.8007065
vt 0.5232751 0.7970250
vt 0.5232751 0.7966159
vt 0.5227024 0.7966159
vt 0.5221501 0.7966159
vt 0.5215979 0.7966159
vt 0.5210457 0.7966159
vt 0.5204935 0.7966159
vt 0.5199208 0.7966159
vt 0.5193685 0.7966159
vt 0.5188163 0.7966159
vt 0.5182641 0.7966159
vt 0.5176914 0.7966159
vt 0.5171392 0.7966159
vt 0.5165869 0.7966159
vt 0.5160347 0.7966159
vt 0.5154620 0.7966159
vt 0.5149098 0.7966159
vt 0.5143576 0.7966159
vt 0.5143576 0.7970250
vt 0.5143576 0.8007065
vt 0.5143576 0.8011156
vt 0.5143576 0.8019337
vt 0.5143576 0.8035699
vt 0.5143576 0.8189096
vt 0.5143576 0.8342493
vt 0.5143576 0.8358856
vt 0.5143576 0.8367037
vt 0.5143576 0.8371128
vt 0.5143576 0.8405897
vt 0.5143576 0.8412033
vt 0.5149098 0.8412033
vt 0.5154620 0.8412033
vt 0.5160347 0.8412033
vt 0.5165869 0.8412033
vt 0.5171392 0.8412033
vt 0.5165869 0.8405897
vt 0.5165869 0.8371128
vt 0.5165869 0.8367037
vt 0.5165869 0.8358856
vt 0.5165869 0.8342493
vt 0.5171392 0.8342493
vt 0.5176914 0.8342493
vt 0.5182641 0.8358856
vt 0.5188163 0.8367037
vt 0.5188163 0.8371128
vt 0.5182641 0.8405897
vt 0.5182641 0.8412033
vt 0.5176914 0.8405897
vt 0.5176914 0.8412033
vt 0.5171392 0.8405897
vt 0.5171392 0.8371128
vt 0.5171392 0.8367037
vt 0.5171392 0.8358856
vt 0.5176914 0.8358856
vt 0.5182641 0.8367037
vt 0.5182641 0.8371128
vt 0.5176914 0.8371128
vt 0.5176914 0.8367037
vt 0.5562043 0.5344091
vt 0.5533204 0.4965711
vt 0.5603358 0.5106837
vt 0.5575337 0.4685506
vt 0.5641400 0.4818450
vt 0.5617675 0.4405300
vt 0.5588632 0.4024875
vt 0.5547317 0.4262130
vt 0.5509479 0.4552562
vt 0.5476550 0.4487112
vt 0.5482072 0.4791862
vt 0.5500480 0.5182513
vt 0.5529318 0.5503624
vt 0.5555498 0.5673383
vt 0.5585973 0.5618160
vt 0.5625038 0.5434084
vt 0.5657354 0.5143652
vt 0.5674125 0.4883900
vt 0.5668603 0.4579151
vt 0.5650195 0.4188499
vt 0.5621357 0.3865343
vt 0.5595177 0.3697628
vt 0.5564702 0.3752851
vt 0.5525637 0.3936928
vt 0.5493526 0.4225315
vt 0.5467141 0.4466660
vt 0.5467346 0.4887990
vt 0.5484117 0.5290913
vt 0.5514797 0.5601798
vt 0.5553657 0.5767467
vt 0.5595790 0.5765422
vt 0.5636083 0.5597708
vt 0.5666967 0.5290913
vt 0.5683738 0.4902307
vt 0.5683329 0.4480976
vt 0.5666558 0.4078053
vt 0.5635878 0.3769214
vt 0.5597222 0.3601500
vt 0.5554884 0.3605590
vt 0.5514797 0.3773304
vt 0.5483708 0.4080098
vt 0.5461414 0.4456433
vt 0.5461414 0.4908443
vt 0.5478595 0.5329774
vt 0.5510706 0.5648840
vt 0.5552430 0.5824735
vt 0.5597836 0.5824735
vt 0.5639764 0.5652931
vt 0.5671875 0.5331819
vt 0.5689260 0.4914579
vt 0.5689260 0.4460523
vt 0.5672284 0.4041238
vt 0.5640173 0.3720127
vt 0.5598245 0.3546276
vt 0.5553044 0.3546276
vt 0.5510911 0.3716036
vt 0.5479004 0.4037147
vt 0.5338901 0.2466361
vt 0.5338901 0.2513402
vt 0.5335424 0.2466361
vt 0.5335424 0.2513402
vt 0.5338901 0.2558399
vt 0.5335424 0.2558399
vt 0.5338901 0.2603395
vt 0.5335424 0.2603395
vt 0.5335424 0.2648392
vt 0.5338901 0.2648392
vt 0.5338901 0.2695434
vt 0.5335424 0.2695434
vt 0.5335424 0.2740430
vt 0.5338901 0.2740430
vt 0.5335424 0.2785427
vt 0.5338901 0.2785427
vt 0.5339310 0.2740430
vt 0.5339310 0.2695434
vt 0.5339310 0.2648392
vt 0.5339310 0.2603395
vt 0.5339310 0.2558399
vt 0.5339310 0.2513402
vt 0.5339310 0.2466361
vt 0.5339310 0.2421364
vt 0.5338901 0.2421364
vt 0.5335424 0.2421364
vt 0.5334811 0.2421364
vt 0.5334811 0.2466361
vt 0.5334811 0.2513402
vt 0.5334811 0.2558399
vt 0.5334811 0.2603395
vt 0.5334811 0.2648392
vt 0.5334811 0.2695434
vt 0.5334811 0.2740430
vt 0.5334811 0.2785427
vt 0.5334811 0.2830423
vt 0.5335424 0.2877465
vt 0.5334811 0.2877465
vt 0.5335424 0.2830423
vt 0.5338901 0.2830423
vt 0.5339310 0.2785427
vt 0.5339719 0.2740430
vt 0.5339719 0.2695434
vt 0.5339719 0.2648392
vt 0.5339719 0.2603395
vt 0.5339719 0.2558399
vt 0.5339719 0.2513402
vt 0.5339719 0.2466361
vt 0.5339719 0.2421364
vt 0.5339719 0.2376368
vt 0.5339310 0.2376368
vt 0.5338901 0.2376368
vt 0.5335424 0.2376368
vt 0.5334811 0.2376368
vt 0.5334197 0.2376368
vt 0.5334197 0.2421364
vt 0.5334197 0.2466361
vt 0.5334197 0.2513402
vt 0.5334197 0.2558399
vt 0.5334197 0.2603395
vt 0.5334197 0.2648392
vt 0.5334197 0.2695434
vt 0.5334197 0.2740430
vt 0.5334197 0.2785427
vt 0.5334197 0.2830423
vt 0.5334197 0.2877465
vt 0.5334197 0.2922462
vt 0.5334811 0.2922462
vt 0.5335424 0.2922462
vt 0.5338901 0.2922462
vt 0.5338901 0.2877465
vt 0.5339310 0.2830423
vt 0.5339719 0.2785427
vt 0.5341356 0.2785427
vt 0.5341356 0.2740430
vt 0.5341356 0.2695434
vt 0.5341356 0.2648392
vt 0.5341356 0.2603395
vt 0.5341356 0.2558399
vt 0.5341356 0.2513402
vt 0.5341356 0.2466361
vt 0.5341356 0.2421364
vt 0.5341356 0.2376368
vt 0.5341356 0.2329326
vt 0.5339719 0.2329326
vt 0.5339310 0.2329326
vt 0.5338901 0.2329326
vt 0.5335424 0.2329326
vt 0.5334811 0.2329326
vt 0.5334197 0.2329326
vt 0.5328675 0.2329326
vt 0.5328675 0.2376368
vt 0.5328675 0.2421364
vt 0.5328675 0.2466361
vt 0.5328675 0.2513402
vt 0.5328675 0.2558399
vt 0.5328675 0.2603395
vt 0.5328675 0.2648392
vt 0.5328675 0.2695434
vt 0.5328675 0.2740430
vt 0.5328675 0.2785427
vt 0.5328675 0.2830423
vt 0.5328675 0.2877465
vt 0.5328675 0.2922462
vt 0.5328675 0.2967458
vt 0.5334197 0.2967458
vt 0.5334811 0.2967458
vt 0.5335424 0.2967458
vt 0.5338901 0.2967458
vt 0.5339310 0.2967458
vt 0.5339310 0.2922462
vt 0.5339310 0.2877465
vt 0.5339719 0.2830423
vt 0.5341356 0.2830423
vt 0.5341765 0.2830423
vt 0.5341765 0.2785427
vt 0.5341765 0.2740430
vt 0.5341765 0.2695434
vt 0.5341765 0.2648392
vt 0.5341765 0.2603395
vt 0.5341765 0.2558399
vt 0.5341765 0.2513402
vt 0.5341765 0.2466361
vt 0.5341765 0.2421364
vt 0.5341765 0.2376368
vt 0.5341765 0.2329326
vt 0.5341765 0.2284329
vt 0.5341356 0.2284329
vt 0.5339719 0.2284329
vt 0.5339310 0.2284329
vt 0.5338901 0.2284329
vt 0.5335424 0.2284329
vt 0.5334811 0.2284329
vt 0.5334197 0.2284329
vt 0.5328675 0.2284329
vt 0.5328266 0.2284329
vt 0.5328266 0.2329326
vt 0.5328266 0.2376368
vt 0.5328266 0.2421364
vt 0.5328266 0.2466361
vt 0.5328266 0.2513402
vt 0.5328266 0.2558399
vt 0.5328266 0.2603395
vt 0.5328266 0.2648392
vt 0.5328266 0.2695434
vt 0.5328266 0.2740430
vt 0.5328266 0.2785427
vt 0.5328266 0.2830423
vt 0.5328266 0.2877465
vt 0.5328266 0.2922462
vt 0.5328266 0.2967458
vt 0.5328266 0.3012455
vt 0.5328675 0.3012455
vt 0.5334197 0.3012455
vt 0.5334811 0.3012455
vt 0.5335424 0.3012455
vt 0.5338901 0.3012455
vt 0.5339310 0.3012455
vt 0.5339719 0.2967458
vt 0.5339719 0.3012455
vt 0.5341356 0.3012455
vt 0.5341765 0.3012455
vt 0.5341765 0.2967458
vt 0.5341765 0.2922462
vt 0.5341356 0.2967458
vt 0.5339719 0.2922462
vt 0.5339719 0.2877465
vt 0.5341356 0.2877465
vt 0.5341765 0.2877465
vt 0.5341356 0.2922462
vn -1.0000000 0.0000000 0.0000000
vn -1.0000000 0.0000000 0.0000000
vn -1.0000000 0.0000000 0.0000000
vn -1.0000000 0.0000000 0.0000000
vn -1.0000000 0.0000000 0.0000000
vn -1.0000000 0.0000000 0.0000000
vn -1.0000000 0.0000000 0.0000000
vn -1.0000000 0.0000000 0.0000000
vn -1.0000000 0.0000000 0.0000000
vn -0.9999923 0.0000000 -0.0039292
vn -0.9999805 0.0019723 -0.0059170
vn -0.9999508 0.0079361 -0.0059521
vn -0.9999805 0.0059170 -0.0019723
vn -0.9999923 0.0039292 0.0000000
vn -0.9999805 0.0059170 0.0019723
vn -0.9999508 0.0079361 0.0059521
vn -0.9999805 0.0019723 0.0059170
vn -0.9999923 0.0000000 0.0039292
vn -0.9999805 -0.0019723 0.0059170
vn -0.9999508 -0.0079361 0.0059521
vn -0.9999805 -0.0059170 0.0019723
vn -0.9999923 -0.0039292 0.0000000
vn -0.9999805 -0.0059170 -0.0019723
vn -0.9999508 -0.0079361 -0.0059521
vn -0.9999805 -0.0019723 -0.0059170
vn -0.9944416 -0.0398662 -0.0974509
vn -0.9960142 0.0000000 -0.0891953
vn -0.9944416 0.0398662 -0.0974509
vn -0.9914965 0.0920182 -0.0920183
vn -0.9944416 0.0974509 -0.0398662
vn -0.9960142 0.0891953 0.0000000
vn -0.9944416 0.0974509 0.0398662
vn -0.9914965 0.0920183 0.0920183
vn -0.9944416 0.0398662 0.0974509
vn -0.9960142 0.0000000 0.0891953
vn -0.9944416 -0.0398662 0.0974509
vn -0.9914965 -0.0920183 0.0920182
vn -0.9944416 -0.0974509 0.0398662
vn -0.9960142 -0.0891953 0.0000000
vn -0.9944416 -0.0974509 -0.0398662
vn -0.9914965 -0.0920182 -0.0920182
vn -0.7592730 -0.4601655 -0.4601655
vn -0.7764078 -0.2410621 -0.5823058
vn -0.7883158 0.0000000 -0.6152709
vn -0.7764077 0.2410621 -0.5823059
vn -0.7592730 0.4601655 -0.4601655
vn -0.7755720 0.5848064 -0.2376754
vn -0.7883158 0.6152709 0.0000000
vn -0.7755720 0.5848064 0.2376754
vn -0.7592730 0.4601655 0.4601655
vn -0.7764077 0.2410621 0.5823059
vn -0.7883158 0.0000000 0.6152709
vn -0.7764078 -0.2410621 0.5823058
vn -0.7592730 -0.4601655 0.4601655
vn -0.7755720 -0.5848064 0.2376754
vn -0.7883158 -0.6152709 0.0000000
vn -0.7755720 -0.5848064 -0.2376754
vn 0.9976254 0.0000000 0.0688737
vn 0.9984476 0.0000000 0.0556986
vn 0.9976353 0.0255259 0.0638146
vn 0.9984039 0.0209749 0.0524372
vn 0.9976757 0.0492414 0.0471005
vn 0.9984791 0.0400234 0.0379169
vn 0.9976353 0.0638146 0.0255259
vn 0.9984654 0.0503427 0.0230738
vn 0.9984476 0.0556986 0.0000000
vn 0.9976254 0.0688737 0.0000000
vn 0.9976353 0.0638146 -0.0255259
vn 0.9984654 0.0503427 -0.0230738
vn 0.9984791 0.0400234 -0.0379169
vn 0.9976757 0.0492414 -0.0471006
vn 0.9976353 0.0255259 -0.0638146
vn 0.9984039 0.0209749 -0.0524372
vn 0.6832047 0.0000000 -0.7302269
vn 0.6822895 0.2786815 -0.6758829
vn 0.6818341 0.5172535 -0.5172534
vn 0.6822894 0.6758829 -0.2786816
vn 0.6832048 0.7302268 0.0000000
vn 0.6822895 0.6758829 0.2786815
vn 0.6818340 0.5172535 0.5172535
vn 0.6822895 0.2786815 0.6758829
vn 0.6832048 0.0000000 0.7302268
vn 0.6822894 -0.2786816 0.6758829
vn 0.9984039 -0.0209749 0.0524372
vn 0.9976353 -0.0255259 0.0638146
vn 0.7221139 -0.2640327 0.6394046
vn 0.7221609 0.0000000 0.6917251
vn 0.7221139 0.2640327 0.6394046
vn 0.7221029 0.4891664 0.4891664
vn 0.7221139 0.6394046 0.2640327
vn 0.7221609 0.6917251 0.0000000
vn 0.7221139 0.6394046 -0.2640327
vn 0.7221029 0.4891664 -0.4891664
vn 0.7221138 0.2640327 -0.6394047
vn 0.9976254 0.0000000 -0.0688737
vn 0.9984476 0.0000000 -0.0556986
vn 0.6822894 -0.2786816 -0.6758829
vn 0.9984039 -0.0209749 -0.0524372
vn 0.9984791 -0.0400234 -0.0379169
vn 0.6818342 -0.5172534 -0.5172534
vn 0.0310977 -0.7067648 -0.7067648
vn 0.0313981 -0.3820092 -0.9236250
vn 0.0323064 0.0000000 -0.9994780
vn 0.0313981 0.3820092 -0.9236250
vn 0.0310976 0.7067648 -0.7067648
vn 0.0313981 0.9236250 -0.3820092
vn 0.0323064 0.9994780 0.0000000
vn 0.0313981 0.9236250 0.3820092
vn 0.0310975 0.7067648 0.7067648
vn 0.0313981 0.3820092 0.9236250
vn 0.0323064 0.0000000 0.9994780
vn 0.0313981 -0.3820092 0.9236250
vn 0.0310976 -0.7067648 0.7067648
vn 0.6818341 -0.5172534 0.5172535
vn 0.9984791 -0.0400234 0.0379169
vn 0.9976757 -0.0492415 0.0471005
vn 0.7221029 -0.4891664 0.4891664
vn 0.0940587 -0.7025008 0.7054400
vn 0.0955717 -0.3795563 0.9202190
vn 0.0961194 0.0000000 0.9953698
vn 0.0955717 0.3795563 0.9202190
vn 0.0940587 0.7025008 0.7054400
vn 0.0955717 0.9202190 0.3795563
vn 0.0961194 0.9953698 0.0000000
vn 0.0955717 0.9202190 -0.3795563
vn 0.0940587 0.7025008 -0.7054400
vn 0.0955717 0.3795563 -0.9202190
vn 0.7221610 0.0000000 -0.6917250
vn 0.9976353 -0.0255259 -0.0638146
vn 0.9976757 -0.0492415 -0.0471006
vn 0.9976353 -0.0638146 -0.0255259
vn 0.9984654 -0.0503428 -0.0230738
vn 0.6822894 -0.6758829 -0.2786816
vn 0.0313981 -0.9236250 -0.3820092
vn -0.0313981 -0.9236250 -0.3820092
vn -0.0310977 -0.7067648 -0.7067648
vn -0.0313981 -0.3820092 -0.9236250
vn -0.0323064 0.0000000 -0.9994780
vn -0.0313981 0.3820092 -0.9236250
vn -0.0310976 0.7067648 -0.7067648
vn -0.0313981 0.9236250 -0.3820092
vn -0.0323064 0.9994780 0.0000000
vn -0.0313981 0.9236250 0.3820092
vn -0.0310975 0.7067648 0.7067648
vn -0.0313981 0.3820092 0.9236250
vn -0.0323064 0.0000000 0.9994780
vn -0.0313981 -0.3820092 0.9236250
vn -0.0310976 -0.7067648 0.7067648
vn -0.0313981 -0.9236250 0.3820092
vn 0.0313981 -0.9236250 0.3820092
vn 0.6822895 -0.6758829 0.2786815
vn 0.9984654 -0.0503428 0.0230738
vn 0.9976353 -0.0638146 0.0255259
vn 0.7221138 -0.6394047 0.2640327
vn 0.0955717 -0.9202190 0.3795563
vn -0.1161493 -0.9181330 0.3788681
vn -0.1160626 -0.7023281 0.7023281
vn -0.1161492 -0.3788682 0.9181330
vn -0.1149533 0.0000000 0.9933709
vn -0.1161492 0.3788682 0.9181330
vn -0.1160626 0.7023281 0.7023281
vn -0.1161492 0.9181330 0.3788682
vn -0.1149533 0.9933709 0.0000000
vn -0.1161492 0.9181330 -0.3788682
vn -0.1160626 0.7023281 -0.7023281
vn -0.1161493 0.3788681 -0.9181330
vn -0.1149534 0.0000000 -0.9933709
vn 0.0961194 0.0000000 -0.9953698
vn 0.7221138 -0.2640327 -0.6394047
vn 0.7221029 -0.4891664 -0.4891664
vn 0.7221138 -0.6394047 -0.2640327
vn -0.7592730 -0.4601655 -0.4601655
vn -0.1161493 -0.9181330 -0.3788681
vn -0.7755720 -0.5848064 -0.2376754
vn -0.7883158 -0.6152709 0.0000000
vn -0.1149534 -0.9933709 0.0000000
vn 0.0955717 -0.9202190 -0.3795563
vn 0.0961194 -0.9953698 0.0000000
vn 0.7221610 -0.6917250 0.0000000
vn 0.9976254 -0.0688737 0.0000000
vn 0.9984476 -0.0556986 0.0000000
vn 0.6832047 -0.7302269 0.0000000
vn 0.0323064 -0.9994780 0.0000000
vn -0.0323064 -0.9994780 0.0000000
vn -0.6832047 -0.7302269 0.0000000
vn -0.6822894 -0.6758829 -0.2786816
vn -0.6818342 -0.5172534 -0.5172534
vn -0.6822894 -0.2786816 -0.6758829
vn -0.6832047 0.0000000 -0.7302269
vn -0.6822894 0.2786816 -0.6758829
vn -0.6818341 0.5172534 -0.5172535
vn -0.6822894 0.6758829 -0.2786817
vn -0.6832046 0.7302270 0.0000000
vn -0.6822894 0.6758829 0.2786817
vn -0.6818340 0.5172535 0.5172535
vn -0.6822894 0.2786817 0.6758829
vn -0.6832046 0.0000000 0.7302270
vn -0.6822894 -0.2786817 0.6758829
vn -0.6818341 -0.5172535 0.5172534
vn -0.6822894 -0.6758829 0.2786816
vn -0.6832047 -0.7302269 0.0000000
vn -0.0323064 -0.9994780 0.0000000
vn 0.0323064 -0.9994780 0.0000000
vn 0.6832047 -0.7302269 0.0000000
vn 0.9984476 -0.0556986 0.0000000
vn 0.9976254 -0.0688737 0.0000000
vn 0.7221610 -0.6917250 0.0000000
vn 0.0961194 -0.9953698 0.0000000
vn -0.1149534 -0.9933709 0.0000000
vn -0.7883158 -0.6152709 0.0000000
vn -0.7755720 -0.5848064 0.2376754
vn -0.7592730 -0.4601655 0.4601655
vn -0.7764078 -0.2410621 0.5823058
vn -0.7883158 0.0000000 0.6152709
vn -0.7764077 0.2410621 0.5823059
vn -0.7592730 0.4601655 0.4601655
vn -0.7755720 0.5848064 0.2376754
vn -0.7883158 0.6152709 0.0000000
vn -0.7755720 0.5848064 -0.2376754
vn -0.7592730 0.4601655 -0.4601655
vn -0.7764077 0.2410621 -0.5823059
vn -0.7883158 0.0000000 -0.6152709
vn -0.7764078 -0.2410621 -0.5823058
vn -0.1161493 -0.3788681 -0.9181330
vn 0.0955717 -0.3795563 -0.9202190
vn 0.0940587 -0.7025008 -0.7054400
vn -0.1160626 -0.7023281 -0.7023281
vn 0.0891953 0.0000000 0.9960142
vn 0.0025607 0.3815211 0.9243566
vn 0.0019608 0.0000000 0.9999981
vn 0.0000000 0.0000000 1.0000000
vn 0.0000002 0.3837070 0.9234549
vn -0.0025605 0.3815211 0.9243566
vn -0.0019608 0.0000000 0.9999981
vn -0.0891953 0.0000000 0.9960142
vn -0.0898369 0.3811264 0.9201478
vn -0.0909560 0.7041758 0.7041758
vn -0.0027729 0.7071041 0.7071041
vn 0.0000000 0.7084892 0.7057216
vn 0.0027729 0.7071041 0.7071041
vn 0.0898369 0.3811264 0.9201478
vn 0.6273759 0.0000000 0.7787166
vn 0.6280429 -0.2995282 0.7182235
vn 0.0898369 -0.3811264 0.9201478
vn 0.0025606 -0.3815212 0.9243565
vn 0.0000001 -0.3837071 0.9234549
vn -0.0025606 -0.3815211 0.9243566
vn -0.0898369 -0.3811264 0.9201478
vn -0.6280429 -0.2995282 0.7182235
vn -0.6273759 0.0000000 0.7787166
vn -0.6280429 0.2995282 0.7182235
vn -0.6259044 0.5514724 0.5514724
vn -0.0898369 0.9201478 0.3811264
vn -0.6271912 0.7204658 0.2959057
vn -0.6280429 -0.2995282 -0.7182235
vn -0.6273759 0.0000000 -0.7787165
vn -0.0898369 -0.3811264 -0.9201478
vn -0.0891953 0.0000000 -0.9960142
vn -0.6280429 0.2995282 -0.7182235
vn -0.0898369 0.3811264 -0.9201478
vn -0.6259044 0.5514724 -0.5514724
vn -0.0909560 0.7041758 -0.7041758
vn -0.6271912 0.7204658 -0.2959057
vn -0.0898369 0.9201478 -0.3811264
vn -0.6273759 0.7787166 0.0000000
vn -0.0891953 0.9960142 0.0000000
vn -0.0019608 0.9999981 0.0000000
vn -0.0025605 0.9243566 0.3815211
vn 0.0000002 0.9234549 0.3837070
vn 0.0025607 0.9243566 0.3815211
vn 0.0909560 0.7041758 0.7041758
vn 0.6280429 0.2995282 0.7182235
vn 0.9976353 0.0255259 0.0638146
vn 0.9976254 0.0000000 0.0688737
vn 0.9976353 -0.0255259 0.0638146
vn 0.9976757 -0.0492415 0.0471005
vn 0.6259044 -0.5514724 0.5514724
vn 0.0909560 -0.7041758 0.7041758
vn 0.0027729 -0.7071041 0.7071041
vn 0.0000000 -0.7057216 0.7084892
vn -0.0027729 -0.7071041 0.7071041
vn -0.0909560 -0.7041758 0.7041758
vn -0.6259044 -0.5514724 0.5514724
vn -0.9976757 -0.0492416 0.0471006
vn -0.9976353 -0.0255259 0.0638146
vn -0.9976254 0.0000000 0.0688737
vn -0.9976353 0.0255259 0.0638146
vn -0.9976757 0.0492416 0.0471007
vn -0.9976353 0.0638146 0.0255259
vn -0.9976254 0.0688737 0.0000000
vn -0.9976353 0.0638146 -0.0255259
vn -0.9976757 0.0492415 -0.0471007
vn -0.9976353 0.0255259 -0.0638146
vn -0.9976254 0.0000000 -0.0688737
vn -0.9976353 -0.0255259 -0.0638146
vn -0.9976757 -0.0492415 -0.0471006
vn -0.6259044 -0.5514724 -0.5514724
vn -0.0909560 -0.7041758 -0.7041758
vn -0.0027729 -0.7071041 -0.7071041
vn 0.0000000 -0.3837070 -0.9234549
vn 0.0000000 -0.7057216 -0.7084892
vn -0.0025606 -0.3815211 -0.9243566
vn -0.0019608 0.0000000 -0.9999981
vn -0.0025605 0.3815211 -0.9243566
vn -0.0027729 0.7071041 -0.7071041
vn -0.0025606 0.9243566 -0.3815211
vn 0.0000001 0.9234549 -0.3837071
vn 0.0000000 1.0000000 0.0000000
vn 0.0019608 0.9999981 0.0000000
vn 0.0898369 0.9201478 0.3811264
vn 0.6259044 0.5514724 0.5514724
vn 0.9976757 0.0492414 0.0471005
vn 0.9984654 0.0503427 0.0230738
vn 0.9984791 0.0400234 0.0379169
vn 0.9984039 0.0209749 0.0524372
vn 0.9984476 0.0000000 0.0556986
vn 0.9984039 -0.0209749 0.0524372
vn 0.9984791 -0.0400234 0.0379169
vn 0.9984654 -0.0503428 0.0230738
vn 0.9976353 -0.0638146 0.0255259
vn 0.6271912 -0.7204658 0.2959057
vn 0.0898369 -0.9201478 0.3811264
vn 0.0025606 -0.9243566 0.3815211
vn 0.0000001 -0.9234549 0.3837070
vn -0.0025605 -0.9243566 0.3815211
vn -0.0898369 -0.9201478 0.3811264
vn -0.6271912 -0.7204658 0.2959057
vn -0.9976353 -0.0638146 0.0255259
vn -0.9984654 -0.0503429 0.0230738
vn -0.9984791 -0.0400234 0.0379169
vn -0.9984039 -0.0209749 0.0524372
vn -0.9984476 0.0000000 0.0556986
vn -0.9984039 0.0209749 0.0524372
vn -0.9984791 0.0400234 0.0379169
vn -0.9984654 0.0503429 0.0230738
vn -0.9984476 0.0556986 0.0000000
vn -0.9984654 0.0503428 -0.0230738
vn -0.9984791 0.0400234 -0.0379169
vn -0.9984039 0.0209749 -0.0524372
vn -0.9984476 0.0000000 -0.0556985
vn -0.9984039 -0.0209749 -0.0524372
vn -0.9984791 -0.0400234 -0.0379169
vn -0.9984654 -0.0503428 -0.0230738
vn -0.9976353 -0.0638146 -0.0255259
vn -0.6271912 -0.7204658 -0.2959057
vn -0.0898369 -0.9201478 -0.3811264
vn -0.0025606 -0.9243566 -0.3815211
vn 0.0000000 -0.9234549 -0.3837070
vn 0.0025605 -0.9243566 -0.3815212
vn 0.0027729 -0.7071041 -0.7071041
vn 0.0909560 -0.7041758 -0.7041758
vn 0.0898369 -0.9201478 -0.3811264
vn 0.6259044 -0.5514724 -0.5514724
vn 0.6271912 -0.7204658 -0.2959057
vn 0.9976757 -0.0492415 -0.0471006
vn 0.9976353 -0.0638146 -0.0255259
vn 0.9984654 -0.0503428 -0.0230738
vn 0.9984791 -0.0400234 -0.0379169
vn 0.9984039 -0.0209749 -0.0524372
vn 0.9976353 -0.0255259 -0.0638146
vn 0.6280429 -0.2995282 -0.7182235
vn 0.0898369 -0.3811264 -0.9201478
vn 0.0025605 -0.3815212 -0.9243566
vn 0.0000000 0.0000000 -1.0000000
vn 0.0000001 0.3837070 -0.9234549
vn 0.0000000 0.7084892 -0.7057216
vn 0.0025606 0.9243565 -0.3815212
vn 0.0891953 0.9960142 0.0000000
vn 0.6271912 0.7204658 0.2959057
vn 0.9976353 0.0638146 0.0255259
vn 0.9984476 0.0556986 0.0000000
vn 0.6832048 0.7302268 0.0000000
vn 0.6822895 0.6758829 0.2786815
vn 0.6818340 0.5172535 0.5172535
vn 0.6822895 0.2786815 0.6758829
vn 0.6832048 0.0000000 0.7302268
vn 0.6822894 -0.2786816 0.6758829
vn 0.6818341 -0.5172534 0.5172535
vn 0.6822895 -0.6758829 0.2786815
vn 0.6832047 -0.7302269 0.0000000
vn 0.9984476 -0.0556986 0.0000000
vn 0.9976254 -0.0688737 0.0000000
vn 0.6273759 -0.7787166 0.0000000
vn 0.0891953 -0.9960142 0.0000000
vn 0.0019608 -0.9999981 0.0000000
vn 0.0000000 -1.0000000 0.0000000
vn -0.0019608 -0.9999981 0.0000000
vn -0.0891953 -0.9960142 0.0000000
vn -0.6273759 -0.7787165 0.0000000
vn -0.9976254 -0.0688737 0.0000000
vn -0.9984476 -0.0556985 0.0000000
vn -0.6832047 -0.7302269 0.0000000
vn -0.6822894 -0.6758829 0.2786816
vn -0.6818341 -0.5172535 0.5172534
vn -0.6822894 -0.2786817 0.6758829
vn -0.6832046 0.0000000 0.7302270
vn -0.6822894 0.2786817 0.6758829
vn -0.6818340 0.5172535 0.5172535
vn -0.6822894 0.6758829 0.2786817
vn -0.6832046 0.7302270 0.0000000
vn -0.6822894 0.6758829 -0.2786817
vn -0.6818341 0.5172534 -0.5172535
vn -0.6822894 0.2786816 -0.6758829
vn -0.6832047 0.0000000 -0.7302269
vn -0.6822894 -0.2786816 -0.6758829
vn -0.6818342 -0.5172534 -0.5172534
vn -0.6822894 -0.6758829 -0.2786816
vn -0.6832047 -0.7302269 0.0000000
vn -0.9984476 -0.0556985 0.0000000
vn -0.9976254 -0.0688737 0.0000000
vn -0.6273759 -0.7787165 0.0000000
vn -0.0891953 -0.9960142 0.0000000
vn -0.0019608 -0.9999981 0.0000000
vn 0.0000000 -1.0000000 0.0000000
vn 0.0019608 -0.9999981 0.0000000
vn 0.0891953 -0.9960142 0.0000000
vn 0.6273759 -0.7787166 0.0000000
vn 0.9976254 -0.0688737 0.0000000
vn 0.9984476 -0.0556986 0.0000000
vn 0.6832047 -0.7302269 0.0000000
vn 0.6822894 -0.6758829 -0.2786816
vn 0.6818342 -0.5172534 -0.5172534
vn 0.6822894 -0.2786816 -0.6758829
vn 0.6832047 0.0000000 -0.7302269
vn 0.6822895 0.2786815 -0.6758829
vn 0.9984476 0.0000000 -0.0556986
vn 0.9976254 0.0000000 -0.0688737
vn 0.6273759 0.0000000 -0.7787166
vn 0.0891953 0.0000000 -0.9960142
vn 0.0019608 0.0000000 -0.9999981
vn 0.0025606 0.3815211 -0.9243566
vn 0.0027729 0.7071041 -0.7071041
vn 0.0898369 0.9201478 -0.3811264
vn 0.6273759 0.7787166 0.0000000
vn 0.9976254 0.0688737 0.0000000
vn 0.9984654 0.0503427 -0.0230738
vn 0.6822894 0.6758829 -0.2786816
vn 0.9984791 0.0400234 -0.0379169
vn 0.6818341 0.5172535 -0.5172534
vn 0.9984039 0.0209749 -0.0524372
vn 0.9976353 0.0255259 -0.0638146
vn 0.6280429 0.2995282 -0.7182235
vn 0.0898369 0.3811264 -0.9201478
vn 0.0909560 0.7041758 -0.7041758
vn 0.6271912 0.7204658 -0.2959057
vn 0.9976353 0.0638146 -0.0255259
vn 0.9976757 0.0492414 -0.0471006
vn 0.6259044 0.5514724 -0.5514724
vn 1.0000000 0.0000000 0.0000000
vn 1.0000000 0.0000000 0.0000000
vn 1.0000000 0.0000000 0.0000000
vn 1.0000000 0.0000000 0.0000000
vn 1.0000000 0.0000000 0.0000000
vn 1.0000000 0.0000000 0.0000000
vn 1.0000000 0.0000000 0.0000000
vn 1.0000000 0.0000000 0.0000000
vn 1.0000000 0.0000000 0.0000000
vn 0.9999508 -0.0079361 -0.0059521
vn 0.9999805 -0.0059170 -0.0019723
vn 0.9999923 -0.0039292 0.0000000
vn 0.9999805 -0.0059170 0.0019723
vn 0.9999508 -0.0079361 0.0059521
vn 0.9999805 -0.0019723 0.0059170
vn 0.9999923 0.0000000 0.0039292
vn 0.9999805 0.0019723 0.0059170
vn 0.9999508 0.0079361 0.0059521
vn 0.9999805 0.0059170 0.0019723
vn 0.9999923 0.0039292 0.0000000
vn 0.9999805 0.0059170 -0.0019723
vn 0.9999508 0.0079361 -0.0059521
vn 0.9999805 0.0019723 -0.0059170
vn 0.9999923 0.0000000 -0.0039292
vn 0.9999805 -0.0019723 -0.0059170
vn 0.9914965 -0.0920182 -0.0920182
vn 0.9944416 -0.0974509 -0.0398662
vn 0.9960142 -0.0891953 0.0000000
vn 0.9944416 -0.0974509 0.0398662
vn 0.9914965 -0.0920182 0.0920182
vn 0.9944416 -0.0398662 0.0974509
vn 0.9960142 0.0000000 0.0891953
vn 0.9944416 0.0398662 0.0974509
vn 0.9914965 0.0920182 0.0920182
vn 0.9944416 0.0974509 0.0398662
vn 0.9960142 0.0891953 0.0000000
vn 0.9944416 0.0974509 -0.0398662
vn 0.9914965 0.0920182 -0.0920182
vn 0.9944416 0.0398662 -0.0974509
vn 0.9960142 0.0000000 -0.0891953
vn 0.9944416 -0.0398662 -0.0974509
vn 0.7592730 -0.4601655 -0.4601655
vn 0.7755720 -0.5848064 -0.2376754
vn 0.7883158 -0.6152709 0.0000000
vn 0.7755720 -0.5848064 0.2376754
vn 0.7592730 -0.4601655 0.4601655
vn 0.7764077 -0.2410621 0.5823059
vn 0.7883158 0.0000000 0.6152709
vn 0.7764077 0.2410621 0.5823059
vn 0.7592730 0.4601655 0.4601655
vn 0.7755720 0.5848064 0.2376754
vn 0.7883158 0.6152709 0.0000000
vn 0.7755720 0.5848064 -0.2376754
vn 0.7592730 0.4601655 -0.4601655
vn 0.7764078 0.2410621 -0.5823058
vn 0.7883158 0.0000000 -0.6152709
vn 0.7764078 -0.2410621 -0.5823058
vn -0.9976254 0.0000000 0.0688737
vn -0.9976353 0.0255259 0.0638146
vn -0.9984476 0.0000000 0.0556986
vn -0.9984039 0.0209749 0.0524372
vn -0.9976757 0.0492416 0.0471007
vn -0.9984791 0.0400234 0.0379169
vn -0.9976353 0.0638146 0.0255259
vn -0.9984654 0.0503429 0.0230738
vn -0.9984476 0.0556986 0.0000000
vn -0.9976254 0.0688737 0.0000000
vn -0.9976353 0.0638146 -0.0255259
vn -0.9984654 0.0503428 -0.0230738
vn -0.9984791 0.0400234 -0.0379169
vn -0.9976757 0.0492415 -0.0471007
vn -0.9984039 0.0209749 -0.0524372
vn -0.9976353 0.0255259 -0.0638146
vn -0.7221029 0.4891664 -0.4891664
vn -0.7221138 0.6394047 -0.2640327
vn -0.7221609 0.6917251 0.0000000
vn -0.7221137 0.6394048 0.2640327
vn -0.7221029 0.4891664 0.4891664
vn -0.7221137 0.2640327 0.6394048
vn -0.7221609 0.0000000 0.6917251
vn -0.7221138 -0.2640327 0.6394047
vn -0.9976353 -0.0255259 0.0638146
vn -0.9984039 -0.0209749 0.0524372
vn -0.6822894 -0.2786817 0.6758829
vn -0.6832046 0.0000000 0.7302270
vn -0.6822894 0.2786817 0.6758829
vn -0.6818340 0.5172535 0.5172535
vn -0.6822894 0.6758829 0.2786817
vn -0.6832046 0.7302270 0.0000000
vn -0.6822894 0.6758829 -0.2786817
vn -0.6818341 0.5172534 -0.5172535
vn -0.6822894 0.2786816 -0.6758829
vn -0.6832047 0.0000000 -0.7302269
vn -0.9984039 -0.0209749 -0.0524372
vn -0.6822894 -0.2786816 -0.6758829
vn -0.9984476 0.0000000 -0.0556985
vn -0.9976254 0.0000000 -0.0688737
vn -0.7221137 0.2640327 -0.6394048
vn -0.0940587 0.7025008 -0.7054400
vn -0.0955717 0.9202190 -0.3795563
vn -0.0961194 0.9953698 0.0000000
vn -0.0955717 0.9202190 0.3795563
vn -0.0940587 0.7025008 0.7054400
vn -0.0955717 0.3795563 0.9202190
vn -0.0961194 0.0000000 0.9953698
vn -0.0955717 -0.3795563 0.9202190
vn -0.0940587 -0.7025008 0.7054400
vn -0.7221029 -0.4891664 0.4891664
vn -0.9976757 -0.0492416 0.0471006
vn -0.9984791 -0.0400234 0.0379169
vn -0.6818341 -0.5172535 0.5172534
vn -0.0310976 -0.7067648 0.7067648
vn -0.0313981 -0.3820092 0.9236250
vn -0.0323064 0.0000000 0.9994780
vn -0.0313981 0.3820092 0.9236250
vn -0.0310975 0.7067648 0.7067648
vn -0.0313981 0.9236250 0.3820092
vn -0.0323064 0.9994780 0.0000000
vn -0.0313981 0.9236250 -0.3820092
vn -0.0310976 0.7067648 -0.7067648
vn -0.0313981 0.3820092 -0.9236250
vn -0.0323064 0.0000000 -0.9994780
vn -0.0313981 -0.3820092 -0.9236250
vn -0.0310977 -0.7067648 -0.7067648
vn -0.6818342 -0.5172534 -0.5172534
vn -0.9984791 -0.0400234 -0.0379169
vn -0.9976757 -0.0492415 -0.0471006
vn -0.9976353 -0.0255259 -0.0638146
vn -0.7221610 0.0000000 -0.6917250
vn -0.0955717 0.3795563 -0.9202190
vn 0.1161494 0.3788680 -0.9181331
vn 0.1160626 0.7023281 -0.7023281
vn 0.1161493 0.9181330 -0.3788681
vn 0.1149533 0.9933709 0.0000000
vn 0.1161494 0.9181331 0.3788680
vn 0.1160626 0.7023281 0.7023281
vn 0.1161494 0.3788680 0.9181331
vn 0.1149533 0.0000000 0.9933709
vn 0.1161493 -0.3788681 0.9181330
vn 0.1160626 -0.7023281 0.7023281
vn 0.1161494 -0.9181331 0.3788680
vn -0.0955717 -0.9202190 0.3795563
vn -0.7221137 -0.6394048 0.2640327
vn -0.9976353 -0.0638146 0.0255259
vn -0.9984654 -0.0503429 0.0230738
vn -0.6822894 -0.6758829 0.2786816
vn -0.0313981 -0.9236250 0.3820092
vn 0.0313981 -0.9236250 0.3820092
vn 0.0310976 -0.7067648 0.7067648
vn 0.0313981 -0.3820092 0.9236250
vn 0.0323064 0.0000000 0.9994780
vn 0.0313981 0.3820092 0.9236250
vn 0.0310975 0.7067648 0.7067648
vn 0.0313981 0.9236250 0.3820092
vn 0.0323064 0.9994780 0.0000000
vn 0.0313981 0.9236250 -0.3820092
vn 0.0310976 0.7067648 -0.7067648
vn 0.0313981 0.3820092 -0.9236250
vn 0.0323064 0.0000000 -0.9994780
vn 0.0313981 -0.3820092 -0.9236250
vn 0.0310977 -0.7067648 -0.7067648
vn 0.0313981 -0.9236250 -0.3820092
vn -0.0313981 -0.9236250 -0.3820092
vn -0.6822894 -0.6758829 -0.2786816
vn -0.9984654 -0.0503428 -0.0230738
vn -0.9976353 -0.0638146 -0.0255259
vn -0.7221138 -0.6394047 -0.2640327
vn -0.7221029 -0.4891664 -0.4891664
vn -0.7221138 -0.2640327 -0.6394047
vn -0.0961194 0.0000000 -0.9953698
vn 0.1149534 0.0000000 -0.9933709
vn 0.7883158 0.0000000 -0.6152709
vn 0.7764078 0.2410621 -0.5823058
vn 0.7592730 0.4601655 -0.4601655
vn 0.7755720 0.5848064 -0.2376754
vn 0.7883158 0.6152709 0.0000000
vn 0.7755720 0.5848064 0.2376754
vn 0.7592730 0.4601655 0.4601655
vn 0.7764077 0.2410621 0.5823059
vn 0.7883158 0.0000000 0.6152709
vn 0.7764077 -0.2410621 0.5823059
vn 0.7592730 -0.4601655 0.4601655
vn 0.7755720 -0.5848064 0.2376754
vn 0.7883158 -0.6152709 0.0000000
vn 0.1149534 -0.9933709 0.0000000
vn -0.0961194 -0.9953698 0.0000000
vn -0.7221610 -0.6917250 0.0000000
vn -0.9976254 -0.0688737 0.0000000
vn -0.9984476 -0.0556985 0.0000000
vn -0.6832047 -0.7302269 0.0000000
vn -0.0323064 -0.9994780 0.0000000
vn 0.0323064 -0.9994780 0.0000000
vn 0.6832047 -0.7302269 0.0000000
vn 0.6822895 -0.6758829 0.2786815
vn 0.6818341 -0.5172534 0.5172535
vn 0.6822894 -0.2786816 0.6758829
vn 0.6832048 0.0000000 0.7302268
vn 0.6822895 0.2786815 0.6758829
vn 0.6818340 0.5172535 0.5172535
vn 0.6822895 0.6758829 0.2786815
vn 0.6832048 0.7302268 0.0000000
vn 0.6822894 0.6758829 -0.2786816
vn 0.6818341 0.5172535 -0.5172534
vn 0.6822895 0.2786815 -0.6758829
vn 0.6832047 0.0000000 -0.7302269
vn 0.6822894 -0.2786816 -0.6758829
vn 0.6818342 -0.5172534 -0.5172534
vn 0.6822894 -0.6758829 -0.2786816
vn 0.6832047 -0.7302269 0.0000000
vn 0.0323064 -0.9994780 0.0000000
vn -0.0323064 -0.9994780 0.0000000
vn -0.6832047 -0.7302269 0.0000000
vn -0.9984476 -0.0556985 0.0000000
vn -0.9976254 -0.0688737 0.0000000
vn -0.7221610 -0.6917250 0.0000000
vn -0.0955717 -0.9202190 -0.3795563
vn -0.0961194 -0.9953698 0.0000000
vn 0.1149534 -0.9933709 0.0000000
vn 0.7883158 -0.6152709 0.0000000
vn 0.7755720 -0.5848064 -0.2376754
vn 0.7592730 -0.4601655 -0.4601655
vn 0.1161493 -0.9181330 -0.3788681
vn -0.0940587 -0.7025008 -0.7054400
vn -0.0955717 -0.3795563 -0.9202190
vn 0.1161493 -0.3788681 -0.9181330
vn 0.7764078 -0.2410621 -0.5823058
vn 0.1160626 -0.7023281 -0.7023281
f 1787/1787/1787 1788/1788/1788 1789/1789/1789
f 1789/1789/1789 1788/1788/1788 1790/1790/1790
f 1791/1791/1791 1790/1790/1790 1792/1792/1792
f 1790/1790/1790 1788/1788/1788 1792/1792/1792
f 1792/1792/1792 1788/1788/1788 1793/1793/1793
f 1793/1793/1793 1788/1788/1788 1794/1794/1794
f 1788/1788/1788 1787/1787/1787 1794/1794/1794
f 1787/1787/1787 1795/1795/1795 1794/1794/1794
f 1794/1794/1794 1795/1795/1795 1796/1796/1796
f 1796/1796/1796 1795/1795/1795 1797/1797/1797
f 1798/1798/1798 1797/1797/1797 1799/1799/1799
f 1797/1797/1797 1795/1795/1795 1799/1799/1799
f 1799/1799/1799 1795/1795/1795 1800/1800/1800
f 1795/1795/1795 1787/1787/1787 1800/1800/1800
f 1800/1800/1800 1787/1787/1787 1801/1801/1801
f 1787/1787/1787 1789/1789/1789 1801/1801/1801
f 1801/1801/1801 1789/1789/1789 1802/1802/1802
f 1802/1802/1802 1789/1789/1789 1803/1803/1803
f 1789/1789/1789 1790/1790/1790 1803/1803/1803
f 1803/1803/1803 1790/1790/1790 1804/1804/1804
f 1790/1790/1790 1791/1791/1791 1804/1804/1804
f 1804/1804/1804 1791/1791/1791 1805/1805/1805
f 1806/1806/1806 1805/1805/1805 1807/1807/1807
f 1805/1805/1805 1791/1791/1791 1807/1807/1807
f 1807/1807/1807 1791/1791/1791 1808/1808/1808
f 1791/1791/1791 1792/1792/1792 1808/1808/1808
f 1808/1808/1808 1792/1792/1792 1809/1809/1809
f 1792/1792/1792 1793/1793/1793 1809/1809/1809
f 1809/1809/1809 1793/1793/1793 1810/1810/1810
f 1810/1810/1810 1793/1793/1793 1811/1811/1811
f 1793/1793/1793 1794/1794/1794 1811/1811/1811
f 1794/1794/1794 1796/1796/1796 1811/1811/1811
f 1811/1811/1811 1796/1796/1796 1812/1812/1812
f 1812/1812/1812 1796/1796/1796 1813/1813/1813
f 1796/1796/1796 1797/1797/1797 1813/1813/1813
f 1813/1813/1813 1797/1797/1797 1814/1814/1814
f 1797/1797/1797 1798/1798/1798 1814/1814/1814
f 1814/1814/1814 1798/1798/1798 1815/1815/1815
f 1798/1798/1798 1799/1799/1799 1815/1815/1815
f 1815/1815/1815 1799/1799/1799 1816/1816/1816
f 1799/1799/1799 1800/1800/1800 1816/1816/1816
f 1816/1816/1816 1800/1800/1800 1817/1817/1817
f 1800/1800/1800 1801/1801/1801 1817/1817/1817
f 1817/1817/1817 1801/1801/1801 1818/1818/1818
f 1801/1801/1801 1802/1802/1802 1818/1818/1818
f 1818/1818/1818 1802/1802/1802 1819/1819/1819
f 1802/1802/1802 1803/1803/1803 1819/1819/1819
f 1819/1819/1819 1803/1803/1803 1820/1820/1820
f 1803/1803/1803 1804/1804/1804 1820/1820/1820
f 1820/1820/1820 1804/1804/1804 1821/1821/1821
f 1804/1804/1804 1805/1805/1805 1821/1821/1821
f 1821/1821/1821 1805/1805/1805 1822/1822/1822
f 1805/1805/1805 1806/1806/1806 1822/1822/1822
f 1822/1822/1822 1806/1806/1806 1823/1823/1823
f 1806/1806/1806 1807/1807/1807 1823/1823/1823
f 1823/1823/1823 1807/1807/1807 1824/1824/1824
f 1807/1807/1807 1808/1808/1808 1824/1824/1824
f 1824/1824/1824 1808/1808/1808 1825/1825/1825
f 1808/1808/1808 1809/1809/1809 1825/1825/1825
f 1825/1825/1825 1809/1809/1809 1826/1826/1826
f 1809/1809/1809 1810/1810/1810 1826/1826/1826
f 1826/1826/1826 1810/1810/1810 1827/1827/1827
f 1810/1810/1810 1811/1811/1811 1827/1827/1827
f 1811/1811/1811 1812/1812/1812 1827/1827/1827
f 1827/1827/1827 1812/1812/1812 1828/1828/1828
f 1828/1828/1828 1812/1812/1812 1829/1829/1829
f 1812/1812/1812 1813/1813/1813 1829/1829/1829
f 1829/1829/1829 1813/1813/1813 1830/1830/1830
f 1813/1813/1813 1814/1814/1814 1830/1830/1830
f 1830/1830/1830 1814/1814/1814 1831/1831/1831
f 1814/1814/1814 1815/1815/1815 1831/1831/1831
f 1831/1831/1831 1815/1815/1815 1832/1832/1832
f 1815/1815/1815 1816/1816/1816 1832/1832/1832
f 1832/1832/1832 1816/1816/1816 1833/1833/1833
f 1816/1816/1816 1817/1817/1817 1833/1833/1833
f 1833/1833/1833 1817/1817/1817 1834/1834/1834
f 1817/1817/1817 1818/1818/1818 1834/1834/1834
f 1834/1834/1834 1818/1818/1818 1835/1835/1835
f 1818/1818/1818 1819/1819/1819 1835/1835/1835
f 1835/1835/1835 1819/1819/1819 1836/1836/1836
f 1819/1819/1819 1820/1820/1820 1836/1836/1836
f 1836/1836/1836 1820/1820/1820 1837/1837/1837
f 1820/1820/1820 1821/1821/1821 1837/1837/1837
f 1837/1837/1837 1821/1821/1821 1838/1838/1838
f 1821/1821/1821 1822/1822/1822 1838/1838/1838
f 1838/1838/1838 1822/1822/1822 1839/1839/1839
f 1822/1822/1822 1823/1823/1823 1839/1839/1839
f 1839/1839/1839 1823/1823/1823 1840/1840/1840
f 1823/1823/1823 1824/1824/1824 1840/1840/1840
f 1840/1840/1840 1824/1824/1824 1841/1841/1841
f 1824/1824/1824 1825/1825/1825 1841/1841/1841
f 1841/1841/1841 1825/1825/1825 1842/1842/1842
f 1825/1825/1825 1826/1826/1826 1842/1842/1842
f 1842/1842/1842 1826/1826/1826 1843/1843/1843
f 1826/1826/1826 1827/1827/1827 1843/1843/1843
f 1827/1827/1827 1828/1828/1828 1843/1843/1843
f 1844/1844/1844 1845/1845/1845 1846/1846/1846
f 1845/1845/1845 1847/1847/1847 1846/1846/1846
f 1846/1846/1846 1847/1847/1847 1848/1848/1848
f 1847/1847/1847 1849/1849/1849 1848/1848/1848
f 1848/1848/1848 1849/1849/1849 1850/1850/1850
f 1849/1849/1849 1851/1851/1851 1850/1850/1850
f 1851/1851/1851 1852/1852/1852 1850/1850/1850
f 1850/1850/1850 1852/1852/1852 1853/1853/1853
f 1853/1853/1853 1852/1852/1852 1854/1854/1854
f 1852/1852/1852 1855/1855/1855 1854/1854/1854
f 1855/1855/1855 1856/1856/1856 1854/1854/1854
f 1854/1854/1854 1856/1856/1856 1857/1857/1857
f 1857/1857/1857 1856/1856/1856 1858/1858/1858
f 1858/1858/1858 1856/1856/1856 1859/1859/1859
f 1860/1860/1860 1859/1859/1859 1861/1861/1861
f 1859/1859/1859 1856/1856/1856 1861/1861/1861
f 1861/1861/1861 1856/1856/1856 1862/1862/1862
f 1856/1856/1856 1855/1855/1855 1862/1862/1862
f 1862/1862/1862 1855/1855/1855 1863/1863/1863
f 1855/1855/1855 1852/1852/1852 1863/1863/1863
f 1863/1863/1863 1852/1852/1852 1864/1864/1864
f 1852/1852/1852 1851/1851/1851 1864/1864/1864
f 1864/1864/1864 1851/1851/1851 1865/1865/1865
f 1851/1851/1851 1849/1849/1849 1865/1865/1865
f 1865/1865/1865 1849/1849/1849 1866/1866/1866
f 1849/1849/1849 1847/1847/1847 1866/1866/1866
f 1866/1866/1866 1847/1847/1847 1867/1867/1867
f 1847/1847/1847 1845/1845/1845 1867/1867/1867
f 1867/1867/1867 1845/1845/1845 1868/1868/1868
f 1869/1869/1869 1868/1868/1868 1870/1870/1870
f 1868/1868/1868 1845/1845/1845 1870/1870/1870
f 1845/1845/1845 1844/1844/1844 1870/1870/1870
f 1870/1870/1870 1844/1844/1844 1871/1871/1871
f 1871/1871/1871 1844/1844/1844 1872/1872/1872
f 1872/1872/1872 1844/1844/1844 1873/1873/1873
f 1844/1844/1844 1846/1846/1846 1873/1873/1873
f 1873/1873/1873 1846/1846/1846 1874/1874/1874
f 1846/1846/1846 1848/1848/1848 1874/1874/1874
f 1874/1874/1874 1848/1848/1848 1875/1875/1875
f 1848/1848/1848 1850/1850/1850 1875/1875/1875
f 1875/1875/1875 1850/1850/1850 1876/1876/1876
f 1850/1850/1850 1853/1853/1853 1876/1876/1876
f 1876/1876/1876 1853/1853/1853 1877/1877/1877
f 1853/1853/1853 1854/1854/1854 1877/1877/1877
f 1877/1877/1877 1854/1854/1854 1878/1878/1878
f 1854/1854/1854 1857/1857/1857 1878/1878/1878
f 1878/1878/1878 1857/1857/1857 1879/1879/1879
f 1857/1857/1857 1858/1858/1858 1879/1879/1879
f 1879/1879/1879 1858/1858/1858 1880/1880/1880
f 1880/1880/1880 1858/1858/1858 1881/1881/1881
f 1881/1881/1881 1858/1858/1858 1882/1882/1882
f 1858/1858/1858 1859/1859/1859 1882/1882/1882
f 1859/1859/1859 1860/1860/1860 1882/1882/1882
f 1860/1860/1860 1883/1883/1883 1882/1882/1882
f 1882/1882/1882 1883/1883/1883 1884/1884/1884
f 1885/1885/1885 1884/1884/1884 1886/1886/1886
f 1884/1884/1884 1883/1883/1883 1886/1886/1886
f 1886/1886/1886 1883/1883/1883 1887/1887/1887
f 1887/1887/1887 1883/1883/1883 1888/1888/1888
f 1883/1883/1883 1860/1860/1860 1888/1888/1888
f 1888/1888/1888 1860/1860/1860 1889/1889/1889
f 1860/1860/1860 1861/1861/1861 1889/1889/1889
f 1889/1889/1889 1861/1861/1861 1890/1890/1890
f 1861/1861/1861 1862/1862/1862 1890/1890/1890
f 1890/1890/1890 1862/1862/1862 1891/1891/1891
f 1862/1862/1862 1863/1863/1863 1891/1891/1891
f 1891/1891/1891 1863/1863/1863 1892/1892/1892
f 1863/1863/1863 1864/1864/1864 1892/1892/1892
f 1892/1892/1892 1864/1864/1864 1893/1893/1893
f 1864/1864/1864 1865/1865/1865 1893/1893/1893
f 1893/1893/1893 1865/1865/1865 1894/1894/1894
f 1865/1865/1865 1866/1866/1866 1894/1894/1894
f 1894/1894/1894 1866/1866/1866 1895/1895/1895
f 1866/1866/1866 1867/1867/1867 1895/1895/1895
f 1895/1895/1895 1867/1867/1867 1896/1896/1896
f 1867/1867/1867 1868/1868/1868 1896/1896/1896
f 1896/1896/1896 1868/1868/1868 1897/1897/1897
f 1868/1868/1868 1869/1869/1869 1897/1897/1897
f 1897/1897/1897 1869/1869/1869 1898/1898/1898
f 1899/1899/1899 1898/1898/1898 1900/1900/1900
f 1898/1898/1898 1869/1869/1869 1900/1900/1900
f 1900/1900/1900 1869/1869/1869 1901/1901/1901
f 1869/1869/1869 1870/1870/1870 1901/1901/1901
f 1870/1870/1870 1871/1871/1871 1901/1901/1901
f 1901/1901/1901 1871/1871/1871 1902/1902/1902
f 1902/1902/1902 1871/1871/1871 1903/1903/1903
f 1871/1871/1871 1872/1872/1872 1903/1903/1903
f 1903/1903/1903 1872/1872/1872 1904/1904/1904
f 1904/1904/1904 1872/1872/1872 1905/1905/1905
f 1872/1872/1872 1873/1873/1873 1905/1905/1905
f 1905/1905/1905 1873/1873/1873 1906/1906/1906
f 1873/1873/1873 1874/1874/1874 1906/1906/1906
f 1906/1906/1906 1874/1874/1874 1907/1907/1907
f 1874/1874/1874 1875/1875/1875 1907/1907/1907
f 1907/1907/1907 1875/1875/1875 1908/1908/1908
f 1875/1875/1875 1876/1876/1876 1908/1908/1908
f 1908/1908/1908 1876/1876/1876 1909/1909/1909
f 1876/1876/1876 1877/1877/1877 1909/1909/1909
f 1909/1909/1909 1877/1877/1877 1910/1910/1910
f 1877/1877/1877 1878/1878/1878 1910/1910/1910
f 1910/1910/1910 1878/1878/1878 1911/1911/1911
f 1878/1878/1878 1879/1879/1879 1911/1911/1911
f 1911/1911/1911 1879/1879/1879 1912/1912/1912
f 1879/1879/1879 1880/1880/1880 1912/1912/1912
f 1912/1912/1912 1880/1880/1880 1913/1913/1913
f 1913/1913/1913 1880/1880/1880 1914/1914/1914
f 1880/1880/1880 1881/1881/1881 1914/1914/1914
f 1914/1914/1914 1881/1881/1881 1915/1915/1915
f 1881/1881/1881 1882/1882/1882 1915/1915/1915
f 1882/1882/1882 1884/1884/1884 1915/1915/1915
f 1915/1915/1915 1884/1884/1884 1916/1916/1916
f 1884/1884/1884 1885/1885/1885 1916/1916/1916
f 1916/1916/1916 1885/1885/1885 1917/1917/1917
f 1917/1917/1917 1885/1885/1885 1918/1918/1918
f 1918/1918/1918 1885/1885/1885 1919/1919/1919
f 1885/1885/1885 1886/1886/1886 1919/1919/1919
f 1919/1919/1919 1886/1886/1886 1920/1920/1920
f 1886/1886/1886 1887/1887/1887 1920/1920/1920
f 1920/1920/1920 1887/1887/1887 1921/1921/1921
f 1921/1921/1921 1887/1887/1887 1922/1922/1922
f 1887/1887/1887 1888/1888/1888 1922/1922/1922
f 1922/1922/1922 1888/1888/1888 1923/1923/1923
f 1923/1923/1923 1888/1888/1888 1924/1924/1924
f 1888/1888/1888 1889/1889/1889 1924/1924/1924
f 1889/1889/1889 1890/1890/1890 1924/1924/1924
f 1924/1924/1924 1890/1890/1890 1925/1925/1925
f 1890/1890/1890 1891/1891/1891 1925/1925/1925
f 1925/1925/1925 1891/1891/1891 1926/1926/1926
f 1891/1891/1891 1892/1892/1892 1926/1926/1926
f 1926/1926/1926 1892/1892/1892 1927/1927/1927
f 1892/1892/1892 1893/1893/1893 1927/1927/1927
f 1927/1927/1927 1893/1893/1893 1928/1928/1928
f 1893/1893/1893 1894/1894/1894 1928/1928/1928
f 1928/1928/1928 1894/1894/1894 1929/1929/1929
f 1894/1894/1894 1895/1895/1895 1929/1929/1929
f 1929/1929/1929 1895/1895/1895 1930/1930/1930
f 1895/1895/1895 1896/1896/1896 1930/1930/1930
f 1930/1930/1930 1896/1896/1896 1931/1931/1931
f 1896/1896/1896 1897/1897/1897 1931/1931/1931
f 1931/1931/1931 1897/1897/1897 1932/1932/1932
f 1897/1897/1897 1898/1898/1898 1932/1932/1932
f 1932/1932/1932 1898/1898/1898 1933/1933/1933
f 1898/1898/1898 1899/1899/1899 1933/1933/1933
f 1933/1933/1933 1899/1899/1899 1934/1934/1934
f 1935/1935/1935 1934/1934/1934 1936/1936/1936
f 1934/1934/1934 1899/1899/1899 1936/1936/1936
f 1936/1936/1936 1899/1899/1899 1937/1937/1937
f 1899/1899/1899 1900/1900/1900 1937/1937/1937
f 1937/1937/1937 1900/1900/1900 1938/1938/1938
f 1900/1900/1900 1901/1901/1901 1938/1938/1938
f 1901/1901/1901 1902/1902/1902 1938/1938/1938
f 1938/1938/1938 1902/1902/1902 1939/1939/1939
f 1939/1939/1939 1902/1902/1902 1940/1940/1940
f 1902/1902/1902 1903/1903/1903 1940/1940/1940
f 1940/1940/1940 1903/1903/1903 1941/1941/1941
f 1903/1903/1903 1904/1904/1904 1941/1941/1941
f 1942/1942/1942 1941/1941/1941 1943/1943/1943
f 1941/1941/1941 1904/1904/1904 1943/1943/1943
f 1943/1943/1943 1904/1904/1904 1944/1944/1944
f 1904/1904/1904 1905/1905/1905 1944/1944/1944
f 1944/1944/1944 1905/1905/1905 1945/1945/1945
f 1905/1905/1905 1906/1906/1906 1945/1945/1945
f 1945/1945/1945 1906/1906/1906 1946/1946/1946
f 1906/1906/1906 1907/1907/1907 1946/1946/1946
f 1946/1946/1946 1907/1907/1907 1947/1947/1947
f 1907/1907/1907 1908/1908/1908 1947/1947/1947
f 1947/1947/1947 1908/1908/1908 1948/1948/1948
f 1908/1908/1908 1909/1909/1909 1948/1948/1948
f 1948/1948/1948 1909/1909/1909 1949/1949/1949
f 1909/1909/1909 1910/1910/1910 1949/1949/1949
f 1949/1949/1949 1910/1910/1910 1950/1950/1950
f 1910/1910/1910 1911/1911/1911 1950/1950/1950
f 1950/1950/1950 1911/1911/1911 1951/1951/1951
f 1911/1911/1911 1912/1912/1912 1951/1951/1951
f 1951/1951/1951 1912/1912/1912 1952/1952/1952
f 1912/1912/1912 1913/1913/1913 1952/1952/1952
f 1952/1952/1952 1913/1913/1913 1953/1953/1953
f 1953/1953/1953 1913/1913/1913 1954/1954/1954
f 1913/1913/1913 1914/1914/1914 1954/1954/1954
f 1954/1954/1954 1914/1914/1914 1955/1955/1955
f 1914/1914/1914 1915/1915/1915 1955/1955/1955
f 1915/1915/1915 1916/1916/1916 1955/1955/1955
f 1955/1955/1955 1916/1916/1916 1956/1956/1956
f 1916/1916/1916 1917/1917/1917 1956/1956/1956
f 1956/1956/1956 1917/1917/1917 1957/1957/1957
f 1958/1958/1958 1959/1959/1959 1960/1960/1960
f 1961/1961/1961 1960/1960/1960 1962/1962/1962
f 1960/1960/1960 1959/1959/1959 1962/1962/1962
f 1959/1959/1959 1963/1963/1963 1962/1962/1962
f 1962/1962/1962 1963/1963/1963 1964/1964/1964
f 1964/1964/1964 1963/1963/1963 1965/1965/1965
f 1963/1963/1963 1957/1957/1957 1965/1965/1965
f 1965/1965/1965 1957/1957/1957 1966/1966/1966
f 1957/1957/1957 1917/1917/1917 1966/1966/1966
f 1917/1917/1917 1918/1918/1918 1966/1966/1966
f 1966/1966/1966 1918/1918/1918 1967/1967/1967
f 1967/1967/1967 1918/1918/1918 1968/1968/1968
f 1918/1918/1918 1919/1919/1919 1968/1968/1968
f 1968/1968/1968 1919/1919/1919 1969/1969/1969
f 1919/1919/1919 1920/1920/1920 1969/1969/1969
f 1969/1969/1969 1920/1920/1920 1970/1970/1970
f 1920/1920/1920 1921/1921/1921 1970/1970/1970
f 1970/1970/1970 1921/1921/1921 1971/1971/1971
f 1971/1971/1971 1921/1921/1921 1972/1972/1972
f 1921/1921/1921 1922/1922/1922 1972/1972/1972
f 1972/1972/1972 1922/1922/1922 1973/1973/1973
f 1922/1922/1922 1923/1923/1923 1973/1973/1973
f 1973/1973/1973 1923/1923/1923 1974/1974/1974
f 1923/1923/1923 1924/1924/1924 1974/1974/1974
f 1974/1974/1974 1924/1924/1924 1975/1975/1975
f 1924/1924/1924 1925/1925/1925 1975/1975/1975
f 1975/1975/1975 1925/1925/1925 1976/1976/1976
f 1925/1925/1925 1926/1926/1926 1976/1976/1976
f 1976/1976/1976 1926/1926/1926 1977/1977/1977
f 1926/1926/1926 1927/1927/1927 1977/1977/1977
f 1977/1977/1977 1927/1927/1927 1978/1978/1978
f 1927/1927/1927 1928/1928/1928 1978/1978/1978
f 1978/1978/1978 1928/1928/1928 1979/1979/1979
f 1928/1928/1928 1929/1929/1929 1979/1979/1979
f 1979/1979/1979 1929/1929/1929 1980/1980/1980
f 1929/1929/1929 1930/1930/1930 1980/1980/1980
f 1980/1980/1980 1930/1930/1930 1981/1981/1981
f 1930/1930/1930 1931/1931/1931 1981/1981/1981
f 1981/1981/1981 1931/1931/1931 1982/1982/1982
f 1931/1931/1931 1932/1932/1932 1982/1982/1982
f 1982/1982/1982 1932/1932/1932 1983/1983/1983
f 1932/1932/1932 1933/1933/1933 1983/1983/1983
f 1983/1983/1983 1933/1933/1933 1984/1984/1984
f 1933/1933/1933 1934/1934/1934 1984/1984/1984
f 1984/1984/1984 1934/1934/1934 1985/1985/1985
f 1934/1934/1934 1935/1935/1935 1985/1985/1985
f 1985/1985/1985 1935/1935/1935 1986/1986/1986
f 1987/1987/1987 1986/1986/1986 1988/1988/1988
f 1986/1986/1986 1935/1935/1935 1988/1988/1988
f 1988/1988/1988 1935/1935/1935 1989/1989/1989
f 1935/1935/1935 1936/1936/1936 1989/1989/1989
f 1989/1989/1989 1936/1936/1936 1990/1990/1990
f 1936/1936/1936 1937/1937/1937 1990/1990/1990
f 1990/1990/1990 1937/1937/1937 1991/1991/1991
f 1937/1937/1937 1938/1938/1938 1991/1991/1991
f 1938/1938/1938 1939/1939/1939 1991/1991/1991
f 1991/1991/1991 1939/1939/1939 1992/1992/1992
f 1992/1992/1992 1939/1939/1939 1993/1993/1993
f 1939/1939/1939 1940/1940/1940 1993/1993/1993
f 1993/1993/1993 1940/1940/1940 1994/1994/1994
f 1940/1940/1940 1941/1941/1941 1994/1994/1994
f 1941/1941/1941 1942/1942/1942 1994/1994/1994
f 1994/1994/1994 1942/1942/1942 1995/1995/1995
f 1995/1995/1995 1942/1942/1942 1996/1996/1996
f 1996/1996/1996 1942/1942/1942 1997/1997/1997
f 1942/1942/1942 1943/1943/1943 1997/1997/1997
f 1997/1997/1997 1943/1943/1943 1998/1998/1998
f 1943/1943/1943 1944/1944/1944 1998/1998/1998
f 1998/1998/1998 1944/1944/1944 1999/1999/1999
f 1944/1944/1944 1945/1945/1945 1999/1999/1999
f 1999/1999/1999 1945/1945/1945 2000/2000/2000
f 1945/1945/1945 1946/1946/1946 2000/2000/2000
f 2000/2000/2000 1946/1946/1946 2001/2001/2001
f 1946/1946/1946 1947/1947/1947 2001/2001/2001
f 2001/2001/2001 1947/1947/1947 2002/2002/2002
f 1947/1947/1947 1948/1948/1948 2002/2002/2002
f 2002/2002/2002 1948/1948/1948 2003/2003/2003
f 1948/1948/1948 1949/1949/1949 2003/2003/2003
f 2003/2003/2003 1949/1949/1949 2004/2004/2004
f 1949/1949/1949 1950/1950/1950 2004/2004/2004
f 2004/2004/2004 1950/1950/1950 2005/2005/2005
f 1950/1950/1950 1951/1951/1951 2005/2005/2005
f 2005/2005/2005 1951/1951/1951 2006/2006/2006
f 1951/1951/1951 1952/1952/1952 2006/2006/2006
f 2006/2006/2006 1952/1952/1952 2007/2007/2007
f 1952/1952/1952 1953/1953/1953 2007/2007/2007
f 2007/2007/2007 1953/1953/1953 2008/2008/2008
f 2009/2009/2009 2008/2008/2008 2010/2010/2010
f 2008/2008/2008 1953/1953/1953 2010/2010/2010
f 1953/1953/1953 1954/1954/1954 2010/2010/2010
f 2010/2010/2010 1954/1954/1954 2011/2011/2011
f 1954/1954/1954 1955/1955/1955 2011/2011/2011
f 1955/1955/1955 1956/1956/1956 2011/2011/2011
f 2011/2011/2011 1956/1956/1956 2012/2012/2012
f 1956/1956/1956 1957/1957/1957 2012/2012/2012
f 1957/1957/1957 1963/1963/1963 2012/2012/2012
f 1963/1963/1963 1959/1959/1959 2012/2012/2012
f 2012/2012/2012 1959/1959/1959 2013/2013/2013
f 1959/1959/1959 1958/1958/1958 2013/2013/2013
f 1958/1958/1958 2009/2009/2009 2013/2013/2013
f 2009/2009/2009 2010/2010/2010 2013/2013/2013
f 2010/2010/2010 2011/2011/2011 2013/2013/2013
f 2014/2014/2014 2015/2015/2015 2016/2016/2016
f 2016/2016/2016 2015/2015/2015 2017/2017/2017
f 2015/2015/2015 2018/2018/2018 2017/2017/2017
f 2018/2018/2018 2019/2019/2019 2017/2017/2017
f 2017/2017/2017 2019/2019/2019 2020/2020/2020
f 2020/2020/2020 2019/2019/2019 2021/2021/2021
f 2021/2021/2021 2019/2019/2019 2022/2022/2022
f 2023/2023/2023 2022/2022/2022 2024/2024/2024
f 2022/2022/2022 2019/2019/2019 2024/2024/2024
f 2024/2024/2024 2019/2019/2019 2025/2025/2025
f 2019/2019/2019 2018/2018/2018 2025/2025/2025
f 2018/2018/2018 2015/2015/2015 2025/2025/2025
f 2025/2025/2025 2015/2015/2015 2026/2026/2026
f 2026/2026/2026 2015/2015/2015 2027/2027/2027
f 2015/2015/2015 2014/2014/2014 2027/2027/2027
f 2027/2027/2027 2014/2014/2014 2028/2028/2028
f 2028/2028/2028 2014/2014/2014 2029/2029/2029
f 2029/2029/2029 2014/2014/2014 2030/2030/2030
f 2014/2014/2014 2016/2016/2016 2030/2030/2030
f 2030/2030/2030 2016/2016/2016 2031/2031/2031
f 2016/2016/2016 2017/2017/2017 2031/2031/2031
f 2031/2031/2031 2017/2017/2017 2032/2032/2032
f 2032/2032/2032 2017/2017/2017 2033/2033/2033
f 2017/2017/2017 2020/2020/2020 2033/2033/2033
f 2033/2033/2033 2020/2020/2020 2034/2034/2034
f 2020/2020/2020 2021/2021/2021 2034/2034/2034
f 2034/2034/2034 2021/2021/2021 2035/2035/2035
f 2035/2035/2035 2021/2021/2021 2036/2036/2036
f 2021/2021/2021 2022/2022/2022 2036/2036/2036
f 2036/2036/2036 2022/2022/2022 2037/2037/2037
f 2022/2022/2022 2023/2023/2023 2037/2037/2037
f 2037/2037/2037 2023/2023/2023 2038/2038/2038
f 2023/2023/2023 2039/2039/2039 2038/2038/2038
f 2038/2038/2038 2039/2039/2039 2040/2040/2040
f 2041/2041/2041 2042/2042/2042 2043/2043/2043
f 2043/2043/2043 2042/2042/2042 2044/2044/2044
f 2042/2042/2042 2045/2045/2045 2044/2044/2044
f 2044/2044/2044 2045/2045/2045 2046/2046/2046
f 2045/2045/2045 2047/2047/2047 2046/2046/2046
f 2046/2046/2046 2047/2047/2047 2048/2048/2048
f 2047/2047/2047 2049/2049/2049 2048/2048/2048
f 2048/2048/2048 2049/2049/2049 2050/2050/2050
f 2049/2049/2049 2051/2051/2051 2050/2050/2050
f 2050/2050/2050 2051/2051/2051 2052/2052/2052
f 2051/2051/2051 2040/2040/2040 2052/2052/2052
f 2040/2040/2040 2039/2039/2039 2052/2052/2052
f 2052/2052/2052 2039/2039/2039 2053/2053/2053
f 2053/2053/2053 2039/2039/2039 2054/2054/2054
f 2039/2039/2039 2023/2023/2023 2054/2054/2054
f 2023/2023/2023 2024/2024/2024 2054/2054/2054
f 2024/2024/2024 2025/2025/2025 2054/2054/2054
f 2054/2054/2054 2025/2025/2025 2055/2055/2055
f 2055/2055/2055 2025/2025/2025 2056/2056/2056
f 2025/2025/2025 2026/2026/2026 2056/2056/2056
f 2056/2056/2056 2026/2026/2026 2057/2057/2057
f 2026/2026/2026 2027/2027/2027 2057/2057/2057
f 2057/2057/2057 2027/2027/2027 2058/2058/2058
f 2027/2027/2027 2028/2028/2028 2058/2058/2058
f 2059/2059/2059 2058/2058/2058 2060/2060/2060
f 2058/2058/2058 2028/2028/2028 2060/2060/2060
f 2060/2060/2060 2028/2028/2028 2061/2061/2061
f 2028/2028/2028 2029/2029/2029 2061/2061/2061
f 2061/2061/2061 2029/2029/2029 2062/2062/2062
f 2062/2062/2062 2029/2029/2029 2063/2063/2063
f 2029/2029/2029 2030/2030/2030 2063/2063/2063
f 2063/2063/2063 2030/2030/2030 2064/2064/2064
f 2030/2030/2030 2031/2031/2031 2064/2064/2064
f 2064/2064/2064 2031/2031/2031 2065/2065/2065
f 2065/2065/2065 2031/2031/2031 2066/2066/2066
f 2031/2031/2031 2032/2032/2032 2066/2066/2066
f 2032/2032/2032 2033/2033/2033 2066/2066/2066
f 2066/2066/2066 2033/2033/2033 2067/2067/2067
f 2067/2067/2067 2033/2033/2033 2068/2068/2068
f 2033/2033/2033 2034/2034/2034 2068/2068/2068
f 2068/2068/2068 2034/2034/2034 2069/2069/2069
f 2034/2034/2034 2035/2035/2035 2069/2069/2069
f 2069/2069/2069 2035/2035/2035 2070/2070/2070
f 2070/2070/2070 2035/2035/2035 2071/2071/2071
f 2035/2035/2035 2036/2036/2036 2071/2071/2071
f 2071/2071/2071 2036/2036/2036 2072/2072/2072
f 2036/2036/2036 2037/2037/2037 2072/2072/2072
f 2072/2072/2072 2037/2037/2037 2073/2073/2073
f 2037/2037/2037 2038/2038/2038 2073/2073/2073
f 2073/2073/2073 2038/2038/2038 2074/2074/2074
f 2038/2038/2038 2040/2040/2040 2074/2074/2074
f 2074/2074/2074 2040/2040/2040 2075/2075/2075
f 2040/2040/2040 2051/2051/2051 2075/2075/2075
f 2075/2075/2075 2051/2051/2051 2076/2076/2076
f 2051/2051/2051 2049/2049/2049 2076/2076/2076
f 2076/2076/2076 2049/2049/2049 2077/2077/2077
f 2049/2049/2049 2047/2047/2047 2077/2077/2077
f 2077/2077/2077 2047/2047/2047 2078/2078/2078
f 2047/2047/2047 2045/2045/2045 2078/2078/2078
f 2078/2078/2078 2045/2045/2045 2079/2079/2079
f 2045/2045/2045 2042/2042/2042 2079/2079/2079
f 2079/2079/2079 2042/2042/2042 2080/2080/2080
f 2042/2042/2042 2041/2041/2041 2080/2080/2080
f 2080/2080/2080 2041/2041/2041 2081/2081/2081
f 2082/2082/2082 2081/2081/2081 2083/2083/2083
f 2081/2081/2081 2041/2041/2041 2083/2083/2083
f 2083/2083/2083 2041/2041/2041 2084/2084/2084
f 2041/2041/2041 2043/2043/2043 2084/2084/2084
f 2084/2084/2084 2043/2043/2043 2085/2085/2085
f 2086/2086/2086 2087/2087/2087 2088/2088/2088
f 2087/2087/2087 2085/2085/2085 2088/2088/2088
f 2085/2085/2085 2043/2043/2043 2088/2088/2088
f 2043/2043/2043 2044/2044/2044 2088/2088/2088
f 2088/2088/2088 2044/2044/2044 2089/2089/2089
f 2044/2044/2044 2046/2046/2046 2089/2089/2089
f 2089/2089/2089 2046/2046/2046 2090/2090/2090
f 2046/2046/2046 2048/2048/2048 2090/2090/2090
f 2090/2090/2090 2048/2048/2048 2091/2091/2091
f 2048/2048/2048 2050/2050/2050 2091/2091/2091
f 2091/2091/2091 2050/2050/2050 2092/2092/2092
f 2050/2050/2050 2052/2052/2052 2092/2092/2092
f 2052/2052/2052 2053/2053/2053 2092/2092/2092
f 2093/2093/2093 2092/2092/2092 2094/2094/2094
f 2092/2092/2092 2053/2053/2053 2094/2094/2094
f 2053/2053/2053 2054/2054/2054 2094/2094/2094
f 2054/2054/2054 2055/2055/2055 2094/2094/2094
f 2055/2055/2055 2056/2056/2056 2094/2094/2094
f 2094/2094/2094 2056/2056/2056 2095/2095/2095
f 2095/2095/2095 2056/2056/2056 2096/2096/2096
f 2056/2056/2056 2057/2057/2057 2096/2096/2096
f 2096/2096/2096 2057/2057/2057 2097/2097/2097
f 2057/2057/2057 2058/2058/2058 2097/2097/2097
f 2058/2058/2058 2059/2059/2059 2097/2097/2097
f 2097/2097/2097 2059/2059/2059 2098/2098/2098
f 2099/2099/2099 2098/2098/2098 2100/2100/2100
f 2098/2098/2098 2059/2059/2059 2100/2100/2100
f 2100/2100/2100 2059/2059/2059 2101/2101/2101
f 2059/2059/2059 2060/2060/2060 2101/2101/2101
f 2101/2101/2101 2060/2060/2060 2102/2102/2102
f 2060/2060/2060 2061/2061/2061 2102/2102/2102
f 2102/2102/2102 2061/2061/2061 2103/2103/2103
f 2061/2061/2061 2062/2062/2062 2103/2103/2103
f 2103/2103/2103 2062/2062/2062 2104/2104/2104
f 2105/2105/2105 2104/2104/2104 2106/2106/2106
f 2104/2104/2104 2062/2062/2062 2106/2106/2106
f 2062/2062/2062 2063/2063/2063 2106/2106/2106
f 2106/2106/2106 2063/2063/2063 2107/2107/2107
f 2063/2063/2063 2064/2064/2064 2107/2107/2107
f 2107/2107/2107 2064/2064/2064 2108/2108/2108
f 2064/2064/2064 2065/2065/2065 2108/2108/2108
f 2108/2108/2108 2065/2065/2065 2109/2109/2109
f 2065/2065/2065 2066/2066/2066 2109/2109/2109
f 2109/2109/2109 2066/2066/2066 2110/2110/2110
f 2110/2110/2110 2066/2066/2066 2111/2111/2111
f 2066/2066/2066 2067/2067/2067 2111/2111/2111
f 2111/2111/2111 2067/2067/2067 2112/2112/2112
f 2067/2067/2067 2068/2068/2068 2112/2112/2112
f 2112/2112/2112 2068/2068/2068 2113/2113/2113
f 2068/2068/2068 2069/2069/2069 2113/2113/2113
f 2113/2113/2113 2069/2069/2069 2114/2114/2114
f 2069/2069/2069 2070/2070/2070 2114/2114/2114
f 2115/2115/2115 2114/2114/2114 2116/2116/2116
f 2114/2114/2114 2070/2070/2070 2116/2116/2116
f 2116/2116/2116 2070/2070/2070 2117/2117/2117
f 2070/2070/2070 2071/2071/2071 2117/2117/2117
f 2117/2117/2117 2071/2071/2071 2118/2118/2118
f 2071/2071/2071 2072/2072/2072 2118/2118/2118
f 2118/2118/2118 2072/2072/2072 2119/2119/2119
f 2072/2072/2072 2073/2073/2073 2119/2119/2119
f 2119/2119/2119 2073/2073/2073 2120/2120/2120
f 2073/2073/2073 2074/2074/2074 2120/2120/2120
f 2120/2120/2120 2074/2074/2074 2121/2121/2121
f 2074/2074/2074 2075/2075/2075 2121/2121/2121
f 2121/2121/2121 2075/2075/2075 2122/2122/2122
f 2075/2075/2075 2076/2076/2076 2122/2122/2122
f 2122/2122/2122 2076/2076/2076 2123/2123/2123
f 2076/2076/2076 2077/2077/2077 2123/2123/2123
f 2123/2123/2123 2077/2077/2077 2124/2124/2124
f 2077/2077/2077 2078/2078/2078 2124/2124/2124
f 2124/2124/2124 2078/2078/2078 2125/2125/2125
f 2078/2078/2078 2079/2079/2079 2125/2125/2125
f 2125/2125/2125 2079/2079/2079 2126/2126/2126
f 2079/2079/2079 2080/2080/2080 2126/2126/2126
f 2126/2126/2126 2080/2080/2080 2127/2127/2127
f 2080/2080/2080 2081/2081/2081 2127/2127/2127
f 2127/2127/2127 2081/2081/2081 2128/2128/2128
f 2081/2081/2081 2082/2082/2082 2128/2128/2128
f 2128/2128/2128 2082/2082/2082 2129/2129/2129
f 2129/2129/2129 2082/2082/2082 2130/2130/2130
f 2130/2130/2130 2082/2082/2082 2131/2131/2131
f 2082/2082/2082 2083/2083/2083 2131/2131/2131
f 2131/2131/2131 2083/2083/2083 2132/2132/2132
f 2083/2083/2083 2084/2084/2084 2132/2132/2132
f 2132/2132/2132 2084/2084/2084 2133/2133/2133
f 2084/2084/2084 2085/2085/2085 2133/2133/2133
f 2085/2085/2085 2087/2087/2087 2133/2133/2133
f 2133/2133/2133 2087/2087/2087 2134/2134/2134
f 2134/2134/2134 2087/2087/2087 2135/2135/2135
f 2087/2087/2087 2136/2136/2136 2135/2135/2135
f 2136/2136/2136 2137/2137/2137 2135/2135/2135
f 2135/2135/2135 2137/2137/2137 2138/2138/2138
f 2137/2137/2137 2139/2139/2139 2138/2138/2138
f 2138/2138/2138 2139/2139/2139 2140/2140/2140
f 2139/2139/2139 2141/2141/2141 2140/2140/2140
f 2140/2140/2140 2141/2141/2141 2142/2142/2142
f 2142/2142/2142 2141/2141/2141 2143/2143/2143
f 2143/2143/2143 2141/2141/2141 2144/2144/2144
f 2145/2145/2145 2144/2144/2144 2146/2146/2146
f 2144/2144/2144 2141/2141/2141 2146/2146/2146
f 2141/2141/2141 2139/2139/2139 2146/2146/2146
f 2146/2146/2146 2139/2139/2139 2147/2147/2147
f 2139/2139/2139 2137/2137/2137 2147/2147/2147
f 2147/2147/2147 2137/2137/2137 2148/2148/2148
f 2137/2137/2137 2136/2136/2136 2148/2148/2148
f 2148/2148/2148 2136/2136/2136 2149/2149/2149
f 2136/2136/2136 2087/2087/2087 2149/2149/2149
f 2087/2087/2087 2086/2086/2086 2149/2149/2149
f 2149/2149/2149 2086/2086/2086 2150/2150/2150
f 2086/2086/2086 2088/2088/2088 2150/2150/2150
f 2088/2088/2088 2089/2089/2089 2150/2150/2150
f 2089/2089/2089 2090/2090/2090 2150/2150/2150
f 2150/2150/2150 2090/2090/2090 2151/2151/2151
f 2151/2151/2151 2090/2090/2090 2152/2152/2152
f 2090/2090/2090 2091/2091/2091 2152/2152/2152
f 2091/2091/2091 2092/2092/2092 2152/2152/2152
f 2092/2092/2092 2093/2093/2093 2152/2152/2152
f 2152/2152/2152 2093/2093/2093 2153/2153/2153
f 2093/2093/2093 2094/2094/2094 2153/2153/2153
f 2094/2094/2094 2095/2095/2095 2153/2153/2153
f 2153/2153/2153 2095/2095/2095 2154/2154/2154
f 2095/2095/2095 2096/2096/2096 2154/2154/2154
f 2154/2154/2154 2096/2096/2096 2155/2155/2155
f 2096/2096/2096 2097/2097/2097 2155/2155/2155
f 2097/2097/2097 2098/2098/2098 2155/2155/2155
f 2155/2155/2155 2098/2098/2098 2156/2156/2156
f 2098/2098/2098 2099/2099/2099 2156/2156/2156
f 2156/2156/2156 2099/2099/2099 2157/2157/2157
f 2158/2158/2158 2157/2157/2157 2159/2159/2159
f 2157/2157/2157 2099/2099/2099 2159/2159/2159
f 2159/2159/2159 2099/2099/2099 2160/2160/2160
f 2099/2099/2099 2100/2100/2100 2160/2160/2160
f 2160/2160/2160 2100/2100/2100 2161/2161/2161
f 2100/2100/2100 2101/2101/2101 2161/2161/2161
f 2161/2161/2161 2101/2101/2101 2162/2162/2162
f 2101/2101/2101 2102/2102/2102 2162/2162/2162
f 2162/2162/2162 2102/2102/2102 2163/2163/2163
f 2102/2102/2102 2103/2103/2103 2163/2163/2163
f 2163/2163/2163 2103/2103/2103 2164/2164/2164
f 2103/2103/2103 2104/2104/2104 2164/2164/2164
f 2164/2164/2164 2104/2104/2104 2165/2165/2165
f 2104/2104/2104 2105/2105/2105 2165/2165/2165
f 2165/2165/2165 2105/2105/2105 2166/2166/2166
f 2166/2166/2166 2105/2105/2105 2167/2167/2167
f 2167/2167/2167 2105/2105/2105 2168/2168/2168
f 2105/2105/2105 2106/2106/2106 2168/2168/2168
f 2106/2106/2106 2107/2107/2107 2168/2168/2168
f 2168/2168/2168 2107/2107/2107 2169/2169/2169
f 2107/2107/2107 2108/2108/2108 2169/2169/2169
f 2169/2169/2169 2108/2108/2108 2170/2170/2170
f 2108/2108/2108 2109/2109/2109 2170/2170/2170
f 2170/2170/2170 2109/2109/2109 2171/2171/2171
f 2171/2171/2171 2109/2109/2109 2172/2172/2172
f 2109/2109/2109 2110/2110/2110 2172/2172/2172
f 2110/2110/2110 2111/2111/2111 2172/2172/2172
f 2172/2172/2172 2111/2111/2111 2173/2173/2173
f 2173/2173/2173 2111/2111/2111 2174/2174/2174
f 2111/2111/2111 2112/2112/2112 2174/2174/2174
f 2174/2174/2174 2112/2112/2112 2175/2175/2175
f 2112/2112/2112 2113/2113/2113 2175/2175/2175
f 2175/2175/2175 2113/2113/2113 2176/2176/2176
f 2113/2113/2113 2114/2114/2114 2176/2176/2176
f 2114/2114/2114 2115/2115/2115 2176/2176/2176
f 2176/2176/2176 2115/2115/2115 2177/2177/2177
f 2177/2177/2177 2115/2115/2115 2178/2178/2178
f 2178/2178/2178 2115/2115/2115 2179/2179/2179
f 2115/2115/2115 2116/2116/2116 2179/2179/2179
f 2179/2179/2179 2116/2116/2116 2180/2180/2180
f 2116/2116/2116 2117/2117/2117 2180/2180/2180
f 2180/2180/2180 2117/2117/2117 2181/2181/2181
f 2117/2117/2117 2118/2118/2118 2181/2181/2181
f 2181/2181/2181 2118/2118/2118 2182/2182/2182
f 2118/2118/2118 2119/2119/2119 2182/2182/2182
f 2182/2182/2182 2119/2119/2119 2183/2183/2183
f 2119/2119/2119 2120/2120/2120 2183/2183/2183
f 2183/2183/2183 2120/2120/2120 2184/2184/2184
f 2120/2120/2120 2121/2121/2121 2184/2184/2184
f 2184/2184/2184 2121/2121/2121 2185/2185/2185
f 2121/2121/2121 2122/2122/2122 2185/2185/2185
f 2185/2185/2185 2122/2122/2122 2186/2186/2186
f 2122/2122/2122 2123/2123/2123 2186/2186/2186
f 2186/2186/2186 2123/2123/2123 2187/2187/2187
f 2123/2123/2123 2124/2124/2124 2187/2187/2187
f 2187/2187/2187 2124/2124/2124 2188/2188/2188
f 2124/2124/2124 2125/2125/2125 2188/2188/2188
f 2188/2188/2188 2125/2125/2125 2189/2189/2189
f 2125/2125/2125 2126/2126/2126 2189/2189/2189
f 2189/2189/2189 2126/2126/2126 2190/2190/2190
f 2126/2126/2126 2127/2127/2127 2190/2190/2190
f 2190/2190/2190 2127/2127/2127 2191/2191/2191
f 2127/2127/2127 2128/2128/2128 2191/2191/2191
f 2191/2191/2191 2128/2128/2128 2192/2192/2192
f 2128/2128/2128 2129/2129/2129 2192/2192/2192
f 2192/2192/2192 2129/2129/2129 2193/2193/2193
f 2194/2194/2194 2193/2193/2193 2195/2195/2195
f 2193/2193/2193 2129/2129/2129 2195/2195/2195
f 2129/2129/2129 2130/2130/2130 2195/2195/2195
f 2195/2195/2195 2130/2130/2130 2196/2196/2196
f 2196/2196/2196 2130/2130/2130 2197/2197/2197
f 2130/2130/2130 2131/2131/2131 2197/2197/2197
f 2197/2197/2197 2131/2131/2131 2198/2198/2198
f 2131/2131/2131 2132/2132/2132 2198/2198/2198
f 2198/2198/2198 2132/2132/2132 2199/2199/2199
f 2132/2132/2132 2133/2133/2133 2199/2199/2199
f 2199/2199/2199 2133/2133/2133 2200/2200/2200
f 2133/2133/2133 2134/2134/2134 2200/2200/2200
f 2134/2134/2134 2135/2135/2135 2200/2200/2200
f 2200/2200/2200 2135/2135/2135 2201/2201/2201
f 2135/2135/2135 2138/2138/2138 2201/2201/2201
f 2201/2201/2201 2138/2138/2138 2202/2202/2202
f 2138/2138/2138 2140/2140/2140 2202/2202/2202
f 2202/2202/2202 2140/2140/2140 2203/2203/2203
f 2140/2140/2140 2142/2142/2142 2203/2203/2203
f 2203/2203/2203 2142/2142/2142 2204/2204/2204
f 2204/2204/2204 2142/2142/2142 2205/2205/2205
f 2142/2142/2142 2143/2143/2143 2205/2205/2205
f 2206/2206/2206 2205/2205/2205 2207/2207/2207
f 2205/2205/2205 2143/2143/2143 2207/2207/2207
f 2207/2207/2207 2143/2143/2143 2208/2208/2208
f 2143/2143/2143 2144/2144/2144 2208/2208/2208
f 2208/2208/2208 2144/2144/2144 2209/2209/2209
f 2144/2144/2144 2145/2145/2145 2209/2209/2209
f 2209/2209/2209 2145/2145/2145 2210/2210/2210
f 2211/2211/2211 2210/2210/2210 2212/2212/2212
f 2210/2210/2210 2145/2145/2145 2212/2212/2212
f 2212/2212/2212 2145/2145/2145 2213/2213/2213
f 2145/2145/2145 2146/2146/2146 2213/2213/2213
f 2146/2146/2146 2147/2147/2147 2213/2213/2213
f 2213/2213/2213 2147/2147/2147 2214/2214/2214
f 2147/2147/2147 2148/2148/2148 2214/2214/2214
f 2214/2214/2214 2148/2148/2148 2215/2215/2215
f 2148/2148/2148 2149/2149/2149 2215/2215/2215
f 2215/2215/2215 2149/2149/2149 2216/2216/2216
f 2149/2149/2149 2150/2150/2150 2216/2216/2216
f 2216/2216/2216 2150/2150/2150 2217/2217/2217
f 2150/2150/2150 2151/2151/2151 2217/2217/2217
f 2151/2151/2151 2152/2152/2152 2217/2217/2217
f 2217/2217/2217 2152/2152/2152 2218/2218/2218
f 2152/2152/2152 2153/2153/2153 2218/2218/2218
f 2218/2218/2218 2153/2153/2153 2219/2219/2219
f 2153/2153/2153 2154/2154/2154 2219/2219/2219
f 2219/2219/2219 2154/2154/2154 2220/2220/2220
f 2154/2154/2154 2155/2155/2155 2220/2220/2220
f 2155/2155/2155 2156/2156/2156 2220/2220/2220
f 2220/2220/2220 2156/2156/2156 2221/2221/2221
f 2156/2156/2156 2157/2157/2157 2221/2221/2221
f 2221/2221/2221 2157/2157/2157 2222/2222/2222
f 2157/2157/2157 2158/2158/2158 2222/2222/2222
f 2158/2158/2158 2223/2223/2223 2222/2222/2222
f 2222/2222/2222 2223/2223/2223 2224/2224/2224
f 2223/2223/2223 2225/2225/2225 2224/2224/2224
f 2224/2224/2224 2225/2225/2225 2226/2226/2226
f 2225/2225/2225 2211/2211/2211 2226/2226/2226
f 2211/2211/2211 2212/2212/2212 2226/2226/2226
f 2226/2226/2226 2212/2212/2212 2227/2227/2227
f 2212/2212/2212 2213/2213/2213 2227/2227/2227
f 2213/2213/2213 2214/2214/2214 2227/2227/2227
f 2227/2227/2227 2214/2214/2214 2228/2228/2228
f 2214/2214/2214 2215/2215/2215 2228/2228/2228
f 2228/2228/2228 2215/2215/2215 2229/2229/2229
f 2215/2215/2215 2216/2216/2216 2229/2229/2229
f 2216/2216/2216 2217/2217/2217 2229/2229/2229
f 2229/2229/2229 2217/2217/2217 2230/2230/2230
f 2217/2217/2217 2218/2218/2218 2230/2230/2230
f 2218/2218/2218 2219/2219/2219 2230/2230/2230
f 2230/2230/2230 2219/2219/2219 2231/2231/2231
f 2219/2219/2219 2220/2220/2220 2231/2231/2231
f 2220/2220/2220 2221/2221/2221 2231/2231/2231
f 2231/2231/2231 2221/2221/2221 2232/2232/2232
f 2221/2221/2221 2222/2222/2222 2232/2232/2232
f 2222/2222/2222 2224/2224/2224 2232/2232/2232
f 2232/2232/2232 2224/2224/2224 2233/2233/2233
f 2224/2224/2224 2226/2226/2226 2233/2233/2233
f 2226/2226/2226 2227/2227/2227 2233/2233/2233
f 2227/2227/2227 2228/2228/2228 2233/2233/2233
f 2233/2233/2233 2228/2228/2228 2234/2234/2234
f 2228/2228/2228 2229/2229/2229 2234/2234/2234
f 2229/2229/2229 2230/2230/2230 2234/2234/2234
f 2230/2230/2230 2231/2231/2231 2234/2234/2234
f 2231/2231/2231 2232/2232/2232 2234/2234/2234
f 2235/2235/2235 2236/2236/2236 2237/2237/2237
f 2236/2236/2236 2238/2238/2238 2237/2237/2237
f 2237/2237/2237 2238/2238/2238 2239/2239/2239
f 2239/2239/2239 2238/2238/2238 2240/2240/2240
f 2241/2241/2241 2240/2240/2240 2242/2242/2242
f 2240/2240/2240 2238/2238/2238 2242/2242/2242
f 2242/2242/2242 2238/2238/2238 2243/2243/2243
f 2238/2238/2238 2236/2236/2236 2243/2243/2243
f 2244/2244/2244 2243/2243/2243 2245/2245/2245
f 2243/2243/2243 2236/2236/2236 2245/2245/2245
f 2245/2245/2245 2236/2236/2236 2246/2246/2246
f 2236/2236/2236 2235/2235/2235 2246/2246/2246
f 2246/2246/2246 2235/2235/2235 2247/2247/2247
f 2248/2248/2248 2247/2247/2247 2249/2249/2249
f 2247/2247/2247 2235/2235/2235 2249/2249/2249
f 2249/2249/2249 2235/2235/2235 2250/2250/2250
f 2235/2235/2235 2237/2237/2237 2250/2250/2250
f 2250/2250/2250 2237/2237/2237 2251/2251/2251
f 2237/2237/2237 2239/2239/2239 2251/2251/2251
f 2251/2251/2251 2239/2239/2239 2252/2252/2252
f 2252/2252/2252 2239/2239/2239 2253/2253/2253
f 2239/2239/2239 2240/2240/2240 2253/2253/2253
f 2253/2253/2253 2240/2240/2240 2254/2254/2254
f 2240/2240/2240 2241/2241/2241 2254/2254/2254
f 2254/2254/2254 2241/2241/2241 2255/2255/2255
f 2256/2256/2256 2255/2255/2255 2257/2257/2257
f 2255/2255/2255 2241/2241/2241 2257/2257/2257
f 2257/2257/2257 2241/2241/2241 2258/2258/2258
f 2241/2241/2241 2242/2242/2242 2258/2258/2258
f 2258/2258/2258 2242/2242/2242 2259/2259/2259
f 2242/2242/2242 2243/2243/2243 2259/2259/2259
f 2243/2243/2243 2244/2244/2244 2259/2259/2259
f 2259/2259/2259 2244/2244/2244 2260/2260/2260
f 2260/2260/2260 2244/2244/2244 2261/2261/2261
f 2244/2244/2244 2245/2245/2245 2261/2261/2261
f 2261/2261/2261 2245/2245/2245 2262/2262/2262
f 2245/2245/2245 2246/2246/2246 2262/2262/2262
f 2262/2262/2262 2246/2246/2246 2263/2263/2263
f 2246/2246/2246 2247/2247/2247 2263/2263/2263
f 2263/2263/2263 2247/2247/2247 2264/2264/2264
f 2247/2247/2247 2248/2248/2248 2264/2264/2264
f 2264/2264/2264 2248/2248/2248 2265/2265/2265
f 2248/2248/2248 2249/2249/2249 2265/2265/2265
f 2265/2265/2265 2249/2249/2249 2266/2266/2266
f 2249/2249/2249 2250/2250/2250 2266/2266/2266
f 2266/2266/2266 2250/2250/2250 2267/2267/2267
f 2250/2250/2250 2251/2251/2251 2267/2267/2267
f 2267/2267/2267 2251/2251/2251 2268/2268/2268
f 2251/2251/2251 2252/2252/2252 2268/2268/2268
f 2268/2268/2268 2252/2252/2252 2269/2269/2269
f 2252/2252/2252 2253/2253/2253 2269/2269/2269
f 2269/2269/2269 2253/2253/2253 2270/2270/2270
f 2253/2253/2253 2254/2254/2254 2270/2270/2270
f 2270/2270/2270 2254/2254/2254 2271/2271/2271
f 2254/2254/2254 2255/2255/2255 2271/2271/2271
f 2271/2271/2271 2255/2255/2255 2272/2272/2272
f 2255/2255/2255 2256/2256/2256 2272/2272/2272
f 2272/2272/2272 2256/2256/2256 2273/2273/2273
f 2256/2256/2256 2257/2257/2257 2273/2273/2273
f 2273/2273/2273 2257/2257/2257 2274/2274/2274
f 2257/2257/2257 2258/2258/2258 2274/2274/2274
f 2274/2274/2274 2258/2258/2258 2275/2275/2275
f 2258/2258/2258 2259/2259/2259 2275/2275/2275
f 2259/2259/2259 2260/2260/2260 2275/2275/2275
f 2275/2275/2275 2260/2260/2260 2276/2276/2276
f 2276/2276/2276 2260/2260/2260 2277/2277/2277
f 2260/2260/2260 2261/2261/2261 2277/2277/2277
f 2277/2277/2277 2261/2261/2261 2278/2278/2278
f 2261/2261/2261 2262/2262/2262 2278/2278/2278
f 2278/2278/2278 2262/2262/2262 2279/2279/2279
f 2262/2262/2262 2263/2263/2263 2279/2279/2279
f 2279/2279/2279 2263/2263/2263 2280/2280/2280
f 2263/2263/2263 2264/2264/2264 2280/2280/2280
f 2280/2280/2280 2264/2264/2264 2281/2281/2281
f 2264/2264/2264 2265/2265/2265 2281/2281/2281
f 2281/2281/2281 2265/2265/2265 2282/2282/2282
f 2265/2265/2265 2266/2266/2266 2282/2282/2282
f 2282/2282/2282 2266/2266/2266 2283/2283/2283
f 2266/2266/2266 2267/2267/2267 2283/2283/2283
f 2283/2283/2283 2267/2267/2267 2284/2284/2284
f 2267/2267/2267 2268/2268/2268 2284/2284/2284
f 2284/2284/2284 2268/2268/2268 2285/2285/2285
f 2268/2268/2268 2269/2269/2269 2285/2285/2285
f 2285/2285/2285 2269/2269/2269 2286/2286/2286
f 2269/2269/2269 2270/2270/2270 2286/2286/2286
f 2286/2286/2286 2270/2270/2270 2287/2287/2287
f 2270/2270/2270 2271/2271/2271 2287/2287/2287
f 2287/2287/2287 2271/2271/2271 2288/2288/2288
f 2271/2271/2271 2272/2272/2272 2288/2288/2288
f 2288/2288/2288 2272/2272/2272 2289/2289/2289
f 2272/2272/2272 2273/2273/2273 2289/2289/2289
f 2289/2289/2289 2273/2273/2273 2290/2290/2290
f 2273/2273/2273 2274/2274/2274 2290/2290/2290
f 2290/2290/2290 2274/2274/2274 2291/2291/2291
f 2274/2274/2274 2275/2275/2275 2291/2291/2291
f 2275/2275/2275 2276/2276/2276 2291/2291/2291
f 2292/2292/2292 2293/2293/2293 2294/2294/2294
f 2294/2294/2294 2293/2293/2293 2295/2295/2295
f 2293/2293/2293 2296/2296/2296 2295/2295/2295
f 2295/2295/2295 2296/2296/2296 2297/2297/2297
f 2296/2296/2296 2298/2298/2298 2297/2297/2297
f 2297/2297/2297 2298/2298/2298 2299/2299/2299
f 2299/2299/2299 2298/2298/2298 2300/2300/2300
f 2298/2298/2298 2301/2301/2301 2300/2300/2300
f 2301/2301/2301 2302/2302/2302 2300/2300/2300
f 2300/2300/2300 2302/2302/2302 2303/2303/2303
f 2303/2303/2303 2302/2302/2302 2304/2304/2304
f 2302/2302/2302 2305/2305/2305 2304/2304/2304
f 2306/2306/2306 2304/2304/2304 2307/2307/2307
f 2304/2304/2304 2305/2305/2305 2307/2307/2307
f 2307/2307/2307 2305/2305/2305 2308/2308/2308
f 2308/2308/2308 2305/2305/2305 2309/2309/2309
f 2305/2305/2305 2302/2302/2302 2309/2309/2309
f 2309/2309/2309 2302/2302/2302 2310/2310/2310
f 2302/2302/2302 2301/2301/2301 2310/2310/2310
f 2310/2310/2310 2301/2301/2301 2311/2311/2311
f 2301/2301/2301 2298/2298/2298 2311/2311/2311
f 2311/2311/2311 2298/2298/2298 2312/2312/2312
f 2298/2298/2298 2296/2296/2296 2312/2312/2312
f 2312/2312/2312 2296/2296/2296 2313/2313/2313
f 2296/2296/2296 2293/2293/2293 2313/2313/2313
f 2313/2313/2313 2293/2293/2293 2314/2314/2314
f 2293/2293/2293 2292/2292/2292 2314/2314/2314
f 2314/2314/2314 2292/2292/2292 2315/2315/2315
f 2315/2315/2315 2292/2292/2292 2316/2316/2316
f 2316/2316/2316 2292/2292/2292 2317/2317/2317
f 2292/2292/2292 2294/2294/2294 2317/2317/2317
f 2318/2318/2318 2317/2317/2317 2319/2319/2319
f 2317/2317/2317 2294/2294/2294 2319/2319/2319
f 2319/2319/2319 2294/2294/2294 2320/2320/2320
f 2294/2294/2294 2295/2295/2295 2320/2320/2320
f 2320/2320/2320 2295/2295/2295 2321/2321/2321
f 2295/2295/2295 2297/2297/2297 2321/2321/2321
f 2321/2321/2321 2297/2297/2297 2322/2322/2322
f 2297/2297/2297 2299/2299/2299 2322/2322/2322
f 2322/2322/2322 2299/2299/2299 2323/2323/2323
f 2299/2299/2299 2300/2300/2300 2323/2323/2323
f 2323/2323/2323 2300/2300/2300 2324/2324/2324
f 2300/2300/2300 2303/2303/2303 2324/2324/2324
f 2324/2324/2324 2303/2303/2303 2325/2325/2325
f 2303/2303/2303 2304/2304/2304 2325/2325/2325
f 2325/2325/2325 2304/2304/2304 2326/2326/2326
f 2304/2304/2304 2306/2306/2306 2326/2326/2326
f 2326/2326/2326 2306/2306/2306 2327/2327/2327
f 2328/2328/2328 2329/2329/2329 2330/2330/2330
f 2329/2329/2329 2327/2327/2327 2330/2330/2330
f 2327/2327/2327 2306/2306/2306 2330/2330/2330
f 2306/2306/2306 2307/2307/2307 2330/2330/2330
f 2330/2330/2330 2307/2307/2307 2331/2331/2331
f 2331/2331/2331 2307/2307/2307 2332/2332/2332
f 2307/2307/2307 2308/2308/2308 2332/2332/2332
f 2332/2332/2332 2308/2308/2308 2333/2333/2333
f 2333/2333/2333 2308/2308/2308 2334/2334/2334
f 2308/2308/2308 2309/2309/2309 2334/2334/2334
f 2334/2334/2334 2309/2309/2309 2335/2335/2335
f 2309/2309/2309 2310/2310/2310 2335/2335/2335
f 2335/2335/2335 2310/2310/2310 2336/2336/2336
f 2310/2310/2310 2311/2311/2311 2336/2336/2336
f 2336/2336/2336 2311/2311/2311 2337/2337/2337
f 2311/2311/2311 2312/2312/2312 2337/2337/2337
f 2337/2337/2337 2312/2312/2312 2338/2338/2338
f 2312/2312/2312 2313/2313/2313 2338/2338/2338
f 2338/2338/2338 2313/2313/2313 2339/2339/2339
f 2313/2313/2313 2314/2314/2314 2339/2339/2339
f 2339/2339/2339 2314/2314/2314 2340/2340/2340
f 2314/2314/2314 2315/2315/2315 2340/2340/2340
f 2340/2340/2340 2315/2315/2315 2341/2341/2341
f 2341/2341/2341 2315/2315/2315 2342/2342/2342
f 2315/2315/2315 2316/2316/2316 2342/2342/2342
f 2342/2342/2342 2316/2316/2316 2343/2343/2343
f 2343/2343/2343 2316/2316/2316 2344/2344/2344
f 2316/2316/2316 2317/2317/2317 2344/2344/2344
f 2317/2317/2317 2318/2318/2318 2344/2344/2344
f 2344/2344/2344 2318/2318/2318 2345/2345/2345
f 2346/2346/2346 2345/2345/2345 2347/2347/2347
f 2345/2345/2345 2318/2318/2318 2347/2347/2347
f 2347/2347/2347 2318/2318/2318 2348/2348/2348
f 2318/2318/2318 2319/2319/2319 2348/2348/2348
f 2348/2348/2348 2319/2319/2319 2349/2349/2349
f 2319/2319/2319 2320/2320/2320 2349/2349/2349
f 2349/2349/2349 2320/2320/2320 2350/2350/2350
f 2320/2320/2320 2321/2321/2321 2350/2350/2350
f 2350/2350/2350 2321/2321/2321 2351/2351/2351
f 2321/2321/2321 2322/2322/2322 2351/2351/2351
f 2351/2351/2351 2322/2322/2322 2352/2352/2352
f 2322/2322/2322 2323/2323/2323 2352/2352/2352
f 2352/2352/2352 2323/2323/2323 2353/2353/2353
f 2323/2323/2323 2324/2324/2324 2353/2353/2353
f 2353/2353/2353 2324/2324/2324 2354/2354/2354
f 2324/2324/2324 2325/2325/2325 2354/2354/2354
f 2354/2354/2354 2325/2325/2325 2355/2355/2355
f 2325/2325/2325 2326/2326/2326 2355/2355/2355
f 2355/2355/2355 2326/2326/2326 2356/2356/2356
f 2326/2326/2326 2327/2327/2327 2356/2356/2356
f 2356/2356/2356 2327/2327/2327 2357/2357/2357
f 2327/2327/2327 2329/2329/2329 2357/2357/2357
f 2357/2357/2357 2329/2329/2329 2358/2358/2358
f 2358/2358/2358 2329/2329/2329 2359/2359/2359
f 2329/2329/2329 2328/2328/2328 2359/2359/2359
f 2359/2359/2359 2328/2328/2328 2360/2360/2360
f 2360/2360/2360 2328/2328/2328 2361/2361/2361
f 2361/2361/2361 2328/2328/2328 2362/2362/2362
f 2328/2328/2328 2330/2330/2330 2362/2362/2362
f 2330/2330/2330 2331/2331/2331 2362/2362/2362
f 2362/2362/2362 2331/2331/2331 2363/2363/2363
f 2331/2331/2331 2332/2332/2332 2363/2363/2363
f 2363/2363/2363 2332/2332/2332 2364/2364/2364
f 2332/2332/2332 2333/2333/2333 2364/2364/2364
f 2364/2364/2364 2333/2333/2333 2365/2365/2365
f 2365/2365/2365 2333/2333/2333 2366/2366/2366
f 2333/2333/2333 2334/2334/2334 2366/2366/2366
f 2366/2366/2366 2334/2334/2334 2367/2367/2367
f 2334/2334/2334 2335/2335/2335 2367/2367/2367
f 2367/2367/2367 2335/2335/2335 2368/2368/2368
f 2335/2335/2335 2336/2336/2336 2368/2368/2368
f 2368/2368/2368 2336/2336/2336 2369/2369/2369
f 2336/2336/2336 2337/2337/2337 2369/2369/2369
f 2369/2369/2369 2337/2337/2337 2370/2370/2370
f 2337/2337/2337 2338/2338/2338 2370/2370/2370
f 2370/2370/2370 2338/2338/2338 2371/2371/2371
f 2338/2338/2338 2339/2339/2339 2371/2371/2371
f 2371/2371/2371 2339/2339/2339 2372/2372/2372
f 2339/2339/2339 2340/2340/2340 2372/2372/2372
f 2372/2372/2372 2340/2340/2340 2373/2373/2373
f 2340/2340/2340 2341/2341/2341 2373/2373/2373
f 2373/2373/2373 2341/2341/2341 2374/2374/2374
f 2375/2375/2375 2374/2374/2374 2376/2376/2376
f 2374/2374/2374 2341/2341/2341 2376/2376/2376
f 2341/2341/2341 2342/2342/2342 2376/2376/2376
f 2376/2376/2376 2342/2342/2342 2377/2377/2377
f 2342/2342/2342 2343/2343/2343 2377/2377/2377
f 2377/2377/2377 2343/2343/2343 2378/2378/2378
f 2378/2378/2378 2343/2343/2343 2379/2379/2379
f 2343/2343/2343 2344/2344/2344 2379/2379/2379
f 2344/2344/2344 2345/2345/2345 2379/2379/2379
f 2379/2379/2379 2345/2345/2345 2380/2380/2380
f 2345/2345/2345 2346/2346/2346 2380/2380/2380
f 2380/2380/2380 2346/2346/2346 2381/2381/2381
f 2382/2382/2382 2381/2381/2381 2383/2383/2383
f 2381/2381/2381 2346/2346/2346 2383/2383/2383
f 2383/2383/2383 2346/2346/2346 2384/2384/2384
f 2346/2346/2346 2347/2347/2347 2384/2384/2384
f 2384/2384/2384 2347/2347/2347 2385/2385/2385
f 2347/2347/2347 2348/2348/2348 2385/2385/2385
f 2385/2385/2385 2348/2348/2348 2386/2386/2386
f 2348/2348/2348 2349/2349/2349 2386/2386/2386
f 2386/2386/2386 2349/2349/2349 2387/2387/2387
f 2349/2349/2349 2350/2350/2350 2387/2387/2387
f 2387/2387/2387 2350/2350/2350 2388/2388/2388
f 2350/2350/2350 2351/2351/2351 2388/2388/2388
f 2388/2388/2388 2351/2351/2351 2389/2389/2389
f 2351/2351/2351 2352/2352/2352 2389/2389/2389
f 2389/2389/2389 2352/2352/2352 2390/2390/2390
f 2352/2352/2352 2353/2353/2353 2390/2390/2390
f 2390/2390/2390 2353/2353/2353 2391/2391/2391
f 2353/2353/2353 2354/2354/2354 2391/2391/2391
f 2391/2391/2391 2354/2354/2354 2392/2392/2392
f 2354/2354/2354 2355/2355/2355 2392/2392/2392
f 2392/2392/2392 2355/2355/2355 2393/2393/2393
f 2355/2355/2355 2356/2356/2356 2393/2393/2393
f 2356/2356/2356 2357/2357/2357 2393/2393/2393
f 2393/2393/2393 2357/2357/2357 2394/2394/2394
f 2394/2394/2394 2357/2357/2357 2395/2395/2395
f 2357/2357/2357 2358/2358/2358 2395/2395/2395
f 2395/2395/2395 2358/2358/2358 2396/2396/2396
f 2396/2396/2396 2358/2358/2358 2397/2397/2397
f 2358/2358/2358 2359/2359/2359 2397/2397/2397
f 2397/2397/2397 2359/2359/2359 2398/2398/2398
f 2359/2359/2359 2360/2360/2360 2398/2398/2398
f 2398/2398/2398 2360/2360/2360 2399/2399/2399
f 2399/2399/2399 2360/2360/2360 2400/2400/2400
f 2360/2360/2360 2361/2361/2361 2400/2400/2400
f 2401/2401/2401 2400/2400/2400 2402/2402/2402
f 2400/2400/2400 2361/2361/2361 2402/2402/2402
f 2402/2402/2402 2361/2361/2361 2403/2403/2403
f 2361/2361/2361 2362/2362/2362 2403/2403/2403
f 2362/2362/2362 2363/2363/2363 2403/2403/2403
f 2403/2403/2403 2363/2363/2363 2404/2404/2404
f 2363/2363/2363 2364/2364/2364 2404/2404/2404
f 2404/2404/2404 2364/2364/2364 2405/2405/2405
f 2364/2364/2364 2365/2365/2365 2405/2405/2405
f 2406/2406/2406 2405/2405/2405 2407/2407/2407
f 2405/2405/2405 2365/2365/2365 2407/2407/2407
f 2407/2407/2407 2365/2365/2365 2408/2408/2408
f 2365/2365/2365 2366/2366/2366 2408/2408/2408
f 2408/2408/2408 2366/2366/2366 2409/2409/2409
f 2366/2366/2366 2367/2367/2367 2409/2409/2409
f 2409/2409/2409 2367/2367/2367 2410/2410/2410
f 2367/2367/2367 2368/2368/2368 2410/2410/2410
f 2410/2410/2410 2368/2368/2368 2411/2411/2411
f 2368/2368/2368 2369/2369/2369 2411/2411/2411
f 2411/2411/2411 2369/2369/2369 2412/2412/2412
f 2369/2369/2369 2370/2370/2370 2412/2412/2412
f 2412/2412/2412 2370/2370/2370 2413/2413/2413
f 2370/2370/2370 2371/2371/2371 2413/2413/2413
f 2413/2413/2413 2371/2371/2371 2414/2414/2414
f 2371/2371/2371 2372/2372/2372 2414/2414/2414
f 2414/2414/2414 2372/2372/2372 2415/2415/2415
f 2372/2372/2372 2373/2373/2373 2415/2415/2415
f 2415/2415/2415 2373/2373/2373 2416/2416/2416
f 2373/2373/2373 2374/2374/2374 2416/2416/2416
f 2416/2416/2416 2374/2374/2374 2417/2417/2417
f 2374/2374/2374 2375/2375/2375 2417/2417/2417
f 2417/2417/2417 2375/2375/2375 2418/2418/2418
f 2418/2418/2418 2375/2375/2375 2419/2419/2419
f 2419/2419/2419 2375/2375/2375 2420/2420/2420
f 2375/2375/2375 2376/2376/2376 2420/2420/2420
f 2376/2376/2376 2377/2377/2377 2420/2420/2420
f 2420/2420/2420 2377/2377/2377 2421/2421/2421
f 2377/2377/2377 2378/2378/2378 2421/2421/2421
f 2421/2421/2421 2378/2378/2378 2422/2422/2422
f 2422/2422/2422 2378/2378/2378 2423/2423/2423
f 2378/2378/2378 2379/2379/2379 2423/2423/2423
f 2379/2379/2379 2380/2380/2380 2423/2423/2423
f 2423/2423/2423 2380/2380/2380 2424/2424/2424
f 2380/2380/2380 2381/2381/2381 2424/2424/2424
f 2424/2424/2424 2381/2381/2381 2425/2425/2425
f 2381/2381/2381 2382/2382/2382 2425/2425/2425
f 2425/2425/2425 2382/2382/2382 2426/2426/2426
f 2427/2427/2427 2426/2426/2426 2428/2428/2428
f 2426/2426/2426 2382/2382/2382 2428/2428/2428
f 2428/2428/2428 2382/2382/2382 2429/2429/2429
f 2382/2382/2382 2383/2383/2383 2429/2429/2429
f 2429/2429/2429 2383/2383/2383 2430/2430/2430
f 2383/2383/2383 2384/2384/2384 2430/2430/2430
f 2430/2430/2430 2384/2384/2384 2431/2431/2431
f 2384/2384/2384 2385/2385/2385 2431/2431/2431
f 2431/2431/2431 2385/2385/2385 2432/2432/2432
f 2385/2385/2385 2386/2386/2386 2432/2432/2432
f 2432/2432/2432 2386/2386/2386 2433/2433/2433
f 2386/2386/2386 2387/2387/2387 2433/2433/2433
f 2433/2433/2433 2387/2387/2387 2434/2434/2434
f 2387/2387/2387 2388/2388/2388 2434/2434/2434
f 2434/2434/2434 2388/2388/2388 2435/2435/2435
f 2388/2388/2388 2389/2389/2389 2435/2435/2435
f 2435/2435/2435 2389/2389/2389 2436/2436/2436
f 2389/2389/2389 2390/2390/2390 2436/2436/2436
f 2436/2436/2436 2390/2390/2390 2437/2437/2437
f 2390/2390/2390 2391/2391/2391 2437/2437/2437
f 2437/2437/2437 2391/2391/2391 2438/2438/2438
f 2391/2391/2391 2392/2392/2392 2438/2438/2438
f 2438/2438/2438 2392/2392/2392 2439/2439/2439
f 2392/2392/2392 2393/2393/2393 2439/2439/2439
f 2439/2439/2439 2393/2393/2393 2440/2440/2440
f 2393/2393/2393 2394/2394/2394 2440/2440/2440
f 2440/2440/2440 2394/2394/2394 2441/2441/2441
f 2394/2394/2394 2395/2395/2395 2441/2441/2441
f 2441/2441/2441 2395/2395/2395 2442/2442/2442
f 2395/2395/2395 2396/2396/2396 2442/2442/2442
f 2442/2442/2442 2396/2396/2396 2443/2443/2443
f 2443/2443/2443 2396/2396/2396 2444/2444/2444
f 2396/2396/2396 2397/2397/2397 2444/2444/2444
f 2444/2444/2444 2397/2397/2397 2445/2445/2445
f 2397/2397/2397 2398/2398/2398 2445/2445/2445
f 2445/2445/2445 2398/2398/2398 2446/2446/2446
f 2398/2398/2398 2399/2399/2399 2446/2446/2446
f 2446/2446/2446 2399/2399/2399 2447/2447/2447
f 2447/2447/2447 2399/2399/2399 2448/2448/2448
f 2399/2399/2399 2400/2400/2400 2448/2448/2448
f 2400/2400/2400 2401/2401/2401 2448/2448/2448
f 2448/2448/2448 2401/2401/2401 2449/2449/2449
f 2401/2401/2401 2450/2450/2450 2449/2449/2449
f 2449/2449/2449 2450/2450/2450 2451/2451/2451
f 2451/2451/2451 2450/2450/2450 2452/2452/2452
f 2453/2453/2453 2452/2452/2452 2454/2454/2454
f 2455/2455/2455 2454/2454/2454 2456/2456/2456
f 2454/2454/2454 2452/2452/2452 2456/2456/2456
f 2452/2452/2452 2450/2450/2450 2456/2456/2456
f 2456/2456/2456 2450/2450/2450 2457/2457/2457
f 2450/2450/2450 2401/2401/2401 2457/2457/2457
f 2401/2401/2401 2402/2402/2402 2457/2457/2457
f 2457/2457/2457 2402/2402/2402 2458/2458/2458
f 2402/2402/2402 2403/2403/2403 2458/2458/2458
f 2403/2403/2403 2404/2404/2404 2458/2458/2458
f 2458/2458/2458 2404/2404/2404 2459/2459/2459
f 2404/2404/2404 2405/2405/2405 2459/2459/2459
f 2405/2405/2405 2406/2406/2406 2459/2459/2459
f 2406/2406/2406 2460/2460/2460 2459/2459/2459
f 2459/2459/2459 2460/2460/2460 2461/2461/2461
f 2460/2460/2460 2455/2455/2455 2461/2461/2461
f 2455/2455/2455 2456/2456/2456 2461/2461/2461
f 2456/2456/2456 2457/2457/2457 2461/2461/2461
f 2457/2457/2457 2458/2458/2458 2461/2461/2461
f 2459/2459/2459 2461/2461/2461 2458/2458/2458
f 2233/2233/2233 2234/2234/2234 2232/2232/2232
f 2012/2012/2012 2013/2013/2013 2011/2011/2011
v -0.0230196 0.9684972 -0.2660466
v -0.0230196 0.9753734 -0.2646564
v -0.0230900 0.9702482 -0.2702612
v -0.0230900 0.9753734 -0.2692273
v -0.0230900 0.9805031 -0.2702612
v -0.0230196 0.9822496 -0.2660466
v -0.0230900 0.9848584 -0.2731560
v -0.0230196 0.9880919 -0.2699224
v -0.0230900 0.9877532 -0.2775113
v -0.0230196 0.9919678 -0.2757648
v -0.0230900 0.9887870 -0.2826410
v -0.0230196 0.9933580 -0.2826410
v -0.0230900 0.9877532 -0.2877662
v -0.0230900 0.9629936 -0.2775113
v -0.0230900 0.9619598 -0.2826410
v -0.0230196 0.9587790 -0.2757648
v -0.0230196 0.9573888 -0.2826410
v -0.0230900 0.9629936 -0.2877662
v -0.0230196 0.9587790 -0.2895172
v -0.0230900 0.9658884 -0.2921260
v -0.0230196 0.9626593 -0.2953551
v -0.0230900 0.9702482 -0.2950208
v -0.0230196 0.9684972 -0.2992353
v -0.0230900 0.9753734 -0.2960546
v -0.0230196 0.9753734 -0.3006255
v -0.0230196 0.9822496 -0.2992353
v -0.0230900 0.9805031 -0.2950208
v -0.0230196 0.9880919 -0.2953551
v -0.0230900 0.9848584 -0.2921260
v -0.0230196 0.9919678 -0.2895172
v -0.0227689 0.9925485 -0.2897547
v -0.0227689 0.9939827 -0.2826410
v -0.0227689 0.9925485 -0.2755272
v -0.0227689 0.9885319 -0.2694825
v -0.0227689 0.9824872 -0.2654659
v -0.0227689 0.9753734 -0.2640317
v -0.0227689 0.9682596 -0.2654659
v -0.0227689 0.9622149 -0.2694825
v -0.0230196 0.9626593 -0.2699224
v -0.0230900 0.9658884 -0.2731560
v -0.0233452 0.9663327 -0.2736003
v -0.0233452 0.9704857 -0.2708375
v -0.0233452 0.9753734 -0.2698521
v -0.0233452 0.9802611 -0.2708375
v -0.0233452 0.9844141 -0.2736003
v -0.0233452 0.9871769 -0.2777533
v -0.0233452 0.9881623 -0.2826410
v -0.0233452 0.9871769 -0.2875287
v -0.0233452 0.9844141 -0.2916817
v -0.0233452 0.9802611 -0.2944400
v -0.0233452 0.9753734 -0.2954299
v -0.0233452 0.9704857 -0.2944400
v -0.0233452 0.9663327 -0.2916817
v -0.0233452 0.9635743 -0.2875287
v -0.0233452 0.9625845 -0.2826410
v -0.0233452 0.9635743 -0.2777533
v -0.0233452 0.9663327 -0.2736003
v -0.0230900 0.9658884 -0.2731560
v -0.0230196 0.9626593 -0.2699224
v -0.0227689 0.9622149 -0.2694825
v -0.0227689 0.9581983 -0.2755272
v -0.0227689 0.9567641 -0.2826410
v -0.0227689 0.9581983 -0.2897547
v -0.0227689 0.9622149 -0.2957994
v -0.0227689 0.9682596 -0.2998161
v -0.0227689 0.9753734 -0.3012502
v -0.0227689 0.9824872 -0.2998161
v -0.0227689 0.9885319 -0.2957994
v -0.0360373 0.9677625 -0.2750257
v -0.0360373 0.9753734 -0.2826410
v -0.0360373 0.9672566 -0.2826410
v -0.0360373 0.9677625 -0.2902519
v -0.0360373 0.9753734 -0.2907578
v -0.0360373 0.9829887 -0.2902519
v -0.0360373 0.9834902 -0.2826410
v -0.0360373 0.9829887 -0.2750257
v -0.0360373 0.9753734 -0.2745242
v -0.0360373 0.9753734 -0.2682595
v -0.0360373 0.9685280 -0.2692581
v -0.0360373 0.9639703 -0.2712379
v -0.0360373 0.9619906 -0.2757956
v -0.0360373 0.9609919 -0.2826410
v -0.0360373 0.9619906 -0.2894864
v -0.0360373 0.9639703 -0.2940441
v -0.0360373 0.9685280 -0.2960238
v -0.0360373 0.9753734 -0.2970225
v -0.0360373 0.9822188 -0.2960238
v -0.0360373 0.9867765 -0.2940441
v -0.0360373 0.9887562 -0.2894864
v -0.0360373 0.9897549 -0.2826410
v -0.0360373 0.9887562 -0.2757956
v -0.0360373 0.9867765 -0.2712379
v -0.0360373 0.9822188 -0.2692581
v -0.0359933 0.9822188 -0.2664558
v -0.0359933 0.9753734 -0.2651227
v -0.0359933 0.9685280 -0.2664558
v -0.0359933 0.9628704 -0.2701336
v -0.0359933 0.9591882 -0.2757956
v -0.0359933 0.9578552 -0.2826410
v -0.0359933 0.9591882 -0.2894864
v -0.0359933 0.9628704 -0.2951439
v -0.0359933 0.9685280 -0.2988262
v -0.0359933 0.9753734 -0.3001592
v -0.0359933 0.9822188 -0.2988262
v -0.0359933 0.9878808 -0.2951439
v -0.0359933 0.9915586 -0.2894864
v -0.0359933 0.9928916 -0.2826410
v -0.0359933 0.9915586 -0.2757956
v -0.0359933 0.9878808 -0.2701336
v -0.0356898 0.9884923 -0.2695221
v -0.0356898 0.9824652 -0.2655231
v -0.0356898 0.9753734 -0.2640889
v -0.0356898 0.9682816 -0.2655231
v -0.0356898 0.9622545 -0.2695221
v -0.0356898 0.9582555 -0.2755492
v -0.0356898 0.9568213 -0.2826410
v -0.0356898 0.9582555 -0.2897327
v -0.0356898 0.9622545 -0.2957599
v -0.0356898 0.9682816 -0.2997589
v -0.0356898 0.9753734 -0.3011931
v -0.0356898 0.9824652 -0.2997589
v -0.0356898 0.9884923 -0.2957599
v -0.0356898 0.9924913 -0.2897327
v -0.0356898 0.9939255 -0.2826410
v -0.0356898 0.9924913 -0.2755492
v -0.0322495 0.9626593 -0.2953551
v -0.0322495 0.9684972 -0.2992353
v -0.0321791 0.9658884 -0.2921260
v -0.0321791 0.9702482 -0.2950208
v -0.0321791 0.9753734 -0.2960546
v -0.0322495 0.9753734 -0.3006255
v -0.0322495 0.9822496 -0.2992353
v -0.0321791 0.9805031 -0.2950208
v -0.0321791 0.9848584 -0.2921260
v -0.0322495 0.9880919 -0.2953551
v -0.0321791 0.9877532 -0.2877662
v -0.0322495 0.9919678 -0.2895172
v -0.0325046 0.9925485 -0.2897547
v -0.0325046 0.9885319 -0.2957994
v -0.0325046 0.9824872 -0.2998161
v -0.0325046 0.9753734 -0.3012502
v -0.0325046 0.9682596 -0.2998161
v -0.0325046 0.9622149 -0.2957994
v -0.0325046 0.9581983 -0.2897547
v -0.0322495 0.9587790 -0.2895172
v -0.0321791 0.9629936 -0.2877662
v -0.0319283 0.9635743 -0.2875287
v -0.0319283 0.9663327 -0.2916817
v -0.0319283 0.9704857 -0.2944400
v -0.0319283 0.9753734 -0.2954299
v -0.0319283 0.9802611 -0.2944400
v -0.0319283 0.9844141 -0.2916817
v -0.0319283 0.9871769 -0.2875287
v -0.0319283 0.9802611 -0.2708375
v -0.0319283 0.9844141 -0.2736003
v -0.0321791 0.9805031 -0.2702612
v -0.0321791 0.9848584 -0.2731560
v -0.0319283 0.9871769 -0.2777533
v -0.0321791 0.9877532 -0.2775113
v -0.0319283 0.9881623 -0.2826410
v -0.0321791 0.9887870 -0.2826410
v -0.0322495 0.9933580 -0.2826410
v -0.0325046 0.9939827 -0.2826410
v -0.0330809 0.9942290 -0.2826410
v -0.0330809 0.9927729 -0.2898471
v -0.0330809 0.9887079 -0.2959754
v -0.0330809 0.9825795 -0.3000404
v -0.0330809 0.9753734 -0.3014966
v -0.0330809 0.9681673 -0.3000404
v -0.0330809 0.9620390 -0.2959754
v -0.0330809 0.9579740 -0.2898471
v -0.0330809 0.9565178 -0.2826410
v -0.0325046 0.9567641 -0.2826410
v -0.0322495 0.9573888 -0.2826410
v -0.0321791 0.9619598 -0.2826410
v -0.0319283 0.9625845 -0.2826410
v -0.0312332 0.9628308 -0.2826410
v -0.0312332 0.9637987 -0.2874363
v -0.0312332 0.9665043 -0.2915101
v -0.0312332 0.9705781 -0.2942157
v -0.0312332 0.9753734 -0.2951835
v -0.0312332 0.9801687 -0.2942157
v -0.0312332 0.9842425 -0.2915101
v -0.0312332 0.9869481 -0.2874363
v -0.0312332 0.9879160 -0.2826410
v -0.0312332 0.9869481 -0.2778457
v -0.0312332 0.9842425 -0.2737719
v -0.0312332 0.9801687 -0.2710663
v -0.0312332 0.9753734 -0.2700984
v -0.0319283 0.9753734 -0.2698521
v -0.0321791 0.9753734 -0.2692273
v -0.0322495 0.9753734 -0.2646564
v -0.0322495 0.9822496 -0.2660466
v -0.0322495 0.9880919 -0.2699224
v -0.0322495 0.9919678 -0.2757648
v -0.0325046 0.9925485 -0.2755272
v -0.0330809 0.9927729 -0.2754348
v -0.0349903 0.9927685 -0.2754348
v -0.0349903 0.9942202 -0.2826410
v -0.0349903 0.9927685 -0.2898471
v -0.0349903 0.9886991 -0.2959666
v -0.0349903 0.9825795 -0.3000360
v -0.0349903 0.9753734 -0.3014878
v -0.0349903 0.9681673 -0.3000360
v -0.0349903 0.9620478 -0.2959666
v -0.0349903 0.9579784 -0.2898471
v -0.0349903 0.9565266 -0.2826410
v -0.0349903 0.9579784 -0.2754348
v -0.0330809 0.9579740 -0.2754348
v -0.0325046 0.9581983 -0.2755272
v -0.0322495 0.9587790 -0.2757648
v -0.0321791 0.9629936 -0.2775113
v -0.0319283 0.9635743 -0.2777533
v -0.0312332 0.9637987 -0.2778457
v -0.0240403 0.9637987 -0.2778457
v -0.0240403 0.9628308 -0.2826410
v -0.0240403 0.9637987 -0.2874363
v -0.0240403 0.9665043 -0.2915101
v -0.0240403 0.9705781 -0.2942157
v -0.0240403 0.9753734 -0.2951835
v -0.0240403 0.9801687 -0.2942157
v -0.0240403 0.9842425 -0.2915101
v -0.0240403 0.9869481 -0.2874363
v -0.0240403 0.9879160 -0.2826410
v -0.0240403 0.9869481 -0.2778457
v -0.0240403 0.9842425 -0.2737719
v -0.0240403 0.9801687 -0.2710663
v -0.0240403 0.9753734 -0.2700984
v -0.0240403 0.9705781 -0.2710663
v -0.0312332 0.9705781 -0.2710663
v -0.0319283 0.9704857 -0.2708375
v -0.0321791 0.9702482 -0.2702612
v -0.0322495 0.9684972 -0.2660466
v -0.0325046 0.9682596 -0.2654659
v -0.0325046 0.9753734 -0.2640317
v -0.0325046 0.9824872 -0.2654659
v -0.0325046 0.9885319 -0.2694825
v -0.0330809 0.9887079 -0.2693065
v -0.0349903 0.9886991 -0.2693153
v -0.0356898 0.9824652 -0.2655231
v -0.0356898 0.9884923 -0.2695221
v -0.0356898 0.9924913 -0.2755492
v -0.0356898 0.9939255 -0.2826410
v -0.0356898 0.9924913 -0.2897327
v -0.0356898 0.9884923 -0.2957599
v -0.0356898 0.9824652 -0.2997589
v -0.0356898 0.9753734 -0.3011931
v -0.0356898 0.9682816 -0.2997589
v -0.0356898 0.9622545 -0.2957599
v -0.0356898 0.9582555 -0.2897327
v -0.0356898 0.9568213 -0.2826410
v -0.0356898 0.9582555 -0.2755492
v -0.0356898 0.9622545 -0.2695221
v -0.0349903 0.9620478 -0.2693153
v -0.0330809 0.9620390 -0.2693065
v -0.0325046 0.9622149 -0.2694825
v -0.0322495 0.9626593 -0.2699224
v -0.0321791 0.9658884 -0.2731560
v -0.0319283 0.9663327 -0.2736003
v -0.0312332 0.9665043 -0.2737719
v -0.0240403 0.9665043 -0.2737719
v -0.0233452 0.9663327 -0.2736003
v -0.0233452 0.9635743 -0.2777533
v -0.0233452 0.9625845 -0.2826410
v -0.0233452 0.9635743 -0.2875287
v -0.0233452 0.9663327 -0.2916817
v -0.0233452 0.9704857 -0.2944400
v -0.0233452 0.9753734 -0.2954299
v -0.0233452 0.9802611 -0.2944400
v -0.0233452 0.9844141 -0.2916817
v -0.0233452 0.9871769 -0.2875287
v -0.0233452 0.9881623 -0.2826410
v -0.0233452 0.9871769 -0.2777533
v -0.0233452 0.9844141 -0.2736003
v -0.0233452 0.9802611 -0.2708375
v -0.0233452 0.9753734 -0.2698521
v -0.0233452 0.9704857 -0.2708375
v -0.0233452 0.9663327 -0.2736003
v -0.0240403 0.9665043 -0.2737719
v -0.0312332 0.9665043 -0.2737719
v -0.0319283 0.9663327 -0.2736003
v -0.0321791 0.9658884 -0.2731560
v -0.0322495 0.9626593 -0.2699224
v -0.0325046 0.9622149 -0.2694825
v -0.0330809 0.9681673 -0.2652415
v -0.0330809 0.9620390 -0.2693065
v -0.0349903 0.9620478 -0.2693153
v -0.0349903 0.9681673 -0.2652459
v -0.0356898 0.9622545 -0.2695221
v -0.0356898 0.9682816 -0.2655231
v -0.0356898 0.9753734 -0.2640889
v -0.0349903 0.9753734 -0.2637941
v -0.0330809 0.9753734 -0.2637853
v -0.0330809 0.9825795 -0.2652415
v -0.0349903 0.9825795 -0.2652459
v 0.0170277 0.9825927 -0.2640977
v 0.0170277 0.9753734 -0.2626415
v 0.0173181 0.9753734 -0.2634422
v 0.0170277 0.9681541 -0.2640977
v 0.0173181 0.9681541 -0.2649028
v 0.0170277 0.9649733 -0.2662094
v 0.0172213 0.9643046 -0.2671904
v 0.0162754 0.9639747 -0.2676744
v 0.0162754 0.9642166 -0.2667109
v 0.0162754 0.9642166 -0.2524262
v 0.0170277 0.9649733 -0.2524262
v 0.0170277 0.9681541 -0.2524262
v 0.0170277 0.9753734 -0.2524262
v 0.0170277 0.9825927 -0.2524262
v 0.0170277 0.9857735 -0.2524262
v 0.0170277 0.9857735 -0.2662094
v 0.0162754 0.9865302 -0.2667109
v 0.0162754 0.9865302 -0.2524262
v 0.0000022 0.9865302 -0.2524262
v 0.0000022 0.9865302 -0.2667153
v -0.0162754 0.9865302 -0.2667109
v -0.0162754 0.9865302 -0.2524262
v -0.0170277 0.9857735 -0.2524262
v -0.0170277 0.9857735 -0.2662094
v -0.0170277 0.9825927 -0.2640977
v -0.0170277 0.9825927 -0.2524262
v -0.0170277 0.9753734 -0.2626415
v -0.0170277 0.9753734 -0.2524262
v -0.0170277 0.9681541 -0.2524262
v -0.0170277 0.9681541 -0.2640977
v -0.0170277 0.9649733 -0.2524262
v -0.0170277 0.9649733 -0.2662094
v -0.0162754 0.9642166 -0.2667109
v -0.0162754 0.9642166 -0.2524262
v 0.0000022 0.9642166 -0.2524262
v 0.0000022 0.9642166 -0.2667153
v 0.0162754 0.9642166 -0.2524262
v 0.0162754 0.9642166 -0.2667109
v 0.0162754 0.9639747 -0.2676744
v 0.0000022 0.9639747 -0.2676744
v -0.0162754 0.9639747 -0.2676744
v -0.0172213 0.9643046 -0.2671904
v -0.0173181 0.9681541 -0.2649028
v -0.0173181 0.9753734 -0.2634422
v -0.0173181 0.9825927 -0.2649028
v -0.0172213 0.9864422 -0.2671904
v -0.0162754 0.9867721 -0.2676744
v 0.0000022 0.9867721 -0.2676744
v 0.0162754 0.9867721 -0.2676744
v 0.0172213 0.9864422 -0.2671904
v 0.0173181 0.9825927 -0.2649028
v 0.0000022 0.9942642 -0.2826410
v 0.0000022 0.9928080 -0.2754216
v 0.0162754 0.9928080 -0.2754216
v 0.0000022 0.9887298 -0.2692845
v 0.0162754 0.9887298 -0.2692845
v 0.0162754 0.9874012 -0.2684003
v 0.0000022 0.9874012 -0.2684003
v -0.0162754 0.9874012 -0.2684003
v -0.0162754 0.9887298 -0.2692845
v -0.0162754 0.9928080 -0.2754216
v -0.0162754 0.9942642 -0.2826410
v -0.0162754 0.9928080 -0.2898603
v 0.0000022 0.9928080 -0.2898603
v 0.0000022 0.9887298 -0.2959974
v -0.0162754 0.9887298 -0.2959974
v -0.0162754 0.9825927 -0.3000756
v 0.0000022 0.9825927 -0.3000756
v 0.0000022 0.9753734 -0.3015318
v -0.0162754 0.9753734 -0.3015318
v -0.0162754 0.9681541 -0.3000756
v 0.0000022 0.9681541 -0.3000756
v 0.0000022 0.9620170 -0.2959974
v -0.0162754 0.9620170 -0.2959974
v -0.0162754 0.9579388 -0.2898603
v 0.0000022 0.9579388 -0.2898603
v 0.0162754 0.9579388 -0.2898603
v 0.0162754 0.9620170 -0.2959974
v 0.0162754 0.9681541 -0.3000756
v 0.0162754 0.9753734 -0.3015318
v 0.0162754 0.9825927 -0.3000756
v 0.0162754 0.9887298 -0.2959974
v 0.0162754 0.9928080 -0.2898603
v 0.0162754 0.9942642 -0.2826410
v 0.0196717 0.9942642 -0.2826410
v 0.0196717 0.9928080 -0.2754216
v 0.0196717 0.9887298 -0.2692845
v 0.0180747 0.9874012 -0.2684003
v 0.0196717 0.9825927 -0.2652063
v 0.0180747 0.9825927 -0.2652063
v 0.0196717 0.9753734 -0.2637502
v 0.0180747 0.9753734 -0.2637502
v 0.0180747 0.9681541 -0.2652063
v 0.0172213 0.9643046 -0.2671904
v 0.0173181 0.9681541 -0.2649028
v 0.0173181 0.9753734 -0.2634422
v 0.0173181 0.9825927 -0.2649028
v 0.0172213 0.9864422 -0.2671904
v 0.0162754 0.9867721 -0.2676744
v 0.0000022 0.9867721 -0.2676744
v -0.0162754 0.9867721 -0.2676744
v -0.0180748 0.9874012 -0.2684003
v -0.0172213 0.9864422 -0.2671904
v -0.0180748 0.9825927 -0.2652063
v -0.0173181 0.9825927 -0.2649028
v -0.0180748 0.9753734 -0.2637502
v -0.0173181 0.9753734 -0.2634422
v -0.0173181 0.9681541 -0.2649028
v -0.0172213 0.9643046 -0.2671904
v -0.0180748 0.9681541 -0.2652063
v -0.0196717 0.9753734 -0.2637502
v -0.0196717 0.9825927 -0.2652063
v -0.0196717 0.9887298 -0.2692845
v -0.0196717 0.9928080 -0.2754216
v -0.0196717 0.9942642 -0.2826410
v -0.0196717 0.9928080 -0.2898603
v -0.0196717 0.9887298 -0.2959974
v -0.0196717 0.9825927 -0.3000756
v -0.0196717 0.9753734 -0.3015318
v -0.0196717 0.9681541 -0.3000756
v -0.0196717 0.9620170 -0.2959974
v -0.0196717 0.9579388 -0.2898603
v -0.0196717 0.9564826 -0.2826410
v -0.0162754 0.9564826 -0.2826410
v 0.0000022 0.9564826 -0.2826410
v 0.0162754 0.9564826 -0.2826410
v 0.0196717 0.9564826 -0.2826410
v 0.0196717 0.9579388 -0.2898603
v 0.0196717 0.9620170 -0.2959974
v 0.0196717 0.9681541 -0.3000756
v 0.0196717 0.9753734 -0.3015318
v 0.0196717 0.9825927 -0.3000756
v 0.0196717 0.9887298 -0.2959974
v 0.0196717 0.9928080 -0.2898603
v 0.0219462 0.9942290 -0.2826410
v 0.0219462 0.9927729 -0.2754348
v 0.0219462 0.9887079 -0.2693065
v 0.0219462 0.9825795 -0.2652415
v 0.0219462 0.9753734 -0.2637853
v 0.0219462 0.9681673 -0.2652415
v 0.0196717 0.9681541 -0.2652063
v 0.0180747 0.9633456 -0.2684003
v 0.0162754 0.9639747 -0.2676744
v 0.0162754 0.9633456 -0.2684003
v 0.0000022 0.9639747 -0.2676744
v 0.0000022 0.9633456 -0.2684003
v -0.0162754 0.9633456 -0.2684003
v -0.0162754 0.9639747 -0.2676744
v -0.0180748 0.9633456 -0.2684003
v -0.0196717 0.9681541 -0.2652063
v -0.0219462 0.9681673 -0.2652415
v -0.0219462 0.9753734 -0.2637853
v -0.0219462 0.9825795 -0.2652415
v -0.0219462 0.9887079 -0.2693065
v -0.0219462 0.9927729 -0.2754348
v -0.0219462 0.9942290 -0.2826410
v -0.0219462 0.9927729 -0.2898471
v -0.0219462 0.9887079 -0.2959754
v -0.0219462 0.9825795 -0.3000404
v -0.0219462 0.9753734 -0.3014966
v -0.0219462 0.9681673 -0.3000404
v -0.0219462 0.9620390 -0.2959754
v -0.0219462 0.9579740 -0.2898471
v -0.0219462 0.9565178 -0.2826410
v -0.0219462 0.9579740 -0.2754348
v -0.0196717 0.9579388 -0.2754216
v -0.0162754 0.9579388 -0.2754216
v 0.0000022 0.9579388 -0.2754216
v 0.0162754 0.9579388 -0.2754216
v 0.0196717 0.9579388 -0.2754216
v 0.0219462 0.9579740 -0.2754348
v 0.0219462 0.9565178 -0.2826410
v 0.0219462 0.9579740 -0.2898471
v 0.0219462 0.9620390 -0.2959754
v 0.0219462 0.9681673 -0.3000404
v 0.0219462 0.9753734 -0.3014966
v 0.0219462 0.9825795 -0.3000404
v 0.0219462 0.9887079 -0.2959754
v 0.0219462 0.9927729 -0.2898471
v 0.0227689 0.9939827 -0.2826410
v 0.0227689 0.9925485 -0.2755272
v 0.0227689 0.9885319 -0.2694825
v 0.0227689 0.9824872 -0.2654659
v 0.0227689 0.9753734 -0.2640317
v 0.0227689 0.9682596 -0.2654659
v 0.0227689 0.9622149 -0.2694825
v 0.0219462 0.9620390 -0.2693065
v 0.0196717 0.9620170 -0.2692845
v 0.0162754 0.9620170 -0.2692845
v 0.0000022 0.9620170 -0.2692845
v -0.0162754 0.9620170 -0.2692845
v -0.0196717 0.9620170 -0.2692845
v -0.0219462 0.9620390 -0.2693065
v -0.0227689 0.9622149 -0.2694825
v -0.0227689 0.9682596 -0.2654659
v -0.0227689 0.9753734 -0.2640317
v -0.0227689 0.9824872 -0.2654659
v -0.0227689 0.9885319 -0.2694825
v -0.0227689 0.9925485 -0.2755272
v -0.0227689 0.9939827 -0.2826410
v -0.0227689 0.9925485 -0.2897547
v -0.0227689 0.9885319 -0.2957994
v -0.0227689 0.9824872 -0.2998161
v -0.0227689 0.9753734 -0.3012502
v -0.0227689 0.9682596 -0.2998161
v -0.0227689 0.9622149 -0.2957994
v -0.0227689 0.9581983 -0.2897547
v -0.0227689 0.9567641 -0.2826410
v -0.0227689 0.9581983 -0.2755272
v -0.0227689 0.9622149 -0.2694825
v -0.0219462 0.9620390 -0.2693065
v -0.0196717 0.9620170 -0.2692845
v -0.0162754 0.9620170 -0.2692845
v 0.0000022 0.9620170 -0.2692845
v 0.0162754 0.9620170 -0.2692845
v 0.0196717 0.9620170 -0.2692845
v 0.0219462 0.9620390 -0.2693065
v 0.0227689 0.9622149 -0.2694825
v 0.0227689 0.9581983 -0.2755272
v 0.0227689 0.9567641 -0.2826410
v 0.0227689 0.9581983 -0.2897547
v 0.0227689 0.9622149 -0.2957994
v 0.0227689 0.9682596 -0.2998161
v 0.0227689 0.9753734 -0.3012502
v 0.0227689 0.9824872 -0.2998161
v 0.0227689 0.9885319 -0.2957994
v 0.0227689 0.9925485 -0.2897547
v 0.0230900 0.9629936 -0.2775113
v 0.0230196 0.9587790 -0.2757648
v 0.0230900 0.9619598 -0.2826410
v 0.0230196 0.9573888 -0.2826410
v 0.0230900 0.9629936 -0.2877662
v 0.0230196 0.9587790 -0.2895172
v 0.0230900 0.9658884 -0.2921260
v 0.0230196 0.9626593 -0.2953551
v 0.0230900 0.9702482 -0.2950208
v 0.0230196 0.9684972 -0.2992353
v 0.0230900 0.9753734 -0.2960546
v 0.0230196 0.9753734 -0.3006255
v 0.0230196 0.9822496 -0.2992353
v 0.0230900 0.9805031 -0.2950208
v 0.0230196 0.9880919 -0.2953551
v 0.0230900 0.9848584 -0.2921260
v 0.0230196 0.9684972 -0.2660466
v 0.0230900 0.9702482 -0.2702612
v 0.0230196 0.9753734 -0.2646564
v 0.0230900 0.9753734 -0.2692273
v 0.0230900 0.9805031 -0.2702612
v 0.0230196 0.9822496 -0.2660466
v 0.0230900 0.9848584 -0.2731560
v 0.0230196 0.9880919 -0.2699224
v 0.0230900 0.9877532 -0.2775113
v 0.0230196 0.9919678 -0.2757648
v 0.0230900 0.9887870 -0.2826410
v 0.0230196 0.9933580 -0.2826410
v 0.0230900 0.9877532 -0.2877662
v 0.0230196 0.9919678 -0.2895172
v 0.0227689 0.9885319 -0.2957994
v 0.0227689 0.9824872 -0.2998161
v 0.0227689 0.9753734 -0.3012502
v 0.0227689 0.9682596 -0.2998161
v 0.0227689 0.9622149 -0.2957994
v 0.0227689 0.9581983 -0.2897547
v 0.0227689 0.9567641 -0.2826410
v 0.0227689 0.9581983 -0.2755272
v 0.0227689 0.9622149 -0.2694825
v 0.0230196 0.9626593 -0.2699224
v 0.0230900 0.9658884 -0.2731560
v 0.0233452 0.9663327 -0.2736003
v 0.0233452 0.9635743 -0.2777533
v 0.0233452 0.9625845 -0.2826410
v 0.0233452 0.9635743 -0.2875287
v 0.0233452 0.9663327 -0.2916817
v 0.0233452 0.9704857 -0.2944400
v 0.0233452 0.9753734 -0.2954299
v 0.0233452 0.9802611 -0.2944400
v 0.0233452 0.9844141 -0.2916817
v 0.0233452 0.9871769 -0.2875287
v 0.0233452 0.9881623 -0.2826410
v 0.0233452 0.9871769 -0.2777533
v 0.0233452 0.9844141 -0.2736003
v 0.0233452 0.9802611 -0.2708375
v 0.0233452 0.9753734 -0.2698521
v 0.0233452 0.9704857 -0.2708375
v 0.0233452 0.9663327 -0.2736003
v 0.0230900 0.9658884 -0.2731560
v 0.0230196 0.9626593 -0.2699224
v 0.0227689 0.9622149 -0.2694825
v 0.0227689 0.9682596 -0.2654659
v 0.0227689 0.9753734 -0.2640317
v 0.0227689 0.9824872 -0.2654659
v 0.0227689 0.9885319 -0.2694825
v 0.0227689 0.9925485 -0.2755272
v 0.0227689 0.9939827 -0.2826410
v 0.0227689 0.9925485 -0.2897547
v 0.0360373 0.9829887 -0.2902519
v 0.0360373 0.9834902 -0.2826410
v 0.0360373 0.9753734 -0.2907578
v 0.0360373 0.9753734 -0.2826410
v 0.0360373 0.9677625 -0.2902519
v 0.0360373 0.9672566 -0.2826410
v 0.0360373 0.9677625 -0.2750257
v 0.0360373 0.9753734 -0.2745242
v 0.0360373 0.9829887 -0.2750257
v 0.0360373 0.9867765 -0.2712379
v 0.0360373 0.9887562 -0.2757956
v 0.0360373 0.9897549 -0.2826410
v 0.0360373 0.9887562 -0.2894864
v 0.0360373 0.9867765 -0.2940441
v 0.0360373 0.9822188 -0.2960238
v 0.0360373 0.9753734 -0.2970225
v 0.0360373 0.9685280 -0.2960238
v 0.0360373 0.9639703 -0.2940441
v 0.0360373 0.9619906 -0.2894864
v 0.0360373 0.9609919 -0.2826410
v 0.0360373 0.9619906 -0.2757956
v 0.0360373 0.9639703 -0.2712379
v 0.0360373 0.9685280 -0.2692581
v 0.0360373 0.9753734 -0.2682595
v 0.0360373 0.9822188 -0.2692581
v 0.0359933 0.9878808 -0.2701336
v 0.0359933 0.9915586 -0.2757956
v 0.0359933 0.9928916 -0.2826410
v 0.0359933 0.9915586 -0.2894864
v 0.0359933 0.9878808 -0.2951439
v 0.0359933 0.9822188 -0.2988262
v 0.0359933 0.9753734 -0.3001592
v 0.0359933 0.9685280 -0.2988262
v 0.0359933 0.9628704 -0.2951439
v 0.0359933 0.9591882 -0.2894864
v 0.0359933 0.9578552 -0.2826410
v 0.0359933 0.9591882 -0.2757956
v 0.0359933 0.9628704 -0.2701336
v 0.0359933 0.9685280 -0.2664558
v 0.0359933 0.9753734 -0.2651227
v 0.0359933 0.9822188 -0.2664558
v 0.0356898 0.9884923 -0.2695221
v 0.0356898 0.9924913 -0.2755492
v 0.0356898 0.9939255 -0.2826410
v 0.0356898 0.9924913 -0.2897327
v 0.0356898 0.9884923 -0.2957599
v 0.0356898 0.9824652 -0.2997589
v 0.0356898 0.9753734 -0.3011931
v 0.0356898 0.9682816 -0.2997589
v 0.0356898 0.9622545 -0.2957599
v 0.0356898 0.9582555 -0.2897327
v 0.0356898 0.9568213 -0.2826410
v 0.0356898 0.9582555 -0.2755492
v 0.0356898 0.9622545 -0.2695221
v 0.0356898 0.9682816 -0.2655231
v 0.0356898 0.9753734 -0.2640889
v 0.0356898 0.9824652 -0.2655231
v 0.0322495 0.9626593 -0.2953551
v 0.0321791 0.9658884 -0.2921260
v 0.0322495 0.9684972 -0.2992353
v 0.0321791 0.9702482 -0.2950208
v 0.0321791 0.9753734 -0.2960546
v 0.0322495 0.9753734 -0.3006255
v 0.0322495 0.9822496 -0.2992353
v 0.0321791 0.9805031 -0.2950208
v 0.0321791 0.9848584 -0.2921260
v 0.0322495 0.9880919 -0.2953551
v 0.0322495 0.9919678 -0.2895172
v 0.0321791 0.9877532 -0.2877662
v 0.0319283 0.9871769 -0.2875287
v 0.0319283 0.9844141 -0.2916817
v 0.0319283 0.9802611 -0.2944400
v 0.0319283 0.9753734 -0.2954299
v 0.0319283 0.9704857 -0.2944400
v 0.0319283 0.9663327 -0.2916817
v 0.0319283 0.9635743 -0.2875287
v 0.0321791 0.9629936 -0.2877662
v 0.0322495 0.9587790 -0.2895172
v 0.0325046 0.9581983 -0.2897547
v 0.0325046 0.9622149 -0.2957994
v 0.0325046 0.9682596 -0.2998161
v 0.0325046 0.9753734 -0.3012502
v 0.0325046 0.9824872 -0.2998161
v 0.0325046 0.9885319 -0.2957994
v 0.0325046 0.9925485 -0.2897547
v 0.0325046 0.9939827 -0.2826410
v 0.0322495 0.9933580 -0.2826410
v 0.0321791 0.9887870 -0.2826410
v 0.0319283 0.9881623 -0.2826410
v 0.0321791 0.9877532 -0.2775113
v 0.0319283 0.9871769 -0.2777533
v 0.0321791 0.9848584 -0.2731560
v 0.0319283 0.9844141 -0.2736003
v 0.0321791 0.9805031 -0.2702612
v 0.0319283 0.9802611 -0.2708375
v 0.0321791 0.9753734 -0.2692273
v 0.0319283 0.9753734 -0.2698521
v 0.0312332 0.9753734 -0.2700984
v 0.0312332 0.9801687 -0.2710663
v 0.0312332 0.9842425 -0.2737719
v 0.0312332 0.9869481 -0.2778457
v 0.0312332 0.9879160 -0.2826410
v 0.0312332 0.9869481 -0.2874363
v 0.0312332 0.9842425 -0.2915101
v 0.0312332 0.9801687 -0.2942157
v 0.0312332 0.9753734 -0.2951835
v 0.0312332 0.9705781 -0.2942157
v 0.0312332 0.9665043 -0.2915101
v 0.0312332 0.9637987 -0.2874363
v 0.0312332 0.9628308 -0.2826410
v 0.0319283 0.9625845 -0.2826410
v 0.0321791 0.9619598 -0.2826410
v 0.0322495 0.9573888 -0.2826410
v 0.0325046 0.9567641 -0.2826410
v 0.0330809 0.9565178 -0.2826410
v 0.0330809 0.9579740 -0.2898471
v 0.0330809 0.9620390 -0.2959754
v 0.0330809 0.9681673 -0.3000404
v 0.0330809 0.9753734 -0.3014966
v 0.0330809 0.9825795 -0.3000404
v 0.0330809 0.9887079 -0.2959754
v 0.0330809 0.9927729 -0.2898471
v 0.0330809 0.9942290 -0.2826410
v 0.0330809 0.9927729 -0.2754348
v 0.0325046 0.9925485 -0.2755272
v 0.0322495 0.9919678 -0.2757648
v 0.0322495 0.9880919 -0.2699224
v 0.0322495 0.9822496 -0.2660466
v 0.0322495 0.9753734 -0.2646564
v 0.0322495 0.9684972 -0.2660466
v 0.0321791 0.9702482 -0.2702612
v 0.0319283 0.9704857 -0.2708375
v 0.0312332 0.9705781 -0.2710663
v 0.0240403 0.9705781 -0.2710663
v 0.0240403 0.9753734 -0.2700984
v 0.0240403 0.9801687 -0.2710663
v 0.0240403 0.9842425 -0.2737719
v 0.0240403 0.9869481 -0.2778457
v 0.0240403 0.9879160 -0.2826410
v 0.0240403 0.9869481 -0.2874363
v 0.0240403 0.9842425 -0.2915101
v 0.0240403 0.9801687 -0.2942157
v 0.0240403 0.9753734 -0.2951835
v 0.0240403 0.9705781 -0.2942157
v 0.0240403 0.9665043 -0.2915101
v 0.0240403 0.9637987 -0.2874363
v 0.0240403 0.9628308 -0.2826410
v 0.0240403 0.9637987 -0.2778457
v 0.0312332 0.9637987 -0.2778457
v 0.0319283 0.9635743 -0.2777533
v 0.0321791 0.9629936 -0.2775113
v 0.0322495 0.9587790 -0.2757648
v 0.0325046 0.9581983 -0.2755272
v 0.0330809 0.9579740 -0.2754348
v 0.0349903 0.9579784 -0.2754348
v 0.0349903 0.9565266 -0.2826410
v 0.0349903 0.9579784 -0.2898471
v 0.0349903 0.9620478 -0.2959666
v 0.0349903 0.9681673 -0.3000360
v 0.0349903 0.9753734 -0.3014878
v 0.0349903 0.9825795 -0.3000360
v 0.0349903 0.9886991 -0.2959666
v 0.0349903 0.9927685 -0.2898471
v 0.0349903 0.9942202 -0.2826410
v 0.0349903 0.9927685 -0.2754348
v 0.0330809 0.9887079 -0.2693065
v 0.0325046 0.9885319 -0.2694825
v 0.0325046 0.9824872 -0.2654659
v 0.0325046 0.9753734 -0.2640317
v 0.0325046 0.9682596 -0.2654659
v 0.0356898 0.9753734 -0.2640889
v 0.0349903 0.9681673 -0.2652459
v 0.0356898 0.9682816 -0.2655231
v 0.0356898 0.9622545 -0.2695221
v 0.0349903 0.9620478 -0.2693153
v 0.0330809 0.9681673 -0.2652415
v 0.0330809 0.9620390 -0.2693065
v 0.0325046 0.9622149 -0.2694825
v 0.0322495 0.9626593 -0.2699224
v 0.0321791 0.9658884 -0.2731560
v 0.0319283 0.9663327 -0.2736003
v 0.0312332 0.9665043 -0.2737719
v 0.0240403 0.9665043 -0.2737719
v 0.0233452 0.9663327 -0.2736003
v 0.0233452 0.9704857 -0.2708375
v 0.0233452 0.9753734 -0.2698521
v 0.0233452 0.9802611 -0.2708375
v 0.0233452 0.9844141 -0.2736003
v 0.0233452 0.9871769 -0.2777533
v 0.0233452 0.9881623 -0.2826410
v 0.0233452 0.9871769 -0.2875287
v 0.0233452 0.9844141 -0.2916817
v 0.0233452 0.9802611 -0.2944400
v 0.0233452 0.9753734 -0.2954299
v 0.0233452 0.9704857 -0.2944400
v 0.0233452 0.9663327 -0.2916817
v 0.0233452 0.9635743 -0.2875287
v 0.0233452 0.9625845 -0.2826410
v 0.0233452 0.9635743 -0.2777533
v 0.0233452 0.9663327 -0.2736003
v 0.0240403 0.9665043 -0.2737719
v 0.0312332 0.9665043 -0.2737719
v 0.0319283 0.9663327 -0.2736003
v 0.0321791 0.9658884 -0.2731560
v 0.0322495 0.9626593 -0.2699224
v 0.0325046 0.9622149 -0.2694825
v 0.0330809 0.9620390 -0.2693065
v 0.0349903 0.9620478 -0.2693153
v 0.0356898 0.9622545 -0.2695221
v 0.0356898 0.9582555 -0.2755492
v 0.0356898 0.9568213 -0.2826410
v 0.0356898 0.9582555 -0.2897327
v 0.0356898 0.9622545 -0.2957599
v 0.0356898 0.9682816 -0.2997589
v 0.0356898 0.9753734 -0.3011931
v 0.0356898 0.9824652 -0.2997589
v 0.0356898 0.9884923 -0.2957599
v 0.0356898 0.9924913 -0.2897327
v 0.0356898 0.9939255 -0.2826410
v 0.0356898 0.9924913 -0.2755492
v 0.0356898 0.9884923 -0.2695221
v 0.0356898 0.9824652 -0.2655231
v 0.0349903 0.9886991 -0.2693153
v 0.0330809 0.9825795 -0.2652415
v 0.0330809 0.9753734 -0.2637853
v 0.0349903 0.9753734 -0.2637941
v 0.0349903 0.9825795 -0.2652459
vt 0.6682881 0.0803896
vt 0.6682881 0.0753642
vt 0.6686167 0.0803896
vt 0.6686167 0.0753642
vt 0.6686167 0.0701456
vt 0.6682881 0.0701456
vt 0.6686167 0.0649269
vt 0.6682881 0.0649269
vt 0.6686167 0.0597083
vt 0.6682881 0.0597083
vt 0.6686167 0.0546829
vt 0.6682881 0.0546829
vt 0.6686167 0.0494643
vt 0.6686167 0.0086817
vt 0.6686167 0.0137070
vt 0.6682881 0.0086817
vt 0.6682881 0.0137070
vt 0.6686167 0.0187323
vt 0.6682881 0.0187323
vt 0.6686167 0.0237577
vt 0.6682881 0.0237577
vt 0.6686167 0.0287830
vt 0.6682881 0.0287830
vt 0.6686167 0.0338084
vt 0.6682881 0.0338084
vt 0.6682881 0.0390270
vt 0.6686167 0.0390270
vt 0.6682881 0.0442457
vt 0.6686167 0.0442457
vt 0.6682881 0.0494643
vt 0.6682302 0.0494643
vt 0.6682302 0.0546829
vt 0.6682302 0.0597083
vt 0.6682302 0.0649269
vt 0.6682302 0.0701456
vt 0.6682302 0.0753642
vt 0.6682302 0.0803896
vt 0.6682302 0.0854149
vt 0.6682881 0.0854149
vt 0.6686167 0.0854149
vt 0.6686554 0.0854149
vt 0.6686554 0.0803896
vt 0.6686554 0.0753642
vt 0.6686554 0.0701456
vt 0.6686554 0.0649269
vt 0.6686554 0.0597083
vt 0.6686554 0.0546829
vt 0.6686554 0.0494643
vt 0.6686554 0.0442457
vt 0.6686554 0.0390270
vt 0.6686554 0.0338084
vt 0.6686554 0.0287830
vt 0.6686554 0.0237577
vt 0.6686554 0.0187323
vt 0.6686554 0.0137070
vt 0.6686554 0.0086817
vt 0.6686554 0.0036563
vt 0.6686167 0.0036563
vt 0.6682881 0.0036563
vt 0.6682302 0.0036563
vt 0.6682302 0.0086817
vt 0.6682302 0.0137070
vt 0.6682302 0.0187323
vt 0.6682302 0.0237577
vt 0.6682302 0.0287830
vt 0.6682302 0.0338084
vt 0.6682302 0.0390270
vt 0.6682302 0.0442457
vt 0.6129319 0.7472152
vt 0.6116176 0.6811125
vt 0.6158312 0.7093317
vt 0.6182086 0.6679692
vt 0.6144202 0.6389768
vt 0.6102840 0.6152030
vt 0.6073847 0.6530865
vt 0.6050074 0.6944490
vt 0.6087957 0.7234414
vt 0.6066309 0.7561062
vt 0.6105352 0.7744680
vt 0.6135891 0.7798800
vt 0.6161984 0.7630644
vt 0.6190977 0.7309794
vt 0.6209339 0.6919363
vt 0.6214944 0.6613976
vt 0.6197935 0.6353044
vt 0.6165850 0.6063120
vt 0.6126807 0.5879502
vt 0.6096268 0.5823449
vt 0.6070175 0.5993538
vt 0.6041183 0.6314388
vt 0.6022821 0.6704819
vt 0.6017409 0.7010206
vt 0.6034224 0.7271138
vt 0.6024367 0.7418032
vt 0.6055485 0.7723419
vt 0.6095688 0.7891575
vt 0.6137824 0.7895441
vt 0.6176674 0.7729218
vt 0.6207406 0.7418032
vt 0.6224028 0.7016004
vt 0.6224415 0.6594648
vt 0.6207792 0.6206149
vt 0.6176674 0.5898830
vt 0.6136471 0.5732607
vt 0.6094335 0.5728741
vt 0.6055485 0.5894964
vt 0.6024947 0.6206149
vt 0.6008131 0.6608177
vt 0.6007745 0.7029534
vt 0.6002139 0.7041131
vt 0.6019728 0.7458622
vt 0.6051620 0.7779471
vt 0.6093755 0.7951493
vt 0.6138984 0.7951493
vt 0.6180733 0.7775606
vt 0.6213011 0.7456689
vt 0.6230020 0.7035333
vt 0.6230020 0.6583051
vt 0.6212624 0.6165560
vt 0.6180539 0.5842778
vt 0.6138404 0.5672689
vt 0.6093176 0.5672689
vt 0.6051427 0.5846643
vt 0.6019342 0.6167493
vt 0.6002139 0.6588849
vt 0.6645964 0.0142868
vt 0.6641326 0.0142868
vt 0.6645964 0.0108077
vt 0.6641326 0.0108077
vt 0.6636880 0.0108077
vt 0.6636880 0.0142868
vt 0.6632241 0.0142868
vt 0.6632241 0.0108077
vt 0.6627796 0.0108077
vt 0.6627796 0.0142868
vt 0.6623157 0.0108077
vt 0.6623157 0.0142868
vt 0.6623157 0.0148666
vt 0.6627796 0.0148666
vt 0.6632241 0.0148666
vt 0.6636880 0.0148666
vt 0.6641326 0.0148666
vt 0.6645964 0.0148666
vt 0.6650410 0.0148666
vt 0.6650410 0.0142868
vt 0.6650410 0.0108077
vt 0.6650410 0.0102279
vt 0.6645964 0.0102279
vt 0.6641326 0.0102279
vt 0.6636880 0.0102279
vt 0.6632241 0.0102279
vt 0.6627796 0.0102279
vt 0.6623157 0.0102279
vt 0.6604988 0.0102279
vt 0.6609434 0.0102279
vt 0.6604988 0.0108077
vt 0.6609434 0.0108077
vt 0.6614073 0.0102279
vt 0.6614073 0.0108077
vt 0.6618518 0.0102279
vt 0.6618518 0.0108077
vt 0.6618518 0.0142868
vt 0.6618518 0.0148666
vt 0.6618518 0.0152532
vt 0.6623157 0.0152532
vt 0.6627796 0.0152532
vt 0.6632241 0.0152532
vt 0.6636880 0.0152532
vt 0.6641326 0.0152532
vt 0.6645964 0.0152532
vt 0.6650410 0.0152532
vt 0.6655049 0.0152532
vt 0.6655049 0.0148666
vt 0.6655049 0.0142868
vt 0.6655049 0.0108077
vt 0.6655049 0.0102279
vt 0.6655049 0.0096481
vt 0.6650410 0.0096481
vt 0.6645964 0.0096481
vt 0.6641326 0.0096481
vt 0.6636880 0.0096481
vt 0.6632241 0.0096481
vt 0.6627796 0.0096481
vt 0.6623157 0.0096481
vt 0.6618518 0.0096481
vt 0.6614073 0.0096481
vt 0.6609434 0.0096481
vt 0.6604988 0.0096481
vt 0.6600350 0.0096481
vt 0.6600350 0.0102279
vt 0.6600350 0.0108077
vt 0.6600350 0.0142868
vt 0.6604988 0.0142868
vt 0.6609434 0.0142868
vt 0.6614073 0.0142868
vt 0.6614073 0.0148666
vt 0.6614073 0.0152532
vt 0.6614073 0.0167995
vt 0.6618518 0.0167995
vt 0.6623157 0.0167995
vt 0.6627796 0.0167995
vt 0.6632241 0.0167995
vt 0.6636880 0.0167995
vt 0.6641326 0.0167995
vt 0.6645964 0.0167995
vt 0.6650410 0.0167995
vt 0.6655049 0.0167995
vt 0.6659494 0.0167995
vt 0.6659494 0.0152532
vt 0.6659494 0.0148666
vt 0.6659494 0.0142868
vt 0.6659494 0.0108077
vt 0.6659494 0.0102279
vt 0.6659494 0.0096481
vt 0.6659494 0.0042361
vt 0.6655049 0.0042361
vt 0.6650410 0.0042361
vt 0.6645964 0.0042361
vt 0.6641326 0.0042361
vt 0.6636880 0.0042361
vt 0.6632241 0.0042361
vt 0.6627796 0.0042361
vt 0.6623157 0.0042361
vt 0.6618518 0.0042361
vt 0.6614073 0.0042361
vt 0.6609434 0.0042361
vt 0.6604988 0.0042361
vt 0.6600350 0.0042361
vt 0.6595904 0.0042361
vt 0.6595904 0.0096481
vt 0.6595904 0.0102279
vt 0.6595904 0.0108077
vt 0.6595904 0.0142868
vt 0.6595904 0.0148666
vt 0.6600350 0.0148666
vt 0.6604988 0.0148666
vt 0.6609434 0.0148666
vt 0.6609434 0.0152532
vt 0.6609434 0.0167995
vt 0.6604988 0.0173794
vt 0.6609434 0.0173794
vt 0.6614073 0.0173794
vt 0.6618518 0.0173794
vt 0.6623157 0.0173794
vt 0.6627796 0.0173794
vt 0.6632241 0.0173794
vt 0.6636880 0.0173794
vt 0.6641326 0.0173794
vt 0.6645964 0.0173794
vt 0.6650410 0.0173794
vt 0.6655049 0.0173794
vt 0.6659494 0.0173794
vt 0.6664133 0.0173794
vt 0.6664133 0.0167995
vt 0.6664133 0.0152532
vt 0.6664133 0.0148666
vt 0.6664133 0.0142868
vt 0.6664133 0.0108077
vt 0.6664133 0.0102279
vt 0.6664133 0.0096481
vt 0.6664133 0.0042361
vt 0.6664133 0.0036563
vt 0.6659494 0.0036563
vt 0.6655049 0.0036563
vt 0.6650410 0.0036563
vt 0.6645964 0.0036563
vt 0.6641326 0.0036563
vt 0.6636880 0.0036563
vt 0.6632241 0.0036563
vt 0.6627796 0.0036563
vt 0.6623157 0.0036563
vt 0.6618518 0.0036563
vt 0.6614073 0.0036563
vt 0.6609434 0.0036563
vt 0.6604988 0.0036563
vt 0.6600350 0.0036563
vt 0.6595904 0.0036563
vt 0.6591265 0.0036563
vt 0.6591265 0.0042361
vt 0.6591265 0.0096481
vt 0.6591265 0.0102279
vt 0.6591265 0.0108077
vt 0.6591265 0.0142868
vt 0.6591265 0.0148666
vt 0.6595904 0.0152532
vt 0.6591265 0.0152532
vt 0.6591265 0.0167995
vt 0.6595904 0.0167995
vt 0.6591265 0.0173794
vt 0.6595904 0.0173794
vt 0.6600350 0.0173794
vt 0.6600350 0.0167995
vt 0.6600350 0.0152532
vt 0.6604988 0.0152532
vt 0.6604988 0.0167995
vt 0.6677663 0.3154215
vt 0.6677663 0.3202535
vt 0.6676890 0.3202535
vt 0.6677663 0.3252788
vt 0.6676890 0.3252788
vt 0.6677663 0.3277915
vt 0.6676890 0.3277915
vt 0.6676890 0.3285646
vt 0.6677663 0.3285646
vt 0.6689453 0.3285646
vt 0.6689453 0.3277915
vt 0.6689453 0.3252788
vt 0.6689453 0.3202535
vt 0.6689453 0.3154215
vt 0.6689453 0.3127155
vt 0.6677663 0.3127155
vt 0.6677663 0.3119423
vt 0.6689453 0.3119423
vt 0.6689453 0.3009252
vt 0.6677663 0.3009252
vt 0.6677663 0.2899081
vt 0.6689453 0.2899081
vt 0.6689453 0.2891350
vt 0.6677663 0.2891350
vt 0.6677663 0.2866223
vt 0.6689453 0.2866223
vt 0.6677663 0.2815969
vt 0.6689453 0.2815969
vt 0.6689453 0.2767648
vt 0.6677663 0.2767648
vt 0.6689453 0.2740589
vt 0.6677663 0.2740589
vt 0.6677663 0.2732858
vt 0.6689453 0.2732858
vt 0.6689453 0.2622687
vt 0.6677663 0.2622687
vt 0.6689453 0.2512515
vt 0.6677663 0.2512515
vt 0.6676890 0.2512515
vt 0.6676890 0.2622687
vt 0.6676890 0.2732858
vt 0.6676890 0.2740589
vt 0.6676890 0.2767648
vt 0.6676890 0.2815969
vt 0.6676890 0.2866223
vt 0.6676890 0.2891350
vt 0.6676890 0.2899081
vt 0.6676890 0.3009252
vt 0.6676890 0.3119423
vt 0.6676890 0.3127155
vt 0.6676890 0.3154215
vt 0.6240457 0.5317048
vt 0.6240457 0.5259064
vt 0.6253214 0.5259064
vt 0.6240457 0.5201079
vt 0.6253214 0.5201079
vt 0.6253214 0.5189482
vt 0.6240457 0.5187549
vt 0.6227894 0.5189482
vt 0.6227894 0.5203012
vt 0.6227894 0.5259064
vt 0.6227894 0.5317048
vt 0.6227894 0.5373101
vt 0.6240457 0.5373101
vt 0.6240457 0.5431085
vt 0.6227894 0.5431085
vt 0.6227894 0.5487138
vt 0.6240457 0.5487138
vt 0.6240457 0.5545122
vt 0.6227894 0.5545122
vt 0.6227894 0.5603107
vt 0.6240457 0.5603107
vt 0.6240457 0.5661092
vt 0.6227894 0.5659159
vt 0.6227700 0.5717144
vt 0.6240457 0.5717144
vt 0.6253214 0.5717144
vt 0.6253214 0.5659159
vt 0.6253214 0.5603107
vt 0.6253214 0.5545122
vt 0.6253214 0.5487138
vt 0.6253214 0.5431085
vt 0.6253214 0.5373101
vt 0.6253214 0.5317048
vt 0.6255920 0.5317048
vt 0.6255920 0.5259064
vt 0.6255920 0.5203012
vt 0.6254760 0.5189482
vt 0.6255920 0.5145027
vt 0.6254760 0.5145027
vt 0.6256113 0.5088975
vt 0.6254953 0.5087042
vt 0.6255340 0.5030990
vt 0.6254373 0.5000065
vt 0.6254760 0.5032923
vt 0.6254180 0.5087042
vt 0.6254180 0.5145027
vt 0.6253987 0.5177885
vt 0.6253214 0.5181751
vt 0.6240457 0.5179818
vt 0.6227894 0.5183684
vt 0.6226347 0.5189482
vt 0.6227121 0.5177885
vt 0.6226347 0.5146960
vt 0.6226927 0.5145027
vt 0.6226347 0.5090908
vt 0.6226927 0.5090908
vt 0.6226734 0.5034856
vt 0.6226734 0.5001998
vt 0.6226154 0.5034856
vt 0.6224994 0.5090908
vt 0.6225188 0.5146960
vt 0.6225188 0.5203012
vt 0.6225188 0.5259064
vt 0.6225188 0.5317048
vt 0.6225188 0.5373101
vt 0.6225188 0.5431085
vt 0.6225188 0.5487138
vt 0.6225188 0.5545122
vt 0.6225188 0.5603107
vt 0.6225188 0.5659159
vt 0.6225188 0.5717144
vt 0.6224994 0.5775129
vt 0.6227700 0.5775129
vt 0.6240457 0.5775129
vt 0.6253407 0.5775129
vt 0.6255920 0.5775129
vt 0.6255920 0.5717144
vt 0.6255920 0.5659159
vt 0.6255920 0.5603107
vt 0.6255920 0.5545122
vt 0.6255920 0.5487138
vt 0.6255920 0.5431085
vt 0.6255920 0.5373101
vt 0.6257659 0.5317048
vt 0.6257659 0.5259064
vt 0.6257659 0.5203012
vt 0.6257853 0.5145027
vt 0.6257853 0.5088975
vt 0.6258239 0.5032923
vt 0.6256500 0.5030990
vt 0.6255147 0.4986535
vt 0.6253600 0.4996199
vt 0.6253600 0.4988468
vt 0.6240457 0.4996199
vt 0.6240457 0.4988468
vt 0.6227314 0.4988468
vt 0.6227507 0.4996199
vt 0.6225961 0.4990400
vt 0.6224994 0.5034856
vt 0.6223062 0.5034856
vt 0.6223255 0.5090908
vt 0.6223448 0.5146960
vt 0.6223448 0.5203012
vt 0.6223448 0.5259064
vt 0.6223448 0.5317048
vt 0.6223448 0.5373101
vt 0.6223448 0.5431085
vt 0.6223448 0.5487138
vt 0.6223448 0.5545122
vt 0.6223448 0.5603107
vt 0.6223448 0.5659159
vt 0.6223255 0.5717144
vt 0.6223255 0.5773196
vt 0.6223062 0.5831181
vt 0.6224994 0.5831181
vt 0.6227507 0.5833114
vt 0.6240457 0.5835046
vt 0.6253407 0.5833114
vt 0.6256113 0.5833114
vt 0.6258046 0.5831181
vt 0.6257853 0.5773196
vt 0.6257659 0.5717144
vt 0.6257659 0.5659159
vt 0.6257659 0.5603107
vt 0.6257659 0.5545122
vt 0.6257659 0.5487138
vt 0.6257659 0.5431085
vt 0.6257659 0.5373101
vt 0.6258239 0.5317048
vt 0.6258239 0.5259064
vt 0.6258432 0.5203012
vt 0.6258432 0.5145027
vt 0.6258626 0.5088975
vt 0.6259012 0.5032923
vt 0.6258819 0.4973006
vt 0.6258239 0.4973006
vt 0.6256306 0.4973006
vt 0.6253600 0.4974938
vt 0.6240457 0.4974938
vt 0.6227314 0.4976871
vt 0.6224608 0.4976871
vt 0.6222868 0.4978804
vt 0.6222095 0.4978804
vt 0.6222482 0.5034856
vt 0.6222675 0.5090908
vt 0.6222675 0.5146960
vt 0.6222675 0.5203012
vt 0.6222868 0.5259064
vt 0.6222868 0.5317048
vt 0.6222868 0.5373101
vt 0.6222868 0.5431085
vt 0.6222868 0.5487138
vt 0.6222868 0.5545122
vt 0.6222675 0.5603107
vt 0.6222675 0.5659159
vt 0.6222675 0.5717144
vt 0.6222675 0.5773196
vt 0.6222482 0.5831181
vt 0.6222095 0.5889166
vt 0.6222868 0.5889166
vt 0.6224608 0.5891098
vt 0.6227314 0.5891098
vt 0.6240457 0.5893031
vt 0.6253600 0.5891098
vt 0.6256306 0.5891098
vt 0.6258239 0.5889166
vt 0.6259012 0.5889166
vt 0.6258626 0.5831181
vt 0.6258432 0.5773196
vt 0.6258432 0.5717144
vt 0.6258239 0.5659159
vt 0.6258239 0.5603107
vt 0.6258239 0.5545122
vt 0.6258239 0.5487138
vt 0.6258239 0.5431085
vt 0.6258239 0.5373101
vt 0.6029199 0.3432542
vt 0.6025913 0.3432542
vt 0.6029199 0.3380355
vt 0.6025913 0.3380355
vt 0.6029199 0.3328169
vt 0.6025913 0.3328169
vt 0.6029199 0.3275982
vt 0.6025913 0.3275982
vt 0.6029199 0.3223796
vt 0.6025913 0.3223796
vt 0.6029199 0.3171609
vt 0.6025913 0.3171609
vt 0.6025913 0.3121356
vt 0.6029199 0.3121356
vt 0.6025913 0.3071103
vt 0.6029199 0.3071103
vt 0.6025913 0.2717395
vt 0.6029199 0.2717395
vt 0.6025913 0.2767648
vt 0.6029199 0.2767648
vt 0.6029199 0.2819835
vt 0.6025913 0.2819835
vt 0.6029199 0.2870088
vt 0.6025913 0.2870088
vt 0.6029199 0.2920342
vt 0.6025913 0.2920342
vt 0.6029199 0.2970595
vt 0.6025913 0.2970595
vt 0.6029199 0.3020849
vt 0.6025913 0.3020849
vt 0.6025527 0.3071103
vt 0.6025527 0.3121356
vt 0.6025527 0.3171609
vt 0.6025527 0.3223796
vt 0.6025527 0.3275982
vt 0.6025527 0.3328169
vt 0.6025527 0.3380355
vt 0.6025527 0.3432542
vt 0.6025527 0.3484728
vt 0.6025913 0.3484728
vt 0.6029199 0.3484728
vt 0.6029779 0.3484728
vt 0.6029779 0.3432542
vt 0.6029779 0.3380355
vt 0.6029779 0.3328169
vt 0.6029779 0.3275982
vt 0.6029779 0.3223796
vt 0.6029779 0.3171609
vt 0.6029779 0.3121356
vt 0.6029779 0.3071103
vt 0.6029779 0.3020849
vt 0.6029779 0.2970595
vt 0.6029779 0.2920342
vt 0.6029779 0.2870088
vt 0.6029779 0.2819835
vt 0.6029779 0.2767648
vt 0.6029779 0.2717395
vt 0.6029779 0.2665209
vt 0.6029199 0.2665209
vt 0.6025913 0.2665209
vt 0.6025527 0.2665209
vt 0.6025527 0.2717395
vt 0.6025527 0.2767648
vt 0.6025527 0.2819835
vt 0.6025527 0.2870088
vt 0.6025527 0.2920342
vt 0.6025527 0.2970595
vt 0.6025527 0.3020849
vt 0.6129319 0.3844234
vt 0.6158312 0.4221135
vt 0.6087957 0.4080039
vt 0.6116176 0.4503328
vt 0.6050074 0.4369963
vt 0.6073847 0.4783588
vt 0.6102840 0.5162422
vt 0.6144202 0.4924684
vt 0.6182086 0.4634761
vt 0.6214944 0.4702409
vt 0.6209339 0.4395090
vt 0.6190977 0.4004659
vt 0.6161984 0.3683809
vt 0.6135891 0.3515653
vt 0.6105352 0.3569772
vt 0.6066309 0.3755324
vt 0.6034224 0.4043315
vt 0.6017409 0.4304246
vt 0.6022821 0.4609634
vt 0.6041183 0.5000065
vt 0.6070175 0.5322847
vt 0.6096268 0.5491003
vt 0.6126807 0.5436884
vt 0.6165850 0.5251333
vt 0.6197935 0.4961408
vt 0.6224415 0.4721738
vt 0.6224028 0.4298448
vt 0.6207406 0.3896420
vt 0.6176674 0.3585235
vt 0.6137824 0.3419012
vt 0.6095688 0.3422877
vt 0.6055485 0.3591033
vt 0.6024367 0.3898353
vt 0.6007745 0.4284918
vt 0.6008131 0.4706275
vt 0.6024947 0.5110236
vt 0.6055485 0.5419489
vt 0.6094335 0.5585712
vt 0.6136471 0.5581846
vt 0.6176674 0.5415623
vt 0.6207792 0.5108303
vt 0.6230020 0.4731402
vt 0.6230020 0.4279120
vt 0.6213011 0.3859696
vt 0.6180733 0.3538847
vt 0.6138984 0.3362960
vt 0.6093755 0.3362960
vt 0.6051620 0.3534981
vt 0.6019728 0.3855831
vt 0.6002139 0.4273321
vt 0.6002139 0.4727536
vt 0.6019342 0.5146960
vt 0.6051427 0.5467809
vt 0.6093176 0.5641764
vt 0.6138404 0.5641764
vt 0.6180539 0.5471675
vt 0.6212624 0.5150825
vt 0.6357393 0.0537165
vt 0.6357393 0.0571956
vt 0.6352948 0.0537165
vt 0.6352948 0.0571956
vt 0.6348309 0.0571956
vt 0.6348309 0.0537165
vt 0.6343863 0.0537165
vt 0.6343863 0.0571956
vt 0.6339225 0.0571956
vt 0.6339225 0.0537165
vt 0.6334779 0.0537165
vt 0.6334779 0.0571956
vt 0.6334779 0.0577755
vt 0.6339225 0.0577755
vt 0.6343863 0.0577755
vt 0.6348309 0.0577755
vt 0.6352948 0.0577755
vt 0.6357393 0.0577755
vt 0.6362032 0.0577755
vt 0.6362032 0.0571956
vt 0.6362032 0.0537165
vt 0.6362032 0.0533299
vt 0.6357393 0.0533299
vt 0.6352948 0.0533299
vt 0.6348309 0.0533299
vt 0.6343863 0.0533299
vt 0.6339225 0.0533299
vt 0.6334779 0.0533299
vt 0.6330140 0.0533299
vt 0.6330140 0.0537165
vt 0.6330140 0.0571956
vt 0.6330140 0.0577755
vt 0.6325502 0.0571956
vt 0.6325502 0.0577755
vt 0.6321056 0.0571956
vt 0.6321056 0.0577755
vt 0.6316417 0.0571956
vt 0.6316417 0.0577755
vt 0.6311972 0.0571956
vt 0.6311972 0.0577755
vt 0.6311972 0.0583553
vt 0.6316417 0.0583553
vt 0.6321056 0.0583553
vt 0.6325502 0.0583553
vt 0.6330140 0.0583553
vt 0.6334779 0.0583553
vt 0.6339225 0.0583553
vt 0.6343863 0.0583553
vt 0.6348309 0.0583553
vt 0.6352948 0.0583553
vt 0.6357393 0.0583553
vt 0.6362032 0.0583553
vt 0.6366671 0.0583553
vt 0.6366671 0.0577755
vt 0.6366671 0.0571956
vt 0.6366671 0.0537165
vt 0.6366671 0.0533299
vt 0.6366671 0.0527501
vt 0.6362032 0.0527501
vt 0.6357393 0.0527501
vt 0.6352948 0.0527501
vt 0.6348309 0.0527501
vt 0.6343863 0.0527501
vt 0.6339225 0.0527501
vt 0.6334779 0.0527501
vt 0.6330140 0.0527501
vt 0.6325502 0.0527501
vt 0.6325502 0.0533299
vt 0.6325502 0.0537165
vt 0.6321056 0.0537165
vt 0.6316417 0.0537165
vt 0.6311972 0.0537165
vt 0.6307333 0.0537165
vt 0.6307333 0.0571956
vt 0.6307333 0.0577755
vt 0.6307333 0.0583553
vt 0.6307333 0.0639605
vt 0.6311972 0.0639605
vt 0.6316417 0.0639605
vt 0.6321056 0.0639605
vt 0.6325502 0.0639605
vt 0.6330140 0.0639605
vt 0.6334779 0.0639605
vt 0.6339225 0.0639605
vt 0.6343863 0.0639605
vt 0.6348309 0.0639605
vt 0.6352948 0.0639605
vt 0.6357393 0.0639605
vt 0.6362032 0.0639605
vt 0.6366671 0.0639605
vt 0.6371116 0.0639605
vt 0.6371116 0.0583553
vt 0.6371116 0.0577755
vt 0.6371116 0.0571956
vt 0.6371116 0.0537165
vt 0.6371116 0.0533299
vt 0.6371116 0.0527501
vt 0.6371116 0.0513971
vt 0.6366671 0.0513971
vt 0.6362032 0.0513971
vt 0.6357393 0.0513971
vt 0.6352948 0.0513971
vt 0.6348309 0.0513971
vt 0.6343863 0.0513971
vt 0.6339225 0.0513971
vt 0.6334779 0.0513971
vt 0.6330140 0.0513971
vt 0.6325502 0.0513971
vt 0.6321056 0.0527501
vt 0.6321056 0.0533299
vt 0.6316417 0.0533299
vt 0.6311972 0.0533299
vt 0.6307333 0.0533299
vt 0.6311972 0.0508173
vt 0.6307333 0.0513971
vt 0.6307333 0.0508173
vt 0.6302887 0.0508173
vt 0.6302887 0.0513971
vt 0.6307333 0.0527501
vt 0.6302887 0.0527501
vt 0.6302887 0.0533299
vt 0.6302887 0.0537165
vt 0.6302887 0.0571956
vt 0.6302887 0.0577755
vt 0.6302887 0.0583553
vt 0.6302887 0.0639605
vt 0.6302887 0.0643471
vt 0.6307333 0.0643471
vt 0.6311972 0.0643471
vt 0.6316417 0.0643471
vt 0.6321056 0.0643471
vt 0.6325502 0.0643471
vt 0.6330140 0.0643471
vt 0.6334779 0.0643471
vt 0.6339225 0.0643471
vt 0.6343863 0.0643471
vt 0.6348309 0.0643471
vt 0.6352948 0.0643471
vt 0.6357393 0.0643471
vt 0.6362032 0.0643471
vt 0.6366671 0.0643471
vt 0.6371116 0.0643471
vt 0.6375755 0.0643471
vt 0.6375755 0.0639605
vt 0.6375755 0.0583553
vt 0.6375755 0.0577755
vt 0.6375755 0.0571956
vt 0.6375755 0.0537165
vt 0.6375755 0.0533299
vt 0.6375755 0.0527501
vt 0.6375755 0.0513971
vt 0.6375755 0.0508173
vt 0.6371116 0.0508173
vt 0.6366671 0.0508173
vt 0.6362032 0.0508173
vt 0.6357393 0.0508173
vt 0.6352948 0.0508173
vt 0.6348309 0.0508173
vt 0.6343863 0.0508173
vt 0.6339225 0.0508173
vt 0.6334779 0.0508173
vt 0.6330140 0.0508173
vt 0.6325502 0.0508173
vt 0.6321056 0.0508173
vt 0.6316417 0.0508173
vt 0.6321056 0.0513971
vt 0.6316417 0.0527501
vt 0.6311972 0.0527501
vt 0.6311972 0.0513971
vt 0.6316417 0.0513971
vn -0.9974869 -0.0255766 0.0660729
vn -0.9284767 0.0000000 0.3713907
vn -0.9984039 -0.0209749 0.0524372
vn -0.9807704 0.1278197 0.1474843
vn -0.9984039 0.0209749 0.0524372
vn -0.9974869 0.0255766 0.0660729
vn -0.9984791 0.0400234 0.0379169
vn -0.9975624 0.0493419 0.0493419
vn -0.9984039 0.0524372 0.0209749
vn -0.9975685 0.0639467 0.0277103
vn -0.9984476 0.0556986 0.0000000
vn -0.9976254 0.0688737 0.0000000
vn -0.9984039 0.0524372 -0.0209749
vn -0.9984039 -0.0524372 0.0209749
vn -0.9984476 -0.0556985 0.0000000
vn -0.9975685 -0.0639467 0.0277103
vn -0.9976254 -0.0688737 0.0000000
vn -0.9984039 -0.0524372 -0.0209749
vn -0.9975685 -0.0639467 -0.0277103
vn -0.9984791 -0.0400234 -0.0379169
vn -0.9975624 -0.0493418 -0.0493418
vn -0.9984039 -0.0209749 -0.0524372
vn -0.9974869 -0.0255766 -0.0660729
vn -0.9807704 0.1278197 -0.1474843
vn -0.9701465 0.1539916 -0.1873564
vn -0.9974869 0.0255766 -0.0660729
vn -0.9984039 0.0209749 -0.0524372
vn -0.9975624 0.0493418 -0.0493419
vn -0.9984791 0.0400234 -0.0379169
vn -0.9975685 0.0639467 -0.0277103
vn -0.6271912 0.7204658 -0.2959057
vn -0.6273759 0.7787166 0.0000000
vn -0.6271912 0.7204658 0.2959057
vn -0.6259044 0.5514724 0.5514724
vn -0.6280429 0.2995282 0.7182235
vn -0.6548673 0.1546214 0.7397574
vn -0.6280429 -0.2995282 0.7182235
vn -0.6259044 -0.5514724 0.5514724
vn -0.9975624 -0.0493419 0.0493418
vn -0.9984791 -0.0400234 0.0379169
vn -0.6818341 -0.5172535 0.5172534
vn -0.6822894 -0.2786817 0.6758829
vn -0.7247043 0.1613837 0.6698948
vn -0.6822894 0.2786817 0.6758829
vn -0.6818340 0.5172535 0.5172535
vn -0.6822894 0.6758829 0.2786817
vn -0.6832046 0.7302270 0.0000000
vn -0.6822894 0.6758829 -0.2786817
vn -0.6818341 0.5172534 -0.5172535
vn -0.6822894 0.2786816 -0.6758829
vn -0.8222902 0.0000000 -0.5690684
vn -0.6822894 -0.2786816 -0.6758829
vn -0.6818342 -0.5172534 -0.5172534
vn -0.6822894 -0.6758829 -0.2786816
vn -0.6832047 -0.7302269 0.0000000
vn -0.6822894 -0.6758829 0.2786816
vn -0.6818341 -0.5172535 0.5172534
vn -0.9984791 -0.0400234 0.0379169
vn -0.9975624 -0.0493419 0.0493418
vn -0.6259044 -0.5514724 0.5514724
vn -0.6271912 -0.7204658 0.2959057
vn -0.6273759 -0.7787165 0.0000000
vn -0.6271912 -0.7204658 -0.2959057
vn -0.6259044 -0.5514724 -0.5514724
vn -0.6280429 -0.2995282 -0.7182235
vn -0.7588669 0.0000000 -0.6512458
vn -0.6280429 0.2995282 -0.7182235
vn -0.6259044 0.5514724 -0.5514724
vn -1.0000000 0.0000000 0.0000000
vn -1.0000000 0.0000000 0.0000000
vn -1.0000000 0.0000000 0.0000000
vn -1.0000000 0.0000000 0.0000000
vn -1.0000000 0.0000000 0.0000000
vn -1.0000000 0.0000000 0.0000000
vn -1.0000000 0.0000000 0.0000000
vn -1.0000000 0.0000000 0.0000000
vn -1.0000000 0.0000000 0.0000000
vn -0.9999294 0.0000000 0.0118803
vn -0.9999805 -0.0019723 0.0059170
vn -0.9999508 -0.0079361 0.0059521
vn -0.9999805 -0.0059170 0.0019723
vn -0.9999923 -0.0039292 0.0000000
vn -0.9999805 -0.0059170 -0.0019723
vn -0.9999508 -0.0079361 -0.0059521
vn -0.9999805 -0.0019723 -0.0059170
vn -0.9999608 0.0039602 -0.0079205
vn -0.9999805 0.0019723 -0.0059170
vn -0.9999508 0.0079361 -0.0059521
vn -0.9999805 0.0059170 -0.0019723
vn -0.9999923 0.0039292 0.0000000
vn -0.9999805 0.0059170 0.0019723
vn -0.9999508 0.0079361 0.0059521
vn -0.9999805 0.0019723 0.0059170
vn -0.9944416 0.0398662 0.0974509
vn -0.9659159 0.0000000 0.2588559
vn -0.9944416 -0.0398662 0.0974509
vn -0.9914965 -0.0920183 0.0920182
vn -0.9944416 -0.0974509 0.0398662
vn -0.9960142 -0.0891953 0.0000000
vn -0.9944416 -0.0974509 -0.0398662
vn -0.9914965 -0.0920182 -0.0920182
vn -0.9944416 -0.0398662 -0.0974509
vn -0.9844121 0.0862258 -0.1532904
vn -0.9944416 0.0398662 -0.0974509
vn -0.9914965 0.0920182 -0.0920183
vn -0.9944416 0.0974509 -0.0398662
vn -0.9960142 0.0891953 0.0000000
vn -0.9944416 0.0974509 0.0398662
vn -0.9914965 0.0920183 0.0920183
vn -0.7592730 0.4601655 0.4601655
vn -0.7764077 0.2410621 0.5823059
vn -0.5876839 0.0000000 0.8090906
vn -0.7764078 -0.2410621 0.5823058
vn -0.7592730 -0.4601655 0.4601655
vn -0.7755720 -0.5848064 0.2376754
vn -0.7883158 -0.6152709 0.0000000
vn -0.7755720 -0.5848064 -0.2376754
vn -0.7592730 -0.4601655 -0.4601655
vn -0.7764078 -0.2410621 -0.5823058
vn -0.7251097 0.1713340 -0.6669787
vn -0.7764077 0.2410621 -0.5823059
vn -0.7592730 0.4601655 -0.4601655
vn -0.7755720 0.5848064 -0.2376754
vn -0.7883158 0.6152709 0.0000000
vn -0.7755720 0.5848064 0.2376754
vn 0.9975624 -0.0493418 -0.0493418
vn 0.9974869 -0.0255766 -0.0660729
vn 0.9984791 -0.0400234 -0.0379169
vn 0.9984039 -0.0209749 -0.0524372
vn 0.9532479 0.0000000 -0.3021895
vn 0.9284767 0.0000000 -0.3713907
vn 0.9974869 0.0255766 -0.0660729
vn 0.9984039 0.0209749 -0.0524372
vn 0.9984791 0.0400234 -0.0379169
vn 0.9975624 0.0493417 -0.0493418
vn 0.9984039 0.0524372 -0.0209749
vn 0.9975685 0.0639467 -0.0277103
vn 0.7221139 0.6394046 -0.2640327
vn 0.7221029 0.4891664 -0.4891664
vn 0.7221138 0.2640327 -0.6394047
vn 0.5752907 0.0000000 -0.8179490
vn 0.7221138 -0.2640327 -0.6394047
vn 0.7221029 -0.4891664 -0.4891664
vn 0.7221138 -0.6394047 -0.2640327
vn 0.9975685 -0.0639467 -0.0277103
vn 0.9984039 -0.0524372 -0.0209749
vn 0.6822894 -0.6758829 -0.2786816
vn 0.6818342 -0.5172534 -0.5172534
vn 0.6822894 -0.2786816 -0.6758829
vn 0.5969288 0.0000000 -0.8022942
vn 0.6822895 0.2786815 -0.6758829
vn 0.6818341 0.5172535 -0.5172534
vn 0.6822894 0.6758829 -0.2786816
vn 0.6822895 0.2786815 0.6758829
vn 0.6818340 0.5172535 0.5172535
vn 0.9984039 0.0209749 0.0524372
vn 0.9984791 0.0400234 0.0379169
vn 0.6822895 0.6758829 0.2786815
vn 0.9984039 0.0524372 0.0209749
vn 0.6832048 0.7302268 0.0000000
vn 0.9984476 0.0556986 0.0000000
vn 0.9976254 0.0688737 0.0000000
vn 0.7221609 0.6917251 0.0000000
vn 0.0961194 0.9953698 0.0000000
vn 0.0955717 0.9202190 -0.3795563
vn 0.0940587 0.7025008 -0.7054400
vn 0.0955717 0.3795563 -0.9202190
vn -0.0323064 0.0000000 -0.9994780
vn 0.0955717 -0.3795563 -0.9202190
vn 0.0940587 -0.7025008 -0.7054400
vn 0.0955717 -0.9202190 -0.3795563
vn 0.0961194 -0.9953698 0.0000000
vn 0.7221610 -0.6917250 0.0000000
vn 0.9976254 -0.0688737 0.0000000
vn 0.9984476 -0.0556986 0.0000000
vn 0.6832047 -0.7302269 0.0000000
vn 0.0323064 -0.9994780 0.0000000
vn 0.0313981 -0.9236250 -0.3820092
vn 0.0310977 -0.7067648 -0.7067648
vn 0.0313981 -0.3820092 -0.9236250
vn 0.1762942 0.2603730 -0.9492767
vn 0.0313981 0.3820092 -0.9236250
vn 0.0310976 0.7067648 -0.7067648
vn 0.0313981 0.9236250 -0.3820092
vn 0.0323064 0.9994780 0.0000000
vn 0.0313981 0.9236250 0.3820092
vn 0.0310975 0.7067648 0.7067648
vn 0.0313981 0.3820092 0.9236250
vn 0.4241671 0.0000000 0.9055839
vn 0.7247043 0.1613837 0.6698948
vn 0.9807704 0.1278197 0.1474843
vn 0.9979210 0.0000000 0.0644491
vn 0.9974869 0.0255766 0.0660729
vn 0.9975624 0.0493417 0.0493417
vn 0.9975685 0.0639467 0.0277103
vn 0.7221139 0.6394046 0.2640327
vn 0.0955717 0.9202190 0.3795563
vn -0.1161492 0.9181330 0.3788682
vn -0.1149533 0.9933709 0.0000000
vn -0.1161492 0.9181330 -0.3788682
vn -0.1160626 0.7023281 -0.7023281
vn -0.1161493 0.3788681 -0.9181330
vn -0.2017391 0.2178782 -0.9548981
vn -0.1161493 -0.3788681 -0.9181330
vn -0.1160626 -0.7023281 -0.7023281
vn -0.1161493 -0.9181330 -0.3788681
vn -0.1149534 -0.9933709 0.0000000
vn -0.1161493 -0.9181330 0.3788681
vn 0.0955717 -0.9202190 0.3795563
vn 0.7221138 -0.6394047 0.2640327
vn 0.9975685 -0.0639467 0.0277103
vn 0.9984039 -0.0524372 0.0209749
vn 0.6822895 -0.6758829 0.2786815
vn 0.0313981 -0.9236250 0.3820092
vn -0.0313981 -0.9236250 0.3820092
vn -0.0323064 -0.9994780 0.0000000
vn -0.0313981 -0.9236250 -0.3820092
vn -0.0310977 -0.7067648 -0.7067648
vn -0.0313981 -0.3820092 -0.9236250
vn -0.4241671 0.0000000 -0.9055839
vn -0.0313981 0.3820092 -0.9236250
vn -0.0310976 0.7067648 -0.7067648
vn -0.0313981 0.9236250 -0.3820092
vn -0.0323064 0.9994780 0.0000000
vn -0.0313981 0.9236250 0.3820092
vn -0.0310975 0.7067648 0.7067648
vn -0.0313981 0.3820092 0.9236250
vn 0.0891953 0.0000000 0.9960142
vn -0.0313981 -0.3820092 0.9236250
vn 0.0313981 -0.3820092 0.9236250
vn 0.6822894 -0.2786816 0.6758829
vn 0.9984039 -0.0209749 0.0524372
vn 0.9974869 -0.0255766 0.0660729
vn 0.7221139 -0.2640327 0.6394046
vn 0.6962509 0.1483317 0.7023051
vn 0.7221139 0.2640327 0.6394046
vn 0.7221029 0.4891664 0.4891664
vn 0.0940587 0.7025008 0.7054400
vn -0.1160626 0.7023281 0.7023281
vn -0.7764077 0.2410621 0.5823059
vn -0.7592730 0.4601655 0.4601655
vn -0.7755720 0.5848064 0.2376754
vn -0.7883158 0.6152709 0.0000000
vn -0.7755720 0.5848064 -0.2376754
vn -0.7592730 0.4601655 -0.4601655
vn -0.7764077 0.2410621 -0.5823059
vn -0.7251097 0.1713340 -0.6669787
vn -0.7764078 -0.2410621 -0.5823058
vn -0.7592730 -0.4601655 -0.4601655
vn -0.7755720 -0.5848064 -0.2376754
vn -0.7883158 -0.6152709 0.0000000
vn -0.7755720 -0.5848064 0.2376754
vn -0.7592730 -0.4601655 0.4601655
vn -0.1160626 -0.7023281 0.7023281
vn 0.0940587 -0.7025008 0.7054400
vn 0.7221029 -0.4891664 0.4891664
vn 0.9975624 -0.0493418 0.0493417
vn 0.9984791 -0.0400234 0.0379169
vn 0.6818341 -0.5172534 0.5172535
vn 0.0310976 -0.7067648 0.7067648
vn -0.0310976 -0.7067648 0.7067648
vn -0.6818341 -0.5172535 0.5172534
vn -0.6822894 -0.6758829 0.2786816
vn -0.6832047 -0.7302269 0.0000000
vn -0.6822894 -0.6758829 -0.2786816
vn -0.6818342 -0.5172534 -0.5172534
vn -0.6822894 -0.2786816 -0.6758829
vn -0.8222902 0.0000000 -0.5690684
vn -0.6822894 0.2786816 -0.6758829
vn -0.6818341 0.5172534 -0.5172535
vn -0.6822894 0.6758829 -0.2786817
vn -0.6832046 0.7302270 0.0000000
vn -0.6822894 0.6758829 0.2786817
vn -0.6818340 0.5172535 0.5172535
vn -0.6822894 0.2786817 0.6758829
vn -0.7247043 0.1613837 0.6698948
vn -0.6822894 -0.2786817 0.6758829
vn -0.6818341 -0.5172535 0.5172534
vn -0.0310976 -0.7067648 0.7067648
vn 0.0310976 -0.7067648 0.7067648
vn 0.6818341 -0.5172534 0.5172535
vn 0.9984791 -0.0400234 0.0379169
vn 0.9975624 -0.0493418 0.0493417
vn 0.7221029 -0.4891664 0.4891664
vn 0.0955717 -0.3795563 0.9202190
vn 0.0940587 -0.7025008 0.7054400
vn -0.1160626 -0.7023281 0.7023281
vn -0.1161492 -0.3788682 0.9181330
vn -0.7592730 -0.4601655 0.4601655
vn -0.7764078 -0.2410621 0.5823058
vn -0.5876839 0.0000000 0.8090906
vn 0.0219947 0.0000000 0.9997581
vn 0.1967227 0.2263657 0.9539700
vn 0.0955717 0.3795563 0.9202190
vn -0.1161492 0.3788682 0.9181330
vn 0.9871948 0.0560110 0.1493628
vn 0.9928045 0.0000000 0.1197461
vn 0.7531864 0.1446118 0.6417147
vn 0.9871948 -0.0560111 0.1493628
vn 0.7380703 -0.2565823 0.6240335
vn 0.8681435 -0.4370862 0.2351222
vn 0.3388772 -0.7168558 0.6093275
vn -0.0133380 -0.8856483 0.4641651
vn 0.2245699 -0.9475754 0.2273085
vn 0.3837070 -0.9234549 0.0000000
vn 0.9234549 -0.3837070 0.0000000
vn 1.0000000 0.0000000 0.0000000
vn 1.0000000 0.0000000 0.0000000
vn 1.0000000 0.0000000 0.0000000
vn 0.9234549 0.3837069 0.0000000
vn 0.8681435 0.4370862 0.2351222
vn 0.2245699 0.9475754 0.2273085
vn 0.3837071 0.9234548 0.0000000
vn 0.0000000 1.0000000 0.0000000
vn 0.0000001 0.9925110 0.1221551
vn -0.2245699 0.9475754 0.2273085
vn -0.3837069 0.9234549 0.0000000
vn -0.9234548 0.3837071 0.0000000
vn -0.8681435 0.4370862 0.2351222
vn -0.9871948 0.0560111 0.1493628
vn -1.0000000 0.0000000 0.0000000
vn -0.9888671 0.0296205 0.1458237
vn -1.0000000 0.0000000 0.0000000
vn -1.0000000 0.0000000 0.0000000
vn -0.9871948 -0.0560111 0.1493628
vn -0.9234549 -0.3837070 0.0000000
vn -0.8681435 -0.4370862 0.2351222
vn -0.2245699 -0.9475754 0.2273085
vn -0.3837070 -0.9234549 0.0000000
vn 0.0000000 -1.0000000 0.0000000
vn 0.0000001 -0.9925110 0.1221551
vn 0.3837070 -0.9234549 0.0000000
vn 0.2245699 -0.9475754 0.2273085
vn -0.0133380 -0.8856483 0.4641651
vn 0.0000000 -0.8869141 0.4619344
vn 0.0133380 -0.8856483 0.4641651
vn -0.3388772 -0.7168558 0.6093275
vn -0.7380703 -0.2565823 0.6240335
vn -0.6423511 0.0000000 0.7664105
vn -0.7380703 0.2565823 0.6240335
vn -0.3388772 0.7168558 0.6093275
vn 0.0133380 0.8856483 0.4641651
vn 0.0000000 0.8869141 0.4619344
vn -0.0133380 0.8856483 0.4641651
vn 0.3388772 0.7168558 0.6093275
vn 0.7380703 0.2565823 0.6240335
vn 0.0000000 1.0000000 0.0000000
vn 0.0000002 0.9234549 0.3837070
vn 0.0025642 0.9230739 0.3846141
vn 0.0000000 0.7084892 0.7057216
vn 0.0000000 0.7084892 0.7057216
vn -0.0055477 0.6657299 0.7461722
vn 0.0000000 0.6600674 0.7512064
vn 0.0055477 0.6657299 0.7461722
vn 0.0000000 0.7084892 0.7057216
vn -0.0025639 0.9230739 0.3846142
vn 0.0000000 0.9999923 0.0039292
vn -0.0025640 0.9230739 -0.3846142
vn 0.0000001 0.9234549 -0.3837071
vn 0.0000000 0.7084892 -0.7057216
vn -0.0027729 0.7098716 -0.7043257
vn -0.0025605 0.3815211 -0.9243566
vn 0.0000001 0.3837070 -0.9234549
vn -0.0000001 0.2090532 -0.9779043
vn -0.0000001 0.2090532 -0.9779043
vn -0.0025606 -0.3815211 -0.9243566
vn 0.0000000 -0.3837070 -0.9234549
vn 0.0000000 -0.7057216 -0.7084892
vn -0.0027729 -0.7098716 -0.7043257
vn -0.0025641 -0.9230739 -0.3846141
vn 0.0000000 -0.9234549 -0.3837070
vn 0.0025641 -0.9230739 -0.3846141
vn 0.0027729 -0.7098716 -0.7043257
vn 0.0025605 -0.3815212 -0.9243566
vn -0.2090532 0.0000000 -0.9779043
vn 0.0025606 0.3815211 -0.9243566
vn 0.0027729 0.7098716 -0.7043257
vn 0.0025642 0.9230739 -0.3846142
vn 0.0000000 0.9999923 0.0039292
vn 0.0019608 0.9999981 0.0000000
vn 0.0025607 0.9243566 0.3815211
vn 0.0055567 0.7084837 0.7057053
vn 0.0364704 0.5919428 0.8051544
vn 0.0077288 0.3864324 0.9222854
vn 0.2130074 0.3764102 0.9016336
vn 0.2144616 0.0000000 0.9767324
vn 0.2009382 0.2116548 0.9564654
vn 0.2130074 -0.3764102 0.9016336
vn 0.3388772 -0.7168558 0.6093275
vn 0.7380703 -0.2565823 0.6240335
vn 0.7531864 0.1446118 0.6417147
vn 0.7380703 0.2565823 0.6240335
vn 0.3388772 0.7168558 0.6093275
vn -0.0133380 0.8856483 0.4641651
vn 0.0000000 0.8869141 0.4619344
vn 0.0133380 0.8856483 0.4641651
vn -0.0364704 0.5919428 0.8051544
vn -0.3388772 0.7168558 0.6093275
vn -0.2130074 0.3764102 0.9016336
vn -0.7380703 0.2565823 0.6240335
vn 0.0159026 0.0000000 0.9998735
vn -0.6423511 0.0000000 0.7664105
vn -0.7380703 -0.2565823 0.6240335
vn -0.3388772 -0.7168558 0.6093275
vn -0.2130073 -0.3764101 0.9016337
vn -0.0070035 0.2077700 0.9781526
vn -0.0077286 0.3864325 0.9222853
vn -0.0055567 0.7084837 0.7057053
vn -0.0025605 0.9243566 0.3815211
vn -0.0019608 0.9999981 0.0000000
vn -0.0025606 0.9243566 -0.3815211
vn -0.0027729 0.7071041 -0.7071041
vn -0.0025605 0.3815211 -0.9243566
vn -0.2171777 0.0000000 -0.9761321
vn -0.0025606 -0.3815211 -0.9243566
vn -0.0027729 -0.7071041 -0.7071041
vn -0.0025606 -0.9243566 -0.3815211
vn -0.0019608 -0.9999981 0.0000000
vn 0.0000000 -0.9999923 0.0039292
vn 0.0000000 -1.0000000 0.0000000
vn 0.0000000 -0.9999923 0.0039292
vn 0.0019608 -0.9999981 0.0000000
vn 0.0025605 -0.9243566 -0.3815212
vn 0.0027729 -0.7071041 -0.7071041
vn 0.0025605 -0.3815212 -0.9243566
vn 0.0070160 0.2104822 -0.9775725
vn 0.0025606 0.3815211 -0.9243566
vn 0.0027729 0.7071041 -0.7071041
vn 0.0025606 0.9243565 -0.3815212
vn 0.0891953 0.9960142 0.0000000
vn 0.0898369 0.9201478 0.3811264
vn 0.0909560 0.7041758 0.7041758
vn 0.0898369 0.3811264 0.9201478
vn 0.3591486 0.0000000 0.9332804
vn 0.0898369 -0.3811264 0.9201478
vn 0.0077287 -0.3864324 0.9222853
vn 0.0364704 -0.5919428 0.8051544
vn -0.0133380 -0.8856483 0.4641651
vn -0.0055477 -0.6657299 0.7461722
vn 0.0000000 -0.8869141 0.4619344
vn 0.0000000 -0.6600674 0.7512064
vn 0.0055477 -0.6657299 0.7461722
vn 0.0133380 -0.8856483 0.4641651
vn -0.0364704 -0.5919428 0.8051544
vn -0.0077285 -0.3864325 0.9222853
vn -0.0898369 -0.3811264 0.9201478
vn -0.1538291 0.2137963 0.9646905
vn -0.0898369 0.3811264 0.9201478
vn -0.0909560 0.7041758 0.7041758
vn -0.0898369 0.9201478 0.3811264
vn -0.0891953 0.9960142 0.0000000
vn -0.0898369 0.9201478 -0.3811264
vn -0.0909560 0.7041758 -0.7041758
vn -0.0898369 0.3811264 -0.9201478
vn -0.3591486 0.0000000 -0.9332804
vn -0.0898369 -0.3811264 -0.9201478
vn -0.0909560 -0.7041758 -0.7041758
vn -0.0898369 -0.9201478 -0.3811264
vn -0.0891953 -0.9960142 0.0000000
vn -0.0898369 -0.9201478 0.3811264
vn -0.0025605 -0.9243566 0.3815211
vn -0.0025640 -0.9230739 0.3846141
vn 0.0000001 -0.9234549 0.3837070
vn 0.0025642 -0.9230739 0.3846141
vn 0.0025606 -0.9243566 0.3815211
vn 0.0898369 -0.9201478 0.3811264
vn 0.0891953 -0.9960142 0.0000000
vn 0.0898369 -0.9201478 -0.3811264
vn 0.0909560 -0.7041758 -0.7041758
vn 0.0898369 -0.3811264 -0.9201478
vn 0.1538291 0.2137963 -0.9646905
vn 0.0898369 0.3811264 -0.9201478
vn 0.0909560 0.7041758 -0.7041758
vn 0.0898369 0.9201478 -0.3811264
vn 0.6273759 0.7787166 0.0000000
vn 0.6271912 0.7204658 0.2959057
vn 0.6259044 0.5514724 0.5514724
vn 0.6280429 0.2995282 0.7182235
vn 0.7588669 0.0000000 0.6512458
vn 0.6280429 -0.2995282 0.7182235
vn 0.6259044 -0.5514724 0.5514724
vn 0.0909560 -0.7041758 0.7041758
vn 0.0055567 -0.7084837 0.7057053
vn 0.0000000 -0.7084892 0.7057216
vn 0.0000000 -0.7057216 0.7084892
vn 0.0000000 -0.7084892 0.7057216
vn -0.0055567 -0.7084837 0.7057053
vn -0.0909560 -0.7041758 0.7041758
vn -0.6259044 -0.5514724 0.5514724
vn -0.6280429 -0.2995282 0.7182235
vn -0.6548673 0.1546214 0.7397574
vn -0.6280429 0.2995282 0.7182235
vn -0.6259044 0.5514724 0.5514724
vn -0.6271912 0.7204658 0.2959057
vn -0.6273759 0.7787166 0.0000000
vn -0.6271912 0.7204658 -0.2959057
vn -0.6259044 0.5514724 -0.5514724
vn -0.6280429 0.2995282 -0.7182235
vn -0.7588669 0.0000000 -0.6512458
vn -0.6280429 -0.2995282 -0.7182235
vn -0.6259044 -0.5514724 -0.5514724
vn -0.6271912 -0.7204658 -0.2959057
vn -0.6273759 -0.7787165 0.0000000
vn -0.6271912 -0.7204658 0.2959057
vn -0.6259044 -0.5514724 0.5514724
vn -0.0909560 -0.7041758 0.7041758
vn -0.0055567 -0.7084837 0.7057053
vn 0.0000000 -0.7084892 0.7057216
vn 0.0000000 -0.7057216 0.7084892
vn 0.0000000 -0.7084892 0.7057216
vn 0.0055567 -0.7084837 0.7057053
vn 0.0909560 -0.7041758 0.7041758
vn 0.6259044 -0.5514724 0.5514724
vn 0.6271912 -0.7204658 0.2959057
vn 0.6273759 -0.7787166 0.0000000
vn 0.6271912 -0.7204658 -0.2959057
vn 0.6259044 -0.5514724 -0.5514724
vn 0.6280429 -0.2995282 -0.7182235
vn 0.6548672 0.1546214 -0.7397575
vn 0.6280429 0.2995282 -0.7182235
vn 0.6259044 0.5514724 -0.5514724
vn 0.6271912 0.7204658 -0.2959057
vn 0.9984039 -0.0524372 0.0209749
vn 0.9975685 -0.0639467 0.0277103
vn 0.9984476 -0.0556986 0.0000000
vn 0.9976254 -0.0688737 0.0000000
vn 0.9984039 -0.0524372 -0.0209749
vn 0.9975685 -0.0639467 -0.0277103
vn 0.9984791 -0.0400234 -0.0379169
vn 0.9975624 -0.0493418 -0.0493418
vn 0.9984039 -0.0209749 -0.0524372
vn 0.9974869 -0.0255766 -0.0660729
vn 0.9532479 0.0000000 -0.3021895
vn 0.9284767 0.0000000 -0.3713907
vn 0.9974869 0.0255766 -0.0660729
vn 0.9984039 0.0209749 -0.0524372
vn 0.9975624 0.0493417 -0.0493418
vn 0.9984791 0.0400234 -0.0379169
vn 0.9974869 -0.0255766 0.0660729
vn 0.9984039 -0.0209749 0.0524372
vn 0.9701465 0.1539915 0.1873562
vn 0.9988912 0.0000000 0.0470788
vn 0.9984039 0.0209749 0.0524372
vn 0.9974869 0.0255766 0.0660729
vn 0.9984791 0.0400234 0.0379169
vn 0.9975624 0.0493417 0.0493417
vn 0.9984039 0.0524372 0.0209749
vn 0.9975685 0.0639467 0.0277103
vn 0.9984476 0.0556986 0.0000000
vn 0.9976254 0.0688737 0.0000000
vn 0.9984039 0.0524372 -0.0209749
vn 0.9975685 0.0639467 -0.0277103
vn 0.6259044 0.5514724 -0.5514724
vn 0.6280429 0.2995282 -0.7182235
vn 0.6548672 0.1546214 -0.7397575
vn 0.6280429 -0.2995282 -0.7182235
vn 0.6259044 -0.5514724 -0.5514724
vn 0.6271912 -0.7204658 -0.2959057
vn 0.6273759 -0.7787166 0.0000000
vn 0.6271912 -0.7204658 0.2959057
vn 0.6259044 -0.5514724 0.5514724
vn 0.9975624 -0.0493418 0.0493417
vn 0.9984791 -0.0400234 0.0379169
vn 0.6818341 -0.5172534 0.5172535
vn 0.6822895 -0.6758829 0.2786815
vn 0.6832047 -0.7302269 0.0000000
vn 0.6822894 -0.6758829 -0.2786816
vn 0.6818342 -0.5172534 -0.5172534
vn 0.6822894 -0.2786816 -0.6758829
vn 0.7247043 0.1613837 -0.6698948
vn 0.6822895 0.2786815 -0.6758829
vn 0.6818341 0.5172535 -0.5172534
vn 0.6822894 0.6758829 -0.2786816
vn 0.6832048 0.7302268 0.0000000
vn 0.6822895 0.6758829 0.2786815
vn 0.6818340 0.5172535 0.5172535
vn 0.6822895 0.2786815 0.6758829
vn 0.8222902 0.0000000 0.5690684
vn 0.6822894 -0.2786816 0.6758829
vn 0.6818341 -0.5172534 0.5172535
vn 0.9984791 -0.0400234 0.0379169
vn 0.9975624 -0.0493418 0.0493417
vn 0.6259044 -0.5514724 0.5514724
vn 0.6280429 -0.2995282 0.7182235
vn 0.7588669 0.0000000 0.6512458
vn 0.6280429 0.2995282 0.7182235
vn 0.6259044 0.5514724 0.5514724
vn 0.6271912 0.7204658 0.2959057
vn 0.6273759 0.7787166 0.0000000
vn 0.6271912 0.7204658 -0.2959057
vn 1.0000000 0.0000000 0.0000000
vn 1.0000000 0.0000000 0.0000000
vn 1.0000000 0.0000000 0.0000000
vn 1.0000000 0.0000000 0.0000000
vn 1.0000000 0.0000000 0.0000000
vn 1.0000000 0.0000000 0.0000000
vn 1.0000000 0.0000000 0.0000000
vn 1.0000000 0.0000000 0.0000000
vn 1.0000000 0.0000000 0.0000000
vn 0.9999508 0.0079361 0.0059521
vn 0.9999805 0.0059170 0.0019723
vn 0.9999923 0.0039292 0.0000000
vn 0.9999805 0.0059170 -0.0019723
vn 0.9999508 0.0079361 -0.0059521
vn 0.9999805 0.0019723 -0.0059170
vn 0.9999294 0.0000000 -0.0118804
vn 0.9999805 -0.0019723 -0.0059170
vn 0.9999508 -0.0079361 -0.0059521
vn 0.9999805 -0.0059170 -0.0019723
vn 0.9999923 -0.0039292 0.0000000
vn 0.9999805 -0.0059170 0.0019723
vn 0.9999508 -0.0079361 0.0059521
vn 0.9999805 -0.0019723 0.0059170
vn 0.9999608 0.0039602 0.0079205
vn 0.9999805 0.0019723 0.0059170
vn 0.9914965 0.0920182 0.0920182
vn 0.9944416 0.0974509 0.0398662
vn 0.9960142 0.0891953 0.0000000
vn 0.9944416 0.0974509 -0.0398662
vn 0.9914965 0.0920182 -0.0920182
vn 0.9944416 0.0398662 -0.0974509
vn 0.9659159 0.0000000 -0.2588559
vn 0.9944416 -0.0398662 -0.0974509
vn 0.9914965 -0.0920182 -0.0920182
vn 0.9944416 -0.0974509 -0.0398662
vn 0.9960142 -0.0891953 0.0000000
vn 0.9944416 -0.0974509 0.0398662
vn 0.9914965 -0.0920182 0.0920182
vn 0.9944416 -0.0398662 0.0974509
vn 0.9844121 0.0862258 0.1532904
vn 0.9944416 0.0398662 0.0974509
vn 0.7592730 0.4601655 0.4601655
vn 0.7755720 0.5848064 0.2376754
vn 0.7883158 0.6152709 0.0000000
vn 0.7755720 0.5848064 -0.2376754
vn 0.7592730 0.4601655 -0.4601655
vn 0.7764078 0.2410621 -0.5823058
vn 0.5876840 0.0000000 -0.8090905
vn 0.7764078 -0.2410621 -0.5823058
vn 0.7592730 -0.4601655 -0.4601655
vn 0.7755720 -0.5848064 -0.2376754
vn 0.7883158 -0.6152709 0.0000000
vn 0.7755720 -0.5848064 0.2376754
vn 0.7592730 -0.4601655 0.4601655
vn 0.7764077 -0.2410621 0.5823059
vn 0.7251098 0.1713339 0.6669786
vn 0.7764077 0.2410621 0.5823059
vn -0.9975624 -0.0493418 -0.0493418
vn -0.9984791 -0.0400234 -0.0379169
vn -0.9974869 -0.0255766 -0.0660729
vn -0.9984039 -0.0209749 -0.0524372
vn -0.9807704 0.1278197 -0.1474843
vn -0.9701465 0.1539916 -0.1873564
vn -0.9974869 0.0255766 -0.0660729
vn -0.9984039 0.0209749 -0.0524372
vn -0.9984791 0.0400234 -0.0379169
vn -0.9975624 0.0493418 -0.0493419
vn -0.9975685 0.0639467 -0.0277103
vn -0.9984039 0.0524372 -0.0209749
vn -0.6822894 0.6758829 -0.2786817
vn -0.6818341 0.5172534 -0.5172535
vn -0.6822894 0.2786816 -0.6758829
vn -0.7247042 0.1613838 -0.6698948
vn -0.6822894 -0.2786816 -0.6758829
vn -0.6818342 -0.5172534 -0.5172534
vn -0.6822894 -0.6758829 -0.2786816
vn -0.9984039 -0.0524372 -0.0209749
vn -0.9975685 -0.0639467 -0.0277103
vn -0.7221138 -0.6394047 -0.2640327
vn -0.7221029 -0.4891664 -0.4891664
vn -0.7221138 -0.2640327 -0.6394047
vn -0.6962507 0.1483317 -0.7023052
vn -0.7221137 0.2640327 -0.6394048
vn -0.7221029 0.4891664 -0.4891664
vn -0.7221138 0.6394047 -0.2640327
vn -0.7221609 0.6917251 0.0000000
vn -0.9976254 0.0688737 0.0000000
vn -0.9984476 0.0556986 0.0000000
vn -0.6832046 0.7302270 0.0000000
vn -0.9984039 0.0524372 0.0209749
vn -0.6822894 0.6758829 0.2786817
vn -0.9984791 0.0400234 0.0379169
vn -0.6818340 0.5172535 0.5172535
vn -0.9984039 0.0209749 0.0524372
vn -0.6822894 0.2786817 0.6758829
vn -0.9532479 0.0000000 0.3021895
vn -0.5969289 0.0000000 0.8022942
vn -0.1762942 0.2603730 0.9492767
vn -0.0313981 0.3820092 0.9236250
vn -0.0310975 0.7067648 0.7067648
vn -0.0313981 0.9236250 0.3820092
vn -0.0323064 0.9994780 0.0000000
vn -0.0313981 0.9236250 -0.3820092
vn -0.0310976 0.7067648 -0.7067648
vn -0.0313981 0.3820092 -0.9236250
vn -0.4241671 0.0000000 -0.9055839
vn -0.0313981 -0.3820092 -0.9236250
vn -0.0310977 -0.7067648 -0.7067648
vn -0.0313981 -0.9236250 -0.3820092
vn -0.0323064 -0.9994780 0.0000000
vn -0.6832047 -0.7302269 0.0000000
vn -0.9984476 -0.0556985 0.0000000
vn -0.9976254 -0.0688737 0.0000000
vn -0.7221610 -0.6917250 0.0000000
vn -0.0961194 -0.9953698 0.0000000
vn -0.0955717 -0.9202190 -0.3795563
vn -0.0940587 -0.7025008 -0.7054400
vn -0.0955717 -0.3795563 -0.9202190
vn -0.1967227 0.2263657 -0.9539700
vn -0.0955717 0.3795563 -0.9202190
vn -0.0940587 0.7025008 -0.7054400
vn -0.0955717 0.9202190 -0.3795563
vn -0.0961194 0.9953698 0.0000000
vn -0.0955717 0.9202190 0.3795563
vn -0.7221137 0.6394048 0.2640327
vn -0.9975685 0.0639467 0.0277103
vn -0.9975624 0.0493419 0.0493419
vn -0.9974869 0.0255766 0.0660729
vn -0.9701465 0.1539916 0.1873564
vn -0.9974869 -0.0255766 0.0660729
vn -0.9984039 -0.0209749 0.0524372
vn -0.6822894 -0.2786817 0.6758829
vn -0.0313981 -0.3820092 0.9236250
vn 0.0313981 -0.3820092 0.9236250
vn 0.1762942 0.2603730 0.9492767
vn 0.0313981 0.3820092 0.9236250
vn 0.0310975 0.7067648 0.7067648
vn 0.0313981 0.9236250 0.3820092
vn 0.0323064 0.9994780 0.0000000
vn 0.0313981 0.9236250 -0.3820092
vn 0.0310976 0.7067648 -0.7067648
vn 0.0313981 0.3820092 -0.9236250
vn 0.1762942 0.2603730 -0.9492767
vn 0.0313981 -0.3820092 -0.9236250
vn 0.0310977 -0.7067648 -0.7067648
vn 0.0313981 -0.9236250 -0.3820092
vn 0.0323064 -0.9994780 0.0000000
vn 0.0313981 -0.9236250 0.3820092
vn -0.0313981 -0.9236250 0.3820092
vn -0.6822894 -0.6758829 0.2786816
vn -0.9984039 -0.0524372 0.0209749
vn -0.9975685 -0.0639467 0.0277103
vn -0.7221137 -0.6394048 0.2640327
vn -0.0955717 -0.9202190 0.3795563
vn 0.1161494 -0.9181331 0.3788680
vn 0.1149534 -0.9933709 0.0000000
vn 0.1161493 -0.9181330 -0.3788681
vn 0.1160626 -0.7023281 -0.7023281
vn 0.1161493 -0.3788681 -0.9181330
vn -0.0219947 0.0000000 -0.9997581
vn 0.1161494 0.3788680 -0.9181331
vn 0.1160626 0.7023281 -0.7023281
vn 0.1161493 0.9181330 -0.3788681
vn 0.1149533 0.9933709 0.0000000
vn 0.1161494 0.9181331 0.3788680
vn -0.0940587 0.7025008 0.7054400
vn -0.7221029 0.4891664 0.4891664
vn -0.7221137 0.2640327 0.6394048
vn -0.5752907 0.0000000 0.8179490
vn -0.7221138 -0.2640327 0.6394047
vn 0.7251098 0.1713339 0.6669786
vn 0.1161493 -0.3788681 0.9181330
vn 0.7764077 -0.2410621 0.5823059
vn 0.7592730 -0.4601655 0.4601655
vn 0.1160626 -0.7023281 0.7023281
vn -0.0955717 -0.3795563 0.9202190
vn -0.0940587 -0.7025008 0.7054400
vn -0.7221029 -0.4891664 0.4891664
vn -0.9975624 -0.0493419 0.0493418
vn -0.9984791 -0.0400234 0.0379169
vn -0.6818341 -0.5172535 0.5172534
vn -0.0310976 -0.7067648 0.7067648
vn 0.0310976 -0.7067648 0.7067648
vn 0.6818341 -0.5172534 0.5172535
vn 0.6822894 -0.2786816 0.6758829
vn 0.8222902 0.0000000 0.5690684
vn 0.6822895 0.2786815 0.6758829
vn 0.6818340 0.5172535 0.5172535
vn 0.6822895 0.6758829 0.2786815
vn 0.6832048 0.7302268 0.0000000
vn 0.6822894 0.6758829 -0.2786816
vn 0.6818341 0.5172535 -0.5172534
vn 0.6822895 0.2786815 -0.6758829
vn 0.7247043 0.1613837 -0.6698948
vn 0.6822894 -0.2786816 -0.6758829
vn 0.6818342 -0.5172534 -0.5172534
vn 0.6822894 -0.6758829 -0.2786816
vn 0.6832047 -0.7302269 0.0000000
vn 0.6822895 -0.6758829 0.2786815
vn 0.6818341 -0.5172534 0.5172535
vn 0.0310976 -0.7067648 0.7067648
vn -0.0310976 -0.7067648 0.7067648
vn -0.6818341 -0.5172535 0.5172534
vn -0.9984791 -0.0400234 0.0379169
vn -0.9975624 -0.0493419 0.0493418
vn -0.7221029 -0.4891664 0.4891664
vn -0.0940587 -0.7025008 0.7054400
vn 0.1160626 -0.7023281 0.7023281
vn 0.7592730 -0.4601655 0.4601655
vn 0.7755720 -0.5848064 0.2376754
vn 0.7883158 -0.6152709 0.0000000
vn 0.7755720 -0.5848064 -0.2376754
vn 0.7592730 -0.4601655 -0.4601655
vn 0.7764078 -0.2410621 -0.5823058
vn 0.5876840 0.0000000 -0.8090905
vn 0.7764078 0.2410621 -0.5823058
vn 0.7592730 0.4601655 -0.4601655
vn 0.7755720 0.5848064 -0.2376754
vn 0.7883158 0.6152709 0.0000000
vn 0.7755720 0.5848064 0.2376754
vn 0.7592730 0.4601655 0.4601655
vn 0.7764077 0.2410621 0.5823059
vn 0.1160626 0.7023281 0.7023281
vn -0.0955717 0.3795563 0.9202190
vn 0.0323064 0.0000000 0.9994780
vn 0.2017391 0.2178782 0.9548981
vn 0.1161494 0.3788680 0.9181331
f 2462/2462/2462 2463/2463/2463 2464/2464/2464
f 2464/2464/2464 2463/2463/2463 2465/2465/2465
f 2465/2465/2465 2463/2463/2463 2466/2466/2466
f 2463/2463/2463 2467/2467/2467 2466/2466/2466
f 2466/2466/2466 2467/2467/2467 2468/2468/2468
f 2467/2467/2467 2469/2469/2469 2468/2468/2468
f 2468/2468/2468 2469/2469/2469 2470/2470/2470
f 2469/2469/2469 2471/2471/2471 2470/2470/2470
f 2470/2470/2470 2471/2471/2471 2472/2472/2472
f 2471/2471/2471 2473/2473/2473 2472/2472/2472
f 2472/2472/2472 2473/2473/2473 2474/2474/2474
f 2475/2475/2475 2476/2476/2476 2477/2477/2477
f 2477/2477/2477 2476/2476/2476 2478/2478/2478
f 2476/2476/2476 2479/2479/2479 2478/2478/2478
f 2478/2478/2478 2479/2479/2479 2480/2480/2480
f 2479/2479/2479 2481/2481/2481 2480/2480/2480
f 2480/2480/2480 2481/2481/2481 2482/2482/2482
f 2481/2481/2481 2483/2483/2483 2482/2482/2482
f 2482/2482/2482 2483/2483/2483 2484/2484/2484
f 2483/2483/2483 2485/2485/2485 2484/2484/2484
f 2484/2484/2484 2485/2485/2485 2486/2486/2486
f 2486/2486/2486 2485/2485/2485 2487/2487/2487
f 2485/2485/2485 2488/2488/2488 2487/2487/2487
f 2487/2487/2487 2488/2488/2488 2489/2489/2489
f 2488/2488/2488 2490/2490/2490 2489/2489/2489
f 2489/2489/2489 2490/2490/2490 2491/2491/2491
f 2490/2490/2490 2474/2474/2474 2491/2491/2491
f 2474/2474/2474 2473/2473/2473 2491/2491/2491
f 2491/2491/2491 2473/2473/2473 2492/2492/2492
f 2492/2492/2492 2473/2473/2473 2493/2493/2493
f 2473/2473/2473 2471/2471/2471 2493/2493/2493
f 2493/2493/2493 2471/2471/2471 2494/2494/2494
f 2471/2471/2471 2469/2469/2469 2494/2494/2494
f 2494/2494/2494 2469/2469/2469 2495/2495/2495
f 2469/2469/2469 2467/2467/2467 2495/2495/2495
f 2495/2495/2495 2467/2467/2467 2496/2496/2496
f 2467/2467/2467 2463/2463/2463 2496/2496/2496
f 2496/2496/2496 2463/2463/2463 2497/2497/2497
f 2497/2497/2497 2463/2463/2463 2498/2498/2498
f 2463/2463/2463 2462/2462/2462 2498/2498/2498
f 2498/2498/2498 2462/2462/2462 2499/2499/2499
f 2499/2499/2499 2462/2462/2462 2500/2500/2500
f 2500/2500/2500 2462/2462/2462 2501/2501/2501
f 2462/2462/2462 2464/2464/2464 2501/2501/2501
f 2502/2502/2502 2501/2501/2501 2503/2503/2503
f 2501/2501/2501 2464/2464/2464 2503/2503/2503
f 2503/2503/2503 2464/2464/2464 2504/2504/2504
f 2464/2464/2464 2465/2465/2465 2504/2504/2504
f 2465/2465/2465 2466/2466/2466 2504/2504/2504
f 2504/2504/2504 2466/2466/2466 2505/2505/2505
f 2466/2466/2466 2468/2468/2468 2505/2505/2505
f 2505/2505/2505 2468/2468/2468 2506/2506/2506
f 2468/2468/2468 2470/2470/2470 2506/2506/2506
f 2506/2506/2506 2470/2470/2470 2507/2507/2507
f 2470/2470/2470 2472/2472/2472 2507/2507/2507
f 2507/2507/2507 2472/2472/2472 2508/2508/2508
f 2472/2472/2472 2474/2474/2474 2508/2508/2508
f 2508/2508/2508 2474/2474/2474 2509/2509/2509
f 2474/2474/2474 2490/2490/2490 2509/2509/2509
f 2509/2509/2509 2490/2490/2490 2510/2510/2510
f 2490/2490/2490 2488/2488/2488 2510/2510/2510
f 2510/2510/2510 2488/2488/2488 2511/2511/2511
f 2488/2488/2488 2485/2485/2485 2511/2511/2511
f 2511/2511/2511 2485/2485/2485 2512/2512/2512
f 2512/2512/2512 2485/2485/2485 2513/2513/2513
f 2485/2485/2485 2483/2483/2483 2513/2513/2513
f 2513/2513/2513 2483/2483/2483 2514/2514/2514
f 2483/2483/2483 2481/2481/2481 2514/2514/2514
f 2514/2514/2514 2481/2481/2481 2515/2515/2515
f 2481/2481/2481 2479/2479/2479 2515/2515/2515
f 2515/2515/2515 2479/2479/2479 2516/2516/2516
f 2479/2479/2479 2476/2476/2476 2516/2516/2516
f 2516/2516/2516 2476/2476/2476 2517/2517/2517
f 2476/2476/2476 2475/2475/2475 2517/2517/2517
f 2517/2517/2517 2475/2475/2475 2518/2518/2518
f 2518/2518/2518 2475/2475/2475 2519/2519/2519
f 2519/2519/2519 2475/2475/2475 2520/2520/2520
f 2475/2475/2475 2477/2477/2477 2520/2520/2520
f 2521/2521/2521 2520/2520/2520 2522/2522/2522
f 2520/2520/2520 2477/2477/2477 2522/2522/2522
f 2522/2522/2522 2477/2477/2477 2523/2523/2523
f 2477/2477/2477 2478/2478/2478 2523/2523/2523
f 2523/2523/2523 2478/2478/2478 2524/2524/2524
f 2478/2478/2478 2480/2480/2480 2524/2524/2524
f 2524/2524/2524 2480/2480/2480 2525/2525/2525
f 2480/2480/2480 2482/2482/2482 2525/2525/2525
f 2525/2525/2525 2482/2482/2482 2526/2526/2526
f 2482/2482/2482 2484/2484/2484 2526/2526/2526
f 2526/2526/2526 2484/2484/2484 2527/2527/2527
f 2484/2484/2484 2486/2486/2486 2527/2527/2527
f 2486/2486/2486 2487/2487/2487 2527/2527/2527
f 2527/2527/2527 2487/2487/2487 2528/2528/2528
f 2487/2487/2487 2489/2489/2489 2528/2528/2528
f 2528/2528/2528 2489/2489/2489 2529/2529/2529
f 2489/2489/2489 2491/2491/2491 2529/2529/2529
f 2491/2491/2491 2492/2492/2492 2529/2529/2529
f 2530/2530/2530 2531/2531/2531 2532/2532/2532
f 2533/2533/2533 2532/2532/2532 2534/2534/2534
f 2532/2532/2532 2531/2531/2531 2534/2534/2534
f 2535/2535/2535 2534/2534/2534 2536/2536/2536
f 2534/2534/2534 2531/2531/2531 2536/2536/2536
f 2536/2536/2536 2531/2531/2531 2537/2537/2537
f 2537/2537/2537 2531/2531/2531 2538/2538/2538
f 2531/2531/2531 2530/2530/2530 2538/2538/2538
f 2539/2539/2539 2538/2538/2538 2540/2540/2540
f 2538/2538/2538 2530/2530/2530 2540/2540/2540
f 2540/2540/2540 2530/2530/2530 2541/2541/2541
f 2541/2541/2541 2530/2530/2530 2542/2542/2542
f 2530/2530/2530 2532/2532/2532 2542/2542/2542
f 2542/2542/2542 2532/2532/2532 2543/2543/2543
f 2532/2532/2532 2533/2533/2533 2543/2543/2543
f 2543/2543/2543 2533/2533/2533 2544/2544/2544
f 2545/2545/2545 2544/2544/2544 2546/2546/2546
f 2544/2544/2544 2533/2533/2533 2546/2546/2546
f 2546/2546/2546 2533/2533/2533 2547/2547/2547
f 2533/2533/2533 2534/2534/2534 2547/2547/2547
f 2534/2534/2534 2535/2535/2535 2547/2547/2547
f 2547/2547/2547 2535/2535/2535 2548/2548/2548
f 2549/2549/2549 2548/2548/2548 2550/2550/2550
f 2548/2548/2548 2535/2535/2535 2550/2550/2550
f 2550/2550/2550 2535/2535/2535 2551/2551/2551
f 2535/2535/2535 2536/2536/2536 2551/2551/2551
f 2551/2551/2551 2536/2536/2536 2552/2552/2552
f 2536/2536/2536 2537/2537/2537 2552/2552/2552
f 2552/2552/2552 2537/2537/2537 2553/2553/2553
f 2553/2553/2553 2537/2537/2537 2554/2554/2554
f 2537/2537/2537 2538/2538/2538 2554/2554/2554
f 2538/2538/2538 2539/2539/2539 2554/2554/2554
f 2554/2554/2554 2539/2539/2539 2555/2555/2555
f 2555/2555/2555 2539/2539/2539 2556/2556/2556
f 2556/2556/2556 2539/2539/2539 2557/2557/2557
f 2539/2539/2539 2540/2540/2540 2557/2557/2557
f 2557/2557/2557 2540/2540/2540 2558/2558/2558
f 2540/2540/2540 2541/2541/2541 2558/2558/2558
f 2558/2558/2558 2541/2541/2541 2559/2559/2559
f 2541/2541/2541 2542/2542/2542 2559/2559/2559
f 2559/2559/2559 2542/2542/2542 2560/2560/2560
f 2542/2542/2542 2543/2543/2543 2560/2560/2560
f 2560/2560/2560 2543/2543/2543 2561/2561/2561
f 2543/2543/2543 2544/2544/2544 2561/2561/2561
f 2561/2561/2561 2544/2544/2544 2562/2562/2562
f 2544/2544/2544 2545/2545/2545 2562/2562/2562
f 2562/2562/2562 2545/2545/2545 2563/2563/2563
f 2545/2545/2545 2546/2546/2546 2563/2563/2563
f 2563/2563/2563 2546/2546/2546 2564/2564/2564
f 2546/2546/2546 2547/2547/2547 2564/2564/2564
f 2547/2547/2547 2548/2548/2548 2564/2564/2564
f 2564/2564/2564 2548/2548/2548 2565/2565/2565
f 2548/2548/2548 2549/2549/2549 2565/2565/2565
f 2565/2565/2565 2549/2549/2549 2566/2566/2566
f 2549/2549/2549 2550/2550/2550 2566/2566/2566
f 2566/2566/2566 2550/2550/2550 2567/2567/2567
f 2550/2550/2550 2551/2551/2551 2567/2567/2567
f 2567/2567/2567 2551/2551/2551 2568/2568/2568
f 2551/2551/2551 2552/2552/2552 2568/2568/2568
f 2568/2568/2568 2552/2552/2552 2569/2569/2569
f 2552/2552/2552 2553/2553/2553 2569/2569/2569
f 2569/2569/2569 2553/2553/2553 2570/2570/2570
f 2553/2553/2553 2554/2554/2554 2570/2570/2570
f 2554/2554/2554 2555/2555/2555 2570/2570/2570
f 2570/2570/2570 2555/2555/2555 2571/2571/2571
f 2571/2571/2571 2555/2555/2555 2572/2572/2572
f 2555/2555/2555 2556/2556/2556 2572/2572/2572
f 2572/2572/2572 2556/2556/2556 2573/2573/2573
f 2573/2573/2573 2556/2556/2556 2574/2574/2574
f 2556/2556/2556 2557/2557/2557 2574/2574/2574
f 2574/2574/2574 2557/2557/2557 2575/2575/2575
f 2557/2557/2557 2558/2558/2558 2575/2575/2575
f 2575/2575/2575 2558/2558/2558 2576/2576/2576
f 2558/2558/2558 2559/2559/2559 2576/2576/2576
f 2576/2576/2576 2559/2559/2559 2577/2577/2577
f 2559/2559/2559 2560/2560/2560 2577/2577/2577
f 2577/2577/2577 2560/2560/2560 2578/2578/2578
f 2560/2560/2560 2561/2561/2561 2578/2578/2578
f 2578/2578/2578 2561/2561/2561 2579/2579/2579
f 2561/2561/2561 2562/2562/2562 2579/2579/2579
f 2579/2579/2579 2562/2562/2562 2580/2580/2580
f 2562/2562/2562 2563/2563/2563 2580/2580/2580
f 2580/2580/2580 2563/2563/2563 2581/2581/2581
f 2563/2563/2563 2564/2564/2564 2581/2581/2581
f 2564/2564/2564 2565/2565/2565 2581/2581/2581
f 2581/2581/2581 2565/2565/2565 2582/2582/2582
f 2565/2565/2565 2566/2566/2566 2582/2582/2582
f 2582/2582/2582 2566/2566/2566 2583/2583/2583
f 2566/2566/2566 2567/2567/2567 2583/2583/2583
f 2583/2583/2583 2567/2567/2567 2584/2584/2584
f 2567/2567/2567 2568/2568/2568 2584/2584/2584
f 2584/2584/2584 2568/2568/2568 2585/2585/2585
f 2568/2568/2568 2569/2569/2569 2585/2585/2585
f 2585/2585/2585 2569/2569/2569 2586/2586/2586
f 2569/2569/2569 2570/2570/2570 2586/2586/2586
f 2570/2570/2570 2571/2571/2571 2586/2586/2586
f 2587/2587/2587 2588/2588/2588 2589/2589/2589
f 2589/2589/2589 2588/2588/2588 2590/2590/2590
f 2590/2590/2590 2588/2588/2588 2591/2591/2591
f 2588/2588/2588 2592/2592/2592 2591/2591/2591
f 2592/2592/2592 2593/2593/2593 2591/2591/2591
f 2591/2591/2591 2593/2593/2593 2594/2594/2594
f 2594/2594/2594 2593/2593/2593 2595/2595/2595
f 2593/2593/2593 2596/2596/2596 2595/2595/2595
f 2597/2597/2597 2595/2595/2595 2598/2598/2598
f 2595/2595/2595 2596/2596/2596 2598/2598/2598
f 2598/2598/2598 2596/2596/2596 2599/2599/2599
f 2599/2599/2599 2596/2596/2596 2600/2600/2600
f 2596/2596/2596 2593/2593/2593 2600/2600/2600
f 2600/2600/2600 2593/2593/2593 2601/2601/2601
f 2593/2593/2593 2592/2592/2592 2601/2601/2601
f 2601/2601/2601 2592/2592/2592 2602/2602/2602
f 2602/2602/2602 2592/2592/2592 2603/2603/2603
f 2592/2592/2592 2588/2588/2588 2603/2603/2603
f 2603/2603/2603 2588/2588/2588 2604/2604/2604
f 2588/2588/2588 2587/2587/2587 2604/2604/2604
f 2604/2604/2604 2587/2587/2587 2605/2605/2605
f 2605/2605/2605 2587/2587/2587 2606/2606/2606
f 2587/2587/2587 2589/2589/2589 2606/2606/2606
f 2606/2606/2606 2589/2589/2589 2607/2607/2607
f 2608/2608/2608 2607/2607/2607 2609/2609/2609
f 2607/2607/2607 2589/2589/2589 2609/2609/2609
f 2609/2609/2609 2589/2589/2589 2610/2610/2610
f 2589/2589/2589 2590/2590/2590 2610/2610/2610
f 2610/2610/2610 2590/2590/2590 2611/2611/2611
f 2590/2590/2590 2591/2591/2591 2611/2611/2611
f 2591/2591/2591 2594/2594/2594 2611/2611/2611
f 2611/2611/2611 2594/2594/2594 2612/2612/2612
f 2594/2594/2594 2595/2595/2595 2612/2612/2612
f 2612/2612/2612 2595/2595/2595 2613/2613/2613
f 2595/2595/2595 2597/2597/2597 2613/2613/2613
f 2613/2613/2613 2597/2597/2597 2614/2614/2614
f 2615/2615/2615 2616/2616/2616 2617/2617/2617
f 2617/2617/2617 2616/2616/2616 2618/2618/2618
f 2616/2616/2616 2619/2619/2619 2618/2618/2618
f 2618/2618/2618 2619/2619/2619 2620/2620/2620
f 2619/2619/2619 2621/2621/2621 2620/2620/2620
f 2620/2620/2620 2621/2621/2621 2622/2622/2622
f 2621/2621/2621 2614/2614/2614 2622/2622/2622
f 2614/2614/2614 2597/2597/2597 2622/2622/2622
f 2597/2597/2597 2598/2598/2598 2622/2622/2622
f 2622/2622/2622 2598/2598/2598 2623/2623/2623
f 2623/2623/2623 2598/2598/2598 2624/2624/2624
f 2598/2598/2598 2599/2599/2599 2624/2624/2624
f 2624/2624/2624 2599/2599/2599 2625/2625/2625
f 2625/2625/2625 2599/2599/2599 2626/2626/2626
f 2599/2599/2599 2600/2600/2600 2626/2626/2626
f 2626/2626/2626 2600/2600/2600 2627/2627/2627
f 2600/2600/2600 2601/2601/2601 2627/2627/2627
f 2627/2627/2627 2601/2601/2601 2628/2628/2628
f 2601/2601/2601 2602/2602/2602 2628/2628/2628
f 2628/2628/2628 2602/2602/2602 2629/2629/2629
f 2629/2629/2629 2602/2602/2602 2630/2630/2630
f 2602/2602/2602 2603/2603/2603 2630/2630/2630
f 2630/2630/2630 2603/2603/2603 2631/2631/2631
f 2603/2603/2603 2604/2604/2604 2631/2631/2631
f 2631/2631/2631 2604/2604/2604 2632/2632/2632
f 2604/2604/2604 2605/2605/2605 2632/2632/2632
f 2632/2632/2632 2605/2605/2605 2633/2633/2633
f 2633/2633/2633 2605/2605/2605 2634/2634/2634
f 2605/2605/2605 2606/2606/2606 2634/2634/2634
f 2634/2634/2634 2606/2606/2606 2635/2635/2635
f 2635/2635/2635 2606/2606/2606 2636/2636/2636
f 2606/2606/2606 2607/2607/2607 2636/2636/2636
f 2607/2607/2607 2608/2608/2608 2636/2636/2636
f 2636/2636/2636 2608/2608/2608 2637/2637/2637
f 2638/2638/2638 2637/2637/2637 2639/2639/2639
f 2637/2637/2637 2608/2608/2608 2639/2639/2639
f 2639/2639/2639 2608/2608/2608 2640/2640/2640
f 2608/2608/2608 2609/2609/2609 2640/2640/2640
f 2640/2640/2640 2609/2609/2609 2641/2641/2641
f 2609/2609/2609 2610/2610/2610 2641/2641/2641
f 2641/2641/2641 2610/2610/2610 2642/2642/2642
f 2610/2610/2610 2611/2611/2611 2642/2642/2642
f 2611/2611/2611 2612/2612/2612 2642/2642/2642
f 2642/2642/2642 2612/2612/2612 2643/2643/2643
f 2612/2612/2612 2613/2613/2613 2643/2643/2643
f 2643/2643/2643 2613/2613/2613 2644/2644/2644
f 2613/2613/2613 2614/2614/2614 2644/2644/2644
f 2644/2644/2644 2614/2614/2614 2645/2645/2645
f 2614/2614/2614 2621/2621/2621 2645/2645/2645
f 2645/2645/2645 2621/2621/2621 2646/2646/2646
f 2621/2621/2621 2619/2619/2619 2646/2646/2646
f 2646/2646/2646 2619/2619/2619 2647/2647/2647
f 2619/2619/2619 2616/2616/2616 2647/2647/2647
f 2647/2647/2647 2616/2616/2616 2648/2648/2648
f 2616/2616/2616 2615/2615/2615 2648/2648/2648
f 2648/2648/2648 2615/2615/2615 2649/2649/2649
f 2650/2650/2650 2649/2649/2649 2651/2651/2651
f 2649/2649/2649 2615/2615/2615 2651/2651/2651
f 2651/2651/2651 2615/2615/2615 2652/2652/2652
f 2615/2615/2615 2617/2617/2617 2652/2652/2652
f 2653/2653/2653 2652/2652/2652 2654/2654/2654
f 2652/2652/2652 2617/2617/2617 2654/2654/2654
f 2654/2654/2654 2617/2617/2617 2655/2655/2655
f 2617/2617/2617 2618/2618/2618 2655/2655/2655
f 2655/2655/2655 2618/2618/2618 2656/2656/2656
f 2618/2618/2618 2620/2620/2620 2656/2656/2656
f 2620/2620/2620 2622/2622/2622 2656/2656/2656
f 2622/2622/2622 2623/2623/2623 2656/2656/2656
f 2656/2656/2656 2623/2623/2623 2657/2657/2657
f 2623/2623/2623 2624/2624/2624 2657/2657/2657
f 2657/2657/2657 2624/2624/2624 2658/2658/2658
f 2624/2624/2624 2625/2625/2625 2658/2658/2658
f 2659/2659/2659 2658/2658/2658 2660/2660/2660
f 2658/2658/2658 2625/2625/2625 2660/2660/2660
f 2660/2660/2660 2625/2625/2625 2661/2661/2661
f 2625/2625/2625 2626/2626/2626 2661/2661/2661
f 2661/2661/2661 2626/2626/2626 2662/2662/2662
f 2626/2626/2626 2627/2627/2627 2662/2662/2662
f 2662/2662/2662 2627/2627/2627 2663/2663/2663
f 2627/2627/2627 2628/2628/2628 2663/2663/2663
f 2663/2663/2663 2628/2628/2628 2664/2664/2664
f 2628/2628/2628 2629/2629/2629 2664/2664/2664
f 2629/2629/2629 2630/2630/2630 2664/2664/2664
f 2664/2664/2664 2630/2630/2630 2665/2665/2665
f 2630/2630/2630 2631/2631/2631 2665/2665/2665
f 2665/2665/2665 2631/2631/2631 2666/2666/2666
f 2631/2631/2631 2632/2632/2632 2666/2666/2666
f 2666/2666/2666 2632/2632/2632 2667/2667/2667
f 2632/2632/2632 2633/2633/2633 2667/2667/2667
f 2667/2667/2667 2633/2633/2633 2668/2668/2668
f 2669/2669/2669 2668/2668/2668 2670/2670/2670
f 2668/2668/2668 2633/2633/2633 2670/2670/2670
f 2633/2633/2633 2634/2634/2634 2670/2670/2670
f 2670/2670/2670 2634/2634/2634 2671/2671/2671
f 2634/2634/2634 2635/2635/2635 2671/2671/2671
f 2671/2671/2671 2635/2635/2635 2672/2672/2672
f 2635/2635/2635 2636/2636/2636 2672/2672/2672
f 2672/2672/2672 2636/2636/2636 2673/2673/2673
f 2636/2636/2636 2637/2637/2637 2673/2673/2673
f 2673/2673/2673 2637/2637/2637 2674/2674/2674
f 2637/2637/2637 2638/2638/2638 2674/2674/2674
f 2674/2674/2674 2638/2638/2638 2675/2675/2675
f 2676/2676/2676 2675/2675/2675 2677/2677/2677
f 2675/2675/2675 2638/2638/2638 2677/2677/2677
f 2677/2677/2677 2638/2638/2638 2678/2678/2678
f 2638/2638/2638 2639/2639/2639 2678/2678/2678
f 2678/2678/2678 2639/2639/2639 2679/2679/2679
f 2639/2639/2639 2640/2640/2640 2679/2679/2679
f 2679/2679/2679 2640/2640/2640 2680/2680/2680
f 2640/2640/2640 2641/2641/2641 2680/2680/2680
f 2680/2680/2680 2641/2641/2641 2681/2681/2681
f 2641/2641/2641 2642/2642/2642 2681/2681/2681
f 2642/2642/2642 2643/2643/2643 2681/2681/2681
f 2681/2681/2681 2643/2643/2643 2682/2682/2682
f 2643/2643/2643 2644/2644/2644 2682/2682/2682
f 2682/2682/2682 2644/2644/2644 2683/2683/2683
f 2644/2644/2644 2645/2645/2645 2683/2683/2683
f 2683/2683/2683 2645/2645/2645 2684/2684/2684
f 2645/2645/2645 2646/2646/2646 2684/2684/2684
f 2684/2684/2684 2646/2646/2646 2685/2685/2685
f 2646/2646/2646 2647/2647/2647 2685/2685/2685
f 2685/2685/2685 2647/2647/2647 2686/2686/2686
f 2647/2647/2647 2648/2648/2648 2686/2686/2686
f 2686/2686/2686 2648/2648/2648 2687/2687/2687
f 2648/2648/2648 2649/2649/2649 2687/2687/2687
f 2687/2687/2687 2649/2649/2649 2688/2688/2688
f 2649/2649/2649 2650/2650/2650 2688/2688/2688
f 2688/2688/2688 2650/2650/2650 2689/2689/2689
f 2689/2689/2689 2650/2650/2650 2690/2690/2690
f 2690/2690/2690 2650/2650/2650 2691/2691/2691
f 2650/2650/2650 2651/2651/2651 2691/2691/2691
f 2691/2691/2691 2651/2651/2651 2692/2692/2692
f 2651/2651/2651 2652/2652/2652 2692/2692/2692
f 2692/2692/2692 2652/2652/2652 2693/2693/2693
f 2693/2693/2693 2652/2652/2652 2694/2694/2694
f 2652/2652/2652 2653/2653/2653 2694/2694/2694
f 2695/2695/2695 2694/2694/2694 2696/2696/2696
f 2694/2694/2694 2653/2653/2653 2696/2696/2696
f 2653/2653/2653 2654/2654/2654 2696/2696/2696
f 2696/2696/2696 2654/2654/2654 2697/2697/2697
f 2654/2654/2654 2655/2655/2655 2697/2697/2697
f 2697/2697/2697 2655/2655/2655 2698/2698/2698
f 2655/2655/2655 2656/2656/2656 2698/2698/2698
f 2656/2656/2656 2657/2657/2657 2698/2698/2698
f 2698/2698/2698 2657/2657/2657 2699/2699/2699
f 2657/2657/2657 2658/2658/2658 2699/2699/2699
f 2658/2658/2658 2659/2659/2659 2699/2699/2699
f 2699/2699/2699 2659/2659/2659 2700/2700/2700
f 2701/2701/2701 2700/2700/2700 2702/2702/2702
f 2700/2700/2700 2659/2659/2659 2702/2702/2702
f 2702/2702/2702 2659/2659/2659 2703/2703/2703
f 2659/2659/2659 2660/2660/2660 2703/2703/2703
f 2703/2703/2703 2660/2660/2660 2704/2704/2704
f 2660/2660/2660 2661/2661/2661 2704/2704/2704
f 2704/2704/2704 2661/2661/2661 2705/2705/2705
f 2661/2661/2661 2662/2662/2662 2705/2705/2705
f 2705/2705/2705 2662/2662/2662 2706/2706/2706
f 2662/2662/2662 2663/2663/2663 2706/2706/2706
f 2706/2706/2706 2663/2663/2663 2707/2707/2707
f 2663/2663/2663 2664/2664/2664 2707/2707/2707
f 2707/2707/2707 2664/2664/2664 2708/2708/2708
f 2708/2708/2708 2664/2664/2664 2709/2709/2709
f 2664/2664/2664 2665/2665/2665 2709/2709/2709
f 2709/2709/2709 2665/2665/2665 2710/2710/2710
f 2665/2665/2665 2666/2666/2666 2710/2710/2710
f 2710/2710/2710 2666/2666/2666 2711/2711/2711
f 2666/2666/2666 2667/2667/2667 2711/2711/2711
f 2711/2711/2711 2667/2667/2667 2712/2712/2712
f 2667/2667/2667 2668/2668/2668 2712/2712/2712
f 2712/2712/2712 2668/2668/2668 2713/2713/2713
f 2668/2668/2668 2669/2669/2669 2713/2713/2713
f 2713/2713/2713 2669/2669/2669 2714/2714/2714
f 2714/2714/2714 2669/2669/2669 2715/2715/2715
f 2715/2715/2715 2669/2669/2669 2716/2716/2716
f 2669/2669/2669 2670/2670/2670 2716/2716/2716
f 2670/2670/2670 2671/2671/2671 2716/2716/2716
f 2716/2716/2716 2671/2671/2671 2717/2717/2717
f 2671/2671/2671 2672/2672/2672 2717/2717/2717
f 2717/2717/2717 2672/2672/2672 2718/2718/2718
f 2718/2718/2718 2672/2672/2672 2719/2719/2719
f 2672/2672/2672 2673/2673/2673 2719/2719/2719
f 2673/2673/2673 2674/2674/2674 2719/2719/2719
f 2719/2719/2719 2674/2674/2674 2720/2720/2720
f 2674/2674/2674 2675/2675/2675 2720/2720/2720
f 2720/2720/2720 2675/2675/2675 2721/2721/2721
f 2675/2675/2675 2676/2676/2676 2721/2721/2721
f 2721/2721/2721 2676/2676/2676 2722/2722/2722
f 2723/2723/2723 2722/2722/2722 2724/2724/2724
f 2722/2722/2722 2676/2676/2676 2724/2724/2724
f 2724/2724/2724 2676/2676/2676 2725/2725/2725
f 2676/2676/2676 2677/2677/2677 2725/2725/2725
f 2725/2725/2725 2677/2677/2677 2726/2726/2726
f 2677/2677/2677 2678/2678/2678 2726/2726/2726
f 2726/2726/2726 2678/2678/2678 2727/2727/2727
f 2678/2678/2678 2679/2679/2679 2727/2727/2727
f 2727/2727/2727 2679/2679/2679 2728/2728/2728
f 2679/2679/2679 2680/2680/2680 2728/2728/2728
f 2728/2728/2728 2680/2680/2680 2729/2729/2729
f 2680/2680/2680 2681/2681/2681 2729/2729/2729
f 2681/2681/2681 2682/2682/2682 2729/2729/2729
f 2729/2729/2729 2682/2682/2682 2730/2730/2730
f 2682/2682/2682 2683/2683/2683 2730/2730/2730
f 2730/2730/2730 2683/2683/2683 2731/2731/2731
f 2683/2683/2683 2684/2684/2684 2731/2731/2731
f 2731/2731/2731 2684/2684/2684 2732/2732/2732
f 2684/2684/2684 2685/2685/2685 2732/2732/2732
f 2732/2732/2732 2685/2685/2685 2733/2733/2733
f 2685/2685/2685 2686/2686/2686 2733/2733/2733
f 2733/2733/2733 2686/2686/2686 2734/2734/2734
f 2686/2686/2686 2687/2687/2687 2734/2734/2734
f 2734/2734/2734 2687/2687/2687 2735/2735/2735
f 2687/2687/2687 2688/2688/2688 2735/2735/2735
f 2735/2735/2735 2688/2688/2688 2736/2736/2736
f 2688/2688/2688 2689/2689/2689 2736/2736/2736
f 2736/2736/2736 2689/2689/2689 2737/2737/2737
f 2737/2737/2737 2689/2689/2689 2738/2738/2738
f 2689/2689/2689 2690/2690/2690 2738/2738/2738
f 2738/2738/2738 2690/2690/2690 2739/2739/2739
f 2739/2739/2739 2690/2690/2690 2740/2740/2740
f 2690/2690/2690 2691/2691/2691 2740/2740/2740
f 2740/2740/2740 2691/2691/2691 2741/2741/2741
f 2691/2691/2691 2692/2692/2692 2741/2741/2741
f 2741/2741/2741 2692/2692/2692 2742/2742/2742
f 2692/2692/2692 2693/2693/2693 2742/2742/2742
f 2742/2742/2742 2693/2693/2693 2743/2743/2743
f 2743/2743/2743 2693/2693/2693 2744/2744/2744
f 2693/2693/2693 2694/2694/2694 2744/2744/2744
f 2694/2694/2694 2695/2695/2695 2744/2744/2744
f 2744/2744/2744 2695/2695/2695 2745/2745/2745
f 2695/2695/2695 2746/2746/2746 2745/2745/2745
f 2745/2745/2745 2746/2746/2746 2747/2747/2747
f 2747/2747/2747 2746/2746/2746 2748/2748/2748
f 2746/2746/2746 2749/2749/2749 2748/2748/2748
f 2750/2750/2750 2748/2748/2748 2751/2751/2751
f 2748/2748/2748 2749/2749/2749 2751/2751/2751
f 2751/2751/2751 2749/2749/2749 2752/2752/2752
f 2752/2752/2752 2749/2749/2749 2753/2753/2753
f 2753/2753/2753 2749/2749/2749 2754/2754/2754
f 2749/2749/2749 2746/2746/2746 2754/2754/2754
f 2746/2746/2746 2695/2695/2695 2754/2754/2754
f 2695/2695/2695 2696/2696/2696 2754/2754/2754
f 2696/2696/2696 2697/2697/2697 2754/2754/2754
f 2754/2754/2754 2697/2697/2697 2755/2755/2755
f 2697/2697/2697 2698/2698/2698 2755/2755/2755
f 2698/2698/2698 2699/2699/2699 2755/2755/2755
f 2699/2699/2699 2700/2700/2700 2755/2755/2755
f 2755/2755/2755 2700/2700/2700 2756/2756/2756
f 2700/2700/2700 2701/2701/2701 2756/2756/2756
f 2701/2701/2701 2752/2752/2752 2756/2756/2756
f 2752/2752/2752 2753/2753/2753 2756/2756/2756
f 2753/2753/2753 2754/2754/2754 2756/2756/2756
f 2757/2757/2757 2758/2758/2758 2759/2759/2759
f 2758/2758/2758 2760/2760/2760 2759/2759/2759
f 2759/2759/2759 2760/2760/2760 2761/2761/2761
f 2760/2760/2760 2762/2762/2762 2761/2761/2761
f 2761/2761/2761 2762/2762/2762 2763/2763/2763
f 2764/2764/2764 2763/2763/2763 2765/2765/2765
f 2763/2763/2763 2762/2762/2762 2765/2765/2765
f 2766/2766/2766 2765/2765/2765 2767/2767/2767
f 2765/2765/2765 2762/2762/2762 2767/2767/2767
f 2762/2762/2762 2760/2760/2760 2767/2767/2767
f 2767/2767/2767 2760/2760/2760 2768/2768/2768
f 2760/2760/2760 2758/2758/2758 2768/2768/2768
f 2768/2768/2768 2758/2758/2758 2769/2769/2769
f 2769/2769/2769 2758/2758/2758 2770/2770/2770
f 2758/2758/2758 2757/2757/2757 2770/2770/2770
f 2770/2770/2770 2757/2757/2757 2771/2771/2771
f 2757/2757/2757 2772/2772/2772 2771/2771/2771
f 2772/2772/2772 2773/2773/2773 2771/2771/2771
f 2771/2771/2771 2773/2773/2773 2774/2774/2774
f 2774/2774/2774 2773/2773/2773 2775/2775/2775
f 2773/2773/2773 2776/2776/2776 2775/2775/2775
f 2776/2776/2776 2777/2777/2777 2775/2775/2775
f 2775/2775/2775 2777/2777/2777 2778/2778/2778
f 2778/2778/2778 2777/2777/2777 2779/2779/2779
f 2777/2777/2777 2780/2780/2780 2779/2779/2779
f 2780/2780/2780 2781/2781/2781 2779/2779/2779
f 2779/2779/2779 2781/2781/2781 2782/2782/2782
f 2781/2781/2781 2783/2783/2783 2782/2782/2782
f 2782/2782/2782 2783/2783/2783 2784/2784/2784
f 2784/2784/2784 2783/2783/2783 2785/2785/2785
f 2783/2783/2783 2786/2786/2786 2785/2785/2785
f 2785/2785/2785 2786/2786/2786 2787/2787/2787
f 2786/2786/2786 2788/2788/2788 2787/2787/2787
f 2788/2788/2788 2789/2789/2789 2787/2787/2787
f 2787/2787/2787 2789/2789/2789 2790/2790/2790
f 2790/2790/2790 2789/2789/2789 2791/2791/2791
f 2789/2789/2789 2792/2792/2792 2791/2791/2791
f 2793/2793/2793 2791/2791/2791 2794/2794/2794
f 2791/2791/2791 2792/2792/2792 2794/2794/2794
f 2794/2794/2794 2792/2792/2792 2795/2795/2795
f 2795/2795/2795 2792/2792/2792 2796/2796/2796
f 2796/2796/2796 2792/2792/2792 2797/2797/2797
f 2792/2792/2792 2789/2789/2789 2797/2797/2797
f 2797/2797/2797 2789/2789/2789 2798/2798/2798
f 2789/2789/2789 2788/2788/2788 2798/2798/2798
f 2798/2798/2798 2788/2788/2788 2799/2799/2799
f 2788/2788/2788 2786/2786/2786 2799/2799/2799
f 2799/2799/2799 2786/2786/2786 2800/2800/2800
f 2786/2786/2786 2783/2783/2783 2800/2800/2800
f 2783/2783/2783 2781/2781/2781 2800/2800/2800
f 2800/2800/2800 2781/2781/2781 2801/2801/2801
f 2781/2781/2781 2780/2780/2780 2801/2801/2801
f 2801/2801/2801 2780/2780/2780 2802/2802/2802
f 2780/2780/2780 2777/2777/2777 2802/2802/2802
f 2802/2802/2802 2777/2777/2777 2803/2803/2803
f 2777/2777/2777 2776/2776/2776 2803/2803/2803
f 2803/2803/2803 2776/2776/2776 2804/2804/2804
f 2804/2804/2804 2776/2776/2776 2805/2805/2805
f 2776/2776/2776 2773/2773/2773 2805/2805/2805
f 2805/2805/2805 2773/2773/2773 2806/2806/2806
f 2773/2773/2773 2772/2772/2772 2806/2806/2806
f 2806/2806/2806 2772/2772/2772 2807/2807/2807
f 2772/2772/2772 2757/2757/2757 2807/2807/2807
f 2757/2757/2757 2759/2759/2759 2807/2807/2807
f 2808/2808/2808 2809/2809/2809 2810/2810/2810
f 2809/2809/2809 2811/2811/2811 2810/2810/2810
f 2810/2810/2810 2811/2811/2811 2812/2812/2812
f 2813/2813/2813 2812/2812/2812 2814/2814/2814
f 2812/2812/2812 2811/2811/2811 2814/2814/2814
f 2815/2815/2815 2814/2814/2814 2816/2816/2816
f 2814/2814/2814 2811/2811/2811 2816/2816/2816
f 2816/2816/2816 2811/2811/2811 2817/2817/2817
f 2811/2811/2811 2809/2809/2809 2817/2817/2817
f 2809/2809/2809 2808/2808/2808 2817/2817/2817
f 2817/2817/2817 2808/2808/2808 2818/2818/2818
f 2818/2818/2818 2808/2808/2808 2819/2819/2819
f 2808/2808/2808 2820/2820/2820 2819/2819/2819
f 2820/2820/2820 2821/2821/2821 2819/2819/2819
f 2819/2819/2819 2821/2821/2821 2822/2822/2822
f 2822/2822/2822 2821/2821/2821 2823/2823/2823
f 2821/2821/2821 2824/2824/2824 2823/2823/2823
f 2824/2824/2824 2825/2825/2825 2823/2823/2823
f 2823/2823/2823 2825/2825/2825 2826/2826/2826
f 2826/2826/2826 2825/2825/2825 2827/2827/2827
f 2825/2825/2825 2828/2828/2828 2827/2827/2827
f 2828/2828/2828 2829/2829/2829 2827/2827/2827
f 2827/2827/2827 2829/2829/2829 2830/2830/2830
f 2830/2830/2830 2829/2829/2829 2831/2831/2831
f 2831/2831/2831 2829/2829/2829 2832/2832/2832
f 2832/2832/2832 2829/2829/2829 2833/2833/2833
f 2833/2833/2833 2829/2829/2829 2834/2834/2834
f 2834/2834/2834 2829/2829/2829 2835/2835/2835
f 2829/2829/2829 2828/2828/2828 2835/2835/2835
f 2828/2828/2828 2825/2825/2825 2835/2835/2835
f 2835/2835/2835 2825/2825/2825 2836/2836/2836
f 2836/2836/2836 2825/2825/2825 2837/2837/2837
f 2825/2825/2825 2824/2824/2824 2837/2837/2837
f 2824/2824/2824 2821/2821/2821 2837/2837/2837
f 2837/2837/2837 2821/2821/2821 2838/2838/2838
f 2838/2838/2838 2821/2821/2821 2839/2839/2839
f 2821/2821/2821 2820/2820/2820 2839/2839/2839
f 2820/2820/2820 2808/2808/2808 2839/2839/2839
f 2839/2839/2839 2808/2808/2808 2840/2840/2840
f 2808/2808/2808 2810/2810/2810 2840/2840/2840
f 2841/2841/2841 2840/2840/2840 2842/2842/2842
f 2840/2840/2840 2810/2810/2810 2842/2842/2842
f 2810/2810/2810 2812/2812/2812 2842/2842/2842
f 2842/2842/2842 2812/2812/2812 2843/2843/2843
f 2812/2812/2812 2813/2813/2813 2843/2843/2843
f 2813/2813/2813 2844/2844/2844 2843/2843/2843
f 2843/2843/2843 2844/2844/2844 2845/2845/2845
f 2844/2844/2844 2846/2846/2846 2845/2845/2845
f 2845/2845/2845 2846/2846/2846 2847/2847/2847
f 2846/2846/2846 2848/2848/2848 2847/2847/2847
f 2847/2847/2847 2848/2848/2848 2849/2849/2849
f 2850/2850/2850 2849/2849/2849 2851/2851/2851
f 2849/2849/2849 2848/2848/2848 2851/2851/2851
f 2851/2851/2851 2848/2848/2848 2852/2852/2852
f 2852/2852/2852 2848/2848/2848 2853/2853/2853
f 2848/2848/2848 2846/2846/2846 2853/2853/2853
f 2853/2853/2853 2846/2846/2846 2854/2854/2854
f 2846/2846/2846 2844/2844/2844 2854/2854/2854
f 2854/2854/2854 2844/2844/2844 2855/2855/2855
f 2844/2844/2844 2813/2813/2813 2855/2855/2855
f 2855/2855/2855 2813/2813/2813 2856/2856/2856
f 2813/2813/2813 2814/2814/2814 2856/2856/2856
f 2814/2814/2814 2815/2815/2815 2856/2856/2856
f 2856/2856/2856 2815/2815/2815 2857/2857/2857
f 2815/2815/2815 2858/2858/2858 2857/2857/2857
f 2857/2857/2857 2858/2858/2858 2859/2859/2859
f 2858/2858/2858 2860/2860/2860 2859/2859/2859
f 2859/2859/2859 2860/2860/2860 2861/2861/2861
f 2860/2860/2860 2862/2862/2862 2861/2861/2861
f 2861/2861/2861 2862/2862/2862 2863/2863/2863
f 2863/2863/2863 2862/2862/2862 2864/2864/2864
f 2865/2865/2865 2864/2864/2864 2866/2866/2866
f 2864/2864/2864 2862/2862/2862 2866/2866/2866
f 2866/2866/2866 2862/2862/2862 2867/2867/2867
f 2862/2862/2862 2860/2860/2860 2867/2867/2867
f 2867/2867/2867 2860/2860/2860 2868/2868/2868
f 2860/2860/2860 2858/2858/2858 2868/2868/2868
f 2868/2868/2868 2858/2858/2858 2869/2869/2869
f 2858/2858/2858 2815/2815/2815 2869/2869/2869
f 2815/2815/2815 2816/2816/2816 2869/2869/2869
f 2869/2869/2869 2816/2816/2816 2870/2870/2870
f 2816/2816/2816 2817/2817/2817 2870/2870/2870
f 2817/2817/2817 2818/2818/2818 2870/2870/2870
f 2870/2870/2870 2818/2818/2818 2871/2871/2871
f 2871/2871/2871 2818/2818/2818 2872/2872/2872
f 2818/2818/2818 2819/2819/2819 2872/2872/2872
f 2819/2819/2819 2822/2822/2822 2872/2872/2872
f 2872/2872/2872 2822/2822/2822 2873/2873/2873
f 2873/2873/2873 2822/2822/2822 2874/2874/2874
f 2822/2822/2822 2823/2823/2823 2874/2874/2874
f 2823/2823/2823 2826/2826/2826 2874/2874/2874
f 2874/2874/2874 2826/2826/2826 2875/2875/2875
f 2875/2875/2875 2826/2826/2826 2876/2876/2876
f 2826/2826/2826 2827/2827/2827 2876/2876/2876
f 2827/2827/2827 2830/2830/2830 2876/2876/2876
f 2876/2876/2876 2830/2830/2830 2877/2877/2877
f 2877/2877/2877 2830/2830/2830 2878/2878/2878
f 2830/2830/2830 2831/2831/2831 2878/2878/2878
f 2879/2879/2879 2878/2878/2878 2880/2880/2880
f 2878/2878/2878 2831/2831/2831 2880/2880/2880
f 2880/2880/2880 2831/2831/2831 2881/2881/2881
f 2831/2831/2831 2832/2832/2832 2881/2881/2881
f 2832/2832/2832 2833/2833/2833 2881/2881/2881
f 2881/2881/2881 2833/2833/2833 2882/2882/2882
f 2883/2883/2883 2882/2882/2882 2884/2884/2884
f 2882/2882/2882 2833/2833/2833 2884/2884/2884
f 2833/2833/2833 2834/2834/2834 2884/2884/2884
f 2884/2884/2884 2834/2834/2834 2885/2885/2885
f 2885/2885/2885 2834/2834/2834 2886/2886/2886
f 2834/2834/2834 2835/2835/2835 2886/2886/2886
f 2835/2835/2835 2836/2836/2836 2886/2886/2886
f 2886/2886/2886 2836/2836/2836 2887/2887/2887
f 2887/2887/2887 2836/2836/2836 2888/2888/2888
f 2836/2836/2836 2837/2837/2837 2888/2888/2888
f 2837/2837/2837 2838/2838/2838 2888/2888/2888
f 2888/2888/2888 2838/2838/2838 2889/2889/2889
f 2889/2889/2889 2838/2838/2838 2890/2890/2890
f 2838/2838/2838 2839/2839/2839 2890/2890/2890
f 2839/2839/2839 2840/2840/2840 2890/2890/2890
f 2840/2840/2840 2841/2841/2841 2890/2890/2890
f 2890/2890/2890 2841/2841/2841 2891/2891/2891
f 2891/2891/2891 2841/2841/2841 2892/2892/2892
f 2841/2841/2841 2842/2842/2842 2892/2892/2892
f 2892/2892/2892 2842/2842/2842 2893/2893/2893
f 2842/2842/2842 2843/2843/2843 2893/2893/2893
f 2893/2893/2893 2843/2843/2843 2894/2894/2894
f 2843/2843/2843 2845/2845/2845 2894/2894/2894
f 2894/2894/2894 2845/2845/2845 2895/2895/2895
f 2845/2845/2845 2847/2847/2847 2895/2895/2895
f 2896/2896/2896 2895/2895/2895 2897/2897/2897
f 2895/2895/2895 2847/2847/2847 2897/2897/2897
f 2847/2847/2847 2849/2849/2849 2897/2897/2897
f 2897/2897/2897 2849/2849/2849 2898/2898/2898
f 2849/2849/2849 2850/2850/2850 2898/2898/2898
f 2850/2850/2850 2899/2899/2899 2898/2898/2898
f 2898/2898/2898 2899/2899/2899 2900/2900/2900
f 2899/2899/2899 2901/2901/2901 2900/2900/2900
f 2900/2900/2900 2901/2901/2901 2902/2902/2902
f 2902/2902/2902 2901/2901/2901 2903/2903/2903
f 2901/2901/2901 2904/2904/2904 2903/2903/2903
f 2903/2903/2903 2904/2904/2904 2905/2905/2905
f 2904/2904/2904 2865/2865/2865 2905/2905/2905
f 2865/2865/2865 2866/2866/2866 2905/2905/2905
f 2905/2905/2905 2866/2866/2866 2906/2906/2906
f 2866/2866/2866 2867/2867/2867 2906/2906/2906
f 2907/2907/2907 2906/2906/2906 2908/2908/2908
f 2906/2906/2906 2867/2867/2867 2908/2908/2908
f 2867/2867/2867 2868/2868/2868 2908/2908/2908
f 2908/2908/2908 2868/2868/2868 2909/2909/2909
f 2868/2868/2868 2869/2869/2869 2909/2909/2909
f 2909/2909/2909 2869/2869/2869 2910/2910/2910
f 2869/2869/2869 2870/2870/2870 2910/2910/2910
f 2910/2910/2910 2870/2870/2870 2911/2911/2911
f 2870/2870/2870 2871/2871/2871 2911/2911/2911
f 2911/2911/2911 2871/2871/2871 2912/2912/2912
f 2871/2871/2871 2872/2872/2872 2912/2912/2912
f 2912/2912/2912 2872/2872/2872 2913/2913/2913
f 2872/2872/2872 2873/2873/2873 2913/2913/2913
f 2913/2913/2913 2873/2873/2873 2914/2914/2914
f 2873/2873/2873 2874/2874/2874 2914/2914/2914
f 2914/2914/2914 2874/2874/2874 2915/2915/2915
f 2874/2874/2874 2875/2875/2875 2915/2915/2915
f 2915/2915/2915 2875/2875/2875 2916/2916/2916
f 2916/2916/2916 2875/2875/2875 2917/2917/2917
f 2875/2875/2875 2876/2876/2876 2917/2917/2917
f 2917/2917/2917 2876/2876/2876 2918/2918/2918
f 2876/2876/2876 2877/2877/2877 2918/2918/2918
f 2918/2918/2918 2877/2877/2877 2919/2919/2919
f 2877/2877/2877 2878/2878/2878 2919/2919/2919
f 2919/2919/2919 2878/2878/2878 2920/2920/2920
f 2878/2878/2878 2879/2879/2879 2920/2920/2920
f 2920/2920/2920 2879/2879/2879 2921/2921/2921
f 2921/2921/2921 2879/2879/2879 2922/2922/2922
f 2879/2879/2879 2880/2880/2880 2922/2922/2922
f 2922/2922/2922 2880/2880/2880 2923/2923/2923
f 2880/2880/2880 2881/2881/2881 2923/2923/2923
f 2923/2923/2923 2881/2881/2881 2924/2924/2924
f 2924/2924/2924 2881/2881/2881 2925/2925/2925
f 2881/2881/2881 2882/2882/2882 2925/2925/2925
f 2925/2925/2925 2882/2882/2882 2926/2926/2926
f 2882/2882/2882 2883/2883/2883 2926/2926/2926
f 2926/2926/2926 2883/2883/2883 2927/2927/2927
f 2927/2927/2927 2883/2883/2883 2928/2928/2928
f 2883/2883/2883 2884/2884/2884 2928/2928/2928
f 2928/2928/2928 2884/2884/2884 2929/2929/2929
f 2884/2884/2884 2885/2885/2885 2929/2929/2929
f 2929/2929/2929 2885/2885/2885 2930/2930/2930
f 2885/2885/2885 2886/2886/2886 2930/2930/2930
f 2930/2930/2930 2886/2886/2886 2931/2931/2931
f 2886/2886/2886 2887/2887/2887 2931/2931/2931
f 2931/2931/2931 2887/2887/2887 2932/2932/2932
f 2932/2932/2932 2887/2887/2887 2933/2933/2933
f 2887/2887/2887 2888/2888/2888 2933/2933/2933
f 2933/2933/2933 2888/2888/2888 2934/2934/2934
f 2888/2888/2888 2889/2889/2889 2934/2934/2934
f 2934/2934/2934 2889/2889/2889 2935/2935/2935
f 2889/2889/2889 2890/2890/2890 2935/2935/2935
f 2890/2890/2890 2891/2891/2891 2935/2935/2935
f 2935/2935/2935 2891/2891/2891 2936/2936/2936
f 2936/2936/2936 2891/2891/2891 2937/2937/2937
f 2891/2891/2891 2892/2892/2892 2937/2937/2937
f 2937/2937/2937 2892/2892/2892 2938/2938/2938
f 2892/2892/2892 2893/2893/2893 2938/2938/2938
f 2938/2938/2938 2893/2893/2893 2939/2939/2939
f 2893/2893/2893 2894/2894/2894 2939/2939/2939
f 2939/2939/2939 2894/2894/2894 2940/2940/2940
f 2894/2894/2894 2895/2895/2895 2940/2940/2940
f 2895/2895/2895 2896/2896/2896 2940/2940/2940
f 2940/2940/2940 2896/2896/2896 2941/2941/2941
f 2942/2942/2942 2941/2941/2941 2943/2943/2943
f 2941/2941/2941 2896/2896/2896 2943/2943/2943
f 2943/2943/2943 2896/2896/2896 2944/2944/2944
f 2896/2896/2896 2897/2897/2897 2944/2944/2944
f 2897/2897/2897 2898/2898/2898 2944/2944/2944
f 2898/2898/2898 2900/2900/2900 2944/2944/2944
f 2944/2944/2944 2900/2900/2900 2945/2945/2945
f 2900/2900/2900 2902/2902/2902 2945/2945/2945
f 2945/2945/2945 2902/2902/2902 2946/2946/2946
f 2946/2946/2946 2902/2902/2902 2947/2947/2947
f 2902/2902/2902 2903/2903/2903 2947/2947/2947
f 2947/2947/2947 2903/2903/2903 2948/2948/2948
f 2903/2903/2903 2905/2905/2905 2948/2948/2948
f 2905/2905/2905 2906/2906/2906 2948/2948/2948
f 2906/2906/2906 2907/2907/2907 2948/2948/2948
f 2948/2948/2948 2907/2907/2907 2949/2949/2949
f 2950/2950/2950 2949/2949/2949 2951/2951/2951
f 2949/2949/2949 2907/2907/2907 2951/2951/2951
f 2951/2951/2951 2907/2907/2907 2952/2952/2952
f 2907/2907/2907 2908/2908/2908 2952/2952/2952
f 2908/2908/2908 2909/2909/2909 2952/2952/2952
f 2952/2952/2952 2909/2909/2909 2953/2953/2953
f 2909/2909/2909 2910/2910/2910 2953/2953/2953
f 2953/2953/2953 2910/2910/2910 2954/2954/2954
f 2910/2910/2910 2911/2911/2911 2954/2954/2954
f 2954/2954/2954 2911/2911/2911 2955/2955/2955
f 2911/2911/2911 2912/2912/2912 2955/2955/2955
f 2955/2955/2955 2912/2912/2912 2956/2956/2956
f 2912/2912/2912 2913/2913/2913 2956/2956/2956
f 2956/2956/2956 2913/2913/2913 2957/2957/2957
f 2913/2913/2913 2914/2914/2914 2957/2957/2957
f 2957/2957/2957 2914/2914/2914 2958/2958/2958
f 2914/2914/2914 2915/2915/2915 2958/2958/2958
f 2958/2958/2958 2915/2915/2915 2959/2959/2959
f 2915/2915/2915 2916/2916/2916 2959/2959/2959
f 2959/2959/2959 2916/2916/2916 2960/2960/2960
f 2960/2960/2960 2916/2916/2916 2961/2961/2961
f 2916/2916/2916 2917/2917/2917 2961/2961/2961
f 2961/2961/2961 2917/2917/2917 2962/2962/2962
f 2917/2917/2917 2918/2918/2918 2962/2962/2962
f 2962/2962/2962 2918/2918/2918 2963/2963/2963
f 2918/2918/2918 2919/2919/2919 2963/2963/2963
f 2963/2963/2963 2919/2919/2919 2964/2964/2964
f 2919/2919/2919 2920/2920/2920 2964/2964/2964
f 2964/2964/2964 2920/2920/2920 2965/2965/2965
f 2920/2920/2920 2921/2921/2921 2965/2965/2965
f 2965/2965/2965 2921/2921/2921 2966/2966/2966
f 2966/2966/2966 2921/2921/2921 2967/2967/2967
f 2921/2921/2921 2922/2922/2922 2967/2967/2967
f 2967/2967/2967 2922/2922/2922 2968/2968/2968
f 2968/2968/2968 2922/2922/2922 2969/2969/2969
f 2922/2922/2922 2923/2923/2923 2969/2969/2969
f 2969/2969/2969 2923/2923/2923 2970/2970/2970
f 2923/2923/2923 2924/2924/2924 2970/2970/2970
f 2924/2924/2924 2925/2925/2925 2970/2970/2970
f 2970/2970/2970 2925/2925/2925 2971/2971/2971
f 2925/2925/2925 2926/2926/2926 2971/2971/2971
f 2971/2971/2971 2926/2926/2926 2972/2972/2972
f 2972/2972/2972 2926/2926/2926 2973/2973/2973
f 2926/2926/2926 2927/2927/2927 2973/2973/2973
f 2973/2973/2973 2927/2927/2927 2974/2974/2974
f 2974/2974/2974 2927/2927/2927 2975/2975/2975
f 2927/2927/2927 2928/2928/2928 2975/2975/2975
f 2975/2975/2975 2928/2928/2928 2976/2976/2976
f 2928/2928/2928 2929/2929/2929 2976/2976/2976
f 2976/2976/2976 2929/2929/2929 2977/2977/2977
f 2929/2929/2929 2930/2930/2930 2977/2977/2977
f 2977/2977/2977 2930/2930/2930 2978/2978/2978
f 2930/2930/2930 2931/2931/2931 2978/2978/2978
f 2978/2978/2978 2931/2931/2931 2979/2979/2979
f 2931/2931/2931 2932/2932/2932 2979/2979/2979
f 2979/2979/2979 2932/2932/2932 2980/2980/2980
f 2980/2980/2980 2932/2932/2932 2981/2981/2981
f 2932/2932/2932 2933/2933/2933 2981/2981/2981
f 2981/2981/2981 2933/2933/2933 2982/2982/2982
f 2933/2933/2933 2934/2934/2934 2982/2982/2982
f 2982/2982/2982 2934/2934/2934 2983/2983/2983
f 2934/2934/2934 2935/2935/2935 2983/2983/2983
f 2935/2935/2935 2936/2936/2936 2983/2983/2983
f 2984/2984/2984 2985/2985/2985 2986/2986/2986
f 2985/2985/2985 2987/2987/2987 2986/2986/2986
f 2986/2986/2986 2987/2987/2987 2988/2988/2988
f 2987/2987/2987 2989/2989/2989 2988/2988/2988
f 2988/2988/2988 2989/2989/2989 2990/2990/2990
f 2989/2989/2989 2991/2991/2991 2990/2990/2990
f 2990/2990/2990 2991/2991/2991 2992/2992/2992
f 2991/2991/2991 2993/2993/2993 2992/2992/2992
f 2992/2992/2992 2993/2993/2993 2994/2994/2994
f 2993/2993/2993 2995/2995/2995 2994/2994/2994
f 2995/2995/2995 2996/2996/2996 2994/2994/2994
f 2994/2994/2994 2996/2996/2996 2997/2997/2997
f 2996/2996/2996 2998/2998/2998 2997/2997/2997
f 2997/2997/2997 2998/2998/2998 2999/2999/2999
f 3000/3000/3000 3001/3001/3001 3002/3002/3002
f 3001/3001/3001 3003/3003/3003 3002/3002/3002
f 3003/3003/3003 3004/3004/3004 3002/3002/3002
f 3002/3002/3002 3004/3004/3004 3005/3005/3005
f 3004/3004/3004 3006/3006/3006 3005/3005/3005
f 3005/3005/3005 3006/3006/3006 3007/3007/3007
f 3006/3006/3006 3008/3008/3008 3007/3007/3007
f 3007/3007/3007 3008/3008/3008 3009/3009/3009
f 3008/3008/3008 3010/3010/3010 3009/3009/3009
f 3009/3009/3009 3010/3010/3010 3011/3011/3011
f 3010/3010/3010 3012/3012/3012 3011/3011/3011
f 3011/3011/3011 3012/3012/3012 3013/3013/3013
f 3012/3012/3012 2999/2999/2999 3013/3013/3013
f 2999/2999/2999 2998/2998/2998 3013/3013/3013
f 3013/3013/3013 2998/2998/2998 3014/3014/3014
f 3014/3014/3014 2998/2998/2998 3015/3015/3015
f 2998/2998/2998 2996/2996/2996 3015/3015/3015
f 3015/3015/3015 2996/2996/2996 3016/3016/3016
f 2996/2996/2996 2995/2995/2995 3016/3016/3016
f 2995/2995/2995 2993/2993/2993 3016/3016/3016
f 3016/3016/3016 2993/2993/2993 3017/3017/3017
f 2993/2993/2993 2991/2991/2991 3017/3017/3017
f 3017/3017/3017 2991/2991/2991 3018/3018/3018
f 2991/2991/2991 2989/2989/2989 3018/3018/3018
f 3018/3018/3018 2989/2989/2989 3019/3019/3019
f 2989/2989/2989 2987/2987/2987 3019/3019/3019
f 3019/3019/3019 2987/2987/2987 3020/3020/3020
f 2987/2987/2987 2985/2985/2985 3020/3020/3020
f 3020/3020/3020 2985/2985/2985 3021/3021/3021
f 3022/3022/3022 3021/3021/3021 3023/3023/3023
f 3021/3021/3021 2985/2985/2985 3023/3023/3023
f 2985/2985/2985 2984/2984/2984 3023/3023/3023
f 3023/3023/3023 2984/2984/2984 3024/3024/3024
f 3024/3024/3024 2984/2984/2984 3025/3025/3025
f 3025/3025/3025 2984/2984/2984 3026/3026/3026
f 2984/2984/2984 2986/2986/2986 3026/3026/3026
f 3026/3026/3026 2986/2986/2986 3027/3027/3027
f 2986/2986/2986 2988/2988/2988 3027/3027/3027
f 3027/3027/3027 2988/2988/2988 3028/3028/3028
f 2988/2988/2988 2990/2990/2990 3028/3028/3028
f 3028/3028/3028 2990/2990/2990 3029/3029/3029
f 2990/2990/2990 2992/2992/2992 3029/3029/3029
f 3029/3029/3029 2992/2992/2992 3030/3030/3030
f 2992/2992/2992 2994/2994/2994 3030/3030/3030
f 3030/3030/3030 2994/2994/2994 3031/3031/3031
f 3031/3031/3031 2994/2994/2994 3032/3032/3032
f 2994/2994/2994 2997/2997/2997 3032/3032/3032
f 3032/3032/3032 2997/2997/2997 3033/3033/3033
f 2997/2997/2997 2999/2999/2999 3033/3033/3033
f 3033/3033/3033 2999/2999/2999 3034/3034/3034
f 2999/2999/2999 3012/3012/3012 3034/3034/3034
f 3034/3034/3034 3012/3012/3012 3035/3035/3035
f 3012/3012/3012 3010/3010/3010 3035/3035/3035
f 3035/3035/3035 3010/3010/3010 3036/3036/3036
f 3010/3010/3010 3008/3008/3008 3036/3036/3036
f 3036/3036/3036 3008/3008/3008 3037/3037/3037
f 3008/3008/3008 3006/3006/3006 3037/3037/3037
f 3037/3037/3037 3006/3006/3006 3038/3038/3038
f 3006/3006/3006 3004/3004/3004 3038/3038/3038
f 3038/3038/3038 3004/3004/3004 3039/3039/3039
f 3004/3004/3004 3003/3003/3003 3039/3039/3039
f 3003/3003/3003 3001/3001/3001 3039/3039/3039
f 3039/3039/3039 3001/3001/3001 3040/3040/3040
f 3041/3041/3041 3040/3040/3040 3042/3042/3042
f 3040/3040/3040 3001/3001/3001 3042/3042/3042
f 3001/3001/3001 3000/3000/3000 3042/3042/3042
f 3042/3042/3042 3000/3000/3000 3043/3043/3043
f 3043/3043/3043 3000/3000/3000 3044/3044/3044
f 3044/3044/3044 3000/3000/3000 3045/3045/3045
f 3000/3000/3000 3002/3002/3002 3045/3045/3045
f 3045/3045/3045 3002/3002/3002 3046/3046/3046
f 3046/3046/3046 3002/3002/3002 3047/3047/3047
f 3002/3002/3002 3005/3005/3005 3047/3047/3047
f 3047/3047/3047 3005/3005/3005 3048/3048/3048
f 3005/3005/3005 3007/3007/3007 3048/3048/3048
f 3048/3048/3048 3007/3007/3007 3049/3049/3049
f 3007/3007/3007 3009/3009/3009 3049/3049/3049
f 3049/3049/3049 3009/3009/3009 3050/3050/3050
f 3009/3009/3009 3011/3011/3011 3050/3050/3050
f 3050/3050/3050 3011/3011/3011 3051/3051/3051
f 3011/3011/3011 3013/3013/3013 3051/3051/3051
f 3013/3013/3013 3014/3014/3014 3051/3051/3051
f 3052/3052/3052 3053/3053/3053 3054/3054/3054
f 3053/3053/3053 3055/3055/3055 3054/3054/3054
f 3056/3056/3056 3054/3054/3054 3057/3057/3057
f 3054/3054/3054 3055/3055/3055 3057/3057/3057
f 3057/3057/3057 3055/3055/3055 3058/3058/3058
f 3058/3058/3058 3055/3055/3055 3059/3059/3059
f 3059/3059/3059 3055/3055/3055 3060/3060/3060
f 3055/3055/3055 3053/3053/3053 3060/3060/3060
f 3061/3061/3061 3060/3060/3060 3062/3062/3062
f 3060/3060/3060 3053/3053/3053 3062/3062/3062
f 3062/3062/3062 3053/3053/3053 3063/3063/3063
f 3053/3053/3053 3052/3052/3052 3063/3063/3063
f 3063/3063/3063 3052/3052/3052 3064/3064/3064
f 3065/3065/3065 3064/3064/3064 3066/3066/3066
f 3064/3064/3064 3052/3052/3052 3066/3066/3066
f 3066/3066/3066 3052/3052/3052 3067/3067/3067
f 3052/3052/3052 3054/3054/3054 3067/3067/3067
f 3054/3054/3054 3056/3056/3056 3067/3067/3067
f 3067/3067/3067 3056/3056/3056 3068/3068/3068
f 3069/3069/3069 3068/3068/3068 3070/3070/3070
f 3068/3068/3068 3056/3056/3056 3070/3070/3070
f 3070/3070/3070 3056/3056/3056 3071/3071/3071
f 3056/3056/3056 3057/3057/3057 3071/3071/3071
f 3071/3071/3071 3057/3057/3057 3072/3072/3072
f 3057/3057/3057 3058/3058/3058 3072/3072/3072
f 3072/3072/3072 3058/3058/3058 3073/3073/3073
f 3073/3073/3073 3058/3058/3058 3074/3074/3074
f 3058/3058/3058 3059/3059/3059 3074/3074/3074
f 3074/3074/3074 3059/3059/3059 3075/3075/3075
f 3075/3075/3075 3059/3059/3059 3076/3076/3076
f 3059/3059/3059 3060/3060/3060 3076/3076/3076
f 3060/3060/3060 3061/3061/3061 3076/3076/3076
f 3076/3076/3076 3061/3061/3061 3077/3077/3077
f 3077/3077/3077 3061/3061/3061 3078/3078/3078
f 3061/3061/3061 3062/3062/3062 3078/3078/3078
f 3078/3078/3078 3062/3062/3062 3079/3079/3079
f 3062/3062/3062 3063/3063/3063 3079/3079/3079
f 3079/3079/3079 3063/3063/3063 3080/3080/3080
f 3063/3063/3063 3064/3064/3064 3080/3080/3080
f 3080/3080/3080 3064/3064/3064 3081/3081/3081
f 3064/3064/3064 3065/3065/3065 3081/3081/3081
f 3081/3081/3081 3065/3065/3065 3082/3082/3082
f 3065/3065/3065 3066/3066/3066 3082/3082/3082
f 3082/3082/3082 3066/3066/3066 3083/3083/3083
f 3066/3066/3066 3067/3067/3067 3083/3083/3083
f 3067/3067/3067 3068/3068/3068 3083/3083/3083
f 3083/3083/3083 3068/3068/3068 3084/3084/3084
f 3068/3068/3068 3069/3069/3069 3084/3084/3084
f 3084/3084/3084 3069/3069/3069 3085/3085/3085
f 3069/3069/3069 3070/3070/3070 3085/3085/3085
f 3085/3085/3085 3070/3070/3070 3086/3086/3086
f 3070/3070/3070 3071/3071/3071 3086/3086/3086
f 3086/3086/3086 3071/3071/3071 3087/3087/3087
f 3071/3071/3071 3072/3072/3072 3087/3087/3087
f 3087/3087/3087 3072/3072/3072 3088/3088/3088
f 3072/3072/3072 3073/3073/3073 3088/3088/3088
f 3088/3088/3088 3073/3073/3073 3089/3089/3089
f 3073/3073/3073 3074/3074/3074 3089/3089/3089
f 3089/3089/3089 3074/3074/3074 3090/3090/3090
f 3074/3074/3074 3075/3075/3075 3090/3090/3090
f 3090/3090/3090 3075/3075/3075 3091/3091/3091
f 3091/3091/3091 3075/3075/3075 3092/3092/3092
f 3075/3075/3075 3076/3076/3076 3092/3092/3092
f 3076/3076/3076 3077/3077/3077 3092/3092/3092
f 3092/3092/3092 3077/3077/3077 3093/3093/3093
f 3093/3093/3093 3077/3077/3077 3094/3094/3094
f 3077/3077/3077 3078/3078/3078 3094/3094/3094
f 3094/3094/3094 3078/3078/3078 3095/3095/3095
f 3078/3078/3078 3079/3079/3079 3095/3095/3095
f 3095/3095/3095 3079/3079/3079 3096/3096/3096
f 3079/3079/3079 3080/3080/3080 3096/3096/3096
f 3096/3096/3096 3080/3080/3080 3097/3097/3097
f 3080/3080/3080 3081/3081/3081 3097/3097/3097
f 3097/3097/3097 3081/3081/3081 3098/3098/3098
f 3081/3081/3081 3082/3082/3082 3098/3098/3098
f 3098/3098/3098 3082/3082/3082 3099/3099/3099
f 3082/3082/3082 3083/3083/3083 3099/3099/3099
f 3083/3083/3083 3084/3084/3084 3099/3099/3099
f 3099/3099/3099 3084/3084/3084 3100/3100/3100
f 3084/3084/3084 3085/3085/3085 3100/3100/3100
f 3100/3100/3100 3085/3085/3085 3101/3101/3101
f 3085/3085/3085 3086/3086/3086 3101/3101/3101
f 3101/3101/3101 3086/3086/3086 3102/3102/3102
f 3086/3086/3086 3087/3087/3087 3102/3102/3102
f 3102/3102/3102 3087/3087/3087 3103/3103/3103
f 3087/3087/3087 3088/3088/3088 3103/3103/3103
f 3103/3103/3103 3088/3088/3088 3104/3104/3104
f 3088/3088/3088 3089/3089/3089 3104/3104/3104
f 3104/3104/3104 3089/3089/3089 3105/3105/3105
f 3089/3089/3089 3090/3090/3090 3105/3105/3105
f 3105/3105/3105 3090/3090/3090 3106/3106/3106
f 3090/3090/3090 3091/3091/3091 3106/3106/3106
f 3106/3106/3106 3091/3091/3091 3107/3107/3107
f 3107/3107/3107 3091/3091/3091 3108/3108/3108
f 3091/3091/3091 3092/3092/3092 3108/3108/3108
f 3092/3092/3092 3093/3093/3093 3108/3108/3108
f 3109/3109/3109 3110/3110/3110 3111/3111/3111
f 3110/3110/3110 3112/3112/3112 3111/3111/3111
f 3112/3112/3112 3113/3113/3113 3111/3111/3111
f 3111/3111/3111 3113/3113/3113 3114/3114/3114
f 3114/3114/3114 3113/3113/3113 3115/3115/3115
f 3113/3113/3113 3116/3116/3116 3115/3115/3115
f 3116/3116/3116 3117/3117/3117 3115/3115/3115
f 3115/3115/3115 3117/3117/3117 3118/3118/3118
f 3118/3118/3118 3117/3117/3117 3119/3119/3119
f 3119/3119/3119 3117/3117/3117 3120/3120/3120
f 3121/3121/3121 3120/3120/3120 3122/3122/3122
f 3120/3120/3120 3117/3117/3117 3122/3122/3122
f 3122/3122/3122 3117/3117/3117 3123/3123/3123
f 3117/3117/3117 3116/3116/3116 3123/3123/3123
f 3123/3123/3123 3116/3116/3116 3124/3124/3124
f 3116/3116/3116 3113/3113/3113 3124/3124/3124
f 3113/3113/3113 3112/3112/3112 3124/3124/3124
f 3124/3124/3124 3112/3112/3112 3125/3125/3125
f 3112/3112/3112 3110/3110/3110 3125/3125/3125
f 3125/3125/3125 3110/3110/3110 3126/3126/3126
f 3127/3127/3127 3126/3126/3126 3128/3128/3128
f 3126/3126/3126 3110/3110/3110 3128/3128/3128
f 3128/3128/3128 3110/3110/3110 3129/3129/3129
f 3110/3110/3110 3109/3109/3109 3129/3129/3129
f 3129/3129/3129 3109/3109/3109 3130/3130/3130
f 3130/3130/3130 3109/3109/3109 3131/3131/3131
f 3109/3109/3109 3111/3111/3111 3131/3131/3131
f 3131/3131/3131 3111/3111/3111 3132/3132/3132
f 3111/3111/3111 3114/3114/3114 3132/3132/3132
f 3132/3132/3132 3114/3114/3114 3133/3133/3133
f 3133/3133/3133 3114/3114/3114 3134/3134/3134
f 3114/3114/3114 3115/3115/3115 3134/3134/3134
f 3134/3134/3134 3115/3115/3115 3135/3135/3135
f 3115/3115/3115 3118/3118/3118 3135/3135/3135
f 3135/3135/3135 3118/3118/3118 3136/3136/3136
f 3118/3118/3118 3119/3119/3119 3136/3136/3136
f 3136/3136/3136 3119/3119/3119 3137/3137/3137
f 3137/3137/3137 3119/3119/3119 3138/3138/3138
f 3138/3138/3138 3119/3119/3119 3139/3139/3139
f 3119/3119/3119 3120/3120/3120 3139/3139/3139
f 3120/3120/3120 3121/3121/3121 3139/3139/3139
f 3121/3121/3121 3140/3140/3140 3139/3139/3139
f 3139/3139/3139 3140/3140/3140 3141/3141/3141
f 3140/3140/3140 3142/3142/3142 3141/3141/3141
f 3141/3141/3141 3142/3142/3142 3143/3143/3143
f 3142/3142/3142 3144/3144/3144 3143/3143/3143
f 3143/3143/3143 3144/3144/3144 3145/3145/3145
f 3144/3144/3144 3146/3146/3146 3145/3145/3145
f 3145/3145/3145 3146/3146/3146 3147/3147/3147
f 3147/3147/3147 3146/3146/3146 3148/3148/3148
f 3149/3149/3149 3148/3148/3148 3150/3150/3150
f 3148/3148/3148 3146/3146/3146 3150/3150/3150
f 3150/3150/3150 3146/3146/3146 3151/3151/3151
f 3146/3146/3146 3144/3144/3144 3151/3151/3151
f 3151/3151/3151 3144/3144/3144 3152/3152/3152
f 3144/3144/3144 3142/3142/3142 3152/3152/3152
f 3152/3152/3152 3142/3142/3142 3153/3153/3153
f 3142/3142/3142 3140/3140/3140 3153/3153/3153
f 3153/3153/3153 3140/3140/3140 3154/3154/3154
f 3140/3140/3140 3121/3121/3121 3154/3154/3154
f 3154/3154/3154 3121/3121/3121 3155/3155/3155
f 3121/3121/3121 3122/3122/3122 3155/3155/3155
f 3155/3155/3155 3122/3122/3122 3156/3156/3156
f 3122/3122/3122 3123/3123/3123 3156/3156/3156
f 3156/3156/3156 3123/3123/3123 3157/3157/3157
f 3123/3123/3123 3124/3124/3124 3157/3157/3157
f 3124/3124/3124 3125/3125/3125 3157/3157/3157
f 3157/3157/3157 3125/3125/3125 3158/3158/3158
f 3125/3125/3125 3126/3126/3126 3158/3158/3158
f 3158/3158/3158 3126/3126/3126 3159/3159/3159
f 3126/3126/3126 3127/3127/3127 3159/3159/3159
f 3159/3159/3159 3127/3127/3127 3160/3160/3160
f 3161/3161/3161 3160/3160/3160 3162/3162/3162
f 3160/3160/3160 3127/3127/3127 3162/3162/3162
f 3162/3162/3162 3127/3127/3127 3163/3163/3163
f 3127/3127/3127 3128/3128/3128 3163/3163/3163
f 3128/3128/3128 3129/3129/3129 3163/3163/3163
f 3163/3163/3163 3129/3129/3129 3164/3164/3164
f 3164/3164/3164 3129/3129/3129 3165/3165/3165
f 3129/3129/3129 3130/3130/3130 3165/3165/3165
f 3165/3165/3165 3130/3130/3130 3166/3166/3166
f 3166/3166/3166 3130/3130/3130 3167/3167/3167
f 3130/3130/3130 3131/3131/3131 3167/3167/3167
f 3167/3167/3167 3131/3131/3131 3168/3168/3168
f 3131/3131/3131 3132/3132/3132 3168/3168/3168
f 3168/3168/3168 3132/3132/3132 3169/3169/3169
f 3132/3132/3132 3133/3133/3133 3169/3169/3169
f 3169/3169/3169 3133/3133/3133 3170/3170/3170
f 3170/3170/3170 3133/3133/3133 3171/3171/3171
f 3133/3133/3133 3134/3134/3134 3171/3171/3171
f 3171/3171/3171 3134/3134/3134 3172/3172/3172
f 3134/3134/3134 3135/3135/3135 3172/3172/3172
f 3172/3172/3172 3135/3135/3135 3173/3173/3173
f 3135/3135/3135 3136/3136/3136 3173/3173/3173
f 3173/3173/3173 3136/3136/3136 3174/3174/3174
f 3136/3136/3136 3137/3137/3137 3174/3174/3174
f 3174/3174/3174 3137/3137/3137 3175/3175/3175
f 3175/3175/3175 3137/3137/3137 3176/3176/3176
f 3137/3137/3137 3138/3138/3138 3176/3176/3176
f 3176/3176/3176 3138/3138/3138 3177/3177/3177
f 3138/3138/3138 3139/3139/3139 3177/3177/3177
f 3139/3139/3139 3141/3141/3141 3177/3177/3177
f 3141/3141/3141 3143/3143/3143 3177/3177/3177
f 3177/3177/3177 3143/3143/3143 3178/3178/3178
f 3143/3143/3143 3145/3145/3145 3178/3178/3178
f 3178/3178/3178 3145/3145/3145 3179/3179/3179
f 3145/3145/3145 3147/3147/3147 3179/3179/3179
f 3179/3179/3179 3147/3147/3147 3180/3180/3180
f 3180/3180/3180 3147/3147/3147 3181/3181/3181
f 3181/3181/3181 3147/3147/3147 3182/3182/3182
f 3182/3182/3182 3147/3147/3147 3183/3183/3183
f 3147/3147/3147 3148/3148/3148 3183/3183/3183
f 3183/3183/3183 3148/3148/3148 3184/3184/3184
f 3148/3148/3148 3149/3149/3149 3184/3184/3184
f 3184/3184/3184 3149/3149/3149 3185/3185/3185
f 3185/3185/3185 3149/3149/3149 3186/3186/3186
f 3186/3186/3186 3149/3149/3149 3187/3187/3187
f 3149/3149/3149 3150/3150/3150 3187/3187/3187
f 3187/3187/3187 3150/3150/3150 3188/3188/3188
f 3150/3150/3150 3151/3151/3151 3188/3188/3188
f 3188/3188/3188 3151/3151/3151 3189/3189/3189
f 3151/3151/3151 3152/3152/3152 3189/3189/3189
f 3189/3189/3189 3152/3152/3152 3190/3190/3190
f 3152/3152/3152 3153/3153/3153 3190/3190/3190
f 3190/3190/3190 3153/3153/3153 3191/3191/3191
f 3153/3153/3153 3154/3154/3154 3191/3191/3191
f 3191/3191/3191 3154/3154/3154 3192/3192/3192
f 3154/3154/3154 3155/3155/3155 3192/3192/3192
f 3192/3192/3192 3155/3155/3155 3193/3193/3193
f 3155/3155/3155 3156/3156/3156 3193/3193/3193
f 3193/3193/3193 3156/3156/3156 3194/3194/3194
f 3156/3156/3156 3157/3157/3157 3194/3194/3194
f 3157/3157/3157 3158/3158/3158 3194/3194/3194
f 3194/3194/3194 3158/3158/3158 3195/3195/3195
f 3158/3158/3158 3159/3159/3159 3195/3195/3195
f 3195/3195/3195 3159/3159/3159 3196/3196/3196
f 3159/3159/3159 3160/3160/3160 3196/3196/3196
f 3196/3196/3196 3160/3160/3160 3197/3197/3197
f 3160/3160/3160 3161/3161/3161 3197/3197/3197
f 3197/3197/3197 3161/3161/3161 3198/3198/3198
f 3199/3199/3199 3198/3198/3198 3200/3200/3200
f 3198/3198/3198 3161/3161/3161 3200/3200/3200
f 3200/3200/3200 3161/3161/3161 3201/3201/3201
f 3161/3161/3161 3162/3162/3162 3201/3201/3201
f 3201/3201/3201 3162/3162/3162 3202/3202/3202
f 3162/3162/3162 3163/3163/3163 3202/3202/3202
f 3202/3202/3202 3163/3163/3163 3203/3203/3203
f 3163/3163/3163 3164/3164/3164 3203/3203/3203
f 3203/3203/3203 3164/3164/3164 3204/3204/3204
f 3164/3164/3164 3165/3165/3165 3204/3204/3204
f 3204/3204/3204 3165/3165/3165 3205/3205/3205
f 3165/3165/3165 3166/3166/3166 3205/3205/3205
f 3206/3206/3206 3205/3205/3205 3207/3207/3207
f 3205/3205/3205 3166/3166/3166 3207/3207/3207
f 3207/3207/3207 3166/3166/3166 3208/3208/3208
f 3166/3166/3166 3167/3167/3167 3208/3208/3208
f 3208/3208/3208 3167/3167/3167 3209/3209/3209
f 3167/3167/3167 3168/3168/3168 3209/3209/3209
f 3209/3209/3209 3168/3168/3168 3210/3210/3210
f 3168/3168/3168 3169/3169/3169 3210/3210/3210
f 3210/3210/3210 3169/3169/3169 3211/3211/3211
f 3169/3169/3169 3170/3170/3170 3211/3211/3211
f 3170/3170/3170 3171/3171/3171 3211/3211/3211
f 3211/3211/3211 3171/3171/3171 3212/3212/3212
f 3171/3171/3171 3172/3172/3172 3212/3212/3212
f 3212/3212/3212 3172/3172/3172 3213/3213/3213
f 3172/3172/3172 3173/3173/3173 3213/3213/3213
f 3213/3213/3213 3173/3173/3173 3214/3214/3214
f 3173/3173/3173 3174/3174/3174 3214/3214/3214
f 3214/3214/3214 3174/3174/3174 3215/3215/3215
f 3174/3174/3174 3175/3175/3175 3215/3215/3215
f 3215/3215/3215 3175/3175/3175 3216/3216/3216
f 3216/3216/3216 3175/3175/3175 3217/3217/3217
f 3175/3175/3175 3176/3176/3176 3217/3217/3217
f 3217/3217/3217 3176/3176/3176 3218/3218/3218
f 3176/3176/3176 3177/3177/3177 3218/3218/3218
f 3177/3177/3177 3178/3178/3178 3218/3218/3218
f 3218/3218/3218 3178/3178/3178 3219/3219/3219
f 3178/3178/3178 3179/3179/3179 3219/3219/3219
f 3219/3219/3219 3179/3179/3179 3220/3220/3220
f 3179/3179/3179 3180/3180/3180 3220/3220/3220
f 3180/3180/3180 3181/3181/3181 3220/3220/3220
f 3220/3220/3220 3181/3181/3181 3221/3221/3221
f 3222/3222/3222 3223/3223/3223 3224/3224/3224
f 3225/3225/3225 3224/3224/3224 3226/3226/3226
f 3224/3224/3224 3223/3223/3223 3226/3226/3226
f 3223/3223/3223 3227/3227/3227 3226/3226/3226
f 3226/3226/3226 3227/3227/3227 3228/3228/3228
f 3228/3228/3228 3227/3227/3227 3229/3229/3229
f 3227/3227/3227 3221/3221/3221 3229/3229/3229
f 3229/3229/3229 3221/3221/3221 3230/3230/3230
f 3221/3221/3221 3181/3181/3181 3230/3230/3230
f 3181/3181/3181 3182/3182/3182 3230/3230/3230
f 3230/3230/3230 3182/3182/3182 3231/3231/3231
f 3231/3231/3231 3182/3182/3182 3232/3232/3232
f 3182/3182/3182 3183/3183/3183 3232/3232/3232
f 3232/3232/3232 3183/3183/3183 3233/3233/3233
f 3183/3183/3183 3184/3184/3184 3233/3233/3233
f 3233/3233/3233 3184/3184/3184 3234/3234/3234
f 3184/3184/3184 3185/3185/3185 3234/3234/3234
f 3234/3234/3234 3185/3185/3185 3235/3235/3235
f 3235/3235/3235 3185/3185/3185 3236/3236/3236
f 3185/3185/3185 3186/3186/3186 3236/3236/3236
f 3236/3236/3236 3186/3186/3186 3237/3237/3237
f 3237/3237/3237 3186/3186/3186 3238/3238/3238
f 3186/3186/3186 3187/3187/3187 3238/3238/3238
f 3238/3238/3238 3187/3187/3187 3239/3239/3239
f 3187/3187/3187 3188/3188/3188 3239/3239/3239
f 3239/3239/3239 3188/3188/3188 3240/3240/3240
f 3188/3188/3188 3189/3189/3189 3240/3240/3240
f 3240/3240/3240 3189/3189/3189 3241/3241/3241
f 3189/3189/3189 3190/3190/3190 3241/3241/3241
f 3241/3241/3241 3190/3190/3190 3242/3242/3242
f 3190/3190/3190 3191/3191/3191 3242/3242/3242
f 3242/3242/3242 3191/3191/3191 3243/3243/3243
f 3191/3191/3191 3192/3192/3192 3243/3243/3243
f 3243/3243/3243 3192/3192/3192 3244/3244/3244
f 3192/3192/3192 3193/3193/3193 3244/3244/3244
f 3244/3244/3244 3193/3193/3193 3245/3245/3245
f 3193/3193/3193 3194/3194/3194 3245/3245/3245
f 3194/3194/3194 3195/3195/3195 3245/3245/3245
f 3245/3245/3245 3195/3195/3195 3246/3246/3246
f 3195/3195/3195 3196/3196/3196 3246/3246/3246
f 3246/3246/3246 3196/3196/3196 3247/3247/3247
f 3196/3196/3196 3197/3197/3197 3247/3247/3247
f 3247/3247/3247 3197/3197/3197 3248/3248/3248
f 3197/3197/3197 3198/3198/3198 3248/3248/3248
f 3248/3248/3248 3198/3198/3198 3249/3249/3249
f 3198/3198/3198 3199/3199/3199 3249/3249/3249
f 3249/3249/3249 3199/3199/3199 3250/3250/3250
f 3251/3251/3251 3250/3250/3250 3252/3252/3252
f 3250/3250/3250 3199/3199/3199 3252/3252/3252
f 3252/3252/3252 3199/3199/3199 3253/3253/3253
f 3199/3199/3199 3200/3200/3200 3253/3253/3253
f 3253/3253/3253 3200/3200/3200 3254/3254/3254
f 3200/3200/3200 3201/3201/3201 3254/3254/3254
f 3254/3254/3254 3201/3201/3201 3255/3255/3255
f 3201/3201/3201 3202/3202/3202 3255/3255/3255
f 3202/3202/3202 3203/3203/3203 3255/3255/3255
f 3255/3255/3255 3203/3203/3203 3256/3256/3256
f 3256/3256/3256 3203/3203/3203 3257/3257/3257
f 3203/3203/3203 3204/3204/3204 3257/3257/3257
f 3257/3257/3257 3204/3204/3204 3258/3258/3258
f 3204/3204/3204 3205/3205/3205 3258/3258/3258
f 3205/3205/3205 3206/3206/3206 3258/3258/3258
f 3258/3258/3258 3206/3206/3206 3259/3259/3259
f 3259/3259/3259 3206/3206/3206 3260/3260/3260
f 3260/3260/3260 3206/3206/3206 3261/3261/3261
f 3206/3206/3206 3207/3207/3207 3261/3261/3261
f 3261/3261/3261 3207/3207/3207 3262/3262/3262
f 3207/3207/3207 3208/3208/3208 3262/3262/3262
f 3262/3262/3262 3208/3208/3208 3263/3263/3263
f 3208/3208/3208 3209/3209/3209 3263/3263/3263
f 3263/3263/3263 3209/3209/3209 3264/3264/3264
f 3209/3209/3209 3210/3210/3210 3264/3264/3264
f 3264/3264/3264 3210/3210/3210 3265/3265/3265
f 3210/3210/3210 3211/3211/3211 3265/3265/3265
f 3265/3265/3265 3211/3211/3211 3266/3266/3266
f 3266/3266/3266 3211/3211/3211 3267/3267/3267
f 3211/3211/3211 3212/3212/3212 3267/3267/3267
f 3267/3267/3267 3212/3212/3212 3268/3268/3268
f 3212/3212/3212 3213/3213/3213 3268/3268/3268
f 3268/3268/3268 3213/3213/3213 3269/3269/3269
f 3213/3213/3213 3214/3214/3214 3269/3269/3269
f 3269/3269/3269 3214/3214/3214 3270/3270/3270
f 3214/3214/3214 3215/3215/3215 3270/3270/3270
f 3270/3270/3270 3215/3215/3215 3271/3271/3271
f 3215/3215/3215 3216/3216/3216 3271/3271/3271
f 3271/3271/3271 3216/3216/3216 3272/3272/3272
f 3273/3273/3273 3272/3272/3272 3274/3274/3274
f 3272/3272/3272 3216/3216/3216 3274/3274/3274
f 3216/3216/3216 3217/3217/3217 3274/3274/3274
f 3274/3274/3274 3217/3217/3217 3275/3275/3275
f 3217/3217/3217 3218/3218/3218 3275/3275/3275
f 3218/3218/3218 3219/3219/3219 3275/3275/3275
f 3275/3275/3275 3219/3219/3219 3276/3276/3276
f 3219/3219/3219 3220/3220/3220 3276/3276/3276
f 3220/3220/3220 3221/3221/3221 3276/3276/3276
f 3221/3221/3221 3227/3227/3227 3276/3276/3276
f 3227/3227/3227 3223/3223/3223 3276/3276/3276
f 3276/3276/3276 3223/3223/3223 3277/3277/3277
f 3223/3223/3223 3222/3222/3222 3277/3277/3277
f 3277/3277/3277 3222/3222/3222 3278/3278/3278
f 3222/3222/3222 3273/3273/3273 3278/3278/3278
f 3273/3273/3273 3274/3274/3274 3278/3278/3278
f 3274/3274/3274 3275/3275/3275 3278/3278/3278
f 3275/3275/3275 3276/3276/3276 3278/3278/3278
f 3277/3277/3277 3278/3278/3278 3276/3276/3276
f 2755/2755/2755 2756/2756/2756 2754/2754/2754
v -0.0323570 0.9726997 0.8697127
v -0.0284274 0.9729754 0.8657831
v -0.0324949 0.9726997 0.8672308
v -0.0285653 0.9729754 0.8633013
v -0.0284964 0.9729754 0.8393790
v -0.0324949 0.9726997 0.8431707
v -0.0324949 0.9726997 -0.0551204
v -0.0325638 0.9728376 -0.0816624
v -0.0325638 0.9727686 -0.0793184
v -0.0266350 0.9730444 -0.0816624
v -0.0266350 0.9730444 -0.0793184
v -0.0266350 0.9729754 -0.0552583
v -0.0282895 0.9731133 0.8391722
v -0.0282895 0.9731133 0.8630944
v -0.0282206 0.9731133 0.8655763
v -0.0279448 0.9731133 0.8663347
v -0.0282206 0.9729754 0.8666104
v -0.0321502 0.9726997 0.8705401
v -0.0324260 0.9724929 0.8708158
v -0.0326328 0.9724929 0.8700574
v -0.0327707 0.9724929 0.8675755
v -0.0327707 0.9724929 0.8435154
v -0.0328396 0.9725618 -0.0551204
v -0.0329085 0.9725618 -0.0793184
v -0.0329775 0.9726307 -0.0817313
v -0.0331843 0.9728376 -0.0822828
v -0.0326328 0.9729754 -0.0822828
v -0.0266350 0.9731823 -0.0821449
v -0.0264282 0.9732512 -0.0820760
v -0.0263592 0.9731823 -0.0815934
v -0.0262903 0.9731133 -0.0793184
v -0.0263592 0.9731133 -0.0552583
v -0.0331154 0.9721482 -0.0816624
v -0.0331154 0.9624965 -0.0816624
v -0.0330464 0.9721482 -0.0793184
v -0.0330464 0.9625655 -0.0793184
v -0.0329775 0.9720792 -0.0551204
v -0.0329775 0.9625655 -0.0551204
v -0.0329085 0.9720792 0.8436533
v -0.0329085 0.9626344 0.8437911
v -0.0327017 0.9622208 0.8678513
v -0.0327017 0.9622208 0.8437911
v -0.0327707 0.9621518 -0.0551204
v -0.0327707 0.9621518 -0.0793184
v -0.0329085 0.9620139 -0.0816624
v -0.0330464 0.9618761 -0.0822139
v -0.0333222 0.9623586 -0.0822139
v -0.0333222 0.9722171 -0.0822828
v -0.0331843 0.9728376 -0.0822828
v -0.0329775 0.9726307 -0.0817313
v -0.0329085 0.9725618 -0.0793184
v -0.0328396 0.9725618 -0.0551204
v -0.0327707 0.9724929 0.8435154
v -0.0327707 0.9724929 0.8675755
v -0.0325638 0.9720792 0.8709536
v -0.0324260 0.9724929 0.8708158
v -0.0328396 0.9720792 0.8701954
v -0.0326328 0.9724929 0.8700574
v -0.0329085 0.9720792 0.8677135
v -0.0329085 0.9626344 0.8678513
v -0.0326328 0.9622897 0.8702642
v -0.0328396 0.9626344 0.8703332
v -0.0325638 0.9622897 0.8708848
v -0.0326328 0.9627033 0.8710226
v -0.0336669 0.9785596 -0.0824207
v -0.0335979 0.9886249 -0.0824207
v -0.0355283 0.9785596 -0.0825586
v -0.0353214 0.9900037 -0.0825586
v -0.0359419 0.9779391 -0.0826965
v -0.0359419 0.9785596 -0.0826965
v -0.0358040 0.9903484 -0.0826965
v -0.0355283 0.9908310 -0.0826965
v -0.0350457 0.9904862 -0.0825586
v -0.0333222 0.9890385 -0.0824207
v -0.0330464 0.9888317 -0.0822139
v -0.0333222 0.9884180 -0.0822139
v -0.0333222 0.9785596 -0.0822828
v -0.0331843 0.9779391 -0.0822828
v -0.0266350 0.9733891 -0.0822828
v -0.0266350 0.9773187 -0.0822828
v -0.0326328 0.9733201 -0.0824207
v -0.0326328 0.9774565 -0.0824207
v -0.0331843 0.9732512 -0.0824207
v -0.0331843 0.9775255 -0.0824207
v -0.0326328 0.9777323 -0.0822828
v -0.0266350 0.9775944 -0.0821449
v -0.0264282 0.9775255 -0.0820760
v -0.0263592 0.9773187 -0.0821449
v -0.0263592 0.9734580 -0.0821449
v -0.0264282 0.9732512 -0.0820760
v -0.0266350 0.9731823 -0.0821449
v -0.0326328 0.9729754 -0.0822828
v -0.0331843 0.9728376 -0.0822828
v -0.0335979 0.9621518 -0.0824207
v -0.0336669 0.9722171 -0.0824207
v -0.0353214 0.9607730 -0.0825586
v -0.0355283 0.9721482 -0.0825586
v -0.0355283 0.9727686 -0.0825586
v -0.0336669 0.9727686 -0.0824207
v -0.0333222 0.9722171 -0.0822828
v -0.0333222 0.9623586 -0.0822139
v -0.0330464 0.9618761 -0.0822139
v -0.0333222 0.9616692 -0.0824207
v -0.0350457 0.9602904 -0.0825586
v -0.0355283 0.9598768 -0.0826965
v -0.0358040 0.9604283 -0.0826965
v -0.0359419 0.9721482 -0.0826965
v -0.0359419 0.9727686 -0.0826965
v -0.0359419 0.9775255 -0.0826965
v -0.0359419 0.9732512 -0.0826965
v -0.0355283 0.9732512 -0.0825586
v -0.0335979 0.9732512 -0.0824896
v -0.0335979 0.9775255 -0.0824896
v -0.0336669 0.9779391 -0.0824207
v -0.0355283 0.9779391 -0.0825586
v -0.0355283 0.9775255 -0.0825586
v -0.0328396 0.9786285 0.8701954
v -0.0328396 0.9880733 0.8703332
v -0.0329085 0.9786285 0.8677135
v -0.0329085 0.9880733 0.8678513
v -0.0329085 0.9786285 0.8436533
v -0.0329085 0.9881423 0.8437911
v -0.0331154 0.9785596 -0.0816624
v -0.0330464 0.9786285 -0.0793184
v -0.0331154 0.9882802 -0.0816624
v -0.0330464 0.9882112 -0.0793184
v -0.0329775 0.9786285 -0.0551204
v -0.0329775 0.9881423 -0.0551204
v -0.0327017 0.9885559 0.8437911
v -0.0327017 0.9885559 0.8678513
v -0.0326328 0.9884870 0.8702642
v -0.0325638 0.9884180 0.8708848
v -0.0326328 0.9880733 0.8710226
v -0.0325638 0.9786285 0.8709536
v -0.0324260 0.9782149 0.8708158
v -0.0326328 0.9782149 0.8700574
v -0.0327707 0.9782149 0.8675755
v -0.0327707 0.9782149 0.8435154
v -0.0328396 0.9782149 -0.0551204
v -0.0329085 0.9781460 -0.0793184
v -0.0329775 0.9780770 -0.0817313
v -0.0331843 0.9779391 -0.0822828
v -0.0333222 0.9785596 -0.0822828
v -0.0333222 0.9884180 -0.0822139
v -0.0330464 0.9888317 -0.0822139
v -0.0329085 0.9886938 -0.0816624
v -0.0327707 0.9886249 -0.0793184
v -0.0327707 0.9885559 -0.0551204
v -0.0320813 0.9720792 0.8712295
v -0.0321502 0.9626344 0.8712295
v -0.0309093 0.9720792 0.8712983
v -0.0311161 0.9626344 0.8712983
v -0.0289789 0.9626344 0.8713673
v -0.0288411 0.9720792 0.8713673
v -0.0254630 0.9720792 0.8713673
v -0.0256009 0.9626344 0.8713673
v -0.0207751 0.9626344 0.8713673
v -0.0206372 0.9720792 0.8713673
v -0.0145015 0.9720792 0.8713673
v -0.0146394 0.9626344 0.8713673
v -0.0075385 0.9626344 0.8713673
v -0.0074696 0.9720792 0.8713673
v -0.0000241 0.9720792 0.8713673
v -0.0000241 0.9626344 0.8713673
v 0.0075594 0.9626344 0.8713673
v 0.0074904 0.9720792 0.8713673
v 0.0145223 0.9720792 0.8713673
v 0.0145913 0.9626344 0.8713673
v 0.0207270 0.9626344 0.8713673
v 0.0206580 0.9720792 0.8713673
v 0.0254838 0.9720792 0.8713673
v 0.0256217 0.9626344 0.8713673
v 0.0289998 0.9622208 0.8710915
v 0.0256217 0.9622208 0.8710915
v 0.0207270 0.9622208 0.8710915
v 0.0145913 0.9622208 0.8710915
v 0.0075594 0.9622208 0.8710915
v -0.0000241 0.9622208 0.8710915
v -0.0075385 0.9622208 0.8710915
v -0.0146394 0.9622208 0.8710915
v -0.0207751 0.9622208 0.8710915
v -0.0256009 0.9622208 0.8710915
v -0.0289789 0.9622208 0.8710915
v -0.0310472 0.9622208 0.8710915
v -0.0321502 0.9622897 0.8710226
v -0.0325638 0.9622897 0.8708848
v -0.0326328 0.9627033 0.8710226
v -0.0325638 0.9720792 0.8709536
v -0.0324260 0.9724929 0.8708158
v -0.0318744 0.9724929 0.8710915
v -0.0307714 0.9724929 0.8711605
v -0.0287032 0.9724929 0.8712295
v -0.0253251 0.9724929 0.8712295
v -0.0204993 0.9724929 0.8712295
v -0.0144326 0.9724929 0.8712295
v -0.0074696 0.9724929 0.8712295
v -0.0000241 0.9724929 0.8712295
v 0.0074215 0.9724929 0.8712295
v 0.0144534 0.9724929 0.8712295
v 0.0205201 0.9724929 0.8712295
v 0.0253459 0.9724929 0.8712295
v 0.0287240 0.9724929 0.8712295
v 0.0307922 0.9724929 0.8711605
v 0.0288619 0.9720792 0.8713673
v 0.0289998 0.9626344 0.8713673
v 0.0310680 0.9622208 0.8710915
v 0.0310680 0.9626344 0.8712983
v 0.0321710 0.9622897 0.8710226
v 0.0321710 0.9626344 0.8712295
v 0.0325847 0.9622897 0.8708848
v 0.0326536 0.9627033 0.8710226
v 0.0325847 0.9720792 0.8709536
v 0.0320331 0.9720792 0.8712295
v 0.0324468 0.9724929 0.8708158
v 0.0318953 0.9724929 0.8710915
v 0.0309301 0.9720792 0.8712983
v -0.0229811 0.9591185 -0.0901420
v -0.0283585 0.9591185 -0.0903488
v -0.0287721 0.9588427 -0.1173734
v -0.0320813 0.9591185 -0.0904867
v -0.0325638 0.9589116 -0.1182007
v -0.0318744 0.9508456 -0.2400870
v -0.0269107 0.9507767 -0.2425688
v -0.0343563 0.9508456 -0.2351922
v -0.0369071 0.9509835 -0.2275399
v -0.0282206 0.9507767 -0.2365021
v -0.0192584 0.9507767 -0.2451196
v -0.0097446 0.9509146 -0.2522894
v -0.0189137 0.9509146 -0.2499454
v -0.0269107 0.9509146 -0.2464295
v -0.0333222 0.9509146 -0.2415347
v -0.0382169 0.9509835 -0.2351233
v -0.0418018 0.9511214 -0.2271952
v -0.0440769 0.9513971 -0.2180951
v -0.0449041 0.9518797 -0.2083745
v -0.0386995 0.9512593 -0.2183708
v -0.0300131 0.9509146 -0.2284361
v -0.0201546 0.9507767 -0.2382256
v -0.0100204 0.9507767 -0.2469121
v -0.0000241 0.9509146 -0.2530477
v 0.0345839 0.9511903 -0.2427757
v 0.0269316 0.9509146 -0.2464295
v 0.0273452 0.9511214 -0.2485666
v 0.0189345 0.9509146 -0.2499454
v 0.0190034 0.9511214 -0.2528409
v 0.0096965 0.9511214 -0.2555296
v 0.0097655 0.9509146 -0.2522894
v -0.0000241 0.9511214 -0.2564258
v -0.0096757 0.9511214 -0.2555296
v -0.0189826 0.9511214 -0.2528409
v -0.0273933 0.9511214 -0.2485666
v -0.0345631 0.9511903 -0.2427757
v -0.0403541 0.9511903 -0.2355369
v -0.0446284 0.9513282 -0.2271952
v -0.0473170 0.9516040 -0.2179572
v -0.0482822 0.9521555 -0.2082366
v -0.0474549 0.9528449 -0.1984471
v -0.0419397 0.9533964 -0.1892780
v -0.0450420 0.9537411 -0.1887955
v -0.0441458 0.9525691 -0.1986539
v -0.0393889 0.9516729 -0.2085813
v -0.0313229 0.9511903 -0.2189913
v -0.0211887 0.9509146 -0.2296081
v -0.0104340 0.9507767 -0.2396044
v -0.0000241 0.9507767 -0.2476015
v 0.0099723 0.9507767 -0.2469121
v 0.0192103 0.9507767 -0.2451196
v 0.0269316 0.9507767 -0.2425688
v 0.0318263 0.9508456 -0.2400870
v 0.0333430 0.9509146 -0.2415347
v 0.0403749 0.9511903 -0.2355369
v 0.0412711 0.9516040 -0.2358127
v 0.0351355 0.9515350 -0.2433272
v 0.0276210 0.9515350 -0.2494629
v 0.0190034 0.9515350 -0.2540129
v 0.0096965 0.9515350 -0.2568395
v -0.0000241 0.9515350 -0.2578046
v -0.0096757 0.9515350 -0.2568395
v -0.0190516 0.9515350 -0.2540129
v -0.0276001 0.9515350 -0.2494629
v -0.0351146 0.9515350 -0.2433272
v -0.0412503 0.9516040 -0.2358127
v -0.0458004 0.9517418 -0.2272641
v -0.0486269 0.9520176 -0.2178882
v -0.0496610 0.9525002 -0.2081677
v -0.0489027 0.9531896 -0.1983782
v -0.0465587 0.9540858 -0.1887265
v -0.0431806 0.9551199 -0.1790749
v -0.0411814 0.9547063 -0.1791438
v -0.0384927 0.9542237 -0.1807295
v -0.0344252 0.9538790 -0.1819704
v -0.0369760 0.9531207 -0.1897606
v -0.0387685 0.9523623 -0.1987918
v -0.0318055 0.9516040 -0.2088571
v -0.0220849 0.9511214 -0.2196807
v -0.0109856 0.9509146 -0.2305043
v -0.0000241 0.9507767 -0.2400870
v 0.0104549 0.9507767 -0.2396044
v 0.0201065 0.9507767 -0.2382256
v 0.0282414 0.9507767 -0.2365021
v 0.0343082 0.9508456 -0.2351922
v 0.0382378 0.9509835 -0.2351233
v 0.0446492 0.9513282 -0.2271952
v 0.0458212 0.9517418 -0.2272641
v 0.0460280 0.9522934 -0.2272641
v 0.0414090 0.9521555 -0.2358816
v 0.0352044 0.9520865 -0.2434651
v 0.0276899 0.9520865 -0.2496007
v 0.0190724 0.9520865 -0.2542197
v 0.0096965 0.9520865 -0.2570463
v -0.0000241 0.9520865 -0.2580114
v -0.0097446 0.9520865 -0.2570463
v -0.0190516 0.9520865 -0.2542197
v -0.0276691 0.9520865 -0.2496007
v -0.0352525 0.9520865 -0.2434651
v -0.0413882 0.9521555 -0.2358816
v -0.0460072 0.9522934 -0.2272641
v -0.0489027 0.9525691 -0.2178882
v -0.0499368 0.9529828 -0.2081677
v -0.0492474 0.9536722 -0.1983782
v -0.0471792 0.9545684 -0.1888644
v -0.0442837 0.9555336 -0.1795575
v -0.0392510 0.9562230 -0.1681823
v -0.0411124 0.9565677 -0.1690786
v -0.0359419 0.9574639 -0.1548079
v -0.0381480 0.9576707 -0.1558420
v -0.0336669 0.9584290 -0.1380555
v -0.0359419 0.9586359 -0.1388827
v -0.0348389 0.9590495 -0.1187522
v -0.0344252 0.9591874 -0.0906246
v -0.0342184 0.9593253 -0.0838685
v -0.0319434 0.9592563 -0.0838685
v -0.0282206 0.9592563 -0.0838685
v -0.0228433 0.9592563 -0.0837995
v -0.0160871 0.9592563 -0.0837995
v -0.0082969 0.9592563 -0.0837995
v -0.0161561 0.9591185 -0.0899352
v -0.0233258 0.9588427 -0.1162014
v -0.0298062 0.9583601 -0.1366077
v -0.0319434 0.9573949 -0.1528087
v -0.0352525 0.9559472 -0.1672861
v -0.0335979 0.9549820 -0.1734218
v -0.0319434 0.9544305 -0.1766620
v -0.0282895 0.9537411 -0.1815567
v -0.0300131 0.9529828 -0.1895538
v -0.0313229 0.9522244 -0.1987918
v -0.0224296 0.9516040 -0.2091328
v -0.0113992 0.9511214 -0.2202322
v -0.0000241 0.9509146 -0.2308490
v 0.0110064 0.9509146 -0.2305043
v 0.0212095 0.9509146 -0.2296081
v 0.0299649 0.9509146 -0.2284361
v 0.0369279 0.9509835 -0.2275399
v 0.0417537 0.9511214 -0.2271952
v 0.0473379 0.9516040 -0.2179572
v 0.0486477 0.9520176 -0.2178882
v 0.0488546 0.9525691 -0.2178882
v 0.0489235 0.9533275 -0.2178882
v 0.0460280 0.9530517 -0.2272641
v 0.0414780 0.9529138 -0.2358816
v 0.0352733 0.9528449 -0.2434651
v 0.0276899 0.9528449 -0.2496697
v 0.0190724 0.9528449 -0.2542197
v 0.0096965 0.9528449 -0.2571152
v -0.0000241 0.9528449 -0.2580804
v -0.0097446 0.9528449 -0.2571152
v -0.0190516 0.9528449 -0.2542197
v -0.0276691 0.9528449 -0.2496697
v -0.0352525 0.9528449 -0.2434651
v -0.0414571 0.9529138 -0.2358816
v -0.0460761 0.9530517 -0.2272641
v -0.0489027 0.9533275 -0.2178882
v -0.0500057 0.9537411 -0.2081677
v -0.0493163 0.9543616 -0.1984471
v -0.0474549 0.9551889 -0.1890023
v -0.0448352 0.9560851 -0.1799022
v -0.0419397 0.9570502 -0.1695611
v -0.0391821 0.9581533 -0.1563936
v -0.0371139 0.9589806 -0.1393653
v -0.0360798 0.9593253 -0.1189590
v -0.0355972 0.9593253 -0.0906246
v -0.0354593 0.9593942 -0.0838685
v -0.0352525 0.9595321 -0.0830412
v -0.0340116 0.9594632 -0.0830412
v -0.0317366 0.9593942 -0.0830412
v -0.0280138 0.9593942 -0.0830412
v -0.0227054 0.9593942 -0.0830412
v -0.0159492 0.9593942 -0.0829722
v -0.0082279 0.9593942 -0.0829722
v -0.0000241 0.9593942 -0.0829722
v 0.0356180 0.9593253 -0.0906246
v 0.0354112 0.9593942 -0.0838685
v 0.0342392 0.9593253 -0.0838685
v 0.0352733 0.9595321 -0.0830412
v 0.0340324 0.9594632 -0.0830412
v 0.0318953 0.9592563 -0.0838685
v 0.0316884 0.9593942 -0.0830412
v 0.0281725 0.9592563 -0.0838685
v 0.0280346 0.9593942 -0.0830412
v 0.0226573 0.9593942 -0.0830412
v 0.0228641 0.9592563 -0.0837995
v 0.0159701 0.9593942 -0.0829722
v 0.0160390 0.9592563 -0.0837995
v 0.0082488 0.9593942 -0.0829722
v 0.0083177 0.9592563 -0.0837995
v -0.0000241 0.9592563 -0.0837995
v -0.0083658 0.9591185 -0.0897284
v -0.0164318 0.9589116 -0.1150294
v -0.0240842 0.9584290 -0.1345395
v -0.0256009 0.9575328 -0.1492927
v -0.0269107 0.9564298 -0.1603921
v -0.0269797 0.9554646 -0.1681823
v -0.0269797 0.9545684 -0.1746627
v -0.0200857 0.9537411 -0.1803848
v -0.0211887 0.9529828 -0.1890023
v -0.0220849 0.9522244 -0.1987229
v -0.0116060 0.9515350 -0.2093396
v -0.0000241 0.9511214 -0.2204390
v 0.0114200 0.9511214 -0.2202322
v 0.0221058 0.9511214 -0.2196807
v 0.0312748 0.9511903 -0.2189913
v 0.0387203 0.9512593 -0.2183708
v 0.0440977 0.9513971 -0.2180951
v 0.0482341 0.9521555 -0.2082366
v 0.0496129 0.9525002 -0.2081677
v 0.0499576 0.9529828 -0.2081677
v 0.0499576 0.9537411 -0.2081677
v 0.0500265 0.9547063 -0.2081677
v 0.0489235 0.9542926 -0.2179572
v 0.0460280 0.9540858 -0.2272641
v 0.0414780 0.9540169 -0.2358816
v 0.0352733 0.9539479 -0.2434651
v 0.0276899 0.9539479 -0.2496697
v 0.0190724 0.9539479 -0.2542887
v 0.0096965 0.9539479 -0.2571152
v -0.0000241 0.9539479 -0.2580804
v -0.0097446 0.9539479 -0.2571152
v -0.0190516 0.9539479 -0.2542887
v -0.0277380 0.9539479 -0.2496697
v -0.0352525 0.9539479 -0.2434651
v -0.0414571 0.9540169 -0.2358816
v -0.0460761 0.9540858 -0.2272641
v -0.0489027 0.9542926 -0.2179572
v -0.0500057 0.9547063 -0.2081677
v -0.0493853 0.9552578 -0.1984471
v -0.0475239 0.9559472 -0.1890712
v -0.0450420 0.9567745 -0.1800401
v -0.0422155 0.9577396 -0.1697680
v -0.0395957 0.9587738 -0.1566004
v -0.0375965 0.9595321 -0.1395032
v -0.0365624 0.9598079 -0.1190969
v -0.0361487 0.9596010 -0.0906935
v -0.0360108 0.9596010 -0.0838685
v -0.0358040 0.9596700 -0.0830412
v -0.0355283 0.9598768 -0.0826965
v -0.0349767 0.9597389 -0.0826965
v -0.0337358 0.9596700 -0.0826965
v -0.0313919 0.9596010 -0.0826965
v -0.0277380 0.9596010 -0.0826965
v -0.0224296 0.9596010 -0.0826965
v -0.0158114 0.9596010 -0.0826965
v -0.0081590 0.9596010 -0.0826965
v -0.0000241 0.9596010 -0.0826965
v 0.0081798 0.9596010 -0.0826965
v 0.0157633 0.9596010 -0.0826965
v 0.0224505 0.9596010 -0.0826965
v 0.0277589 0.9596010 -0.0826965
v 0.0314127 0.9596010 -0.0826965
v 0.0336877 0.9596700 -0.0826965
v 0.0349286 0.9597389 -0.0826965
v 0.0355491 0.9598768 -0.0826965
v 0.0358249 0.9596700 -0.0830412
v 0.0359627 0.9596010 -0.0838685
v 0.0361696 0.9596010 -0.0906935
v 0.0365832 0.9598079 -0.1190969
v 0.0360317 0.9593253 -0.1189590
v 0.0376173 0.9595321 -0.1395032
v 0.0370658 0.9589806 -0.1393653
v 0.0396166 0.9587738 -0.1566004
v 0.0422363 0.9577396 -0.1697680
v 0.0392029 0.9581533 -0.1563936
v 0.0359627 0.9586359 -0.1388827
v 0.0348597 0.9590495 -0.1187522
v 0.0343771 0.9591874 -0.0906246
v 0.0321021 0.9591185 -0.0904867
v 0.0283793 0.9591185 -0.0903488
v 0.0230020 0.9591185 -0.0901420
v 0.0161769 0.9591185 -0.0899352
v 0.0083867 0.9591185 -0.0897284
v -0.0000241 0.9591185 -0.0896594
v -0.0085037 0.9589116 -0.1141332
v -0.0169144 0.9584980 -0.1324024
v -0.0177417 0.9577396 -0.1459147
v -0.0185000 0.9567745 -0.1560489
v -0.0188447 0.9556714 -0.1645974
v -0.0192584 0.9546373 -0.1724566
v -0.0104340 0.9537411 -0.1795575
v -0.0109856 0.9529138 -0.1885886
v -0.0113992 0.9521555 -0.1986539
v -0.0000241 0.9515350 -0.2094086
v 0.0115579 0.9515350 -0.2093396
v 0.0223815 0.9516040 -0.2091328
v 0.0318263 0.9516040 -0.2088571
v 0.0394098 0.9516729 -0.2085813
v 0.0449250 0.9518797 -0.2083745
v 0.0474758 0.9528449 -0.1984471
v 0.0488546 0.9531896 -0.1983782
v 0.0492682 0.9536722 -0.1983782
v 0.0493371 0.9543616 -0.1984471
v 0.0494061 0.9552578 -0.1984471
v 0.0474758 0.9551889 -0.1890023
v 0.0475447 0.9559472 -0.1890712
v 0.0448560 0.9560851 -0.1799022
v 0.0449939 0.9567745 -0.1800401
v 0.0419605 0.9570502 -0.1695611
v 0.0380999 0.9576707 -0.1558420
v 0.0336877 0.9584290 -0.1380555
v 0.0325847 0.9589116 -0.1182007
v 0.0287930 0.9588427 -0.1173734
v 0.0233467 0.9588427 -0.1162014
v 0.0164527 0.9589116 -0.1150294
v 0.0084556 0.9589116 -0.1141332
v -0.0000241 0.9589116 -0.1137885
v -0.0087105 0.9585669 -0.1308167
v -0.0090552 0.9578775 -0.1435707
v -0.0093999 0.9569813 -0.1533602
v -0.0096757 0.9558783 -0.1623224
v -0.0099514 0.9547063 -0.1710089
v -0.0000241 0.9547752 -0.1704574
v -0.0000241 0.9537411 -0.1792128
v -0.0000241 0.9529138 -0.1884508
v -0.0000241 0.9521555 -0.1985850
v 0.0114200 0.9521555 -0.1986539
v 0.0221058 0.9522244 -0.1987229
v 0.0312748 0.9522244 -0.1987918
v 0.0387203 0.9523623 -0.1987918
v 0.0440977 0.9525691 -0.1986539
v 0.0450628 0.9537411 -0.1887955
v 0.0465795 0.9540858 -0.1887265
v 0.0472000 0.9545684 -0.1888644
v 0.0443045 0.9555336 -0.1795575
v 0.0410643 0.9565677 -0.1690786
v 0.0359627 0.9574639 -0.1548079
v 0.0298271 0.9583601 -0.1366077
v 0.0241050 0.9584290 -0.1345395
v 0.0168663 0.9584980 -0.1324024
v 0.0086624 0.9585669 -0.1308167
v -0.0000241 0.9585669 -0.1301963
v -0.0000241 0.9579465 -0.1427434
v -0.0000241 0.9570502 -0.1524640
v -0.0000241 0.9558783 -0.1615641
v 0.0099723 0.9547063 -0.1710089
v 0.0104549 0.9537411 -0.1795575
v 0.0110064 0.9529138 -0.1885886
v 0.0212095 0.9529828 -0.1890023
v 0.0299649 0.9529828 -0.1895538
v 0.0369279 0.9531207 -0.1897606
v 0.0418916 0.9533964 -0.1892780
v 0.0412022 0.9547063 -0.1791438
v 0.0431325 0.9551199 -0.1790749
v 0.0392719 0.9562230 -0.1681823
v 0.0319642 0.9573949 -0.1528087
v 0.0255528 0.9575328 -0.1492927
v 0.0176936 0.9577396 -0.1459147
v 0.0090761 0.9578775 -0.1435707
v 0.0094208 0.9569813 -0.1533602
v 0.0096965 0.9558783 -0.1623224
v 0.0192103 0.9546373 -0.1724566
v 0.0201065 0.9537411 -0.1803848
v 0.0282414 0.9537411 -0.1815567
v 0.0343771 0.9538790 -0.1819704
v 0.0384446 0.9542237 -0.1807295
v 0.0352733 0.9559472 -0.1672861
v 0.0269316 0.9564298 -0.1603921
v 0.0185209 0.9567745 -0.1560489
v 0.0188656 0.9556714 -0.1645974
v 0.0270005 0.9545684 -0.1746627
v 0.0319642 0.9544305 -0.1766620
v 0.0336188 0.9549820 -0.1734218
v 0.0269316 0.9554646 -0.1681823
v -0.0290479 0.9618761 -0.0551204
v -0.0256009 0.9618761 -0.0551204
v -0.0289789 0.9619450 0.8437911
v -0.0256009 0.9619450 0.8438601
v -0.0207751 0.9618761 -0.0551204
v -0.0207751 0.9619450 0.8438601
v -0.0146394 0.9619450 0.8438601
v -0.0146394 0.9618761 -0.0551204
v -0.0075385 0.9618761 -0.0551204
v -0.0075385 0.9619450 0.8438601
v -0.0000241 0.9618761 -0.0551204
v -0.0000241 0.9619450 0.8438601
v 0.0075594 0.9618761 -0.0551204
v 0.0075594 0.9619450 0.8438601
v 0.0145913 0.9619450 0.8438601
v 0.0145913 0.9618761 -0.0551204
v 0.0207270 0.9619450 0.8438601
v 0.0207270 0.9618761 -0.0551204
v 0.0207959 0.9618071 -0.0793184
v 0.0145913 0.9618071 -0.0793184
v 0.0075594 0.9618071 -0.0793184
v -0.0000241 0.9618071 -0.0793184
v -0.0075385 0.9618071 -0.0793184
v -0.0146394 0.9618071 -0.0793184
v -0.0207751 0.9618071 -0.0793184
v -0.0256698 0.9618071 -0.0793184
v -0.0290479 0.9618761 -0.0793184
v -0.0311850 0.9618761 -0.0793184
v -0.0311161 0.9619450 -0.0551204
v -0.0311161 0.9619450 0.8437911
v -0.0311161 0.9620139 0.8678513
v -0.0289789 0.9619450 0.8678513
v -0.0256009 0.9619450 0.8679202
v -0.0207751 0.9619450 0.8679202
v -0.0146394 0.9619450 0.8679202
v -0.0075385 0.9619450 0.8679202
v -0.0000241 0.9619450 0.8679202
v 0.0075594 0.9619450 0.8679202
v 0.0145913 0.9619450 0.8679202
v 0.0207270 0.9619450 0.8679202
v 0.0256217 0.9619450 0.8679202
v 0.0256217 0.9619450 0.8438601
v 0.0256217 0.9618761 -0.0551204
v 0.0256906 0.9618071 -0.0793184
v 0.0291377 0.9617382 -0.0816624
v 0.0256906 0.9617382 -0.0816624
v 0.0207959 0.9617382 -0.0816624
v 0.0146602 0.9617382 -0.0816624
v 0.0075594 0.9617382 -0.0816624
v -0.0000241 0.9617382 -0.0816624
v -0.0075385 0.9617382 -0.0816624
v -0.0146394 0.9617382 -0.0816624
v -0.0208440 0.9617382 -0.0816624
v -0.0257388 0.9617382 -0.0816624
v -0.0291168 0.9617382 -0.0816624
v -0.0312540 0.9618071 -0.0816624
v -0.0323570 0.9618761 -0.0816624
v -0.0322881 0.9619450 -0.0793184
v -0.0322191 0.9620139 -0.0551204
v -0.0322191 0.9620829 0.8437911
v -0.0322191 0.9620829 0.8678513
v -0.0321502 0.9621518 0.8703332
v -0.0311161 0.9620829 0.8703332
v -0.0289789 0.9620139 0.8703332
v -0.0256009 0.9620139 0.8703332
v -0.0207751 0.9620139 0.8703332
v -0.0146394 0.9620139 0.8703332
v -0.0075385 0.9620139 0.8703332
v -0.0000241 0.9620139 0.8703332
v 0.0075594 0.9620139 0.8703332
v 0.0145913 0.9620139 0.8703332
v 0.0207270 0.9620139 0.8703332
v 0.0256217 0.9620139 0.8703332
v 0.0289998 0.9620139 0.8703332
v 0.0321710 0.9620829 0.8678513
v 0.0321710 0.9621518 0.8703332
v 0.0310680 0.9620139 0.8678513
v 0.0310680 0.9620829 0.8703332
v 0.0289998 0.9619450 0.8678513
v 0.0289998 0.9619450 0.8437911
v 0.0289998 0.9618761 -0.0551204
v 0.0290687 0.9618761 -0.0793184
v 0.0312059 0.9618071 -0.0816624
v 0.0311369 0.9618761 -0.0793184
v 0.0323778 0.9618761 -0.0816624
v 0.0323089 0.9619450 -0.0793184
v 0.0327915 0.9621518 -0.0793184
v 0.0328604 0.9620139 -0.0816624
v 0.0330673 0.9618761 -0.0822139
v 0.0325157 0.9617382 -0.0822139
v 0.0313437 0.9616692 -0.0822139
v 0.0292066 0.9616003 -0.0822139
v 0.0258285 0.9616003 -0.0822139
v 0.0208648 0.9616003 -0.0822139
v 0.0147292 0.9616003 -0.0822139
v 0.0075594 0.9616003 -0.0822139
v -0.0000241 0.9616003 -0.0822139
v -0.0076075 0.9616003 -0.0822139
v -0.0147083 0.9616003 -0.0822139
v -0.0209129 0.9616003 -0.0822139
v -0.0258077 0.9616003 -0.0822139
v -0.0292547 0.9616003 -0.0822139
v -0.0313919 0.9616692 -0.0822139
v -0.0324949 0.9617382 -0.0822139
v -0.0330464 0.9618761 -0.0822139
v -0.0329085 0.9620139 -0.0816624
v -0.0327707 0.9621518 -0.0793184
v -0.0327707 0.9621518 -0.0551204
v -0.0327017 0.9622208 0.8437911
v -0.0327017 0.9622208 0.8678513
v -0.0326328 0.9622897 0.8702642
v -0.0325638 0.9622897 0.8708848
v -0.0321502 0.9622897 0.8710226
v -0.0310472 0.9622208 0.8710915
v -0.0289789 0.9622208 0.8710915
v -0.0256009 0.9622208 0.8710915
v -0.0207751 0.9622208 0.8710915
v -0.0146394 0.9622208 0.8710915
v -0.0075385 0.9622208 0.8710915
v -0.0000241 0.9622208 0.8710915
v 0.0075594 0.9622208 0.8710915
v 0.0145913 0.9622208 0.8710915
v 0.0207270 0.9622208 0.8710915
v 0.0256217 0.9622208 0.8710915
v 0.0289998 0.9622208 0.8710915
v 0.0310680 0.9622208 0.8710915
v 0.0321710 0.9622897 0.8710226
v 0.0325847 0.9622897 0.8708848
v 0.0326536 0.9622897 0.8702642
v 0.0327225 0.9622208 0.8678513
v 0.0327225 0.9622208 0.8437911
v 0.0327225 0.9621518 -0.0551204
v 0.0321710 0.9620829 0.8437911
v 0.0310680 0.9619450 0.8437911
v 0.0311369 0.9619450 -0.0551204
v 0.0322400 0.9620139 -0.0551204
v 0.0266558 0.9730444 -0.0816624
v 0.0266558 0.9730444 -0.0793184
v 0.0325847 0.9728376 -0.0816624
v 0.0325157 0.9727686 -0.0793184
v 0.0325157 0.9726997 -0.0551204
v 0.0266558 0.9729754 -0.0552583
v 0.0323778 0.9726997 0.8697127
v 0.0325157 0.9726997 0.8672308
v 0.0284483 0.9729754 0.8657831
v 0.0285172 0.9729754 0.8633013
v 0.0325157 0.9726997 0.8431707
v 0.0285172 0.9729754 0.8393790
v 0.0263800 0.9731133 -0.0552583
v 0.0263111 0.9731133 -0.0793184
v 0.0263111 0.9731823 -0.0815934
v 0.0263800 0.9732512 -0.0820760
v 0.0266558 0.9731823 -0.0821449
v 0.0326536 0.9729754 -0.0822828
v 0.0331362 0.9728376 -0.0822828
v 0.0329983 0.9726307 -0.0817313
v 0.0328604 0.9725618 -0.0793184
v 0.0328604 0.9725618 -0.0551204
v 0.0327915 0.9724929 0.8435154
v 0.0327915 0.9724929 0.8675755
v 0.0326536 0.9724929 0.8700574
v 0.0324468 0.9724929 0.8708158
v 0.0321710 0.9726997 0.8705401
v 0.0282414 0.9729754 0.8666104
v 0.0279657 0.9731133 0.8663347
v 0.0281725 0.9731133 0.8655763
v 0.0283104 0.9731133 0.8630944
v 0.0282414 0.9731133 0.8391722
v -0.0327707 0.9615314 -0.0824207
v -0.0344942 0.9600836 -0.0825586
v -0.0315987 0.9614624 -0.0824207
v -0.0332532 0.9600147 -0.0825586
v -0.0309782 0.9599457 -0.0825586
v -0.0294615 0.9613935 -0.0824207
v -0.0259456 0.9613935 -0.0824207
v -0.0273244 0.9599457 -0.0825586
v -0.0209819 0.9613935 -0.0824207
v -0.0220849 0.9599457 -0.0825586
v -0.0147773 0.9613935 -0.0824207
v -0.0155356 0.9599457 -0.0825586
v -0.0080211 0.9599457 -0.0825586
v -0.0076075 0.9613935 -0.0824207
v -0.0000241 0.9613935 -0.0824207
v -0.0000241 0.9599457 -0.0825586
v 0.0081798 0.9596010 -0.0826965
v -0.0000241 0.9596010 -0.0826965
v -0.0081590 0.9596010 -0.0826965
v -0.0158114 0.9596010 -0.0826965
v -0.0224296 0.9596010 -0.0826965
v -0.0277380 0.9596010 -0.0826965
v -0.0313919 0.9596010 -0.0826965
v -0.0337358 0.9596700 -0.0826965
v -0.0349767 0.9597389 -0.0826965
v -0.0355283 0.9598768 -0.0826965
v -0.0350457 0.9602904 -0.0825586
v -0.0333222 0.9616692 -0.0824207
v -0.0330464 0.9618761 -0.0822139
v -0.0324949 0.9617382 -0.0822139
v -0.0313919 0.9616692 -0.0822139
v -0.0292547 0.9616003 -0.0822139
v -0.0258077 0.9616003 -0.0822139
v -0.0209129 0.9616003 -0.0822139
v -0.0147083 0.9616003 -0.0822139
v -0.0076075 0.9616003 -0.0822139
v -0.0000241 0.9616003 -0.0822139
v 0.0327915 0.9615314 -0.0824207
v 0.0316195 0.9614624 -0.0824207
v 0.0345150 0.9600836 -0.0825586
v 0.0332741 0.9600147 -0.0825586
v 0.0309301 0.9599457 -0.0825586
v 0.0294134 0.9613935 -0.0824207
v 0.0259664 0.9613935 -0.0824207
v 0.0273452 0.9599457 -0.0825586
v 0.0221058 0.9599457 -0.0825586
v 0.0210027 0.9613935 -0.0824207
v 0.0147292 0.9616003 -0.0822139
v 0.0208648 0.9616003 -0.0822139
v 0.0258285 0.9616003 -0.0822139
v 0.0292066 0.9616003 -0.0822139
v 0.0313437 0.9616692 -0.0822139
v 0.0325157 0.9617382 -0.0822139
v 0.0330673 0.9618761 -0.0822139
v 0.0333430 0.9616692 -0.0824207
v 0.0350665 0.9602904 -0.0825586
v 0.0355491 0.9598768 -0.0826965
v 0.0349286 0.9597389 -0.0826965
v 0.0336877 0.9596700 -0.0826965
v 0.0314127 0.9596010 -0.0826965
v 0.0277589 0.9596010 -0.0826965
v 0.0224505 0.9596010 -0.0826965
v 0.0157633 0.9596010 -0.0826965
v 0.0155564 0.9599457 -0.0825586
v 0.0147981 0.9613935 -0.0824207
v 0.0075594 0.9616003 -0.0822139
v 0.0076283 0.9613935 -0.0824207
v 0.0080419 0.9599457 -0.0825586
v 0.0331362 0.9721482 -0.0816624
v 0.0330673 0.9721482 -0.0793184
v 0.0331362 0.9624965 -0.0816624
v 0.0329983 0.9625655 -0.0793184
v 0.0329983 0.9720792 -0.0551204
v 0.0329983 0.9625655 -0.0551204
v 0.0329294 0.9626344 0.8437911
v 0.0329294 0.9720792 0.8436533
v 0.0327915 0.9724929 0.8675755
v 0.0327915 0.9724929 0.8435154
v 0.0328604 0.9725618 -0.0551204
v 0.0328604 0.9725618 -0.0793184
v 0.0329983 0.9726307 -0.0817313
v 0.0331362 0.9728376 -0.0822828
v 0.0333430 0.9722171 -0.0822828
v 0.0332741 0.9623586 -0.0822139
v 0.0330673 0.9618761 -0.0822139
v 0.0328604 0.9620139 -0.0816624
v 0.0327915 0.9621518 -0.0793184
v 0.0327225 0.9621518 -0.0551204
v 0.0327225 0.9622208 0.8437911
v 0.0327225 0.9622208 0.8678513
v 0.0326536 0.9622897 0.8702642
v 0.0329294 0.9626344 0.8678513
v 0.0329294 0.9720792 0.8677135
v 0.0326536 0.9724929 0.8700574
v 0.0327915 0.9720792 0.8701954
v 0.0324468 0.9724929 0.8708158
v 0.0325847 0.9720792 0.8709536
v 0.0328604 0.9626344 0.8703332
v 0.0326536 0.9627033 0.8710226
v 0.0325847 0.9622897 0.8708848
v 0.0316195 0.9726997 0.8708158
v 0.0277589 0.9729754 0.8668172
v 0.0305165 0.9726997 0.8708848
v 0.0267247 0.9729754 0.8669551
v 0.0248634 0.9729754 0.8670241
v 0.0283793 0.9726997 0.8709536
v 0.0250702 0.9726997 0.8709536
v 0.0218989 0.9729754 0.8670241
v 0.0176246 0.9731133 0.8667483
v 0.0217611 0.9731133 0.8667483
v 0.0246565 0.9731133 0.8667483
v 0.0265179 0.9731133 0.8666794
v 0.0274831 0.9731133 0.8666104
v 0.0279657 0.9731133 0.8663347
v 0.0282414 0.9729754 0.8666104
v 0.0321710 0.9726997 0.8705401
v 0.0324468 0.9724929 0.8708158
v 0.0318953 0.9724929 0.8710915
v 0.0307922 0.9724929 0.8711605
v 0.0287240 0.9724929 0.8712295
v 0.0253459 0.9724929 0.8712295
v -0.0315987 0.9726997 0.8708158
v -0.0304956 0.9726997 0.8708848
v -0.0277380 0.9729754 0.8668172
v -0.0267039 0.9729754 0.8669551
v -0.0248425 0.9729754 0.8670241
v -0.0284274 0.9726997 0.8709536
v -0.0250494 0.9726997 0.8709536
v -0.0219470 0.9729754 0.8670241
v -0.0177417 0.9729754 0.8670241
v -0.0202925 0.9726997 0.8709536
v -0.0125022 0.9729754 0.8670241
v -0.0142947 0.9726997 0.8709536
v -0.0064355 0.9729754 0.8670241
v -0.0074007 0.9726997 0.8709536
v -0.0000241 0.9729754 0.8670241
v -0.0000241 0.9726997 0.8709536
v 0.0073525 0.9726997 0.8709536
v 0.0144534 0.9724929 0.8712295
v 0.0074215 0.9724929 0.8712295
v -0.0000241 0.9724929 0.8712295
v -0.0074696 0.9724929 0.8712295
v -0.0144326 0.9724929 0.8712295
v -0.0204993 0.9724929 0.8712295
v -0.0253251 0.9724929 0.8712295
v -0.0287032 0.9724929 0.8712295
v -0.0307714 0.9724929 0.8711605
v -0.0318744 0.9724929 0.8710915
v -0.0324260 0.9724929 0.8708158
v -0.0321502 0.9726997 0.8705401
v -0.0282206 0.9729754 0.8666104
v -0.0279448 0.9731133 0.8663347
v -0.0274623 0.9731133 0.8666104
v -0.0264971 0.9731133 0.8666794
v -0.0246357 0.9731133 0.8667483
v -0.0217402 0.9731133 0.8667483
v -0.0176038 0.9731133 0.8667483
v -0.0123644 0.9731133 0.8667483
v -0.0063666 0.9731133 0.8667483
v -0.0000241 0.9731133 0.8667483
v 0.0063874 0.9731133 0.8667483
v 0.0064563 0.9729754 0.8670241
v 0.0142466 0.9726997 0.8709536
v 0.0205201 0.9724929 0.8712295
v 0.0203133 0.9726997 0.8709536
v 0.0177625 0.9729754 0.8670241
v 0.0123852 0.9731133 0.8667483
v 0.0124541 0.9729754 0.8670241
v -0.0280827 0.9733891 0.8654384
v -0.0280827 0.9773876 0.8654384
v -0.0281517 0.9733891 0.8629566
v -0.0281517 0.9773876 0.8629566
v -0.0281517 0.9733891 0.8390343
v -0.0281517 0.9773876 0.8390343
v -0.0262213 0.9733891 -0.0552583
v -0.0262213 0.9733891 -0.0816624
v -0.0261524 0.9733891 -0.0793184
v -0.0262213 0.9773187 -0.0816624
v -0.0261524 0.9773187 -0.0793184
v -0.0262213 0.9773876 -0.0552583
v -0.0282895 0.9776634 0.8391722
v -0.0282895 0.9776634 0.8630944
v -0.0282206 0.9776634 0.8655763
v -0.0279448 0.9776634 0.8663347
v -0.0278070 0.9773876 0.8661967
v -0.0278070 0.9733891 0.8661967
v -0.0279448 0.9731133 0.8663347
v -0.0282206 0.9731133 0.8655763
v -0.0282895 0.9731133 0.8630944
v -0.0282895 0.9731133 0.8391722
v -0.0263592 0.9731133 -0.0552583
v -0.0262903 0.9731133 -0.0793184
v -0.0263592 0.9731823 -0.0815934
v -0.0264282 0.9732512 -0.0820760
v -0.0263592 0.9734580 -0.0821449
v -0.0263592 0.9773187 -0.0821449
v -0.0264282 0.9775255 -0.0820760
v -0.0263592 0.9775944 -0.0815934
v -0.0262903 0.9775944 -0.0793184
v -0.0263592 0.9775944 -0.0552583
v -0.0266350 0.9776634 -0.0816624
v -0.0266350 0.9777323 -0.0793184
v -0.0325638 0.9779391 -0.0816624
v -0.0325638 0.9780081 -0.0793184
v -0.0324949 0.9780081 -0.0551204
v -0.0266350 0.9777323 -0.0552583
v -0.0282895 0.9776634 0.8630944
v -0.0284964 0.9778013 0.8393790
v -0.0282895 0.9776634 0.8391722
v -0.0263592 0.9775944 -0.0552583
v -0.0262903 0.9775944 -0.0793184
v -0.0263592 0.9775944 -0.0815934
v -0.0264282 0.9775255 -0.0820760
v -0.0266350 0.9775944 -0.0821449
v -0.0326328 0.9777323 -0.0822828
v -0.0331843 0.9779391 -0.0822828
v -0.0329775 0.9780770 -0.0817313
v -0.0329085 0.9781460 -0.0793184
v -0.0328396 0.9782149 -0.0551204
v -0.0327707 0.9782149 0.8435154
v -0.0324949 0.9780770 0.8431707
v -0.0285653 0.9778013 0.8633013
v -0.0282206 0.9776634 0.8655763
v -0.0284274 0.9778013 0.8657831
v -0.0279448 0.9776634 0.8663347
v -0.0282206 0.9778013 0.8666104
v -0.0321502 0.9780770 0.8705401
v -0.0323570 0.9780770 0.8697127
v -0.0324260 0.9782149 0.8708158
v -0.0326328 0.9782149 0.8700574
v -0.0324949 0.9780770 0.8672308
v -0.0327707 0.9782149 0.8675755
v 0.0323778 0.9780770 0.8697127
v 0.0284483 0.9778013 0.8657831
v 0.0325157 0.9780770 0.8672308
v 0.0285172 0.9778013 0.8633013
v 0.0325157 0.9780770 0.8431707
v 0.0325847 0.9779391 -0.0816624
v 0.0325157 0.9780081 -0.0793184
v 0.0266558 0.9776634 -0.0816624
v 0.0266558 0.9777323 -0.0793184
v 0.0325157 0.9780081 -0.0551204
v 0.0266558 0.9777323 -0.0552583
v 0.0285172 0.9778013 0.8393790
v 0.0283104 0.9776634 0.8630944
v 0.0281725 0.9776634 0.8655763
v 0.0279657 0.9776634 0.8663347
v 0.0282414 0.9778013 0.8666104
v 0.0321710 0.9780770 0.8705401
v 0.0324468 0.9782149 0.8708158
v 0.0326536 0.9782149 0.8700574
v 0.0327915 0.9782149 0.8675755
v 0.0327915 0.9782149 0.8435154
v 0.0328604 0.9782149 -0.0551204
v 0.0328604 0.9781460 -0.0793184
v 0.0329983 0.9780770 -0.0817313
v 0.0331362 0.9779391 -0.0822828
v 0.0326536 0.9777323 -0.0822828
v 0.0266558 0.9775944 -0.0821449
v 0.0263800 0.9775255 -0.0820760
v 0.0263111 0.9775944 -0.0815934
v 0.0263111 0.9775944 -0.0793184
v 0.0263800 0.9775944 -0.0552583
v 0.0282414 0.9776634 0.8391722
v -0.0315987 0.9780770 0.8708158
v -0.0277380 0.9778013 0.8668172
v -0.0304956 0.9780770 0.8708848
v -0.0267039 0.9778013 0.8669551
v -0.0248425 0.9778013 0.8670241
v -0.0284274 0.9780770 0.8709536
v -0.0219470 0.9778013 0.8670241
v -0.0250494 0.9780770 0.8709536
v -0.0177417 0.9778013 0.8670241
v -0.0202925 0.9780770 0.8709536
v -0.0125022 0.9778013 0.8670241
v -0.0142947 0.9780770 0.8709536
v -0.0064355 0.9778013 0.8670241
v -0.0074007 0.9780770 0.8709536
v -0.0000241 0.9780770 0.8709536
v -0.0000241 0.9778013 0.8670241
v -0.0000241 0.9776634 0.8667483
v -0.0063666 0.9776634 0.8667483
v -0.0123644 0.9776634 0.8667483
v -0.0176038 0.9776634 0.8667483
v -0.0217402 0.9776634 0.8667483
v -0.0246357 0.9776634 0.8667483
v -0.0264971 0.9776634 0.8666794
v -0.0274623 0.9776634 0.8666104
v -0.0279448 0.9776634 0.8663347
v -0.0282206 0.9778013 0.8666104
v -0.0321502 0.9780770 0.8705401
v -0.0324260 0.9782149 0.8708158
v -0.0318744 0.9782149 0.8710915
v -0.0307714 0.9782149 0.8711605
v -0.0287032 0.9782149 0.8712295
v -0.0253251 0.9782149 0.8712295
v -0.0204993 0.9782149 0.8712295
v -0.0144326 0.9782149 0.8712295
v -0.0074696 0.9782149 0.8712295
v -0.0000241 0.9782149 0.8712295
v 0.0074215 0.9782149 0.8712295
v 0.0316195 0.9780770 0.8708158
v 0.0305165 0.9780770 0.8708848
v 0.0277589 0.9778013 0.8668172
v 0.0267247 0.9778013 0.8669551
v 0.0283793 0.9780770 0.8709536
v 0.0248634 0.9778013 0.8670241
v 0.0250702 0.9780770 0.8709536
v 0.0218989 0.9778013 0.8670241
v 0.0177625 0.9778013 0.8670241
v 0.0203133 0.9780770 0.8709536
v 0.0205201 0.9782149 0.8712295
v 0.0253459 0.9782149 0.8712295
v 0.0287240 0.9782149 0.8712295
v 0.0307922 0.9782149 0.8711605
v 0.0318953 0.9782149 0.8710915
v 0.0324468 0.9782149 0.8708158
v 0.0321710 0.9780770 0.8705401
v 0.0282414 0.9778013 0.8666104
v 0.0279657 0.9776634 0.8663347
v 0.0274831 0.9776634 0.8666104
v 0.0265179 0.9776634 0.8666794
v 0.0246565 0.9776634 0.8667483
v 0.0217611 0.9776634 0.8667483
v 0.0176246 0.9776634 0.8667483
v 0.0123852 0.9776634 0.8667483
v 0.0063874 0.9776634 0.8667483
v 0.0124541 0.9778013 0.8670241
v 0.0142466 0.9780770 0.8709536
v 0.0144534 0.9782149 0.8712295
v 0.0073525 0.9780770 0.8709536
v 0.0064563 0.9778013 0.8670241
v 0.0281725 0.9773876 0.8629566
v 0.0280346 0.9773876 0.8654384
v 0.0281725 0.9733891 0.8629566
v 0.0280346 0.9733891 0.8654384
v 0.0283104 0.9731133 0.8630944
v 0.0281725 0.9731133 0.8655763
v 0.0279657 0.9731133 0.8663347
v 0.0278278 0.9733891 0.8661967
v 0.0278278 0.9773876 0.8661967
v 0.0279657 0.9776634 0.8663347
v 0.0281725 0.9776634 0.8655763
v 0.0283104 0.9776634 0.8630944
v 0.0282414 0.9776634 0.8391722
v 0.0262422 0.9733891 -0.0816624
v 0.0262422 0.9773187 -0.0816624
v 0.0261732 0.9733891 -0.0793184
v 0.0261732 0.9773187 -0.0793184
v 0.0263111 0.9775944 -0.0793184
v 0.0263111 0.9775944 -0.0815934
v 0.0263800 0.9775255 -0.0820760
v 0.0263111 0.9773187 -0.0821449
v 0.0263111 0.9734580 -0.0821449
v 0.0263800 0.9732512 -0.0820760
v 0.0263111 0.9731823 -0.0815934
v 0.0263111 0.9731133 -0.0793184
v 0.0263800 0.9731133 -0.0552583
v 0.0282414 0.9731133 0.8391722
v 0.0261732 0.9733891 -0.0552583
v 0.0261732 0.9773876 -0.0552583
v 0.0263800 0.9775944 -0.0552583
v 0.0281036 0.9773876 0.8390343
v 0.0281036 0.9733891 0.8390343
v 0.0320331 0.9786285 0.8712295
v 0.0321710 0.9880733 0.8712295
v 0.0309301 0.9786285 0.8712983
v 0.0310680 0.9880733 0.8712983
v 0.0288619 0.9786285 0.8713673
v 0.0289998 0.9881423 0.8713673
v 0.0254838 0.9786285 0.8713673
v 0.0256217 0.9881423 0.8713673
v 0.0256217 0.9885559 0.8710915
v 0.0289998 0.9885559 0.8710915
v 0.0310680 0.9885559 0.8710915
v 0.0321710 0.9884870 0.8710226
v 0.0325847 0.9884180 0.8708848
v 0.0326536 0.9880733 0.8710226
v 0.0325847 0.9786285 0.8709536
v 0.0324468 0.9782149 0.8708158
v 0.0318953 0.9782149 0.8710915
v 0.0307922 0.9782149 0.8711605
v 0.0287240 0.9782149 0.8712295
v 0.0253459 0.9782149 0.8712295
v 0.0205201 0.9782149 0.8712295
v -0.0320813 0.9786285 0.8712295
v -0.0309093 0.9786285 0.8712983
v -0.0321502 0.9880733 0.8712295
v -0.0311161 0.9880733 0.8712983
v -0.0288411 0.9786285 0.8713673
v -0.0289789 0.9881423 0.8713673
v -0.0256009 0.9881423 0.8713673
v -0.0254630 0.9786285 0.8713673
v -0.0207751 0.9881423 0.8713673
v -0.0206372 0.9786285 0.8713673
v -0.0145015 0.9786285 0.8713673
v -0.0146394 0.9881423 0.8713673
v -0.0075385 0.9881423 0.8713673
v -0.0074696 0.9786285 0.8713673
v -0.0000241 0.9786285 0.8713673
v -0.0000241 0.9881423 0.8713673
v 0.0075594 0.9881423 0.8713673
v 0.0074904 0.9786285 0.8713673
v 0.0074215 0.9782149 0.8712295
v -0.0000241 0.9782149 0.8712295
v -0.0074696 0.9782149 0.8712295
v -0.0144326 0.9782149 0.8712295
v -0.0204993 0.9782149 0.8712295
v -0.0253251 0.9782149 0.8712295
v -0.0287032 0.9782149 0.8712295
v -0.0307714 0.9782149 0.8711605
v -0.0318744 0.9782149 0.8710915
v -0.0324260 0.9782149 0.8708158
v -0.0325638 0.9786285 0.8709536
v -0.0326328 0.9880733 0.8710226
v -0.0325638 0.9884180 0.8708848
v -0.0321502 0.9884870 0.8710226
v -0.0310472 0.9885559 0.8710915
v -0.0289789 0.9885559 0.8710915
v -0.0256009 0.9885559 0.8710915
v -0.0207751 0.9885559 0.8710915
v -0.0146394 0.9885559 0.8710915
v -0.0075385 0.9885559 0.8710915
v -0.0000241 0.9885559 0.8710915
v 0.0075594 0.9885559 0.8710915
v 0.0145913 0.9885559 0.8710915
v 0.0207270 0.9885559 0.8710915
v 0.0145913 0.9881423 0.8713673
v 0.0145223 0.9786285 0.8713673
v 0.0144534 0.9782149 0.8712295
v 0.0206580 0.9786285 0.8713673
v 0.0207270 0.9881423 0.8713673
v -0.0369760 0.9732512 -0.1191658
v -0.0369760 0.9775255 -0.1191658
v -0.0378033 0.9732512 -0.1395721
v -0.0378033 0.9775255 -0.1395721
v -0.0397336 0.9775255 -0.1566693
v -0.0397336 0.9732512 -0.1566693
v -0.0423534 0.9776634 -0.1698369
v -0.0423534 0.9731133 -0.1698369
v -0.0451110 0.9778013 -0.1800401
v -0.0451110 0.9729754 -0.1800401
v -0.0475928 0.9728376 -0.1890712
v -0.0475928 0.9778702 -0.1890712
v -0.0493853 0.9727686 -0.1984471
v -0.0493853 0.9779391 -0.1984471
v -0.0500057 0.9726997 -0.2081677
v -0.0500057 0.9780081 -0.2081677
v -0.0489027 0.9780770 -0.2179572
v -0.0489027 0.9726997 -0.2179572
v -0.0460761 0.9780770 -0.2272641
v -0.0460761 0.9726307 -0.2272641
v -0.0414571 0.9780770 -0.2358816
v -0.0414571 0.9726307 -0.2358816
v -0.0352525 0.9726307 -0.2434651
v -0.0352525 0.9780770 -0.2434651
v -0.0277380 0.9780770 -0.2496697
v -0.0277380 0.9726307 -0.2496697
v -0.0190516 0.9780770 -0.2542887
v -0.0190516 0.9726307 -0.2542887
v -0.0097446 0.9726307 -0.2571152
v -0.0097446 0.9780770 -0.2571152
v -0.0000241 0.9726307 -0.2580804
v -0.0000241 0.9780770 -0.2580804
v 0.0096965 0.9780770 -0.2571152
v 0.0096965 0.9726307 -0.2571152
v 0.0190724 0.9780770 -0.2542887
v 0.0190724 0.9726307 -0.2542887
v 0.0276899 0.9726307 -0.2496697
v 0.0276899 0.9780770 -0.2496697
v 0.0352733 0.9726307 -0.2434651
v 0.0352733 0.9780770 -0.2434651
v 0.0414780 0.9780770 -0.2358816
v 0.0414780 0.9726307 -0.2358816
v 0.0460969 0.9726307 -0.2272641
v 0.0460969 0.9780770 -0.2272641
v 0.0489235 0.9726997 -0.2179572
v 0.0489235 0.9780770 -0.2179572
v 0.0500265 0.9726997 -0.2081677
v 0.0500265 0.9780081 -0.2081677
v 0.0494061 0.9779391 -0.1984471
v 0.0494061 0.9727686 -0.1984471
v 0.0475447 0.9778702 -0.1890712
v 0.0475447 0.9728376 -0.1890712
v 0.0450628 0.9778013 -0.1800401
v 0.0450628 0.9729754 -0.1800401
v 0.0423742 0.9731133 -0.1698369
v 0.0423742 0.9776634 -0.1698369
v 0.0397545 0.9732512 -0.1566693
v 0.0397545 0.9775255 -0.1566693
v 0.0377552 0.9732512 -0.1395721
v 0.0377552 0.9775255 -0.1395721
v 0.0369279 0.9732512 -0.1191658
v 0.0369279 0.9775255 -0.1191658
v 0.0369279 0.9780081 -0.1191658
v 0.0377552 0.9780770 -0.1395721
v 0.0397545 0.9780770 -0.1566693
v 0.0423742 0.9782838 -0.1698369
v 0.0450628 0.9784217 -0.1800401
v 0.0475447 0.9785596 -0.1890712
v 0.0494061 0.9786285 -0.1984471
v 0.0500265 0.9786975 -0.2081677
v 0.0489235 0.9787664 -0.2179572
v 0.0460969 0.9788354 -0.2272641
v 0.0414780 0.9788354 -0.2358816
v 0.0352733 0.9788354 -0.2434651
v 0.0276899 0.9788354 -0.2496697
v 0.0190724 0.9788354 -0.2542887
v 0.0096965 0.9788354 -0.2571152
v -0.0000241 0.9788354 -0.2580804
v -0.0097446 0.9788354 -0.2571152
v -0.0190516 0.9788354 -0.2542887
v -0.0277380 0.9788354 -0.2496697
v -0.0352525 0.9788354 -0.2434651
v -0.0414571 0.9788354 -0.2358816
v -0.0460761 0.9788354 -0.2272641
v -0.0489027 0.9787664 -0.2179572
v -0.0500057 0.9786975 -0.2081677
v -0.0493853 0.9786285 -0.1984471
v -0.0475928 0.9785596 -0.1890712
v -0.0451110 0.9784217 -0.1800401
v -0.0423534 0.9782838 -0.1698369
v -0.0397336 0.9780770 -0.1566693
v -0.0378033 0.9780770 -0.1395721
v -0.0369760 0.9780081 -0.1191658
v -0.0365624 0.9779391 -0.0906935
v -0.0365624 0.9775255 -0.0906935
v -0.0365624 0.9732512 -0.0906935
v -0.0365624 0.9727686 -0.0906935
v -0.0369760 0.9727686 -0.1191658
v -0.0378033 0.9726997 -0.1395721
v -0.0397336 0.9726307 -0.1566693
v -0.0423534 0.9724929 -0.1698369
v -0.0451110 0.9723550 -0.1800401
v -0.0475928 0.9722171 -0.1890712
v -0.0493853 0.9720792 -0.1984471
v -0.0500057 0.9720103 -0.2081677
v -0.0489027 0.9719413 -0.2179572
v -0.0460761 0.9719413 -0.2272641
v -0.0414571 0.9719413 -0.2358816
v -0.0352525 0.9719413 -0.2434651
v -0.0277380 0.9719413 -0.2496697
v -0.0190516 0.9719413 -0.2542887
v -0.0097446 0.9719413 -0.2571152
v -0.0000241 0.9719413 -0.2580804
v 0.0096965 0.9719413 -0.2571152
v 0.0190724 0.9719413 -0.2542887
v 0.0276899 0.9719413 -0.2496697
v 0.0352733 0.9719413 -0.2434651
v 0.0414780 0.9719413 -0.2358816
v 0.0460969 0.9719413 -0.2272641
v 0.0489235 0.9719413 -0.2179572
v 0.0500265 0.9720103 -0.2081677
v 0.0494061 0.9720792 -0.1984471
v 0.0475447 0.9722171 -0.1890712
v 0.0450628 0.9723550 -0.1800401
v 0.0423742 0.9724929 -0.1698369
v 0.0397545 0.9726307 -0.1566693
v 0.0377552 0.9726997 -0.1395721
v 0.0369279 0.9727686 -0.1191658
v 0.0365143 0.9727686 -0.0906935
v 0.0365143 0.9732512 -0.0906935
v 0.0365143 0.9775255 -0.0906935
v 0.0365143 0.9779391 -0.0906935
v 0.0365143 0.9785596 -0.0906935
v 0.0369279 0.9786285 -0.1191658
v 0.0377552 0.9786285 -0.1395721
v 0.0397545 0.9786285 -0.1566693
v 0.0423742 0.9789043 -0.1698369
v 0.0450628 0.9790422 -0.1800401
v 0.0475447 0.9791801 -0.1890712
v 0.0494061 0.9793179 -0.1984471
v 0.0500265 0.9794558 -0.2081677
v 0.0489235 0.9794558 -0.2179572
v 0.0460969 0.9795248 -0.2272641
v 0.0414780 0.9795248 -0.2358816
v 0.0352733 0.9795248 -0.2434651
v 0.0276899 0.9795248 -0.2496697
v 0.0190724 0.9795248 -0.2542887
v 0.0096965 0.9795248 -0.2571152
v -0.0000241 0.9795248 -0.2580804
v -0.0097446 0.9795248 -0.2571152
v -0.0190516 0.9795248 -0.2542887
v -0.0277380 0.9795248 -0.2496697
v -0.0352525 0.9795248 -0.2434651
v -0.0414571 0.9795248 -0.2358816
v -0.0460761 0.9795248 -0.2272641
v -0.0489027 0.9794558 -0.2179572
v -0.0500057 0.9794558 -0.2081677
v -0.0493853 0.9793179 -0.1984471
v -0.0475928 0.9791801 -0.1890712
v -0.0451110 0.9790422 -0.1800401
v -0.0423534 0.9789043 -0.1698369
v -0.0397336 0.9786285 -0.1566693
v -0.0378033 0.9786285 -0.1395721
v -0.0369760 0.9786285 -0.1191658
v -0.0365624 0.9785596 -0.0906935
v -0.0363556 0.9785596 -0.0838685
v -0.0363556 0.9779391 -0.0838685
v -0.0363556 0.9775255 -0.0838685
v -0.0363556 0.9732512 -0.0838685
v -0.0363556 0.9727686 -0.0838685
v -0.0363556 0.9721482 -0.0838685
v -0.0365624 0.9721482 -0.0906935
v -0.0369760 0.9720792 -0.1191658
v -0.0378033 0.9720792 -0.1395721
v -0.0397336 0.9720792 -0.1566693
v -0.0423534 0.9718724 -0.1698369
v -0.0451110 0.9716656 -0.1800401
v -0.0475928 0.9715277 -0.1890712
v -0.0493853 0.9713898 -0.1984471
v -0.0500057 0.9713209 -0.2081677
v -0.0489027 0.9712519 -0.2179572
v -0.0460761 0.9712519 -0.2272641
v -0.0414571 0.9711830 -0.2358816
v -0.0352525 0.9711830 -0.2434651
v -0.0277380 0.9711830 -0.2496697
v -0.0190516 0.9711830 -0.2542887
v -0.0097446 0.9711830 -0.2571152
v -0.0000241 0.9711830 -0.2580804
v 0.0096965 0.9711830 -0.2571152
v 0.0190724 0.9711830 -0.2542887
v 0.0276899 0.9711830 -0.2496697
v 0.0352733 0.9711830 -0.2434651
v 0.0414780 0.9711830 -0.2358816
v 0.0460969 0.9712519 -0.2272641
v 0.0489235 0.9712519 -0.2179572
v 0.0500265 0.9713209 -0.2081677
v 0.0494061 0.9713898 -0.1984471
v 0.0475447 0.9715277 -0.1890712
v 0.0450628 0.9716656 -0.1800401
v 0.0423742 0.9718724 -0.1698369
v 0.0397545 0.9720792 -0.1566693
v 0.0377552 0.9720792 -0.1395721
v 0.0369279 0.9720792 -0.1191658
v 0.0365143 0.9721482 -0.0906935
v 0.0363764 0.9721482 -0.0838685
v 0.0363764 0.9727686 -0.0838685
v 0.0363764 0.9732512 -0.0838685
v 0.0363764 0.9775255 -0.0838685
v 0.0363764 0.9779391 -0.0838685
v 0.0363764 0.9785596 -0.0838685
v 0.0362385 0.9906241 -0.0838685
v 0.0363764 0.9905552 -0.0906935
v 0.0367900 0.9900726 -0.1191658
v 0.0377552 0.9902105 -0.1395721
v 0.0397545 0.9909688 -0.1566693
v 0.0423742 0.9920029 -0.1698369
v 0.0450628 0.9928992 -0.1800401
v 0.0475447 0.9935886 -0.1890712
v 0.0494061 0.9941401 -0.1984471
v 0.0500265 0.9946227 -0.2081677
v 0.0489235 0.9948984 -0.2179572
v 0.0460969 0.9951052 -0.2272641
v 0.0414780 0.9951742 -0.2358816
v 0.0352733 0.9951742 -0.2434651
v 0.0276899 0.9951742 -0.2496697
v 0.0190724 0.9951742 -0.2542887
v 0.0096965 0.9951742 -0.2571152
v -0.0000241 0.9951742 -0.2580804
v -0.0097446 0.9951742 -0.2571152
v -0.0190516 0.9951742 -0.2542887
v -0.0277380 0.9951742 -0.2496697
v -0.0352525 0.9951742 -0.2434651
v -0.0414571 0.9951742 -0.2358816
v -0.0460761 0.9951052 -0.2272641
v -0.0489027 0.9948984 -0.2179572
v -0.0500057 0.9946227 -0.2081677
v -0.0493853 0.9941401 -0.1984471
v -0.0475928 0.9935886 -0.1890712
v -0.0451110 0.9928992 -0.1800401
v -0.0423534 0.9920029 -0.1698369
v -0.0397336 0.9909688 -0.1566693
v -0.0378033 0.9902105 -0.1395721
v -0.0368381 0.9900726 -0.1191658
v -0.0363556 0.9905552 -0.0906935
v -0.0362177 0.9906241 -0.0838685
v -0.0360798 0.9905552 -0.0830412
v -0.0362177 0.9785596 -0.0830412
v -0.0362177 0.9779391 -0.0830412
v -0.0362177 0.9775255 -0.0830412
v -0.0362177 0.9732512 -0.0830412
v -0.0362177 0.9727686 -0.0830412
v -0.0362177 0.9721482 -0.0830412
v -0.0360798 0.9602215 -0.0830412
v -0.0362177 0.9600836 -0.0838685
v -0.0363556 0.9601526 -0.0906935
v -0.0368381 0.9606351 -0.1191658
v -0.0378033 0.9605662 -0.1395721
v -0.0397336 0.9598079 -0.1566693
v -0.0423534 0.9587738 -0.1698369
v -0.0451110 0.9578775 -0.1800401
v -0.0475928 0.9571881 -0.1890712
v -0.0493853 0.9565677 -0.1984471
v -0.0500057 0.9561540 -0.2081677
v -0.0489027 0.9558783 -0.2179572
v -0.0460761 0.9556714 -0.2272641
v -0.0414571 0.9556025 -0.2358816
v -0.0352525 0.9555336 -0.2434651
v -0.0277380 0.9555336 -0.2496697
v -0.0190516 0.9555336 -0.2542887
v -0.0097446 0.9555336 -0.2571152
v -0.0000241 0.9555336 -0.2580804
v 0.0096965 0.9555336 -0.2571152
v 0.0190724 0.9555336 -0.2542887
v 0.0276899 0.9555336 -0.2496697
v 0.0352733 0.9555336 -0.2434651
v 0.0414780 0.9556025 -0.2358816
v 0.0460969 0.9556714 -0.2272641
v 0.0489235 0.9558783 -0.2179572
v 0.0500265 0.9561540 -0.2081677
v 0.0494061 0.9565677 -0.1984471
v 0.0475447 0.9571881 -0.1890712
v 0.0450628 0.9578775 -0.1800401
v 0.0423742 0.9587738 -0.1698369
v 0.0397545 0.9598079 -0.1566693
v 0.0377552 0.9605662 -0.1395721
v 0.0367900 0.9606351 -0.1191658
v 0.0363764 0.9601526 -0.0906935
v 0.0362385 0.9600836 -0.0838685
v 0.0360317 0.9602215 -0.0830412
v 0.0362385 0.9721482 -0.0830412
v 0.0362385 0.9727686 -0.0830412
v 0.0362385 0.9732512 -0.0830412
v 0.0362385 0.9775255 -0.0830412
v 0.0362385 0.9779391 -0.0830412
v 0.0362385 0.9785596 -0.0830412
v 0.0360317 0.9905552 -0.0830412
v 0.0357559 0.9903484 -0.0826965
v 0.0355491 0.9908310 -0.0826965
v 0.0358249 0.9910378 -0.0830412
v 0.0359627 0.9911757 -0.0838685
v 0.0361696 0.9911757 -0.0906935
v 0.0365832 0.9909688 -0.1190969
v 0.0376173 0.9911757 -0.1395032
v 0.0396166 0.9920029 -0.1566004
v 0.0422363 0.9930370 -0.1697680
v 0.0449939 0.9940022 -0.1800401
v 0.0475447 0.9948295 -0.1890712
v 0.0494061 0.9955189 -0.1984471
v 0.0500265 0.9960704 -0.2081677
v 0.0489235 0.9964151 -0.2179572
v 0.0460280 0.9966219 -0.2272641
v 0.0414780 0.9967598 -0.2358816
v 0.0352733 0.9968287 -0.2434651
v 0.0276899 0.9968287 -0.2496697
v 0.0190724 0.9968287 -0.2542887
v 0.0096965 0.9968287 -0.2571152
v -0.0000241 0.9968287 -0.2580804
v -0.0097446 0.9968287 -0.2571152
v -0.0190516 0.9968287 -0.2542887
v -0.0277380 0.9968287 -0.2496697
v -0.0352525 0.9968287 -0.2434651
v -0.0414571 0.9967598 -0.2358816
v -0.0460761 0.9966219 -0.2272641
v -0.0489027 0.9964151 -0.2179572
v -0.0500057 0.9960704 -0.2081677
v -0.0493853 0.9955189 -0.1984471
v -0.0475239 0.9948295 -0.1890712
v -0.0450420 0.9940022 -0.1800401
v -0.0422155 0.9930370 -0.1697680
v -0.0395957 0.9920029 -0.1566004
v -0.0375965 0.9911757 -0.1395032
v -0.0365624 0.9909688 -0.1190969
v -0.0361487 0.9911757 -0.0906935
v -0.0360108 0.9911757 -0.0838685
v -0.0358040 0.9910378 -0.0830412
v -0.0355283 0.9908310 -0.0826965
v -0.0358040 0.9903484 -0.0826965
v -0.0359419 0.9785596 -0.0826965
v -0.0359419 0.9779391 -0.0826965
v -0.0359419 0.9775255 -0.0826965
v -0.0359419 0.9732512 -0.0826965
v -0.0359419 0.9727686 -0.0826965
v -0.0359419 0.9721482 -0.0826965
v -0.0358040 0.9604283 -0.0826965
v -0.0355283 0.9598768 -0.0826965
v -0.0358040 0.9596700 -0.0830412
v -0.0360108 0.9596010 -0.0838685
v -0.0361487 0.9596010 -0.0906935
v -0.0365624 0.9598079 -0.1190969
v -0.0375965 0.9595321 -0.1395032
v -0.0395957 0.9587738 -0.1566004
v -0.0422155 0.9577396 -0.1697680
v -0.0450420 0.9567745 -0.1800401
v -0.0475239 0.9559472 -0.1890712
v -0.0493853 0.9552578 -0.1984471
v -0.0500057 0.9547063 -0.2081677
v -0.0489027 0.9542926 -0.2179572
v -0.0460761 0.9540858 -0.2272641
v -0.0414571 0.9540169 -0.2358816
v -0.0352525 0.9539479 -0.2434651
v -0.0277380 0.9539479 -0.2496697
v -0.0190516 0.9539479 -0.2542887
v -0.0097446 0.9539479 -0.2571152
v -0.0000241 0.9539479 -0.2580804
v 0.0096965 0.9539479 -0.2571152
v 0.0190724 0.9539479 -0.2542887
v 0.0276899 0.9539479 -0.2496697
v 0.0352733 0.9539479 -0.2434651
v 0.0414780 0.9540169 -0.2358816
v 0.0460280 0.9540858 -0.2272641
v 0.0489235 0.9542926 -0.2179572
v 0.0500265 0.9547063 -0.2081677
v 0.0494061 0.9552578 -0.1984471
v 0.0475447 0.9559472 -0.1890712
v 0.0449939 0.9567745 -0.1800401
v 0.0422363 0.9577396 -0.1697680
v 0.0396166 0.9587738 -0.1566004
v 0.0376173 0.9595321 -0.1395032
v 0.0365832 0.9598079 -0.1190969
v 0.0361696 0.9596010 -0.0906935
v 0.0359627 0.9596010 -0.0838685
v 0.0358249 0.9596700 -0.0830412
v 0.0355491 0.9598768 -0.0826965
v 0.0357559 0.9604283 -0.0826965
v 0.0359627 0.9721482 -0.0826965
v 0.0359627 0.9727686 -0.0826965
v 0.0359627 0.9732512 -0.0826965
v 0.0359627 0.9775255 -0.0826965
v 0.0359627 0.9779391 -0.0826965
v 0.0359627 0.9785596 -0.0826965
v 0.0273452 0.9733891 0.8664725
v 0.0273452 0.9773876 0.8664725
v 0.0263800 0.9733891 0.8665414
v 0.0263800 0.9773876 0.8665414
v 0.0245876 0.9773876 0.8666104
v 0.0245876 0.9733891 0.8666104
v 0.0216921 0.9733891 0.8666104
v 0.0216921 0.9773876 0.8666104
v 0.0217611 0.9776634 0.8667483
v 0.0246565 0.9776634 0.8667483
v 0.0265179 0.9776634 0.8666794
v 0.0274831 0.9776634 0.8666104
v 0.0279657 0.9776634 0.8663347
v 0.0278278 0.9773876 0.8661967
v 0.0278278 0.9733891 0.8661967
v 0.0279657 0.9731133 0.8663347
v 0.0274831 0.9731133 0.8666104
v 0.0265179 0.9731133 0.8666794
v 0.0246565 0.9731133 0.8667483
v 0.0217611 0.9731133 0.8667483
v -0.0273933 0.9733891 0.8664725
v -0.0263592 0.9733891 0.8665414
v -0.0273933 0.9773876 0.8664725
v -0.0263592 0.9773876 0.8665414
v -0.0245668 0.9773876 0.8666104
v -0.0245668 0.9733891 0.8666104
v -0.0216713 0.9733891 0.8666104
v -0.0216713 0.9773876 0.8666104
v -0.0175349 0.9773876 0.8666104
v -0.0175349 0.9733891 0.8666104
v -0.0123644 0.9773876 0.8666104
v -0.0123644 0.9733891 0.8666104
v -0.0063666 0.9773876 0.8666104
v -0.0063666 0.9733891 0.8666104
v -0.0000241 0.9773876 0.8666104
v -0.0000241 0.9733891 0.8666104
v 0.0063874 0.9733891 0.8666104
v 0.0123852 0.9731133 0.8667483
v 0.0063874 0.9731133 0.8667483
v -0.0000241 0.9731133 0.8667483
v -0.0063666 0.9731133 0.8667483
v -0.0123644 0.9731133 0.8667483
v -0.0176038 0.9731133 0.8667483
v -0.0217402 0.9731133 0.8667483
v -0.0246357 0.9731133 0.8667483
v -0.0264971 0.9731133 0.8666794
v -0.0274623 0.9731133 0.8666104
v -0.0279448 0.9731133 0.8663347
v -0.0278070 0.9733891 0.8661967
v -0.0278070 0.9773876 0.8661967
v -0.0279448 0.9776634 0.8663347
v -0.0274623 0.9776634 0.8666104
v -0.0264971 0.9776634 0.8666794
v -0.0246357 0.9776634 0.8667483
v -0.0217402 0.9776634 0.8667483
v -0.0176038 0.9776634 0.8667483
v -0.0123644 0.9776634 0.8667483
v -0.0063666 0.9776634 0.8667483
v -0.0000241 0.9776634 0.8667483
v 0.0063874 0.9776634 0.8667483
v 0.0123852 0.9776634 0.8667483
v 0.0063874 0.9773876 0.8666104
v 0.0123162 0.9733891 0.8666104
v 0.0176246 0.9731133 0.8667483
v 0.0175557 0.9733891 0.8666104
v 0.0175557 0.9773876 0.8666104
v 0.0176246 0.9776634 0.8667483
v 0.0123162 0.9773876 0.8666104
v 0.0266558 0.9773187 -0.0822828
v 0.0266558 0.9733891 -0.0822828
v 0.0326536 0.9774565 -0.0824207
v 0.0326536 0.9733201 -0.0824207
v 0.0332051 0.9775255 -0.0824207
v 0.0332051 0.9732512 -0.0824207
v 0.0336188 0.9621518 -0.0824207
v 0.0353423 0.9607730 -0.0825586
v 0.0336877 0.9722171 -0.0824207
v 0.0355491 0.9721482 -0.0825586
v 0.0336188 0.9727686 -0.0824207
v 0.0355491 0.9727686 -0.0825586
v 0.0336188 0.9732512 -0.0824896
v 0.0355491 0.9732512 -0.0825586
v 0.0359627 0.9775255 -0.0826965
v 0.0359627 0.9732512 -0.0826965
v 0.0359627 0.9727686 -0.0826965
v 0.0359627 0.9721482 -0.0826965
v 0.0357559 0.9604283 -0.0826965
v 0.0355491 0.9598768 -0.0826965
v 0.0350665 0.9602904 -0.0825586
v 0.0333430 0.9616692 -0.0824207
v 0.0330673 0.9618761 -0.0822139
v 0.0332741 0.9623586 -0.0822139
v 0.0333430 0.9722171 -0.0822828
v 0.0331362 0.9728376 -0.0822828
v 0.0326536 0.9729754 -0.0822828
v 0.0266558 0.9731823 -0.0821449
v 0.0263800 0.9732512 -0.0820760
v 0.0263111 0.9734580 -0.0821449
v 0.0263111 0.9773187 -0.0821449
v 0.0263800 0.9775255 -0.0820760
v 0.0266558 0.9775944 -0.0821449
v 0.0326536 0.9777323 -0.0822828
v 0.0331362 0.9779391 -0.0822828
v 0.0353423 0.9900037 -0.0825586
v 0.0336188 0.9886249 -0.0824207
v 0.0355491 0.9785596 -0.0825586
v 0.0336877 0.9785596 -0.0824207
v 0.0333430 0.9785596 -0.0822828
v 0.0332741 0.9884180 -0.0822139
v 0.0330673 0.9888317 -0.0822139
v 0.0333430 0.9890385 -0.0824207
v 0.0350665 0.9904862 -0.0825586
v 0.0355491 0.9908310 -0.0826965
v 0.0357559 0.9903484 -0.0826965
v 0.0359627 0.9785596 -0.0826965
v 0.0359627 0.9779391 -0.0826965
v 0.0355491 0.9779391 -0.0825586
v 0.0336188 0.9779391 -0.0824207
v 0.0336188 0.9775255 -0.0824896
v 0.0355491 0.9775255 -0.0825586
v -0.0327707 0.9892453 -0.0824207
v -0.0315987 0.9893143 -0.0824207
v -0.0344942 0.9906241 -0.0825586
v -0.0332532 0.9907620 -0.0825586
v -0.0309782 0.9907620 -0.0825586
v -0.0294615 0.9893832 -0.0824207
v -0.0273244 0.9907620 -0.0825586
v -0.0259456 0.9893832 -0.0824207
v -0.0220849 0.9907620 -0.0825586
v -0.0209819 0.9893832 -0.0824207
v -0.0155356 0.9907620 -0.0825586
v -0.0147773 0.9893832 -0.0824207
v -0.0076075 0.9893832 -0.0824207
v -0.0080211 0.9907620 -0.0825586
v -0.0000241 0.9907620 -0.0825586
v -0.0000241 0.9893832 -0.0824207
v 0.0076283 0.9893832 -0.0824207
v 0.0080419 0.9907620 -0.0825586
v 0.0155564 0.9907620 -0.0825586
v 0.0147981 0.9893832 -0.0824207
v 0.0210027 0.9893832 -0.0824207
v 0.0221058 0.9907620 -0.0825586
v 0.0259664 0.9893832 -0.0824207
v 0.0273452 0.9907620 -0.0825586
v 0.0294134 0.9893832 -0.0824207
v 0.0309301 0.9907620 -0.0825586
v 0.0316195 0.9893143 -0.0824207
v 0.0332741 0.9907620 -0.0825586
v 0.0345150 0.9906241 -0.0825586
v 0.0327915 0.9892453 -0.0824207
v 0.0333430 0.9890385 -0.0824207
v 0.0330673 0.9888317 -0.0822139
v 0.0325157 0.9890385 -0.0822139
v 0.0313437 0.9891074 -0.0822139
v 0.0292066 0.9891074 -0.0822139
v 0.0258285 0.9891074 -0.0822139
v 0.0208648 0.9891074 -0.0822139
v 0.0147292 0.9891074 -0.0822139
v 0.0075594 0.9891074 -0.0822139
v -0.0000241 0.9891074 -0.0822139
v -0.0076075 0.9891074 -0.0822139
v -0.0147083 0.9891074 -0.0822139
v -0.0209129 0.9891074 -0.0822139
v -0.0258077 0.9891074 -0.0822139
v -0.0292547 0.9891074 -0.0822139
v -0.0313919 0.9891074 -0.0822139
v -0.0324949 0.9890385 -0.0822139
v -0.0330464 0.9888317 -0.0822139
v -0.0333222 0.9890385 -0.0824207
v -0.0350457 0.9904862 -0.0825586
v -0.0355283 0.9908310 -0.0826965
v -0.0349767 0.9910378 -0.0826965
v -0.0337358 0.9911067 -0.0826965
v -0.0313919 0.9911067 -0.0826965
v -0.0277380 0.9911067 -0.0826965
v -0.0224296 0.9911067 -0.0826965
v -0.0158114 0.9911067 -0.0826965
v -0.0081590 0.9911067 -0.0826965
v -0.0000241 0.9911067 -0.0826965
v 0.0081798 0.9911067 -0.0826965
v 0.0157633 0.9911067 -0.0826965
v 0.0224505 0.9911067 -0.0826965
v 0.0277589 0.9911067 -0.0826965
v 0.0314127 0.9911067 -0.0826965
v 0.0336877 0.9911067 -0.0826965
v 0.0349286 0.9910378 -0.0826965
v 0.0355491 0.9908310 -0.0826965
v 0.0350665 0.9904862 -0.0825586
v -0.0290479 0.9888317 -0.0551204
v -0.0289789 0.9888317 0.8437911
v -0.0256009 0.9889006 -0.0551204
v -0.0256009 0.9888317 0.8438601
v -0.0207751 0.9888317 0.8438601
v -0.0207751 0.9889006 -0.0551204
v -0.0146394 0.9888317 0.8438601
v -0.0146394 0.9889006 -0.0551204
v -0.0075385 0.9888317 0.8438601
v -0.0075385 0.9889006 -0.0551204
v -0.0000241 0.9888317 0.8438601
v -0.0000241 0.9889006 -0.0551204
v 0.0075594 0.9888317 0.8438601
v 0.0075594 0.9889006 -0.0551204
v 0.0145913 0.9888317 0.8438601
v 0.0145913 0.9889006 -0.0551204
v 0.0207270 0.9888317 0.8438601
v 0.0207270 0.9889006 -0.0551204
v 0.0256217 0.9888317 0.8438601
v 0.0256217 0.9889006 -0.0551204
v 0.0289998 0.9888317 0.8437911
v 0.0289998 0.9888317 -0.0551204
v 0.0311369 0.9888317 -0.0551204
v 0.0310680 0.9887627 0.8437911
v 0.0310680 0.9887627 0.8678513
v 0.0289998 0.9887627 0.8678513
v 0.0256217 0.9887627 0.8679202
v 0.0207270 0.9888317 0.8679202
v 0.0145913 0.9888317 0.8679202
v 0.0075594 0.9888317 0.8679202
v -0.0000241 0.9888317 0.8679202
v -0.0075385 0.9888317 0.8679202
v -0.0146394 0.9888317 0.8679202
v -0.0207751 0.9888317 0.8679202
v -0.0256009 0.9887627 0.8679202
v -0.0289789 0.9887627 0.8678513
v -0.0311161 0.9887627 0.8678513
v -0.0311161 0.9887627 0.8437911
v -0.0311161 0.9888317 -0.0551204
v -0.0311850 0.9888317 -0.0793184
v -0.0290479 0.9889006 -0.0793184
v -0.0256698 0.9889006 -0.0793184
v -0.0207751 0.9889006 -0.0793184
v -0.0146394 0.9889006 -0.0793184
v -0.0075385 0.9889006 -0.0793184
v -0.0000241 0.9889006 -0.0793184
v 0.0075594 0.9889006 -0.0793184
v 0.0145913 0.9889006 -0.0793184
v 0.0207959 0.9889006 -0.0793184
v 0.0256906 0.9889006 -0.0793184
v 0.0290687 0.9889006 -0.0793184
v 0.0311369 0.9888317 -0.0793184
v 0.0322400 0.9887627 -0.0551204
v 0.0321710 0.9886938 0.8437911
v 0.0321710 0.9886938 0.8678513
v 0.0321710 0.9886249 0.8703332
v 0.0310680 0.9886938 0.8703332
v 0.0289998 0.9886938 0.8703332
v 0.0256217 0.9886938 0.8703332
v 0.0207270 0.9886938 0.8703332
v 0.0145913 0.9886938 0.8703332
v 0.0075594 0.9886938 0.8703332
v -0.0000241 0.9886938 0.8703332
v -0.0075385 0.9886938 0.8703332
v -0.0146394 0.9886938 0.8703332
v -0.0207751 0.9886938 0.8703332
v -0.0256009 0.9886938 0.8703332
v -0.0289789 0.9886938 0.8703332
v -0.0311161 0.9886938 0.8703332
v -0.0321502 0.9886249 0.8703332
v -0.0322191 0.9886938 0.8678513
v -0.0322191 0.9886938 0.8437911
v -0.0322191 0.9887627 -0.0551204
v -0.0322881 0.9887627 -0.0793184
v -0.0323570 0.9888317 -0.0816624
v -0.0312540 0.9889696 -0.0816624
v -0.0291168 0.9889696 -0.0816624
v -0.0257388 0.9889696 -0.0816624
v -0.0208440 0.9889696 -0.0816624
v -0.0146394 0.9889696 -0.0816624
v -0.0075385 0.9889696 -0.0816624
v -0.0000241 0.9889696 -0.0816624
v 0.0075594 0.9889696 -0.0816624
v 0.0146602 0.9889696 -0.0816624
v 0.0207959 0.9889696 -0.0816624
v 0.0256906 0.9889696 -0.0816624
v 0.0291377 0.9889696 -0.0816624
v 0.0312059 0.9889696 -0.0816624
v 0.0323778 0.9888317 -0.0816624
v 0.0323089 0.9887627 -0.0793184
v 0.0327225 0.9885559 -0.0551204
v 0.0327225 0.9885559 0.8437911
v 0.0327225 0.9885559 0.8678513
v 0.0326536 0.9884870 0.8702642
v 0.0325847 0.9884180 0.8708848
v 0.0321710 0.9884870 0.8710226
v 0.0310680 0.9885559 0.8710915
v 0.0289998 0.9885559 0.8710915
v 0.0256217 0.9885559 0.8710915
v 0.0207270 0.9885559 0.8710915
v 0.0145913 0.9885559 0.8710915
v 0.0075594 0.9885559 0.8710915
v -0.0000241 0.9885559 0.8710915
v -0.0075385 0.9885559 0.8710915
v -0.0146394 0.9885559 0.8710915
v -0.0207751 0.9885559 0.8710915
v -0.0256009 0.9885559 0.8710915
v -0.0289789 0.9885559 0.8710915
v -0.0310472 0.9885559 0.8710915
v -0.0321502 0.9884870 0.8710226
v -0.0325638 0.9884180 0.8708848
v -0.0326328 0.9884870 0.8702642
v -0.0327017 0.9885559 0.8678513
v -0.0327017 0.9885559 0.8437911
v -0.0327707 0.9885559 -0.0551204
v -0.0327707 0.9886249 -0.0793184
v -0.0329085 0.9886938 -0.0816624
v -0.0330464 0.9888317 -0.0822139
v -0.0324949 0.9890385 -0.0822139
v -0.0313919 0.9891074 -0.0822139
v -0.0292547 0.9891074 -0.0822139
v -0.0258077 0.9891074 -0.0822139
v -0.0209129 0.9891074 -0.0822139
v -0.0147083 0.9891074 -0.0822139
v -0.0076075 0.9891074 -0.0822139
v -0.0000241 0.9891074 -0.0822139
v 0.0075594 0.9891074 -0.0822139
v 0.0147292 0.9891074 -0.0822139
v 0.0208648 0.9891074 -0.0822139
v 0.0258285 0.9891074 -0.0822139
v 0.0292066 0.9891074 -0.0822139
v 0.0313437 0.9891074 -0.0822139
v 0.0325157 0.9890385 -0.0822139
v 0.0330673 0.9888317 -0.0822139
v 0.0328604 0.9886938 -0.0816624
v 0.0327915 0.9886249 -0.0793184
v 0.0331362 0.9785596 -0.0816624
v 0.0331362 0.9882802 -0.0816624
v 0.0330673 0.9786285 -0.0793184
v 0.0329983 0.9882112 -0.0793184
v 0.0329983 0.9786285 -0.0551204
v 0.0329983 0.9881423 -0.0551204
v 0.0327915 0.9786285 0.8701954
v 0.0329294 0.9786285 0.8677135
v 0.0328604 0.9880733 0.8703332
v 0.0329294 0.9880733 0.8678513
v 0.0329294 0.9786285 0.8436533
v 0.0329294 0.9881423 0.8437911
v 0.0327225 0.9885559 -0.0551204
v 0.0327915 0.9886249 -0.0793184
v 0.0328604 0.9886938 -0.0816624
v 0.0330673 0.9888317 -0.0822139
v 0.0332741 0.9884180 -0.0822139
v 0.0333430 0.9785596 -0.0822828
v 0.0331362 0.9779391 -0.0822828
v 0.0329983 0.9780770 -0.0817313
v 0.0328604 0.9781460 -0.0793184
v 0.0328604 0.9782149 -0.0551204
v 0.0327915 0.9782149 0.8435154
v 0.0327915 0.9782149 0.8675755
v 0.0326536 0.9782149 0.8700574
v 0.0324468 0.9782149 0.8708158
v 0.0325847 0.9786285 0.8709536
v 0.0326536 0.9880733 0.8710226
v 0.0325847 0.9884180 0.8708848
v 0.0326536 0.9884870 0.8702642
v 0.0327225 0.9885559 0.8678513
v 0.0327225 0.9885559 0.8437911
v 0.0094208 0.9937954 -0.1533602
v -0.0000241 0.9948295 -0.1615641
v -0.0000241 0.9937264 -0.1524640
v -0.0093999 0.9937954 -0.1533602
v -0.0096757 0.9948984 -0.1623224
v -0.0099514 0.9960015 -0.1710089
v -0.0000241 0.9960015 -0.1704574
v 0.0096965 0.9948984 -0.1623224
v 0.0185209 0.9940022 -0.1560489
v 0.0176936 0.9929681 -0.1459147
v 0.0090761 0.9928302 -0.1435707
v -0.0000241 0.9928302 -0.1427434
v -0.0090552 0.9928302 -0.1435707
v -0.0177417 0.9929681 -0.1459147
v -0.0185000 0.9940022 -0.1560489
v -0.0188447 0.9950363 -0.1645974
v -0.0192584 0.9960704 -0.1724566
v -0.0344252 0.9968977 -0.1819704
v -0.0319434 0.9962772 -0.1766620
v -0.0282895 0.9969666 -0.1815567
v -0.0269797 0.9962083 -0.1746627
v -0.0200857 0.9969666 -0.1803848
v -0.0104340 0.9969666 -0.1795575
v -0.0000241 0.9969666 -0.1792128
v 0.0099723 0.9960015 -0.1710089
v 0.0188656 0.9950363 -0.1645974
v 0.0269316 0.9942780 -0.1603921
v 0.0255528 0.9932439 -0.1492927
v 0.0241050 0.9923476 -0.1345395
v 0.0168663 0.9922787 -0.1324024
v 0.0086624 0.9922098 -0.1308167
v -0.0000241 0.9921408 -0.1301963
v -0.0087105 0.9922098 -0.1308167
v -0.0169144 0.9922787 -0.1324024
v -0.0240842 0.9923476 -0.1345395
v -0.0256009 0.9932439 -0.1492927
v -0.0269107 0.9942780 -0.1603921
v -0.0269797 0.9953121 -0.1681823
v -0.0335979 0.9957946 -0.1734218
v -0.0384927 0.9965530 -0.1807295
v -0.0419397 0.9973803 -0.1892780
v -0.0441458 0.9982076 -0.1986539
v -0.0369760 0.9976560 -0.1897606
v -0.0300131 0.9977250 -0.1895538
v -0.0211887 0.9977939 -0.1890023
v -0.0109856 0.9977939 -0.1885886
v -0.0000241 0.9978629 -0.1884508
v 0.0104549 0.9969666 -0.1795575
v 0.0192103 0.9960704 -0.1724566
v 0.0269316 0.9953121 -0.1681823
v 0.0352733 0.9948295 -0.1672861
v 0.0319642 0.9933817 -0.1528087
v 0.0298271 0.9924166 -0.1366077
v 0.0287930 0.9918651 -0.1173734
v 0.0233467 0.9918651 -0.1162014
v 0.0164527 0.9918651 -0.1150294
v 0.0084556 0.9918651 -0.1141332
v -0.0000241 0.9917961 -0.1137885
v -0.0085037 0.9918651 -0.1141332
v -0.0164318 0.9918651 -0.1150294
v -0.0233258 0.9918651 -0.1162014
v -0.0287721 0.9918651 -0.1173734
v -0.0298062 0.9924166 -0.1366077
v -0.0319434 0.9933817 -0.1528087
v -0.0352525 0.9948295 -0.1672861
v -0.0411814 0.9960704 -0.1791438
v -0.0450420 0.9970356 -0.1887955
v -0.0474549 0.9979318 -0.1984471
v -0.0482822 0.9986212 -0.2082366
v -0.0473170 0.9991038 -0.2179572
v -0.0449041 0.9988970 -0.2083745
v -0.0387685 0.9984144 -0.1987918
v -0.0313229 0.9984833 -0.1987918
v -0.0220849 0.9985523 -0.1987229
v -0.0113992 0.9985523 -0.1986539
v -0.0000241 0.9985523 -0.1985850
v 0.0110064 0.9977939 -0.1885886
v 0.0201065 0.9969666 -0.1803848
v 0.0270005 0.9962083 -0.1746627
v 0.0319642 0.9962772 -0.1766620
v 0.0336188 0.9957946 -0.1734218
v 0.0412022 0.9960704 -0.1791438
v 0.0465795 0.9966909 -0.1887265
v 0.0431325 0.9956568 -0.1790749
v 0.0392719 0.9944848 -0.1681823
v 0.0359627 0.9933128 -0.1548079
v 0.0336877 0.9923476 -0.1380555
v 0.0325847 0.9918651 -0.1182007
v 0.0321021 0.9915893 -0.0904867
v 0.0283793 0.9915893 -0.0903488
v 0.0230020 0.9916582 -0.0901420
v 0.0161769 0.9916582 -0.0899352
v 0.0083867 0.9916582 -0.0897284
v -0.0000241 0.9916582 -0.0896594
v -0.0083658 0.9916582 -0.0897284
v -0.0161561 0.9916582 -0.0899352
v -0.0229811 0.9916582 -0.0901420
v -0.0283585 0.9915893 -0.0903488
v -0.0320813 0.9915893 -0.0904867
v -0.0325638 0.9918651 -0.1182007
v -0.0336669 0.9923476 -0.1380555
v -0.0359419 0.9933128 -0.1548079
v -0.0392510 0.9944848 -0.1681823
v -0.0431806 0.9956568 -0.1790749
v -0.0465587 0.9966909 -0.1887265
v -0.0489027 0.9975182 -0.1983782
v -0.0496610 0.9982765 -0.2081677
v -0.0486269 0.9987591 -0.2178882
v -0.0458004 0.9990348 -0.2272641
v -0.0446284 0.9993795 -0.2271952
v -0.0412503 0.9991727 -0.2358127
v -0.0403541 0.9995174 -0.2355369
v -0.0382169 0.9997932 -0.2351233
v -0.0418018 0.9996553 -0.2271952
v -0.0440769 0.9993795 -0.2180951
v -0.0393889 0.9990348 -0.2085813
v -0.0318055 0.9991038 -0.2088571
v -0.0224296 0.9991727 -0.2091328
v -0.0116060 0.9991727 -0.2093396
v -0.0000241 0.9991727 -0.2094086
v 0.0114200 0.9985523 -0.1986539
v 0.0212095 0.9977939 -0.1890023
v 0.0282414 0.9969666 -0.1815567
v 0.0343771 0.9968977 -0.1819704
v 0.0384446 0.9965530 -0.1807295
v 0.0450628 0.9970356 -0.1887955
v 0.0488546 0.9975182 -0.1983782
v 0.0499576 0.9977250 -0.2081677
v 0.0492682 0.9970356 -0.1983782
v 0.0472000 0.9962083 -0.1888644
v 0.0443045 0.9952431 -0.1795575
v 0.0410643 0.9942090 -0.1690786
v 0.0380999 0.9930370 -0.1558420
v 0.0359627 0.9921408 -0.1388827
v 0.0348597 0.9917272 -0.1187522
v 0.0343771 0.9915204 -0.0906246
v 0.0342392 0.9914514 -0.0838685
v 0.0318953 0.9914514 -0.0838685
v 0.0281725 0.9915204 -0.0838685
v 0.0228641 0.9915204 -0.0837995
v 0.0160390 0.9915204 -0.0837995
v 0.0083177 0.9915204 -0.0837995
v -0.0000241 0.9915204 -0.0837995
v -0.0082969 0.9915204 -0.0837995
v -0.0160871 0.9915204 -0.0837995
v -0.0228433 0.9915204 -0.0837995
v -0.0282206 0.9915204 -0.0838685
v -0.0319434 0.9914514 -0.0838685
v -0.0342184 0.9914514 -0.0838685
v -0.0344252 0.9915204 -0.0906246
v -0.0348389 0.9917272 -0.1187522
v -0.0359419 0.9921408 -0.1388827
v -0.0381480 0.9930370 -0.1558420
v -0.0411124 0.9942090 -0.1690786
v -0.0442837 0.9952431 -0.1795575
v -0.0471792 0.9962083 -0.1888644
v -0.0492474 0.9970356 -0.1983782
v -0.0499368 0.9977250 -0.2081677
v -0.0489027 0.9982076 -0.2178882
v -0.0460072 0.9984833 -0.2272641
v -0.0413882 0.9986212 -0.2358816
v -0.0352525 0.9986901 -0.2434651
v -0.0351146 0.9992417 -0.2433272
v -0.0345631 0.9995864 -0.2427757
v -0.0333222 0.9997932 -0.2415347
v -0.0318744 0.9999311 -0.2400870
v -0.0343563 0.9999311 -0.2351922
v -0.0369071 0.9997932 -0.2275399
v -0.0386995 0.9995174 -0.2183708
v -0.0313229 0.9995864 -0.2189913
v -0.0220849 0.9995864 -0.2196807
v -0.0113992 0.9995864 -0.2202322
v -0.0000241 0.9995864 -0.2204390
v 0.0115579 0.9991727 -0.2093396
v 0.0221058 0.9985523 -0.1987229
v 0.0299649 0.9977250 -0.1895538
v 0.0369279 0.9976560 -0.1897606
v 0.0418916 0.9973803 -0.1892780
v 0.0474758 0.9979318 -0.1984471
v 0.0496129 0.9982765 -0.2081677
v 0.0488546 0.9982076 -0.2178882
v 0.0460280 0.9977250 -0.2272641
v 0.0489235 0.9974492 -0.2178882
v 0.0499576 0.9970356 -0.2081677
v 0.0493371 0.9963462 -0.1984471
v 0.0474758 0.9955878 -0.1890023
v 0.0448560 0.9946916 -0.1799022
v 0.0419605 0.9936575 -0.1695611
v 0.0392029 0.9926234 -0.1563936
v 0.0370658 0.9917961 -0.1393653
v 0.0360317 0.9914514 -0.1189590
v 0.0356180 0.9913825 -0.0906246
v 0.0354112 0.9913825 -0.0838685
v 0.0352733 0.9912446 -0.0830412
v 0.0340324 0.9913135 -0.0830412
v 0.0316884 0.9913135 -0.0830412
v 0.0280346 0.9913825 -0.0830412
v 0.0226573 0.9913825 -0.0830412
v 0.0159701 0.9913825 -0.0829722
v 0.0082488 0.9913825 -0.0829722
v -0.0000241 0.9913825 -0.0829722
v -0.0082279 0.9913825 -0.0829722
v -0.0159492 0.9913825 -0.0829722
v -0.0227054 0.9913825 -0.0830412
v -0.0280138 0.9913825 -0.0830412
v -0.0317366 0.9913135 -0.0830412
v -0.0340116 0.9913135 -0.0830412
v -0.0352525 0.9912446 -0.0830412
v -0.0354593 0.9913825 -0.0838685
v -0.0355972 0.9913825 -0.0906246
v -0.0360798 0.9914514 -0.1189590
v -0.0371139 0.9917961 -0.1393653
v -0.0391821 0.9926234 -0.1563936
v -0.0419397 0.9936575 -0.1695611
v -0.0448352 0.9946916 -0.1799022
v -0.0474549 0.9955878 -0.1890023
v -0.0493163 0.9963462 -0.1984471
v -0.0500057 0.9970356 -0.2081677
v -0.0489027 0.9974492 -0.2178882
v -0.0460761 0.9977250 -0.2272641
v -0.0414571 0.9977939 -0.2358816
v -0.0352525 0.9978629 -0.2434651
v -0.0276691 0.9978629 -0.2496697
v -0.0190516 0.9978629 -0.2542197
v -0.0276691 0.9986901 -0.2496007
v -0.0276001 0.9992417 -0.2494629
v -0.0273933 0.9995864 -0.2485666
v -0.0269107 0.9998621 -0.2464295
v -0.0269107 0.9999311 -0.2425688
v -0.0282206 0.9999311 -0.2365021
v -0.0300131 0.9998621 -0.2284361
v -0.0211887 0.9998621 -0.2296081
v -0.0109856 0.9998621 -0.2305043
v -0.0000241 0.9998621 -0.2308490
v 0.0114200 0.9995864 -0.2202322
v 0.0223815 0.9991727 -0.2091328
v 0.0312748 0.9984833 -0.1987918
v 0.0387203 0.9984144 -0.1987918
v 0.0440977 0.9982076 -0.1986539
v 0.0482341 0.9986212 -0.2082366
v 0.0486477 0.9987591 -0.2178882
v 0.0460280 0.9984833 -0.2272641
v 0.0414780 0.9977939 -0.2358816
v 0.0352733 0.9968287 -0.2434651
v 0.0414780 0.9967598 -0.2358816
v 0.0460280 0.9966219 -0.2272641
v 0.0489235 0.9964151 -0.2179572
v 0.0500265 0.9960704 -0.2081677
v 0.0494061 0.9955189 -0.1984471
v 0.0475447 0.9948295 -0.1890712
v 0.0449939 0.9940022 -0.1800401
v 0.0422363 0.9930370 -0.1697680
v 0.0396166 0.9920029 -0.1566004
v 0.0376173 0.9911757 -0.1395032
v 0.0365832 0.9909688 -0.1190969
v 0.0361696 0.9911757 -0.0906935
v 0.0359627 0.9911757 -0.0838685
v 0.0358249 0.9910378 -0.0830412
v 0.0355491 0.9908310 -0.0826965
v 0.0349286 0.9910378 -0.0826965
v 0.0336877 0.9911067 -0.0826965
v 0.0314127 0.9911067 -0.0826965
v 0.0277589 0.9911067 -0.0826965
v 0.0224505 0.9911067 -0.0826965
v 0.0157633 0.9911067 -0.0826965
v 0.0081798 0.9911067 -0.0826965
v -0.0000241 0.9911067 -0.0826965
v -0.0081590 0.9911067 -0.0826965
v -0.0158114 0.9911067 -0.0826965
v -0.0224296 0.9911067 -0.0826965
v -0.0277380 0.9911067 -0.0826965
v -0.0313919 0.9911067 -0.0826965
v -0.0337358 0.9911067 -0.0826965
v -0.0349767 0.9910378 -0.0826965
v -0.0355283 0.9908310 -0.0826965
v -0.0358040 0.9910378 -0.0830412
v -0.0360108 0.9911757 -0.0838685
v -0.0361487 0.9911757 -0.0906935
v -0.0365624 0.9909688 -0.1190969
v -0.0375965 0.9911757 -0.1395032
v -0.0395957 0.9920029 -0.1566004
v -0.0422155 0.9930370 -0.1697680
v -0.0450420 0.9940022 -0.1800401
v -0.0475239 0.9948295 -0.1890712
v -0.0493853 0.9955189 -0.1984471
v -0.0500057 0.9960704 -0.2081677
v -0.0489027 0.9964151 -0.2179572
v -0.0460761 0.9966219 -0.2272641
v -0.0414571 0.9967598 -0.2358816
v -0.0352525 0.9968287 -0.2434651
v -0.0277380 0.9968287 -0.2496697
v -0.0190516 0.9968287 -0.2542887
v -0.0097446 0.9968287 -0.2571152
v -0.0000241 0.9968287 -0.2580804
v -0.0097446 0.9978629 -0.2571152
v -0.0190516 0.9986901 -0.2542197
v -0.0190516 0.9992417 -0.2540129
v -0.0189826 0.9995864 -0.2528409
v -0.0189137 0.9998621 -0.2499454
v -0.0192584 0.9999311 -0.2451196
v -0.0201546 1.0000000 -0.2382256
v -0.0104340 1.0000000 -0.2396044
v -0.0000241 1.0000000 -0.2400870
v 0.0110064 0.9998621 -0.2305043
v 0.0221058 0.9995864 -0.2196807
v 0.0318263 0.9991038 -0.2088571
v 0.0394098 0.9990348 -0.2085813
v 0.0449250 0.9988970 -0.2083745
v 0.0473379 0.9991038 -0.2179572
v 0.0458212 0.9990348 -0.2272641
v 0.0414090 0.9986212 -0.2358816
v 0.0352733 0.9978629 -0.2434651
v 0.0276899 0.9968287 -0.2496697
v 0.0276899 0.9978629 -0.2496697
v 0.0190724 0.9968287 -0.2542887
v 0.0190724 0.9978629 -0.2542197
v 0.0096965 0.9968287 -0.2571152
v 0.0096965 0.9978629 -0.2571152
v -0.0000241 0.9978629 -0.2580804
v -0.0097446 0.9986901 -0.2570463
v -0.0096757 0.9992417 -0.2568395
v -0.0096757 0.9995864 -0.2555296
v -0.0097446 0.9998621 -0.2522894
v -0.0100204 0.9999311 -0.2469121
v -0.0000241 0.9999311 -0.2476015
v 0.0104549 1.0000000 -0.2396044
v 0.0212095 0.9998621 -0.2296081
v 0.0312748 0.9995864 -0.2189913
v 0.0387203 0.9995174 -0.2183708
v 0.0440977 0.9993795 -0.2180951
v 0.0446492 0.9993795 -0.2271952
v 0.0412711 0.9991727 -0.2358127
v 0.0352044 0.9986901 -0.2434651
v 0.0276899 0.9986901 -0.2496007
v 0.0190724 0.9986901 -0.2542197
v 0.0096965 0.9986901 -0.2570463
v -0.0000241 0.9986901 -0.2580114
v -0.0000241 0.9992417 -0.2578046
v -0.0000241 0.9995864 -0.2564258
v -0.0000241 0.9998621 -0.2530477
v 0.0099723 0.9999311 -0.2469121
v 0.0201065 1.0000000 -0.2382256
v 0.0299649 0.9998621 -0.2284361
v 0.0369279 0.9997932 -0.2275399
v 0.0417537 0.9996553 -0.2271952
v 0.0403749 0.9995174 -0.2355369
v 0.0351355 0.9992417 -0.2433272
v 0.0276210 0.9992417 -0.2494629
v 0.0190034 0.9992417 -0.2540129
v 0.0096965 0.9992417 -0.2568395
v 0.0096965 0.9995864 -0.2555296
v 0.0097655 0.9998621 -0.2522894
v 0.0192103 0.9999311 -0.2451196
v 0.0282414 0.9999311 -0.2365021
v 0.0343082 0.9999311 -0.2351922
v 0.0382378 0.9997932 -0.2351233
v 0.0345839 0.9995864 -0.2427757
v 0.0273452 0.9995864 -0.2485666
v 0.0190034 0.9995864 -0.2528409
v 0.0189345 0.9998621 -0.2499454
v 0.0269316 0.9999311 -0.2425688
v 0.0318263 0.9999311 -0.2400870
v 0.0333430 0.9997932 -0.2415347
v 0.0269316 0.9998621 -0.2464295
vt 0.7110776 0.8674138
vt 0.7110776 0.8621024
vt 0.7112225 0.8674138
vt 0.7112225 0.8621024
vt 0.7126469 0.8621024
vt 0.7126469 0.8674138
vt 0.7657118 0.8674138
vt 0.7672810 0.8674138
vt 0.7671603 0.8674138
vt 0.7672810 0.8621024
vt 0.7671603 0.8621024
vt 0.7657118 0.8621024
vt 0.7126469 0.8618610
vt 0.7112225 0.8618610
vt 0.7110776 0.8618610
vt 0.7110294 0.8618610
vt 0.7110294 0.8621024
vt 0.7110294 0.8674138
vt 0.7110294 0.8676552
vt 0.7110776 0.8676552
vt 0.7112225 0.8676552
vt 0.7126469 0.8676552
vt 0.7657118 0.8676552
vt 0.7671603 0.8676552
vt 0.7672810 0.8676552
vt 0.7673293 0.8676552
vt 0.7673293 0.8674138
vt 0.7673293 0.8621024
vt 0.7673293 0.8618610
vt 0.7672810 0.8618610
vt 0.7671603 0.8618610
vt 0.7657118 0.8618610
vt 0.7984488 0.7459778
vt 0.7977004 0.7459778
vt 0.7984488 0.7442879
vt 0.7977004 0.7442879
vt 0.7984488 0.7252154
vt 0.7977004 0.7252154
vt 0.7984488 0.0233977
vt 0.7977004 0.0233977
vt 0.7976762 0.0045666
vt 0.7976762 0.0233977
vt 0.7976762 0.7252154
vt 0.7976762 0.7442879
vt 0.7976762 0.7459778
vt 0.7976762 0.7464607
vt 0.7977004 0.7464607
vt 0.7984488 0.7464607
vt 0.7984971 0.7464607
vt 0.7984971 0.7459778
vt 0.7984971 0.7442879
vt 0.7984971 0.7252154
vt 0.7984971 0.0233977
vt 0.7984971 0.0045666
vt 0.7984488 0.0021524
vt 0.7984971 0.0021524
vt 0.7984488 0.0026353
vt 0.7984971 0.0026353
vt 0.7984488 0.0045666
vt 0.7977004 0.0045666
vt 0.7976762 0.0026353
vt 0.7977004 0.0026353
vt 0.7976762 0.0021524
vt 0.7977004 0.0021524
vt 0.7079150 0.0154307
vt 0.7079150 0.0233977
vt 0.7077701 0.0154307
vt 0.7077701 0.0233977
vt 0.7077219 0.0149478
vt 0.7077219 0.0154307
vt 0.7077219 0.0233977
vt 0.7077219 0.0238805
vt 0.7077701 0.0238805
vt 0.7079150 0.0238805
vt 0.7079391 0.0238805
vt 0.7079391 0.0233977
vt 0.7079391 0.0154307
vt 0.7079391 0.0149478
vt 0.7084461 0.0115679
vt 0.7084461 0.0144650
vt 0.7079874 0.0115679
vt 0.7079874 0.0144650
vt 0.7079391 0.0115679
vt 0.7079391 0.0144650
vt 0.7079874 0.0149478
vt 0.7084461 0.0149478
vt 0.7084703 0.0149478
vt 0.7084703 0.0144650
vt 0.7084703 0.0115679
vt 0.7084703 0.0110851
vt 0.7084461 0.0110851
vt 0.7079874 0.0110851
vt 0.7079391 0.0110851
vt 0.7079150 0.0026353
vt 0.7079150 0.0108436
vt 0.7077701 0.0026353
vt 0.7077701 0.0108436
vt 0.7077701 0.0110851
vt 0.7079150 0.0110851
vt 0.7079391 0.0108436
vt 0.7079391 0.0026353
vt 0.7079391 0.0021524
vt 0.7079150 0.0021524
vt 0.7077701 0.0021524
vt 0.7077219 0.0021524
vt 0.7077219 0.0026353
vt 0.7077219 0.0108436
vt 0.7077219 0.0110851
vt 0.7077219 0.0144650
vt 0.7077219 0.0115679
vt 0.7077701 0.0115679
vt 0.7079150 0.0115679
vt 0.7079150 0.0144650
vt 0.7079150 0.0149478
vt 0.7077701 0.0149478
vt 0.7077701 0.0144650
vt 0.7002619 0.9835384
vt 0.7002619 0.9762957
vt 0.7004550 0.9835384
vt 0.7004550 0.9762957
vt 0.7023381 0.9835384
vt 0.7023381 0.9762957
vt 0.7745961 0.9835384
vt 0.7744271 0.9835384
vt 0.7745961 0.9762957
vt 0.7744271 0.9762957
vt 0.7725199 0.9835384
vt 0.7725199 0.9762957
vt 0.7023381 0.9758129
vt 0.7004550 0.9758129
vt 0.7002619 0.9758129
vt 0.7002136 0.9758129
vt 0.7002136 0.9762957
vt 0.7002136 0.9835384
vt 0.7002136 0.9840213
vt 0.7002619 0.9840213
vt 0.7004550 0.9840213
vt 0.7023381 0.9840213
vt 0.7725199 0.9840213
vt 0.7744271 0.9840213
vt 0.7745961 0.9840213
vt 0.7746444 0.9840213
vt 0.7746444 0.9835384
vt 0.7746444 0.9762957
vt 0.7746444 0.9758129
vt 0.7745961 0.9758129
vt 0.7744271 0.9758129
vt 0.7725199 0.9758129
vt 0.7283877 0.0055324
vt 0.7283877 0.0130165
vt 0.7283153 0.0055324
vt 0.7283153 0.0130165
vt 0.7281463 0.0130165
vt 0.7281463 0.0055324
vt 0.7278807 0.0055324
vt 0.7278807 0.0130165
vt 0.7274944 0.0130165
vt 0.7274944 0.0055324
vt 0.7270116 0.0055324
vt 0.7270116 0.0130165
vt 0.7264805 0.0130165
vt 0.7264805 0.0055324
vt 0.7258769 0.0055324
vt 0.7258769 0.0130165
vt 0.7252975 0.0130165
vt 0.7252975 0.0055324
vt 0.7247422 0.0055324
vt 0.7247422 0.0130165
vt 0.7242594 0.0130165
vt 0.7242594 0.0055324
vt 0.7238972 0.0055324
vt 0.7238972 0.0130165
vt 0.7236317 0.0132579
vt 0.7238972 0.0132579
vt 0.7242594 0.0132579
vt 0.7247422 0.0132579
vt 0.7252975 0.0132579
vt 0.7258769 0.0132579
vt 0.7264805 0.0132579
vt 0.7270116 0.0132579
vt 0.7274944 0.0132579
vt 0.7278807 0.0132579
vt 0.7281463 0.0132579
vt 0.7283153 0.0132579
vt 0.7283877 0.0132579
vt 0.7284360 0.0132579
vt 0.7284360 0.0130165
vt 0.7284360 0.0055324
vt 0.7284360 0.0052909
vt 0.7283877 0.0052909
vt 0.7283153 0.0052909
vt 0.7281463 0.0052909
vt 0.7278807 0.0052909
vt 0.7274944 0.0052909
vt 0.7270116 0.0052909
vt 0.7264805 0.0052909
vt 0.7258769 0.0052909
vt 0.7252975 0.0052909
vt 0.7247422 0.0052909
vt 0.7242594 0.0052909
vt 0.7238972 0.0052909
vt 0.7236317 0.0052909
vt 0.7234627 0.0052909
vt 0.7236317 0.0055324
vt 0.7236317 0.0130165
vt 0.7234627 0.0132579
vt 0.7234627 0.0130165
vt 0.7233661 0.0132579
vt 0.7233661 0.0130165
vt 0.7233420 0.0132579
vt 0.7233420 0.0130165
vt 0.7233420 0.0055324
vt 0.7233661 0.0055324
vt 0.7233420 0.0052909
vt 0.7233661 0.0052909
vt 0.7234627 0.0055324
vt 0.7135160 0.8480999
vt 0.7134919 0.8526869
vt 0.7112466 0.8529284
vt 0.7134677 0.8555840
vt 0.7111742 0.8560669
vt 0.7016380 0.8519627
vt 0.7014690 0.8483413
vt 0.7019760 0.8538941
vt 0.7025071 0.8558254
vt 0.7019036 0.8495484
vt 0.7013000 0.8427886
vt 0.7007930 0.8360287
vt 0.7009620 0.8425472
vt 0.7012034 0.8483413
vt 0.7015414 0.8529284
vt 0.7019760 0.8565497
vt 0.7025313 0.8594468
vt 0.7031590 0.8613782
vt 0.7038591 0.8623439
vt 0.7031590 0.8575154
vt 0.7024588 0.8507556
vt 0.7017828 0.8435128
vt 0.7011793 0.8362702
vt 0.7007447 0.8290274
vt 0.7014449 0.8044023
vt 0.7012034 0.8099550
vt 0.7010344 0.8097136
vt 0.7009620 0.8157492
vt 0.7007447 0.8157492
vt 0.7005516 0.8222676
vt 0.7007930 0.8222676
vt 0.7005033 0.8290274
vt 0.7005516 0.8360287
vt 0.7007447 0.8425472
vt 0.7010344 0.8485827
vt 0.7014449 0.8538941
vt 0.7019277 0.8579983
vt 0.7025071 0.8613782
vt 0.7031590 0.8637924
vt 0.7038591 0.8649995
vt 0.7045834 0.8649995
vt 0.7053318 0.8613782
vt 0.7053318 0.8637924
vt 0.7046075 0.8625853
vt 0.7038832 0.8584811
vt 0.7031590 0.8519627
vt 0.7024105 0.8444786
vt 0.7017104 0.8367530
vt 0.7011310 0.8290274
vt 0.7011793 0.8220262
vt 0.7013000 0.8152663
vt 0.7014690 0.8099550
vt 0.7016380 0.8063337
vt 0.7015414 0.8053680
vt 0.7019277 0.8002981
vt 0.7019036 0.7995738
vt 0.7013966 0.8041609
vt 0.7009862 0.8094722
vt 0.7006482 0.8155077
vt 0.7004550 0.8222676
vt 0.7004067 0.8290274
vt 0.7004550 0.8360287
vt 0.7006482 0.8427886
vt 0.7009862 0.8488242
vt 0.7013966 0.8541355
vt 0.7019036 0.8587225
vt 0.7025071 0.8623439
vt 0.7031590 0.8647581
vt 0.7038591 0.8659652
vt 0.7045834 0.8662066
vt 0.7053318 0.8649995
vt 0.7061285 0.8630682
vt 0.7061285 0.8616196
vt 0.7060078 0.8592054
vt 0.7059353 0.8560669
vt 0.7053076 0.8575154
vt 0.7046075 0.8584811
vt 0.7038832 0.8526869
vt 0.7031348 0.8454442
vt 0.7023623 0.8369944
vt 0.7016621 0.8290274
vt 0.7017104 0.8215433
vt 0.7017828 0.8147835
vt 0.7019036 0.8087479
vt 0.7019760 0.8044023
vt 0.7019760 0.8017466
vt 0.7025071 0.7969181
vt 0.7025071 0.7959525
vt 0.7024830 0.7957110
vt 0.7018794 0.7990910
vt 0.7013724 0.8036780
vt 0.7009379 0.8092307
vt 0.7006240 0.8155077
vt 0.7004067 0.8222676
vt 0.7003585 0.8290274
vt 0.7004309 0.8360287
vt 0.7006240 0.8427886
vt 0.7009379 0.8490656
vt 0.7013724 0.8546183
vt 0.7018794 0.8592054
vt 0.7024830 0.8625853
vt 0.7031590 0.8649995
vt 0.7038591 0.8664481
vt 0.7045834 0.8664481
vt 0.7053318 0.8657238
vt 0.7060802 0.8640338
vt 0.7070217 0.8606539
vt 0.7069493 0.8621024
vt 0.7081323 0.8584811
vt 0.7080357 0.8601711
vt 0.7095325 0.8567911
vt 0.7094601 0.8587225
vt 0.7111259 0.8579983
vt 0.7134677 0.8575154
vt 0.7140230 0.8575154
vt 0.7140230 0.8555840
vt 0.7140230 0.8524455
vt 0.7140230 0.8480999
vt 0.7140230 0.8425472
vt 0.7140230 0.8360287
vt 0.7135160 0.8425472
vt 0.7113432 0.8483413
vt 0.7096533 0.8536526
vt 0.7083013 0.8551012
vt 0.7071183 0.8575154
vt 0.7066113 0.8558254
vt 0.7063699 0.8543769
vt 0.7059836 0.8512384
vt 0.7053559 0.8522041
vt 0.7046558 0.8529284
vt 0.7039074 0.8459271
vt 0.7031107 0.8374773
vt 0.7023381 0.8290274
vt 0.7023623 0.8210605
vt 0.7024105 0.8138178
vt 0.7024588 0.8075408
vt 0.7025071 0.8024709
vt 0.7025313 0.7988495
vt 0.7031590 0.7945039
vt 0.7031590 0.7935382
vt 0.7031590 0.7930554
vt 0.7031348 0.7925725
vt 0.7024588 0.7952282
vt 0.7018553 0.7986081
vt 0.7013241 0.8034366
vt 0.7008896 0.8089893
vt 0.7005516 0.8152663
vt 0.7003585 0.8220262
vt 0.7002860 0.8290274
vt 0.7003585 0.8362702
vt 0.7005516 0.8430300
vt 0.7008896 0.8493070
vt 0.7013241 0.8548598
vt 0.7018553 0.8594468
vt 0.7024588 0.8630682
vt 0.7031348 0.8657238
vt 0.7038591 0.8669309
vt 0.7045834 0.8671723
vt 0.7053318 0.8662066
vt 0.7060560 0.8647581
vt 0.7069010 0.8628267
vt 0.7080116 0.8611368
vt 0.7094118 0.8596882
vt 0.7111018 0.8589640
vt 0.7134677 0.8584811
vt 0.7140230 0.8584811
vt 0.7140954 0.8582397
vt 0.7140954 0.8572740
vt 0.7140954 0.8553426
vt 0.7140954 0.8524455
vt 0.7140954 0.8478585
vt 0.7140954 0.8423057
vt 0.7140954 0.8360287
vt 0.7140954 0.8290274
vt 0.7134677 0.7995738
vt 0.7140230 0.7998152
vt 0.7140230 0.8007809
vt 0.7140954 0.8000567
vt 0.7140954 0.8010223
vt 0.7140230 0.8027123
vt 0.7140954 0.8029537
vt 0.7140230 0.8058508
vt 0.7140954 0.8058508
vt 0.7140954 0.8104379
vt 0.7140230 0.8101964
vt 0.7140954 0.8159906
vt 0.7140230 0.8157492
vt 0.7140954 0.8222676
vt 0.7140230 0.8222676
vt 0.7140230 0.8290274
vt 0.7135402 0.8360287
vt 0.7114398 0.8427886
vt 0.7098222 0.8490656
vt 0.7086151 0.8500313
vt 0.7076977 0.8507556
vt 0.7070700 0.8507556
vt 0.7065389 0.8505141
vt 0.7061043 0.8449614
vt 0.7054283 0.8454442
vt 0.7046799 0.8459271
vt 0.7039074 0.8377187
vt 0.7030865 0.8290274
vt 0.7031107 0.8208191
vt 0.7031348 0.8128521
vt 0.7031590 0.8060922
vt 0.7031590 0.8007809
vt 0.7031590 0.7969181
vt 0.7038591 0.7932968
vt 0.7038591 0.7923311
vt 0.7038591 0.7918483
vt 0.7038591 0.7913654
vt 0.7038591 0.7906411
vt 0.7031107 0.7918483
vt 0.7024347 0.7945039
vt 0.7018070 0.7981253
vt 0.7012759 0.8027123
vt 0.7008172 0.8085065
vt 0.7004792 0.8150249
vt 0.7002860 0.8220262
vt 0.7002136 0.8290274
vt 0.7002860 0.8362702
vt 0.7004792 0.8432714
vt 0.7008172 0.8497899
vt 0.7012759 0.8553426
vt 0.7018070 0.8601711
vt 0.7024347 0.8637924
vt 0.7031107 0.8664481
vt 0.7038591 0.8676552
vt 0.7045834 0.8676552
vt 0.7053318 0.8669309
vt 0.7060560 0.8652410
vt 0.7069010 0.8635510
vt 0.7079874 0.8618610
vt 0.7094118 0.8604125
vt 0.7111018 0.8594468
vt 0.7134677 0.8589640
vt 0.7140230 0.8589640
vt 0.7140954 0.8587225
vt 0.7141196 0.8584811
vt 0.7141196 0.8579983
vt 0.7141196 0.8570326
vt 0.7141196 0.8551012
vt 0.7141196 0.8522041
vt 0.7141196 0.8476170
vt 0.7141196 0.8423057
vt 0.7141196 0.8357873
vt 0.7141196 0.8290274
vt 0.7141196 0.8222676
vt 0.7141196 0.8159906
vt 0.7141196 0.8104379
vt 0.7141196 0.8060922
vt 0.7141196 0.8031952
vt 0.7141196 0.8012638
vt 0.7141196 0.8002981
vt 0.7141196 0.7995738
vt 0.7140954 0.7995738
vt 0.7140230 0.7993324
vt 0.7134677 0.7990910
vt 0.7111018 0.7986081
vt 0.7111018 0.7993324
vt 0.7094118 0.7978838
vt 0.7094118 0.7986081
vt 0.7079874 0.7964353
vt 0.7069010 0.7947453
vt 0.7080116 0.7971596
vt 0.7094601 0.7995738
vt 0.7111259 0.8002981
vt 0.7134677 0.8007809
vt 0.7134677 0.8024709
vt 0.7134919 0.8056094
vt 0.7134919 0.8101964
vt 0.7135160 0.8157492
vt 0.7135402 0.8222676
vt 0.7135402 0.8290274
vt 0.7115122 0.8360287
vt 0.7100154 0.8430300
vt 0.7089048 0.8435128
vt 0.7080599 0.8439957
vt 0.7073839 0.8442371
vt 0.7067320 0.8444786
vt 0.7062009 0.8372358
vt 0.7054766 0.8377187
vt 0.7047041 0.8377187
vt 0.7039074 0.8290274
vt 0.7039074 0.8205776
vt 0.7039074 0.8123692
vt 0.7038832 0.8053680
vt 0.7038832 0.7998152
vt 0.7038591 0.7959525
vt 0.7045834 0.7932968
vt 0.7045834 0.7920897
vt 0.7045834 0.7916068
vt 0.7045834 0.7911240
vt 0.7045834 0.7903997
vt 0.7053318 0.7920897
vt 0.7053318 0.7913654
vt 0.7060560 0.7935382
vt 0.7060560 0.7930554
vt 0.7069010 0.7952282
vt 0.7080357 0.7981253
vt 0.7095325 0.8015052
vt 0.7111742 0.8022295
vt 0.7112466 0.8053680
vt 0.7113432 0.8099550
vt 0.7114398 0.8155077
vt 0.7115122 0.8220262
vt 0.7115605 0.8290274
vt 0.7101361 0.8362702
vt 0.7090980 0.8365116
vt 0.7083013 0.8367530
vt 0.7075770 0.8369944
vt 0.7068769 0.8369944
vt 0.7069252 0.8290274
vt 0.7062250 0.8290274
vt 0.7055008 0.8290274
vt 0.7047282 0.8290274
vt 0.7047041 0.8205776
vt 0.7046799 0.8123692
vt 0.7046558 0.8053680
vt 0.7046075 0.7998152
vt 0.7046075 0.7957110
vt 0.7053318 0.7945039
vt 0.7053318 0.7930554
vt 0.7053318 0.7925725
vt 0.7060802 0.7942625
vt 0.7069493 0.7961939
vt 0.7081323 0.7998152
vt 0.7096533 0.8046437
vt 0.7098222 0.8092307
vt 0.7100154 0.8152663
vt 0.7101361 0.8220262
vt 0.7102085 0.8290274
vt 0.7091704 0.8290274
vt 0.7083737 0.8290274
vt 0.7076494 0.8290274
vt 0.7068769 0.8213019
vt 0.7062009 0.8210605
vt 0.7054766 0.8205776
vt 0.7054283 0.8128521
vt 0.7053559 0.8060922
vt 0.7053076 0.8007809
vt 0.7053318 0.7969181
vt 0.7061285 0.7966767
vt 0.7061285 0.7952282
vt 0.7070217 0.7976424
vt 0.7083013 0.8031952
vt 0.7086151 0.8082650
vt 0.7089048 0.8147835
vt 0.7090980 0.8217848
vt 0.7083013 0.8215433
vt 0.7075770 0.8213019
vt 0.7067320 0.8138178
vt 0.7061043 0.8133349
vt 0.7059836 0.8070579
vt 0.7059353 0.8022295
vt 0.7060078 0.7990910
vt 0.7071183 0.8007809
vt 0.7076977 0.8072994
vt 0.7080599 0.8140592
vt 0.7073839 0.8140592
vt 0.7065389 0.8077822
vt 0.7063699 0.8039194
vt 0.7066113 0.8024709
vt 0.7070700 0.8075408
vt 0.7915682 0.0233977
vt 0.7918338 0.0233977
vt 0.7915682 0.7259397
vt 0.7918338 0.7259397
vt 0.7922200 0.0233977
vt 0.7922200 0.7259397
vt 0.7927029 0.7259397
vt 0.7927029 0.0233977
vt 0.7932582 0.0233977
vt 0.7932582 0.7259397
vt 0.7938376 0.0233977
vt 0.7938376 0.7259397
vt 0.7944411 0.0233977
vt 0.7944411 0.7259397
vt 0.7949964 0.7259397
vt 0.7949964 0.0233977
vt 0.7954551 0.7259397
vt 0.7954551 0.0233977
vt 0.7954551 0.0043252
vt 0.7949964 0.0043252
vt 0.7944411 0.0043252
vt 0.7938376 0.0043252
vt 0.7932582 0.0043252
vt 0.7927029 0.0043252
vt 0.7922200 0.0043252
vt 0.7918338 0.0043252
vt 0.7915682 0.0043252
vt 0.7913992 0.0043252
vt 0.7913992 0.0233977
vt 0.7913992 0.7259397
vt 0.7913992 0.7445293
vt 0.7915682 0.7445293
vt 0.7918338 0.7445293
vt 0.7922200 0.7445293
vt 0.7927029 0.7445293
vt 0.7932582 0.7445293
vt 0.7938376 0.7445293
vt 0.7944411 0.7445293
vt 0.7949964 0.7445293
vt 0.7954551 0.7445293
vt 0.7958414 0.7445293
vt 0.7958414 0.7259397
vt 0.7958414 0.0233977
vt 0.7958414 0.0043252
vt 0.7961070 0.0026353
vt 0.7958414 0.0026353
vt 0.7954551 0.0026353
vt 0.7949964 0.0026353
vt 0.7944411 0.0026353
vt 0.7938376 0.0026353
vt 0.7932582 0.0026353
vt 0.7927029 0.0026353
vt 0.7922200 0.0026353
vt 0.7918338 0.0026353
vt 0.7915682 0.0026353
vt 0.7913992 0.0026353
vt 0.7913268 0.0026353
vt 0.7913268 0.0043252
vt 0.7913268 0.0233977
vt 0.7913268 0.7259397
vt 0.7913268 0.7445293
vt 0.7913268 0.7464607
vt 0.7913992 0.7464607
vt 0.7915682 0.7464607
vt 0.7918338 0.7464607
vt 0.7922200 0.7464607
vt 0.7927029 0.7464607
vt 0.7932582 0.7464607
vt 0.7938376 0.7464607
vt 0.7944411 0.7464607
vt 0.7949964 0.7464607
vt 0.7954551 0.7464607
vt 0.7958414 0.7464607
vt 0.7961070 0.7464607
vt 0.7963725 0.7445293
vt 0.7963725 0.7464607
vt 0.7962760 0.7445293
vt 0.7962760 0.7464607
vt 0.7961070 0.7445293
vt 0.7961070 0.7259397
vt 0.7961070 0.0233977
vt 0.7961070 0.0043252
vt 0.7962760 0.0026353
vt 0.7962760 0.0043252
vt 0.7963725 0.0026353
vt 0.7963725 0.0043252
vt 0.7963967 0.0043252
vt 0.7963967 0.0026353
vt 0.7963967 0.0021524
vt 0.7963725 0.0021524
vt 0.7962760 0.0021524
vt 0.7961070 0.0021524
vt 0.7958414 0.0021524
vt 0.7954551 0.0021524
vt 0.7949964 0.0021524
vt 0.7944411 0.0021524
vt 0.7938376 0.0021524
vt 0.7932582 0.0021524
vt 0.7927029 0.0021524
vt 0.7922200 0.0021524
vt 0.7918338 0.0021524
vt 0.7915682 0.0021524
vt 0.7913992 0.0021524
vt 0.7913268 0.0021524
vt 0.7912785 0.0021524
vt 0.7912785 0.0026353
vt 0.7912785 0.0043252
vt 0.7912785 0.0233977
vt 0.7912785 0.7259397
vt 0.7912785 0.7445293
vt 0.7912785 0.7464607
vt 0.7912785 0.7471849
vt 0.7913268 0.7471849
vt 0.7913992 0.7471849
vt 0.7915682 0.7471849
vt 0.7918338 0.7471849
vt 0.7922200 0.7471849
vt 0.7927029 0.7471849
vt 0.7932582 0.7471849
vt 0.7938376 0.7471849
vt 0.7944411 0.7471849
vt 0.7949964 0.7471849
vt 0.7954551 0.7471849
vt 0.7958414 0.7471849
vt 0.7961070 0.7471849
vt 0.7962760 0.7471849
vt 0.7963725 0.7471849
vt 0.7963967 0.7471849
vt 0.7963967 0.7464607
vt 0.7963967 0.7445293
vt 0.7963967 0.7259397
vt 0.7963967 0.0233977
vt 0.7963725 0.7259397
vt 0.7962760 0.7259397
vt 0.7962760 0.0233977
vt 0.7963725 0.0233977
vt 0.7002377 0.9002474
vt 0.7003826 0.9002474
vt 0.7002377 0.9058001
vt 0.7003826 0.9058001
vt 0.7016863 0.9058001
vt 0.7016863 0.9002474
vt 0.7518058 0.9058001
vt 0.7516609 0.9058001
vt 0.7518058 0.9002474
vt 0.7516609 0.9002474
vt 0.7503572 0.9058001
vt 0.7503572 0.9002474
vt 0.7016863 0.8997645
vt 0.7003826 0.8997645
vt 0.7002377 0.8997645
vt 0.7002136 0.8997645
vt 0.7002136 0.9002474
vt 0.7002136 0.9058001
vt 0.7002136 0.9062829
vt 0.7002377 0.9062829
vt 0.7003826 0.9062829
vt 0.7016863 0.9062829
vt 0.7503572 0.9062829
vt 0.7516609 0.9062829
vt 0.7518058 0.9062829
vt 0.7518541 0.9062829
vt 0.7518541 0.9058001
vt 0.7518541 0.9002474
vt 0.7518541 0.8997645
vt 0.7518058 0.8997645
vt 0.7516609 0.8997645
vt 0.7503572 0.8997645
vt 0.7019760 0.0765108
vt 0.7018553 0.0765108
vt 0.7019760 0.0757865
vt 0.7018553 0.0757865
vt 0.7018553 0.0740966
vt 0.7019760 0.0740966
vt 0.7019760 0.0714409
vt 0.7018553 0.0714409
vt 0.7019760 0.0678196
vt 0.7018553 0.0678196
vt 0.7019760 0.0634739
vt 0.7018553 0.0634739
vt 0.7018553 0.0581626
vt 0.7019760 0.0581626
vt 0.7019760 0.0526099
vt 0.7018553 0.0526099
vt 0.7018070 0.0470572
vt 0.7018070 0.0526099
vt 0.7018070 0.0581626
vt 0.7018070 0.0634739
vt 0.7018070 0.0678196
vt 0.7018070 0.0714409
vt 0.7018070 0.0740966
vt 0.7018070 0.0757865
vt 0.7018070 0.0765108
vt 0.7018070 0.0769937
vt 0.7018553 0.0769937
vt 0.7019760 0.0769937
vt 0.7020001 0.0769937
vt 0.7020001 0.0765108
vt 0.7020001 0.0757865
vt 0.7020001 0.0740966
vt 0.7020001 0.0714409
vt 0.7020001 0.0678196
vt 0.7020001 0.0634739
vt 0.7020001 0.0581626
vt 0.7020001 0.0526099
vt 0.7019760 0.0284676
vt 0.7019760 0.0291918
vt 0.7018553 0.0284676
vt 0.7018553 0.0291918
vt 0.7018553 0.0308818
vt 0.7019760 0.0308818
vt 0.7019760 0.0332960
vt 0.7018553 0.0332960
vt 0.7018553 0.0371588
vt 0.7019760 0.0371588
vt 0.7020001 0.0417459
vt 0.7020001 0.0371588
vt 0.7020001 0.0332960
vt 0.7020001 0.0308818
vt 0.7020001 0.0291918
vt 0.7020001 0.0284676
vt 0.7020001 0.0279847
vt 0.7019760 0.0279847
vt 0.7018553 0.0279847
vt 0.7018070 0.0279847
vt 0.7018070 0.0284676
vt 0.7018070 0.0291918
vt 0.7018070 0.0308818
vt 0.7018070 0.0332960
vt 0.7018070 0.0371588
vt 0.7018070 0.0417459
vt 0.7018553 0.0417459
vt 0.7019760 0.0417459
vt 0.7020001 0.0470572
vt 0.7019760 0.0470572
vt 0.7018553 0.0470572
vt 0.7745961 0.9729158
vt 0.7744271 0.9729158
vt 0.7745961 0.9656731
vt 0.7744271 0.9656731
vt 0.7725199 0.9729158
vt 0.7725199 0.9656731
vt 0.7023381 0.9656731
vt 0.7023381 0.9729158
vt 0.7004550 0.9733986
vt 0.7023381 0.9733986
vt 0.7725199 0.9733986
vt 0.7744271 0.9733986
vt 0.7745961 0.9733986
vt 0.7746444 0.9733986
vt 0.7746444 0.9729158
vt 0.7746444 0.9656731
vt 0.7746444 0.9651902
vt 0.7745961 0.9651902
vt 0.7744271 0.9651902
vt 0.7725199 0.9651902
vt 0.7023381 0.9651902
vt 0.7004550 0.9651902
vt 0.7002619 0.9651902
vt 0.7004550 0.9656731
vt 0.7004550 0.9729158
vt 0.7002619 0.9733986
vt 0.7002619 0.9729158
vt 0.7002136 0.9733986
vt 0.7002136 0.9729158
vt 0.7002619 0.9656731
vt 0.7002136 0.9656731
vt 0.7002136 0.9651902
vt 0.7649633 0.0207420
vt 0.7649633 0.0238805
vt 0.7648668 0.0207420
vt 0.7648668 0.0238805
vt 0.7647219 0.0238805
vt 0.7647219 0.0207420
vt 0.7645046 0.0207420
vt 0.7645046 0.0238805
vt 0.7641666 0.0241219
vt 0.7645046 0.0241219
vt 0.7647219 0.0241219
vt 0.7648668 0.0241219
vt 0.7649633 0.0241219
vt 0.7649875 0.0241219
vt 0.7649875 0.0238805
vt 0.7649875 0.0207420
vt 0.7649875 0.0202592
vt 0.7649633 0.0202592
vt 0.7648668 0.0202592
vt 0.7647219 0.0202592
vt 0.7645046 0.0202592
vt 0.7605936 0.0207420
vt 0.7606660 0.0207420
vt 0.7605936 0.0238805
vt 0.7606660 0.0238805
vt 0.7608109 0.0238805
vt 0.7608109 0.0207420
vt 0.7610523 0.0207420
vt 0.7610523 0.0238805
vt 0.7613661 0.0238805
vt 0.7613661 0.0207420
vt 0.7617766 0.0238805
vt 0.7617766 0.0207420
vt 0.7622594 0.0238805
vt 0.7622594 0.0207420
vt 0.7627423 0.0238805
vt 0.7627423 0.0207420
vt 0.7632734 0.0207420
vt 0.7637562 0.0202592
vt 0.7632734 0.0202592
vt 0.7627423 0.0202592
vt 0.7622594 0.0202592
vt 0.7617766 0.0202592
vt 0.7613661 0.0202592
vt 0.7610523 0.0202592
vt 0.7608109 0.0202592
vt 0.7606660 0.0202592
vt 0.7605936 0.0202592
vt 0.7605453 0.0202592
vt 0.7605453 0.0207420
vt 0.7605453 0.0238805
vt 0.7605453 0.0241219
vt 0.7605936 0.0241219
vt 0.7606660 0.0241219
vt 0.7608109 0.0241219
vt 0.7610523 0.0241219
vt 0.7613661 0.0241219
vt 0.7617766 0.0241219
vt 0.7622594 0.0241219
vt 0.7627423 0.0241219
vt 0.7632734 0.0241219
vt 0.7632734 0.0238805
vt 0.7637562 0.0207420
vt 0.7641666 0.0202592
vt 0.7641666 0.0207420
vt 0.7641666 0.0238805
vt 0.7637562 0.0241219
vt 0.7637562 0.0238805
vt 0.7002860 0.9898154
vt 0.7002860 0.9866769
vt 0.7004792 0.9898154
vt 0.7004792 0.9866769
vt 0.7023381 0.9898154
vt 0.7023381 0.9866769
vt 0.7720853 0.9898154
vt 0.7741374 0.9898154
vt 0.7739684 0.9898154
vt 0.7741374 0.9866769
vt 0.7739684 0.9866769
vt 0.7720853 0.9866769
vt 0.7023381 0.9864355
vt 0.7004792 0.9864355
vt 0.7002860 0.9864355
vt 0.7002136 0.9864355
vt 0.7002136 0.9866769
vt 0.7002136 0.9898154
vt 0.7002136 0.9900568
vt 0.7002860 0.9900568
vt 0.7004792 0.9900568
vt 0.7023381 0.9900568
vt 0.7720853 0.9900568
vt 0.7739684 0.9900568
vt 0.7741374 0.9900568
vt 0.7741857 0.9900568
vt 0.7741857 0.9898154
vt 0.7741857 0.9866769
vt 0.7741857 0.9864355
vt 0.7741374 0.9864355
vt 0.7739684 0.9864355
vt 0.7720853 0.9864355
vt 0.7002619 0.8925218
vt 0.7004309 0.8925218
vt 0.7002619 0.8966260
vt 0.7004309 0.8966260
vt 0.7021691 0.8966260
vt 0.7021691 0.8925218
vt 0.7689710 0.8922804
vt 0.7672327 0.8925218
vt 0.7672327 0.8922804
vt 0.7021691 0.8922804
vt 0.7004309 0.8922804
vt 0.7002619 0.8922804
vt 0.7002136 0.8922804
vt 0.7002136 0.8925218
vt 0.7002136 0.8966260
vt 0.7002136 0.8971088
vt 0.7002619 0.8971088
vt 0.7004309 0.8971088
vt 0.7021691 0.8971088
vt 0.7672327 0.8971088
vt 0.7672327 0.8966260
vt 0.7689710 0.8925218
vt 0.7691641 0.8922804
vt 0.7691641 0.8925218
vt 0.7692124 0.8922804
vt 0.7692124 0.8925218
vt 0.7692124 0.8966260
vt 0.7691641 0.8966260
vt 0.7692124 0.8971088
vt 0.7691641 0.8971088
vt 0.7689710 0.8966260
vt 0.7689710 0.8971088
vt 0.7002619 0.8886590
vt 0.7002619 0.8835891
vt 0.7004067 0.8886590
vt 0.7004067 0.8835891
vt 0.7018311 0.8886590
vt 0.7564894 0.8886590
vt 0.7563445 0.8886590
vt 0.7564894 0.8835891
vt 0.7563445 0.8835891
vt 0.7549201 0.8886590
vt 0.7549201 0.8835891
vt 0.7018311 0.8835891
vt 0.7004067 0.8831063
vt 0.7002619 0.8831063
vt 0.7002136 0.8831063
vt 0.7002136 0.8835891
vt 0.7002136 0.8886590
vt 0.7002136 0.8889005
vt 0.7002619 0.8889005
vt 0.7004067 0.8889005
vt 0.7018311 0.8889005
vt 0.7549201 0.8889005
vt 0.7563445 0.8889005
vt 0.7564894 0.8889005
vt 0.7565135 0.8889005
vt 0.7565135 0.8886590
vt 0.7565135 0.8835891
vt 0.7565135 0.8831063
vt 0.7564894 0.8831063
vt 0.7563445 0.8831063
vt 0.7549201 0.8831063
vt 0.7018311 0.8831063
vt 0.7422213 0.0176035
vt 0.7422213 0.0209834
vt 0.7421488 0.0176035
vt 0.7421488 0.0209834
vt 0.7420040 0.0209834
vt 0.7420040 0.0176035
vt 0.7417867 0.0209834
vt 0.7417867 0.0176035
vt 0.7414487 0.0209834
vt 0.7414487 0.0176035
vt 0.7410141 0.0209834
vt 0.7410141 0.0176035
vt 0.7405554 0.0209834
vt 0.7405554 0.0176035
vt 0.7400243 0.0176035
vt 0.7400243 0.0209834
vt 0.7400243 0.0212249
vt 0.7405554 0.0212249
vt 0.7410141 0.0212249
vt 0.7414487 0.0212249
vt 0.7417867 0.0212249
vt 0.7420040 0.0212249
vt 0.7421488 0.0212249
vt 0.7422213 0.0212249
vt 0.7422695 0.0212249
vt 0.7422695 0.0209834
vt 0.7422695 0.0176035
vt 0.7422695 0.0173621
vt 0.7422213 0.0173621
vt 0.7421488 0.0173621
vt 0.7420040 0.0173621
vt 0.7417867 0.0173621
vt 0.7414487 0.0173621
vt 0.7410141 0.0173621
vt 0.7405554 0.0173621
vt 0.7400243 0.0173621
vt 0.7395415 0.0173621
vt 0.7378756 0.0176035
vt 0.7379481 0.0176035
vt 0.7378756 0.0209834
vt 0.7379481 0.0209834
vt 0.7380929 0.0176035
vt 0.7380929 0.0209834
vt 0.7383343 0.0176035
vt 0.7383343 0.0209834
vt 0.7386482 0.0209834
vt 0.7386482 0.0176035
vt 0.7386482 0.0173621
vt 0.7383343 0.0173621
vt 0.7380929 0.0173621
vt 0.7379481 0.0173621
vt 0.7378756 0.0173621
vt 0.7378274 0.0173621
vt 0.7378274 0.0176035
vt 0.7378274 0.0209834
vt 0.7378274 0.0212249
vt 0.7378756 0.0212249
vt 0.7379481 0.0212249
vt 0.7380929 0.0212249
vt 0.7383343 0.0212249
vt 0.7386482 0.0212249
vt 0.7390586 0.0212249
vt 0.7395415 0.0212249
vt 0.7390586 0.0209834
vt 0.7390586 0.0176035
vt 0.7390586 0.0173621
vt 0.7395415 0.0176035
vt 0.7395415 0.0209834
vt 0.7987385 0.0045666
vt 0.7987385 0.0026353
vt 0.7990523 0.0045666
vt 0.7990523 0.0026353
vt 0.7990765 0.0045666
vt 0.7990765 0.0026353
vt 0.7990765 0.0021524
vt 0.7990523 0.0021524
vt 0.7987385 0.0021524
vt 0.7987143 0.0021524
vt 0.7987143 0.0026353
vt 0.7987143 0.0045666
vt 0.7987143 0.0233977
vt 0.7990523 0.7413908
vt 0.7987385 0.7413908
vt 0.7990523 0.7397008
vt 0.7987385 0.7397008
vt 0.7987143 0.7397008
vt 0.7987143 0.7413908
vt 0.7987143 0.7418736
vt 0.7987385 0.7418736
vt 0.7990523 0.7418736
vt 0.7990765 0.7418736
vt 0.7990765 0.7413908
vt 0.7990765 0.7397008
vt 0.7990765 0.7208698
vt 0.7990765 0.0233977
vt 0.7990523 0.7208698
vt 0.7987385 0.7208698
vt 0.7987143 0.7208698
vt 0.7987385 0.0233977
vt 0.7990523 0.0233977
vt 0.7378756 0.0144650
vt 0.7378756 0.0069809
vt 0.7379722 0.0144650
vt 0.7379722 0.0069809
vt 0.7381171 0.0144650
vt 0.7381171 0.0069809
vt 0.7383826 0.0144650
vt 0.7383826 0.0069809
vt 0.7383826 0.0067395
vt 0.7381171 0.0067395
vt 0.7379722 0.0067395
vt 0.7378756 0.0067395
vt 0.7378274 0.0067395
vt 0.7378274 0.0069809
vt 0.7378274 0.0144650
vt 0.7378274 0.0149478
vt 0.7378756 0.0149478
vt 0.7379722 0.0149478
vt 0.7381171 0.0149478
vt 0.7383826 0.0149478
vt 0.7387689 0.0149478
vt 0.7428972 0.0144650
vt 0.7428007 0.0144650
vt 0.7428972 0.0069809
vt 0.7428007 0.0069809
vt 0.7426558 0.0144650
vt 0.7426558 0.0069809
vt 0.7423903 0.0069809
vt 0.7423903 0.0144650
vt 0.7420040 0.0069809
vt 0.7420040 0.0144650
vt 0.7415211 0.0144650
vt 0.7415211 0.0069809
vt 0.7409659 0.0069809
vt 0.7409659 0.0144650
vt 0.7403864 0.0144650
vt 0.7403864 0.0069809
vt 0.7398070 0.0069809
vt 0.7398070 0.0144650
vt 0.7398070 0.0149478
vt 0.7403864 0.0149478
vt 0.7409659 0.0149478
vt 0.7415211 0.0149478
vt 0.7420040 0.0149478
vt 0.7423903 0.0149478
vt 0.7426558 0.0149478
vt 0.7428007 0.0149478
vt 0.7428972 0.0149478
vt 0.7429455 0.0149478
vt 0.7429455 0.0144650
vt 0.7429455 0.0069809
vt 0.7429455 0.0067395
vt 0.7428972 0.0067395
vt 0.7428007 0.0067395
vt 0.7426558 0.0067395
vt 0.7423903 0.0067395
vt 0.7420040 0.0067395
vt 0.7415211 0.0067395
vt 0.7409659 0.0067395
vt 0.7403864 0.0067395
vt 0.7398070 0.0067395
vt 0.7392518 0.0067395
vt 0.7387689 0.0067395
vt 0.7392518 0.0069809
vt 0.7392518 0.0144650
vt 0.7392518 0.0149478
vt 0.7387689 0.0144650
vt 0.7387689 0.0069809
vt 0.7870053 0.2913776
vt 0.7866190 0.2913776
vt 0.7870053 0.2756851
vt 0.7866190 0.2756851
vt 0.7866190 0.2624068
vt 0.7870053 0.2624068
vt 0.7866190 0.2520256
vt 0.7870053 0.2520256
vt 0.7866190 0.2435758
vt 0.7870053 0.2435758
vt 0.7870053 0.2363331
vt 0.7866190 0.2363331
vt 0.7870053 0.2290904
vt 0.7866190 0.2290904
vt 0.7870053 0.2213648
vt 0.7866190 0.2213648
vt 0.7866190 0.2138807
vt 0.7870053 0.2138807
vt 0.7866190 0.2063966
vt 0.7870053 0.2063966
vt 0.7866190 0.1986711
vt 0.7870053 0.1986711
vt 0.7870053 0.1911869
vt 0.7866190 0.1911869
vt 0.7866190 0.1837028
vt 0.7870053 0.1837028
vt 0.7866190 0.1759772
vt 0.7870053 0.1759772
vt 0.7870053 0.1684931
vt 0.7866190 0.1684931
vt 0.7870053 0.1610090
vt 0.7866190 0.1610090
vt 0.7866190 0.1532834
vt 0.7870053 0.1532834
vt 0.7866190 0.1457993
vt 0.7870053 0.1457993
vt 0.7870053 0.1383152
vt 0.7866190 0.1383152
vt 0.7870053 0.1305897
vt 0.7866190 0.1305897
vt 0.7866190 0.1231055
vt 0.7870053 0.1231055
vt 0.7870053 0.1156214
vt 0.7866190 0.1156214
vt 0.7870053 0.1078959
vt 0.7866190 0.1078959
vt 0.7870053 0.1004117
vt 0.7866190 0.1004117
vt 0.7866190 0.0929276
vt 0.7870053 0.0929276
vt 0.7866190 0.0854435
vt 0.7870053 0.0854435
vt 0.7866190 0.0782008
vt 0.7870053 0.0782008
vt 0.7870053 0.0699924
vt 0.7866190 0.0699924
vt 0.7870053 0.0596112
vt 0.7866190 0.0596112
vt 0.7870053 0.0463329
vt 0.7866190 0.0463329
vt 0.7870053 0.0303990
vt 0.7866190 0.0303990
vt 0.7865707 0.0303990
vt 0.7865707 0.0463329
vt 0.7865707 0.0596112
vt 0.7865707 0.0699924
vt 0.7865707 0.0782008
vt 0.7865707 0.0854435
vt 0.7865707 0.0929276
vt 0.7865707 0.1004117
vt 0.7865707 0.1078959
vt 0.7865707 0.1156214
vt 0.7865707 0.1231055
vt 0.7865707 0.1305897
vt 0.7865707 0.1383152
vt 0.7865707 0.1457993
vt 0.7865707 0.1532834
vt 0.7865707 0.1610090
vt 0.7865707 0.1684931
vt 0.7865707 0.1759772
vt 0.7865707 0.1837028
vt 0.7865707 0.1911869
vt 0.7865707 0.1986711
vt 0.7865707 0.2063966
vt 0.7865707 0.2138807
vt 0.7865707 0.2213648
vt 0.7865707 0.2290904
vt 0.7865707 0.2363331
vt 0.7865707 0.2435758
vt 0.7865707 0.2520256
vt 0.7865707 0.2624068
vt 0.7865707 0.2756851
vt 0.7865707 0.2913776
vt 0.7865707 0.3133471
vt 0.7866190 0.3133471
vt 0.7870053 0.3133471
vt 0.7870536 0.3133471
vt 0.7870536 0.2913776
vt 0.7870536 0.2756851
vt 0.7870536 0.2624068
vt 0.7870536 0.2520256
vt 0.7870536 0.2435758
vt 0.7870536 0.2363331
vt 0.7870536 0.2290904
vt 0.7870536 0.2213648
vt 0.7870536 0.2138807
vt 0.7870536 0.2063966
vt 0.7870536 0.1986711
vt 0.7870536 0.1911869
vt 0.7870536 0.1837028
vt 0.7870536 0.1759772
vt 0.7870536 0.1684931
vt 0.7870536 0.1610090
vt 0.7870536 0.1532834
vt 0.7870536 0.1457993
vt 0.7870536 0.1383152
vt 0.7870536 0.1305897
vt 0.7870536 0.1231055
vt 0.7870536 0.1156214
vt 0.7870536 0.1078959
vt 0.7870536 0.1004117
vt 0.7870536 0.0929276
vt 0.7870536 0.0854435
vt 0.7870536 0.0782008
vt 0.7870536 0.0699924
vt 0.7870536 0.0596112
vt 0.7870536 0.0463329
vt 0.7870536 0.0303990
vt 0.7870536 0.0084294
vt 0.7870053 0.0084294
vt 0.7866190 0.0084294
vt 0.7865707 0.0084294
vt 0.7865225 0.0084294
vt 0.7865225 0.0303990
vt 0.7865225 0.0463329
vt 0.7865225 0.0596112
vt 0.7865225 0.0699924
vt 0.7865225 0.0782008
vt 0.7865225 0.0854435
vt 0.7865225 0.0929276
vt 0.7865225 0.1004117
vt 0.7865225 0.1078959
vt 0.7865225 0.1156214
vt 0.7865225 0.1231055
vt 0.7865225 0.1305897
vt 0.7865225 0.1383152
vt 0.7865225 0.1457993
vt 0.7865225 0.1532834
vt 0.7865225 0.1610090
vt 0.7865225 0.1684931
vt 0.7865225 0.1759772
vt 0.7865225 0.1837028
vt 0.7865225 0.1911869
vt 0.7865225 0.1986711
vt 0.7865225 0.2063966
vt 0.7865225 0.2138807
vt 0.7865225 0.2213648
vt 0.7865225 0.2290904
vt 0.7865225 0.2363331
vt 0.7865225 0.2435758
vt 0.7865225 0.2520256
vt 0.7865225 0.2624068
vt 0.7865225 0.2756851
vt 0.7865225 0.2913776
vt 0.7865225 0.3133471
vt 0.7865225 0.3186585
vt 0.7865707 0.3186585
vt 0.7866190 0.3186585
vt 0.7870053 0.3186585
vt 0.7870536 0.3186585
vt 0.7871019 0.3186585
vt 0.7871019 0.3133471
vt 0.7871019 0.2913776
vt 0.7871019 0.2756851
vt 0.7871019 0.2624068
vt 0.7871019 0.2520256
vt 0.7871019 0.2435758
vt 0.7871019 0.2363331
vt 0.7871019 0.2290904
vt 0.7871019 0.2213648
vt 0.7871019 0.2138807
vt 0.7871019 0.2063966
vt 0.7871019 0.1986711
vt 0.7871019 0.1911869
vt 0.7871019 0.1837028
vt 0.7871019 0.1759772
vt 0.7871019 0.1684931
vt 0.7871019 0.1610090
vt 0.7871019 0.1532834
vt 0.7871019 0.1457993
vt 0.7871019 0.1383152
vt 0.7871019 0.1305897
vt 0.7871019 0.1231055
vt 0.7871019 0.1156214
vt 0.7871019 0.1078959
vt 0.7871019 0.1004117
vt 0.7871019 0.0929276
vt 0.7871019 0.0854435
vt 0.7871019 0.0782008
vt 0.7871019 0.0699924
vt 0.7871019 0.0596112
vt 0.7871019 0.0463329
vt 0.7871019 0.0303990
vt 0.7871019 0.0084294
vt 0.7871019 0.0031181
vt 0.7870536 0.0031181
vt 0.7870053 0.0031181
vt 0.7866190 0.0031181
vt 0.7865707 0.0031181
vt 0.7865225 0.0031181
vt 0.7854361 0.0031181
vt 0.7854361 0.0084294
vt 0.7854361 0.0303990
vt 0.7854361 0.0463329
vt 0.7854361 0.0596112
vt 0.7854361 0.0699924
vt 0.7854361 0.0782008
vt 0.7854361 0.0854435
vt 0.7854361 0.0929276
vt 0.7854361 0.1004117
vt 0.7854361 0.1078959
vt 0.7854361 0.1156214
vt 0.7854361 0.1231055
vt 0.7854361 0.1305897
vt 0.7854361 0.1383152
vt 0.7854361 0.1457993
vt 0.7854361 0.1532834
vt 0.7854361 0.1610090
vt 0.7854361 0.1684931
vt 0.7854361 0.1759772
vt 0.7854361 0.1837028
vt 0.7854361 0.1911869
vt 0.7854361 0.1986711
vt 0.7854361 0.2063966
vt 0.7854361 0.2138807
vt 0.7854361 0.2213648
vt 0.7854361 0.2290904
vt 0.7854361 0.2363331
vt 0.7854361 0.2435758
vt 0.7854361 0.2520256
vt 0.7854361 0.2624068
vt 0.7854361 0.2756851
vt 0.7854361 0.2913776
vt 0.7854361 0.3133471
vt 0.7854361 0.3186585
vt 0.7854361 0.3193827
vt 0.7865225 0.3193827
vt 0.7865707 0.3193827
vt 0.7866190 0.3193827
vt 0.7870053 0.3193827
vt 0.7870536 0.3193827
vt 0.7871019 0.3193827
vt 0.7881883 0.3193827
vt 0.7881883 0.3186585
vt 0.7881883 0.3133471
vt 0.7881883 0.2913776
vt 0.7881883 0.2756851
vt 0.7881883 0.2624068
vt 0.7881883 0.2520256
vt 0.7881883 0.2435758
vt 0.7881883 0.2363331
vt 0.7881883 0.2290904
vt 0.7881883 0.2213648
vt 0.7881883 0.2138807
vt 0.7881883 0.2063966
vt 0.7881883 0.1986711
vt 0.7881883 0.1911869
vt 0.7881883 0.1837028
vt 0.7881883 0.1759772
vt 0.7881883 0.1684931
vt 0.7881883 0.1610090
vt 0.7881883 0.1532834
vt 0.7881883 0.1457993
vt 0.7881883 0.1383152
vt 0.7881883 0.1305897
vt 0.7881883 0.1231055
vt 0.7881883 0.1156214
vt 0.7881883 0.1078959
vt 0.7881883 0.1004117
vt 0.7881883 0.0929276
vt 0.7881883 0.0854435
vt 0.7881883 0.0782008
vt 0.7881883 0.0699924
vt 0.7881883 0.0596112
vt 0.7881883 0.0463329
vt 0.7881883 0.0303990
vt 0.7881883 0.0084294
vt 0.7881883 0.0031181
vt 0.7881883 0.0023939
vt 0.7871019 0.0023939
vt 0.7870536 0.0023939
vt 0.7870053 0.0023939
vt 0.7866190 0.0023939
vt 0.7865707 0.0023939
vt 0.7865225 0.0023939
vt 0.7854361 0.0023939
vt 0.7854361 0.0021524
vt 0.7853395 0.0021524
vt 0.7853395 0.0023939
vt 0.7853395 0.0031181
vt 0.7853395 0.0084294
vt 0.7853395 0.0303990
vt 0.7853395 0.0463329
vt 0.7853395 0.0596112
vt 0.7853395 0.0699924
vt 0.7853395 0.0782008
vt 0.7853395 0.0854435
vt 0.7853395 0.0929276
vt 0.7853395 0.1004117
vt 0.7853395 0.1078959
vt 0.7853395 0.1156214
vt 0.7853395 0.1231055
vt 0.7853395 0.1305897
vt 0.7853395 0.1383152
vt 0.7853395 0.1457993
vt 0.7853395 0.1532834
vt 0.7853395 0.1610090
vt 0.7853395 0.1684931
vt 0.7853395 0.1759772
vt 0.7853395 0.1837028
vt 0.7853395 0.1911869
vt 0.7853395 0.1986711
vt 0.7853395 0.2063966
vt 0.7853395 0.2138807
vt 0.7853395 0.2213648
vt 0.7853395 0.2290904
vt 0.7853395 0.2363331
vt 0.7853395 0.2435758
vt 0.7853395 0.2520256
vt 0.7853395 0.2624068
vt 0.7853395 0.2756851
vt 0.7853395 0.2913776
vt 0.7853395 0.3133471
vt 0.7853395 0.3186585
vt 0.7853395 0.3193827
vt 0.7853395 0.3198655
vt 0.7854361 0.3198655
vt 0.7865225 0.3198655
vt 0.7865707 0.3198655
vt 0.7866190 0.3198655
vt 0.7870053 0.3198655
vt 0.7870536 0.3198655
vt 0.7871019 0.3198655
vt 0.7881883 0.3198655
vt 0.7882848 0.3198655
vt 0.7882848 0.3193827
vt 0.7882848 0.3186585
vt 0.7882848 0.3133471
vt 0.7882848 0.2913776
vt 0.7882848 0.2756851
vt 0.7882848 0.2624068
vt 0.7882848 0.2520256
vt 0.7882848 0.2435758
vt 0.7882848 0.2363331
vt 0.7882848 0.2290904
vt 0.7882848 0.2213648
vt 0.7882848 0.2138807
vt 0.7882848 0.2063966
vt 0.7882848 0.1986711
vt 0.7882848 0.1911869
vt 0.7882848 0.1837028
vt 0.7882848 0.1759772
vt 0.7882848 0.1684931
vt 0.7882848 0.1610090
vt 0.7882848 0.1532834
vt 0.7882848 0.1457993
vt 0.7882848 0.1383152
vt 0.7882848 0.1305897
vt 0.7882848 0.1231055
vt 0.7882848 0.1156214
vt 0.7882848 0.1078959
vt 0.7882848 0.1004117
vt 0.7882848 0.0929276
vt 0.7882848 0.0854435
vt 0.7882848 0.0782008
vt 0.7882848 0.0699924
vt 0.7882848 0.0596112
vt 0.7882848 0.0463329
vt 0.7882848 0.0303990
vt 0.7882848 0.0084294
vt 0.7882848 0.0031181
vt 0.7882848 0.0023939
vt 0.7882848 0.0021524
vt 0.7881883 0.0021524
vt 0.7871019 0.0021524
vt 0.7870536 0.0021524
vt 0.7870053 0.0021524
vt 0.7866190 0.0021524
vt 0.7865707 0.0021524
vt 0.7865225 0.0021524
vt 0.7022416 0.0284676
vt 0.7025554 0.0284676
vt 0.7022416 0.0291918
vt 0.7025554 0.0291918
vt 0.7025554 0.0306404
vt 0.7022416 0.0306404
vt 0.7022416 0.0328132
vt 0.7025554 0.0328132
vt 0.7025795 0.0328132
vt 0.7025795 0.0306404
vt 0.7025795 0.0291918
vt 0.7025795 0.0284676
vt 0.7025795 0.0279847
vt 0.7025554 0.0279847
vt 0.7022416 0.0279847
vt 0.7022174 0.0279847
vt 0.7022174 0.0284676
vt 0.7022174 0.0291918
vt 0.7022174 0.0306404
vt 0.7022174 0.0328132
vt 0.7022416 0.0711995
vt 0.7022416 0.0702338
vt 0.7025554 0.0711995
vt 0.7025554 0.0702338
vt 0.7025554 0.0690267
vt 0.7022416 0.0690267
vt 0.7022416 0.0666124
vt 0.7025554 0.0666124
vt 0.7025554 0.0634739
vt 0.7022416 0.0634739
vt 0.7025554 0.0593698
vt 0.7022416 0.0593698
vt 0.7025554 0.0547827
vt 0.7022416 0.0547827
vt 0.7025554 0.0497128
vt 0.7022416 0.0497128
vt 0.7022416 0.0448844
vt 0.7022174 0.0400559
vt 0.7022174 0.0448844
vt 0.7022174 0.0497128
vt 0.7022174 0.0547827
vt 0.7022174 0.0593698
vt 0.7022174 0.0634739
vt 0.7022174 0.0666124
vt 0.7022174 0.0690267
vt 0.7022174 0.0702338
vt 0.7022174 0.0711995
vt 0.7022174 0.0714409
vt 0.7022416 0.0714409
vt 0.7025554 0.0714409
vt 0.7025795 0.0714409
vt 0.7025795 0.0711995
vt 0.7025795 0.0702338
vt 0.7025795 0.0690267
vt 0.7025795 0.0666124
vt 0.7025795 0.0634739
vt 0.7025795 0.0593698
vt 0.7025795 0.0547827
vt 0.7025795 0.0497128
vt 0.7025795 0.0448844
vt 0.7025795 0.0400559
vt 0.7025554 0.0448844
vt 0.7022416 0.0400559
vt 0.7022174 0.0359517
vt 0.7022416 0.0359517
vt 0.7025554 0.0359517
vt 0.7025795 0.0359517
vt 0.7025554 0.0400559
vt 0.7094118 0.0093951
vt 0.7090980 0.0093951
vt 0.7094118 0.0048081
vt 0.7090980 0.0048081
vt 0.7094118 0.0043252
vt 0.7090980 0.0043252
vt 0.7082289 0.0040838
vt 0.7082289 0.0023939
vt 0.7090256 0.0040838
vt 0.7090256 0.0023939
vt 0.7090738 0.0040838
vt 0.7090738 0.0023939
vt 0.7090980 0.0040838
vt 0.7090980 0.0023939
vt 0.7094118 0.0021524
vt 0.7090980 0.0021524
vt 0.7090738 0.0021524
vt 0.7090256 0.0021524
vt 0.7082289 0.0021524
vt 0.7081806 0.0021524
vt 0.7081806 0.0023939
vt 0.7081806 0.0040838
vt 0.7081806 0.0043252
vt 0.7082289 0.0043252
vt 0.7090256 0.0043252
vt 0.7090738 0.0043252
vt 0.7090738 0.0048081
vt 0.7090738 0.0093951
vt 0.7090738 0.0096366
vt 0.7090980 0.0096366
vt 0.7094118 0.0096366
vt 0.7094360 0.0096366
vt 0.7094360 0.0093951
vt 0.7094360 0.0048081
vt 0.7094360 0.0043252
vt 0.7103051 0.0023939
vt 0.7103051 0.0040838
vt 0.7094843 0.0023939
vt 0.7094843 0.0040838
vt 0.7094843 0.0043252
vt 0.7103051 0.0043252
vt 0.7103534 0.0043252
vt 0.7103534 0.0040838
vt 0.7103534 0.0023939
vt 0.7103534 0.0021524
vt 0.7103051 0.0021524
vt 0.7094843 0.0021524
vt 0.7094360 0.0021524
vt 0.7094360 0.0023939
vt 0.7094360 0.0040838
vt 0.7094118 0.0040838
vt 0.7094118 0.0023939
vt 0.7660980 0.0294333
vt 0.7660015 0.0294333
vt 0.7660980 0.0282261
vt 0.7660015 0.0282261
vt 0.7658566 0.0282261
vt 0.7658566 0.0294333
vt 0.7655910 0.0282261
vt 0.7655910 0.0294333
vt 0.7652289 0.0282261
vt 0.7652289 0.0294333
vt 0.7647702 0.0282261
vt 0.7647702 0.0294333
vt 0.7642391 0.0294333
vt 0.7642391 0.0282261
vt 0.7636838 0.0282261
vt 0.7636838 0.0294333
vt 0.7631285 0.0294333
vt 0.7631285 0.0282261
vt 0.7625974 0.0282261
vt 0.7625974 0.0294333
vt 0.7621387 0.0294333
vt 0.7621387 0.0282261
vt 0.7617766 0.0294333
vt 0.7617766 0.0282261
vt 0.7615110 0.0294333
vt 0.7615110 0.0282261
vt 0.7613661 0.0294333
vt 0.7613661 0.0282261
vt 0.7612696 0.0282261
vt 0.7612696 0.0294333
vt 0.7612454 0.0294333
vt 0.7612454 0.0296747
vt 0.7612696 0.0296747
vt 0.7613661 0.0296747
vt 0.7615110 0.0296747
vt 0.7617766 0.0296747
vt 0.7621387 0.0296747
vt 0.7625974 0.0296747
vt 0.7631285 0.0296747
vt 0.7636838 0.0296747
vt 0.7642391 0.0296747
vt 0.7647702 0.0296747
vt 0.7652289 0.0296747
vt 0.7655910 0.0296747
vt 0.7658566 0.0296747
vt 0.7660015 0.0296747
vt 0.7660980 0.0296747
vt 0.7661222 0.0296747
vt 0.7661222 0.0294333
vt 0.7661222 0.0282261
vt 0.7661222 0.0279847
vt 0.7660980 0.0279847
vt 0.7660015 0.0279847
vt 0.7658566 0.0279847
vt 0.7655910 0.0279847
vt 0.7652289 0.0279847
vt 0.7647702 0.0279847
vt 0.7642391 0.0279847
vt 0.7636838 0.0279847
vt 0.7631285 0.0279847
vt 0.7625974 0.0279847
vt 0.7621387 0.0279847
vt 0.7617766 0.0279847
vt 0.7615110 0.0279847
vt 0.7613661 0.0279847
vt 0.7612696 0.0279847
vt 0.7612454 0.0279847
vt 0.7612454 0.0282261
vt 0.7725923 0.9589132
vt 0.7023381 0.9589132
vt 0.7725923 0.9562576
vt 0.7023381 0.9562576
vt 0.7023381 0.9523948
vt 0.7725923 0.9523948
vt 0.7023381 0.9475663
vt 0.7725923 0.9475663
vt 0.7023381 0.9420136
vt 0.7725923 0.9420136
vt 0.7023381 0.9362194
vt 0.7725923 0.9362194
vt 0.7023381 0.9301838
vt 0.7725923 0.9301838
vt 0.7023381 0.9246311
vt 0.7725923 0.9246311
vt 0.7023381 0.9198026
vt 0.7725923 0.9198026
vt 0.7023381 0.9161813
vt 0.7725923 0.9161813
vt 0.7023381 0.9135256
vt 0.7725923 0.9135256
vt 0.7725923 0.9118357
vt 0.7023381 0.9118357
vt 0.7004550 0.9118357
vt 0.7004550 0.9135256
vt 0.7004550 0.9161813
vt 0.7004550 0.9198026
vt 0.7004550 0.9246311
vt 0.7004550 0.9301838
vt 0.7004550 0.9362194
vt 0.7004550 0.9420136
vt 0.7004550 0.9475663
vt 0.7004550 0.9523948
vt 0.7004550 0.9562576
vt 0.7004550 0.9589132
vt 0.7004550 0.9603618
vt 0.7023381 0.9603618
vt 0.7725923 0.9603618
vt 0.7744754 0.9603618
vt 0.7744754 0.9589132
vt 0.7744754 0.9562576
vt 0.7744754 0.9523948
vt 0.7744754 0.9475663
vt 0.7744754 0.9420136
vt 0.7744754 0.9362194
vt 0.7744754 0.9301838
vt 0.7744754 0.9246311
vt 0.7744754 0.9198026
vt 0.7744754 0.9161813
vt 0.7744754 0.9135256
vt 0.7744754 0.9118357
vt 0.7725923 0.9108700
vt 0.7023381 0.9108700
vt 0.7004550 0.9108700
vt 0.7002619 0.9108700
vt 0.7002619 0.9118357
vt 0.7002619 0.9135256
vt 0.7002619 0.9161813
vt 0.7002619 0.9198026
vt 0.7002619 0.9246311
vt 0.7002619 0.9301838
vt 0.7002619 0.9362194
vt 0.7002619 0.9420136
vt 0.7002619 0.9475663
vt 0.7002619 0.9523948
vt 0.7002619 0.9562576
vt 0.7002619 0.9589132
vt 0.7002619 0.9603618
vt 0.7002619 0.9613275
vt 0.7004550 0.9613275
vt 0.7023381 0.9613275
vt 0.7725923 0.9613275
vt 0.7744754 0.9613275
vt 0.7746686 0.9613275
vt 0.7746686 0.9603618
vt 0.7746686 0.9589132
vt 0.7746686 0.9562576
vt 0.7746686 0.9523948
vt 0.7746686 0.9475663
vt 0.7746686 0.9420136
vt 0.7746686 0.9362194
vt 0.7746686 0.9301838
vt 0.7746686 0.9246311
vt 0.7746686 0.9198026
vt 0.7746686 0.9161813
vt 0.7746686 0.9135256
vt 0.7746686 0.9118357
vt 0.7746686 0.9108700
vt 0.7744754 0.9108700
vt 0.7725923 0.9106286
vt 0.7023381 0.9106286
vt 0.7004550 0.9106286
vt 0.7002619 0.9106286
vt 0.7002136 0.9106286
vt 0.7002136 0.9108700
vt 0.7002136 0.9118357
vt 0.7002136 0.9135256
vt 0.7002136 0.9161813
vt 0.7002136 0.9198026
vt 0.7002136 0.9246311
vt 0.7002136 0.9301838
vt 0.7002136 0.9362194
vt 0.7002136 0.9420136
vt 0.7002136 0.9475663
vt 0.7002136 0.9523948
vt 0.7002136 0.9562576
vt 0.7002136 0.9589132
vt 0.7002136 0.9603618
vt 0.7002136 0.9613275
vt 0.7002136 0.9618103
vt 0.7002619 0.9618103
vt 0.7004550 0.9618103
vt 0.7023381 0.9618103
vt 0.7725923 0.9618103
vt 0.7744754 0.9618103
vt 0.7746686 0.9618103
vt 0.7747169 0.9618103
vt 0.7747169 0.9613275
vt 0.7747169 0.9603618
vt 0.7747169 0.9589132
vt 0.7747169 0.9562576
vt 0.7747169 0.9523948
vt 0.7747169 0.9475663
vt 0.7747169 0.9420136
vt 0.7747169 0.9362194
vt 0.7747169 0.9301838
vt 0.7747169 0.9246311
vt 0.7747169 0.9198026
vt 0.7747169 0.9161813
vt 0.7747169 0.9135256
vt 0.7747169 0.9118357
vt 0.7747169 0.9108700
vt 0.7747169 0.9106286
vt 0.7746686 0.9106286
vt 0.7744754 0.9106286
vt 0.7974106 0.7459778
vt 0.7966622 0.7459778
vt 0.7974106 0.7442879
vt 0.7966622 0.7442879
vt 0.7974106 0.7252154
vt 0.7966622 0.7252154
vt 0.7974106 0.0026353
vt 0.7974106 0.0045666
vt 0.7966622 0.0026353
vt 0.7966622 0.0045666
vt 0.7974106 0.0233977
vt 0.7966622 0.0233977
vt 0.7966381 0.7252154
vt 0.7966381 0.7442879
vt 0.7966381 0.7459778
vt 0.7966381 0.7464607
vt 0.7966622 0.7464607
vt 0.7974106 0.7464607
vt 0.7974348 0.7464607
vt 0.7974348 0.7459778
vt 0.7974348 0.7442879
vt 0.7974348 0.7252154
vt 0.7974348 0.0233977
vt 0.7974348 0.0045666
vt 0.7974348 0.0026353
vt 0.7974348 0.0021524
vt 0.7974106 0.0021524
vt 0.7966622 0.0021524
vt 0.7966381 0.0021524
vt 0.7966381 0.0026353
vt 0.7966381 0.0045666
vt 0.7966381 0.0233977
vt 0.7810663 0.5603233
vt 0.7803179 0.5668417
vt 0.7803179 0.5593575
vt 0.7795453 0.5603233
vt 0.7795453 0.5675659
vt 0.7795212 0.5745672
vt 0.7803179 0.5740844
vt 0.7810904 0.5675659
vt 0.7818147 0.5624961
vt 0.7817664 0.5542877
vt 0.7810421 0.5521149
vt 0.7803179 0.5513906
vt 0.7795695 0.5521149
vt 0.7788693 0.5542877
vt 0.7788211 0.5624961
vt 0.7787969 0.5694973
vt 0.7787969 0.5757743
vt 0.7776139 0.5839827
vt 0.7777829 0.5796371
vt 0.7780968 0.5832585
vt 0.7781692 0.5777057
vt 0.7787486 0.5820514
vt 0.7794970 0.5813271
vt 0.7803179 0.5808442
vt 0.7811146 0.5745672
vt 0.7818147 0.5694973
vt 0.7824907 0.5661174
vt 0.7823941 0.5571847
vt 0.7822975 0.5448722
vt 0.7816940 0.5429408
vt 0.7810180 0.5417336
vt 0.7803179 0.5412508
vt 0.7795936 0.5417336
vt 0.7789176 0.5431822
vt 0.7783382 0.5448722
vt 0.7782175 0.5571847
vt 0.7781451 0.5661174
vt 0.7781692 0.5726359
vt 0.7776381 0.5769815
vt 0.7773001 0.5830170
vt 0.7770828 0.5900183
vt 0.7769862 0.5972610
vt 0.7774691 0.5900183
vt 0.7780002 0.5895355
vt 0.7786762 0.5888112
vt 0.7794729 0.5883283
vt 0.7803179 0.5880869
vt 0.7811387 0.5813271
vt 0.7818388 0.5757743
vt 0.7824665 0.5726359
vt 0.7831425 0.5721530
vt 0.7829252 0.5600818
vt 0.7827562 0.5465621
vt 0.7826838 0.5306282
vt 0.7822493 0.5296625
vt 0.7816698 0.5286968
vt 0.7810180 0.5279725
vt 0.7803179 0.5277311
vt 0.7796177 0.5279725
vt 0.7789659 0.5286968
vt 0.7783865 0.5296625
vt 0.7779278 0.5306282
vt 0.7778554 0.5465621
vt 0.7777105 0.5600818
vt 0.7774932 0.5721530
vt 0.7770828 0.5820514
vt 0.7768414 0.5897769
vt 0.7767207 0.5972610
vt 0.7767448 0.6045037
vt 0.7768655 0.6115050
vt 0.7769862 0.6045037
vt 0.7773966 0.5970196
vt 0.7779519 0.5967782
vt 0.7786521 0.5962953
vt 0.7794487 0.5960539
vt 0.7803179 0.5958125
vt 0.7811629 0.5883283
vt 0.7818871 0.5820514
vt 0.7824424 0.5777057
vt 0.7828287 0.5793957
vt 0.7829735 0.5769815
vt 0.7835529 0.5820514
vt 0.7839151 0.5897769
vt 0.7837219 0.5820514
vt 0.7834564 0.5728773
vt 0.7832391 0.5617718
vt 0.7830942 0.5477692
vt 0.7829977 0.5313525
vt 0.7829735 0.5084172
vt 0.7826597 0.5084172
vt 0.7822251 0.5081758
vt 0.7816457 0.5079344
vt 0.7809939 0.5076930
vt 0.7803179 0.5076930
vt 0.7796177 0.5079344
vt 0.7789659 0.5079344
vt 0.7784106 0.5081758
vt 0.7779761 0.5084172
vt 0.7776622 0.5084172
vt 0.7776139 0.5313525
vt 0.7775415 0.5480107
vt 0.7773725 0.5617718
vt 0.7771552 0.5728773
vt 0.7769138 0.5820514
vt 0.7767207 0.5897769
vt 0.7766241 0.5972610
vt 0.7766241 0.6047451
vt 0.7767690 0.6115050
vt 0.7770104 0.6182649
vt 0.7770828 0.6180234
vt 0.7773484 0.6240590
vt 0.7774208 0.6238176
vt 0.7775656 0.6235762
vt 0.7773001 0.6180234
vt 0.7770828 0.6115050
vt 0.7773966 0.6045037
vt 0.7779519 0.6042623
vt 0.7786521 0.6042623
vt 0.7794487 0.6040209
vt 0.7803179 0.6040209
vt 0.7811870 0.5960539
vt 0.7819595 0.5888112
vt 0.7825148 0.5832585
vt 0.7829977 0.5837413
vt 0.7833357 0.5830170
vt 0.7837944 0.5897769
vt 0.7840116 0.5972610
vt 0.7840358 0.6047451
vt 0.7840599 0.5972610
vt 0.7839634 0.5900183
vt 0.7838185 0.5822928
vt 0.7836254 0.5738430
vt 0.7834322 0.5627375
vt 0.7832632 0.5484935
vt 0.7831908 0.5318353
vt 0.7831667 0.5086586
vt 0.7831425 0.5031059
vt 0.7829494 0.5031059
vt 0.7826355 0.5028645
vt 0.7822010 0.5028645
vt 0.7816457 0.5028645
vt 0.7809939 0.5028645
vt 0.7803179 0.5028645
vt 0.7796177 0.5028645
vt 0.7789900 0.5028645
vt 0.7784106 0.5028645
vt 0.7779761 0.5028645
vt 0.7776622 0.5031059
vt 0.7774691 0.5031059
vt 0.7774691 0.5086586
vt 0.7774208 0.5318353
vt 0.7773484 0.5487349
vt 0.7772035 0.5627375
vt 0.7770104 0.5738430
vt 0.7768172 0.5822928
vt 0.7766482 0.5900183
vt 0.7765758 0.5972610
vt 0.7765758 0.6047451
vt 0.7767207 0.6117464
vt 0.7769621 0.6182649
vt 0.7773242 0.6243004
vt 0.7777829 0.6296117
vt 0.7778071 0.6291289
vt 0.7778554 0.6288875
vt 0.7779278 0.6279218
vt 0.7780485 0.6267147
vt 0.7778554 0.6233348
vt 0.7776381 0.6180234
vt 0.7774932 0.6115050
vt 0.7780244 0.6117464
vt 0.7787003 0.6119878
vt 0.7794729 0.6122293
vt 0.7803179 0.6122293
vt 0.7811870 0.6040209
vt 0.7819837 0.5962953
vt 0.7826355 0.5895355
vt 0.7831667 0.5900183
vt 0.7835529 0.5900183
vt 0.7838909 0.5972610
vt 0.7839875 0.6045037
vt 0.7839151 0.6117464
vt 0.7837219 0.6185063
vt 0.7839634 0.6117464
vt 0.7841082 0.6047451
vt 0.7841082 0.5972610
vt 0.7840358 0.5900183
vt 0.7838668 0.5825342
vt 0.7836978 0.5740844
vt 0.7835047 0.5632203
vt 0.7833840 0.5489764
vt 0.7832874 0.5320767
vt 0.7832632 0.5086586
vt 0.7832391 0.5031059
vt 0.7832391 0.5023816
vt 0.7831184 0.5023816
vt 0.7829494 0.5023816
vt 0.7826355 0.5023816
vt 0.7822010 0.5021402
vt 0.7816457 0.5021402
vt 0.7809939 0.5021402
vt 0.7803179 0.5021402
vt 0.7796177 0.5021402
vt 0.7789900 0.5021402
vt 0.7784348 0.5021402
vt 0.7780002 0.5023816
vt 0.7776864 0.5023816
vt 0.7774932 0.5023816
vt 0.7773966 0.5023816
vt 0.7773725 0.5031059
vt 0.7773725 0.5086586
vt 0.7773242 0.5320767
vt 0.7772518 0.5489764
vt 0.7771069 0.5632203
vt 0.7769379 0.5740844
vt 0.7767448 0.5825342
vt 0.7766000 0.5900183
vt 0.7765275 0.5972610
vt 0.7765275 0.6047451
vt 0.7766724 0.6117464
vt 0.7769138 0.6185063
vt 0.7772759 0.6245419
vt 0.7777346 0.6298532
vt 0.7782899 0.6341988
vt 0.7789176 0.6375787
vt 0.7783141 0.6337159
vt 0.7783382 0.6334745
vt 0.7783623 0.6327503
vt 0.7783865 0.6313017
vt 0.7783865 0.6284046
vt 0.7782899 0.6243004
vt 0.7781451 0.6185063
vt 0.7787728 0.6192306
vt 0.7795212 0.6197134
vt 0.7803179 0.6199548
vt 0.7811629 0.6122293
vt 0.7819837 0.6042623
vt 0.7826838 0.5967782
vt 0.7832391 0.5970196
vt 0.7836495 0.5972610
vt 0.7838909 0.6045037
vt 0.7838668 0.6115050
vt 0.7836737 0.6182649
vt 0.7833598 0.6245419
vt 0.7829494 0.6305774
vt 0.7834322 0.6250247
vt 0.7837944 0.6187477
vt 0.7840358 0.6119878
vt 0.7841806 0.6047451
vt 0.7841806 0.5972610
vt 0.7840841 0.5897769
vt 0.7839392 0.5825342
vt 0.7837461 0.5740844
vt 0.7835771 0.5632203
vt 0.7834322 0.5489764
vt 0.7833598 0.5320767
vt 0.7833115 0.5086586
vt 0.7832874 0.5031059
vt 0.7832632 0.5023816
vt 0.7832632 0.5018988
vt 0.7832150 0.5018988
vt 0.7830942 0.5018988
vt 0.7829252 0.5018988
vt 0.7826114 0.5018988
vt 0.7821768 0.5018988
vt 0.7816216 0.5018988
vt 0.7809939 0.5018988
vt 0.7803179 0.5018988
vt 0.7796419 0.5018988
vt 0.7790142 0.5018988
vt 0.7784589 0.5018988
vt 0.7780244 0.5018988
vt 0.7777105 0.5018988
vt 0.7775174 0.5018988
vt 0.7774208 0.5021402
vt 0.7773725 0.5018988
vt 0.7773484 0.5023816
vt 0.7773242 0.5031059
vt 0.7773242 0.5086586
vt 0.7772759 0.5320767
vt 0.7771794 0.5489764
vt 0.7770587 0.5632203
vt 0.7768655 0.5740844
vt 0.7766965 0.5825342
vt 0.7765517 0.5897769
vt 0.7764551 0.5972610
vt 0.7764551 0.6047451
vt 0.7766000 0.6119878
vt 0.7768414 0.6187477
vt 0.7772035 0.6250247
vt 0.7776864 0.6305774
vt 0.7782416 0.6349231
vt 0.7788935 0.6383030
vt 0.7795936 0.6404758
vt 0.7803179 0.6409587
vt 0.7796177 0.6395101
vt 0.7789418 0.6370959
vt 0.7789659 0.6366130
vt 0.7789659 0.6356473
vt 0.7789659 0.6337159
vt 0.7789418 0.6303360
vt 0.7788693 0.6252661
vt 0.7795695 0.6262318
vt 0.7803179 0.6264732
vt 0.7811146 0.6197134
vt 0.7819354 0.6119878
vt 0.7826838 0.6042623
vt 0.7832391 0.6042623
vt 0.7836495 0.6045037
vt 0.7837702 0.6115050
vt 0.7836254 0.6180234
vt 0.7833115 0.6243004
vt 0.7829011 0.6298532
vt 0.7823700 0.6349231
vt 0.7823458 0.6341988
vt 0.7817423 0.6383030
vt 0.7817181 0.6375787
vt 0.7810421 0.6404758
vt 0.7810180 0.6395101
vt 0.7803179 0.6402344
vt 0.7796177 0.6390273
vt 0.7796177 0.6385444
vt 0.7796177 0.6375787
vt 0.7796177 0.6351645
vt 0.7795936 0.6315431
vt 0.7803179 0.6320260
vt 0.7810663 0.6262318
vt 0.7818630 0.6192306
vt 0.7826114 0.6117464
vt 0.7831425 0.6115050
vt 0.7835288 0.6115050
vt 0.7835288 0.6180234
vt 0.7832632 0.6240590
vt 0.7828528 0.6296117
vt 0.7822975 0.6337159
vt 0.7816940 0.6370959
vt 0.7810180 0.6390273
vt 0.7803179 0.6397515
vt 0.7803179 0.6392687
vt 0.7803179 0.6383030
vt 0.7803179 0.6358888
vt 0.7810421 0.6315431
vt 0.7817664 0.6252661
vt 0.7824907 0.6185063
vt 0.7829977 0.6180234
vt 0.7833357 0.6180234
vt 0.7832150 0.6238176
vt 0.7828287 0.6291289
vt 0.7822734 0.6334745
vt 0.7816698 0.6366130
vt 0.7810180 0.6385444
vt 0.7810180 0.6375787
vt 0.7810180 0.6351645
vt 0.7816940 0.6303360
vt 0.7823458 0.6243004
vt 0.7827804 0.6233348
vt 0.7830460 0.6233348
vt 0.7827804 0.6288875
vt 0.7822734 0.6327503
vt 0.7816698 0.6356473
vt 0.7816698 0.6337159
vt 0.7822493 0.6284046
vt 0.7825873 0.6267147
vt 0.7827080 0.6279218
vt 0.7822251 0.6313017
vn -0.3014900 0.9526073 0.0405365
vn -0.2521717 0.9666587 0.0445009
vn -0.3214519 0.9469128 0.0049837
vn -0.2925229 0.9562301 0.0073745
vn -0.2933984 0.9559902 0.0000000
vn -0.3199456 0.9474359 0.0000000
vn -0.2731246 0.9619787 0.0000000
vn -0.2444939 0.9537946 0.1746384
vn -0.2665832 0.9636133 0.0195658
vn -0.1982942 0.9739004 0.1104424
vn -0.2279642 0.9735971 0.0118731
vn -0.2391908 0.9709726 0.0000000
vn -0.7071041 0.7071041 -0.0027729
vn -0.7056668 0.7084560 0.0111567
vn -0.6620587 0.7418604 0.1064022
vn -0.4518606 0.8178039 0.3563970
vn -0.1523820 0.9806519 0.1228887
vn -0.2099564 0.9631750 0.1679651
vn -0.5554573 0.6893026 0.4651120
vn -0.7394950 0.6619674 0.1222553
vn -0.7744695 0.6323904 0.0167151
vn -0.7787166 0.6273759 0.0000000
vn -0.7512064 0.6600674 0.0000000
vn -0.7451496 0.6664170 0.0253070
vn -0.7140042 0.6638986 0.2223435
vn -0.4311713 0.4086475 0.8044243
vn -0.1747618 0.7143778 0.6775859
vn -0.2000189 0.7816125 0.5908252
vn -0.5932087 0.6635893 0.4557989
vn -0.6701006 0.7350444 0.1033194
vn -0.6727462 0.7397417 0.0139573
vn -0.6745970 0.7381862 0.0000000
vn -0.9657758 0.1613965 0.2030472
vn -0.9500160 -0.2313792 0.2096024
vn -0.9858271 0.1658402 0.0253367
vn -0.9697974 -0.2424493 0.0266694
vn -0.9863939 0.1643991 0.0000000
vn -0.9702819 -0.2419774 0.0000000
vn -0.9876355 0.1567675 0.0000000
vn -0.9709726 -0.2391908 0.0000000
vn -0.6401225 -0.7681469 0.0139157
vn -0.6393708 -0.7688985 0.0000000
vn -0.6393708 -0.7688985 0.0000000
vn -0.6377185 -0.7697570 0.0280933
vn -0.6131006 -0.7593732 0.2178530
vn -0.4234953 -0.5392947 0.7278825
vn -0.6858367 -0.1714593 0.7072692
vn -0.7035503 0.1192459 0.7005693
vn -0.4311713 0.4086475 0.8044243
vn -0.7140042 0.6638986 0.2223435
vn -0.7451496 0.6664170 0.0253070
vn -0.7512064 0.6600674 0.0000000
vn -0.7787166 0.6273759 0.0000000
vn -0.7744695 0.6323904 0.0167151
vn -0.7453299 0.2182974 0.6299441
vn -0.5554573 0.6893026 0.4651120
vn -0.9673834 0.1867336 0.1711724
vn -0.7394950 0.6619674 0.1222553
vn -0.9864922 0.1625081 0.0205997
vn -0.9721137 -0.2340716 0.0143309
vn -0.6444488 -0.7567840 0.1093790
vn -0.9677266 -0.2064483 0.1445138
vn -0.5693521 -0.6798735 0.4621799
vn -0.7432763 -0.2013040 0.6379789
vn -0.2417980 -0.0366361 0.9696347
vn -0.2250799 0.0667820 0.9720490
vn -0.1702854 -0.0045409 0.9853843
vn -0.1620470 0.0347244 0.9861719
vn -0.5503134 0.0000000 0.8349582
vn -0.5496584 0.0054421 0.8353718
vn -0.5213888 0.1129677 0.8458085
vn -0.3199422 0.4162353 0.8511082
vn -0.0921388 0.1275770 0.9875396
vn -0.1382832 0.1709681 0.9755243
vn -0.4234953 0.5392947 0.7278825
vn -0.6858366 0.1714593 0.7072693
vn -0.7035503 -0.1192459 0.7005693
vn -0.4311714 -0.4086475 0.8044243
vn -0.2222634 0.2332393 0.9466776
vn -0.2222635 -0.2332393 0.9466775
vn -0.0632140 0.2017984 0.9773850
vn -0.0632140 -0.2017984 0.9773850
vn -0.1216386 0.1386681 0.9828404
vn -0.1216386 -0.1386681 0.9828404
vn -0.1747618 -0.7143778 0.6775859
vn -0.2000189 -0.7816125 0.5908252
vn -0.5932088 -0.6635893 0.4557988
vn -0.7518974 -0.2112769 0.6245097
vn -0.7518973 0.2112769 0.6245099
vn -0.5932087 0.6635893 0.4557989
vn -0.2000189 0.7816125 0.5908252
vn -0.1747618 0.7143778 0.6775859
vn -0.4311713 0.4086475 0.8044243
vn -0.2250800 -0.0667820 0.9720489
vn -0.2417980 0.0366361 0.9696347
vn -0.1620470 -0.0347244 0.9861719
vn -0.1702854 0.0045409 0.9853843
vn -0.1595642 0.0182360 0.9870191
vn -0.1711389 0.0977937 0.9803815
vn -0.7035503 0.1192459 0.7005693
vn -0.6858367 -0.1714593 0.7072692
vn -0.4234953 -0.5392947 0.7278825
vn -0.1382832 -0.1709681 0.9755243
vn -0.0921388 -0.1275770 0.9875396
vn -0.3199422 -0.4162353 0.8511082
vn -0.5213888 -0.1129677 0.8458085
vn -0.5496584 -0.0054421 0.8353718
vn -0.5503134 0.0000000 0.8349582
vn -0.5503134 0.0000000 0.8349582
vn -0.5503134 0.0000000 0.8349582
vn -0.1534035 0.0112796 0.9880993
vn -0.1017809 0.0610687 0.9929306
vn -0.1017810 -0.0610687 0.9929306
vn -0.1711389 -0.0977937 0.9803815
vn -0.1595642 -0.0182360 0.9870191
vn -0.1534036 -0.0112796 0.9880992
vn -0.9673834 -0.1867336 0.1711724
vn -0.9677266 0.2064484 0.1445139
vn -0.9864922 -0.1625081 0.0205996
vn -0.9721137 0.2340716 0.0143309
vn -0.9876355 -0.1567676 0.0000000
vn -0.9709726 0.2391908 0.0000000
vn -0.9657758 -0.1613965 0.2030472
vn -0.9858271 -0.1658402 0.0253367
vn -0.9500160 0.2313792 0.2096024
vn -0.9697974 0.2424493 0.0266695
vn -0.9863939 -0.1643990 0.0000000
vn -0.9702819 0.2419773 0.0000000
vn -0.6393707 0.7688986 0.0000000
vn -0.6401225 0.7681468 0.0139157
vn -0.6444489 0.7567839 0.1093789
vn -0.5693520 0.6798735 0.4621800
vn -0.7432763 0.2013040 0.6379789
vn -0.7453300 -0.2182974 0.6299441
vn -0.5554573 -0.6893026 0.4651120
vn -0.7394950 -0.6619674 0.1222552
vn -0.7744694 -0.6323904 0.0167152
vn -0.7787166 -0.6273759 0.0000000
vn -0.7512064 -0.6600674 0.0000000
vn -0.7451497 -0.6664169 0.0253070
vn -0.7140043 -0.6638986 0.2223434
vn -0.4311714 -0.4086475 0.8044243
vn -0.7035503 -0.1192459 0.7005693
vn -0.6858366 0.1714593 0.7072693
vn -0.4234953 0.5392947 0.7278825
vn -0.6131007 0.7593732 0.2178529
vn -0.6377184 0.7697571 0.0280934
vn -0.6393707 0.7688986 0.0000000
vn -0.2739609 0.1992444 0.9408757
vn -0.2401364 -0.2263355 0.9439845
vn -0.0542931 0.1676007 0.9843588
vn -0.0445794 -0.2550936 0.9658882
vn -0.0096763 -0.2612624 0.9652193
vn -0.0113223 0.1585102 0.9872924
vn -0.0022403 0.1545815 0.9879775
vn -0.0024064 -0.2623021 0.9649828
vn 0.0000000 -0.2616951 0.9651506
vn 0.0000000 0.1542404 0.9880333
vn 0.0000000 0.1542404 0.9880333
vn 0.0000000 -0.2616951 0.9651506
vn 0.0000000 -0.2616951 0.9651506
vn 0.0000000 0.1542404 0.9880333
vn 0.0000000 0.1542404 0.9880333
vn 0.0000000 -0.2616951 0.9651506
vn 0.0000000 -0.2616951 0.9651506
vn 0.0000000 0.1542404 0.9880333
vn 0.0000000 0.1542404 0.9880333
vn 0.0000000 -0.2616951 0.9651506
vn 0.0000000 -0.2616951 0.9651506
vn 0.0000000 0.1542404 0.9880333
vn 0.0022403 0.1545815 0.9879775
vn 0.0024064 -0.2623021 0.9649828
vn 0.0082447 -0.8107242 0.5853703
vn 0.0027379 -0.8103873 0.5858881
vn 0.0000001 -0.8090906 0.5876840
vn 0.0000001 -0.8113271 0.5845925
vn 0.0000001 -0.8113271 0.5845925
vn 0.0000001 -0.8113271 0.5845925
vn 0.0000001 -0.8113271 0.5845925
vn 0.0000001 -0.8113271 0.5845925
vn 0.0000001 -0.8090906 0.5876840
vn -0.0027377 -0.8103874 0.5858881
vn -0.0082446 -0.8107242 0.5853702
vn -0.0393127 -0.8087176 0.5868819
vn -0.1897551 -0.7865656 0.5876288
vn -0.5693521 -0.6798735 0.4621799
vn -0.7432763 -0.2013040 0.6379789
vn -0.7453299 0.2182974 0.6299441
vn -0.5554573 0.6893026 0.4651120
vn -0.1983745 0.6726137 0.7129084
vn -0.0425627 0.6412773 0.7661278
vn -0.0083010 0.6253481 0.7803017
vn -0.0027552 0.6226746 0.7824761
vn 0.0000000 0.6213365 0.7835438
vn 0.0000000 0.6213365 0.7835438
vn 0.0000000 0.6213365 0.7835438
vn 0.0000000 0.6213365 0.7835438
vn 0.0000000 0.6213365 0.7835438
vn 0.0000000 0.6213365 0.7835438
vn 0.0000000 0.6213365 0.7835438
vn 0.0027552 0.6226746 0.7824761
vn 0.0083010 0.6253481 0.7803017
vn 0.0425627 0.6412773 0.7661278
vn 0.0113223 0.1585102 0.9872924
vn 0.0096763 -0.2612624 0.9652193
vn 0.0393127 -0.8087176 0.5868819
vn 0.0445795 -0.2550935 0.9658882
vn 0.1897551 -0.7865656 0.5876288
vn 0.2401365 -0.2263355 0.9439845
vn 0.5693520 -0.6798735 0.4621800
vn 0.7432763 -0.2013040 0.6379789
vn 0.7453299 0.2182974 0.6299441
vn 0.2739610 0.1992442 0.9408757
vn 0.5554573 0.6893026 0.4651120
vn 0.1983745 0.6726137 0.7129084
vn 0.0542933 0.1676006 0.9843588
vn 0.0000001 -0.9998735 0.0159025
vn -0.0039836 -0.9998949 0.0139428
vn -0.0080306 -0.9998045 0.0180687
vn -0.0202367 -0.9996949 0.0141657
vn -0.0371580 -0.9991367 0.0185790
vn -0.0223492 -0.9996181 -0.0162540
vn -0.0120939 -0.9997623 -0.0181408
vn -0.0219947 -0.9997581 0.0000000
vn -0.0182495 -0.9996669 0.0182495
vn -0.0039525 -0.9999746 0.0059287
vn -0.0059873 -0.9998845 -0.0139704
vn -0.0082874 -0.9986233 -0.0517958
vn -0.0210583 -0.9981602 -0.0568572
vn -0.0410046 -0.9970591 -0.0647441
vn -0.0634960 -0.9962296 -0.0591169
vn -0.0686239 -0.9971907 -0.0300230
vn -0.0600574 -0.9981949 0.0000000
vn -0.0528687 -0.9981625 0.0296065
vn -0.0520138 -0.9969305 0.0585155
vn -0.0164813 -0.9991763 0.0370828
vn -0.0020036 -0.9997551 0.0220387
vn 0.0000000 -0.9999826 0.0059054
vn -0.0019840 -0.9999272 -0.0119039
vn 0.0000000 -0.9987879 -0.0492216
vn 0.2054721 -0.9579807 -0.2001353
vn 0.0410046 -0.9970591 -0.0647441
vn 0.1485640 -0.9643628 -0.2189365
vn 0.0210582 -0.9981602 -0.0568573
vn 0.0839813 -0.9756656 -0.2025432
vn 0.0376884 -0.9822538 -0.1837309
vn 0.0082874 -0.9986233 -0.0517958
vn 0.0000000 -0.9841595 -0.1772851
vn -0.0376884 -0.9822538 -0.1837309
vn -0.0839814 -0.9756656 -0.2025432
vn -0.1485641 -0.9643628 -0.2189364
vn -0.2054721 -0.9579807 -0.2001353
vn -0.2205562 -0.9652574 -0.1401180
vn -0.2041597 -0.9770500 -0.0607618
vn -0.1829074 -0.9831275 0.0022863
vn -0.1710388 -0.9834728 0.0593884
vn -0.1642349 -0.9805070 0.1078558
vn -0.0641062 -0.9913555 0.1144752
vn -0.1546346 -0.9776899 0.1421641
vn -0.0579767 -0.9945229 0.0869650
vn -0.0189134 -0.9982098 0.0567403
vn -0.0040626 -0.9993953 0.0345319
vn 0.0019957 -0.9998367 0.0179611
vn 0.0000000 -0.9999826 0.0059054
vn 0.0000000 -0.9999294 -0.0118804
vn 0.0019840 -0.9999272 -0.0119039
vn 0.0059873 -0.9998845 -0.0139704
vn 0.0120939 -0.9997623 -0.0181408
vn 0.0223492 -0.9996181 -0.0162540
vn 0.0634959 -0.9962296 -0.0591170
vn 0.2205562 -0.9652574 -0.1401180
vn 0.6210706 -0.6708890 -0.4051904
vn 0.5403401 -0.6450311 -0.5403401
vn 0.4124795 -0.6686159 -0.6187192
vn 0.2713495 -0.7087012 -0.6512389
vn 0.1319205 -0.7345576 -0.6655991
vn 0.0000000 -0.7434316 -0.6688120
vn -0.1319206 -0.7345575 -0.6655991
vn -0.2713495 -0.7087012 -0.6512389
vn -0.4124795 -0.6686159 -0.6187192
vn -0.5403401 -0.6450311 -0.5403401
vn -0.6210706 -0.6708890 -0.4051904
vn -0.6531919 -0.7134378 -0.2536668
vn -0.6545712 -0.7489237 -0.1031981
vn -0.6263370 -0.7786891 0.0366774
vn -0.5505831 -0.8214103 0.1488062
vn -0.4197125 -0.8837610 0.2069006
vn -0.2799482 -0.9396279 0.1967952
vn -0.1204215 -0.9805749 0.1548276
vn -0.0650093 -0.9890702 0.1323404
vn -0.0358480 -0.9925428 0.1165061
vn -0.0308065 -0.9946084 0.0990208
vn -0.0236759 -0.9965427 0.0796373
vn -0.0062150 -0.9985290 0.0538625
vn 0.0000000 -0.9994084 0.0343926
vn -0.0000001 -0.9998009 0.0199561
vn 0.0000000 -0.9999826 0.0059054
vn 0.0000000 -0.9999826 0.0059054
vn 0.0000000 -0.9999826 0.0059054
vn 0.0039525 -0.9999746 0.0059287
vn 0.0219947 -0.9997581 0.0000000
vn 0.0686239 -0.9971907 -0.0300230
vn 0.2041597 -0.9770500 -0.0607618
vn 0.6531919 -0.7134378 -0.2536668
vn 0.9072311 -0.2086922 -0.3652113
vn 0.8191798 -0.1813683 -0.5441048
vn 0.6981624 -0.1714785 -0.6951002
vn 0.5441046 -0.1813683 -0.8191799
vn 0.3706596 -0.2027045 -0.9063787
vn 0.1901777 -0.2223204 -0.9562458
vn 0.0000000 -0.2281216 -0.9736326
vn -0.1901777 -0.2223204 -0.9562458
vn -0.3706596 -0.2027045 -0.9063787
vn -0.5441046 -0.1813683 -0.8191799
vn -0.6981624 -0.1714785 -0.6951002
vn -0.8191799 -0.1813683 -0.5441046
vn -0.9072311 -0.2086922 -0.3652113
vn -0.9534163 -0.2397007 -0.1831421
vn -0.9566710 -0.2911608 -0.0024467
vn -0.9075290 -0.3897539 0.1564705
vn -0.7907617 -0.5554159 0.2573113
vn -0.6088370 -0.7483621 0.2631951
vn -0.1782002 -0.9724636 0.1501972
vn -0.4312643 -0.8802518 0.1979089
vn -0.1124925 -0.9889958 0.0960873
vn -0.3026512 -0.9454502 0.1205248
vn -0.0674536 -0.9965733 0.0478704
vn -0.2116926 -0.9757326 0.0559647
vn -0.1369894 -0.9903663 0.0202115
vn -0.0809257 -0.9966633 0.0106481
vn -0.0534013 -0.9945989 0.0890021
vn -0.0129049 -0.9958279 0.0903343
vn -0.0021364 -0.9955697 0.0940023
vn 0.0000000 -0.9953698 0.0961194
vn 0.0000000 -0.9951426 0.0984442
vn 0.0000000 -0.9951426 0.0984442
vn 0.0000001 -0.9998735 0.0159025
vn 0.0000001 -0.9998393 0.0179253
vn -0.0186899 -0.9988738 0.0436099
vn -0.0394714 -0.9955542 0.0855212
vn -0.0722940 -0.9887964 0.1305957
vn -0.0531427 -0.9889169 0.1386332
vn -0.0385462 -0.9908635 0.1292431
vn -0.0197485 -0.9940068 0.1075195
vn -0.0150582 -0.9959892 0.0881977
vn -0.0105652 -0.9973599 0.0718437
vn -0.0020552 -0.9987808 0.0493225
vn 0.0000000 -0.9994780 0.0323064
vn 0.0000001 -0.9998393 0.0179253
vn -0.0000001 -0.9998009 0.0199561
vn -0.0019957 -0.9998367 0.0179611
vn 0.0020035 -0.9997551 0.0220387
vn 0.0182496 -0.9996669 0.0182494
vn 0.0600574 -0.9981949 0.0000000
vn 0.1829074 -0.9831275 0.0022863
vn 0.6545712 -0.7489237 -0.1031981
vn 0.9534162 -0.2397007 -0.1831422
vn 0.9792192 -0.0356512 -0.1996467
vn 0.9236250 -0.0313981 -0.3820092
vn 0.8316633 -0.0304944 -0.5544423
vn 0.7054130 -0.0282165 -0.7082347
vn 0.5532107 -0.0276605 -0.8325820
vn 0.3811179 -0.0287144 -0.9240804
vn 0.1955845 -0.0282773 -0.9802791
vn 0.0000000 -0.0281579 -0.9996035
vn -0.1955845 -0.0282773 -0.9802791
vn -0.3811180 -0.0287143 -0.9240804
vn -0.5532107 -0.0276605 -0.8325820
vn -0.7054130 -0.0282165 -0.7082347
vn -0.8316634 -0.0304943 -0.5544422
vn -0.9236250 -0.0313981 -0.3820092
vn -0.9792192 -0.0356512 -0.1996466
vn -0.9982098 -0.0567403 -0.0189134
vn -0.9838584 -0.1111978 0.1402058
vn -0.9429356 -0.2212166 0.2488686
vn -0.8769139 -0.3823223 0.2912932
vn -0.7832988 -0.5702417 0.2475225
vn -0.6761853 -0.7188277 0.1614317
vn -0.5687096 -0.8185972 0.0804236
vn -0.4396095 -0.8978689 0.0239787
vn -0.2961520 -0.9550898 0.0098717
vn -0.2110413 -0.9722974 0.1004958
vn -0.1767686 -0.8954340 0.4085962
vn -0.0447435 -0.9264537 0.3737399
vn -0.0102275 -0.9307028 0.3656333
vn -0.0025462 -0.9293491 0.3691935
vn 0.0000000 -0.9272419 0.3744630
vn 0.0000000 -0.9247310 0.3806213
vn 0.0000001 -0.9221649 0.3867969
vn 0.0000001 -0.9208610 0.3898910
vn 0.2961520 -0.9550898 0.0098717
vn 0.2110414 -0.9722973 0.1004958
vn 0.0534013 -0.9945989 0.0890021
vn 0.1767685 -0.8954340 0.4085961
vn 0.0447435 -0.9264537 0.3737399
vn 0.0129048 -0.9958279 0.0903343
vn 0.0102275 -0.9307028 0.3656333
vn 0.0021364 -0.9955697 0.0940023
vn 0.0025462 -0.9293491 0.3691935
vn 0.0000000 -0.9272419 0.3744630
vn 0.0000000 -0.9953698 0.0961194
vn 0.0000000 -0.9247310 0.3806213
vn 0.0000000 -0.9951426 0.0984442
vn 0.0000001 -0.9221649 0.3867969
vn 0.0000000 -0.9951426 0.0984442
vn 0.0000000 -0.9949090 0.1007774
vn 0.0000001 -0.9998735 0.0159025
vn 0.0019918 -0.9998711 0.0159341
vn -0.0020430 -0.9990771 0.0429052
vn -0.0127796 -0.9968079 0.0788075
vn -0.0266564 -0.9929485 0.1155108
vn -0.0339967 -0.9904358 0.1337201
vn -0.0269166 -0.9914277 0.1278538
vn -0.0108569 -0.9944943 0.1042265
vn -0.0085338 -0.9963156 0.0853375
vn -0.0041916 -0.9975967 0.0691611
vn 0.0000001 -0.9987879 0.0492215
vn 0.0000000 -0.9995430 0.0302281
vn 0.0000000 -0.9994780 0.0323064
vn 0.0000000 -0.9994084 0.0343926
vn 0.0040626 -0.9993953 0.0345319
vn 0.0164813 -0.9991763 0.0370828
vn 0.0528688 -0.9981625 0.0296065
vn 0.1710387 -0.9834728 0.0593885
vn 0.6263370 -0.7786891 0.0366774
vn 0.9566710 -0.2911608 -0.0024467
vn 0.9982098 -0.0567404 -0.0189134
vn 0.9996181 -0.0162540 -0.0223492
vn 0.9791700 -0.0093255 -0.2028281
vn 0.9235813 -0.0077179 -0.3833249
vn 0.8324420 -0.0081879 -0.5540516
vn 0.7070821 -0.0083513 -0.7070821
vn 0.5540516 -0.0081879 -0.8324420
vn 0.3833249 -0.0077179 -0.9235813
vn 0.1970028 -0.0069530 -0.9803783
vn -0.0000001 -0.0078893 -0.9999689
vn -0.1970028 -0.0069530 -0.9803783
vn -0.3833249 -0.0077179 -0.9235813
vn -0.5540516 -0.0081879 -0.8324420
vn -0.7070821 -0.0083513 -0.7070821
vn -0.8324420 -0.0081879 -0.5540516
vn -0.9235814 -0.0077179 -0.3833248
vn -0.9791700 -0.0093254 -0.2028281
vn -0.9996181 -0.0162540 -0.0223492
vn -0.9908899 -0.0316001 0.1309148
vn -0.9692494 -0.0672744 0.2367062
vn -0.9526837 -0.1273783 0.2759864
vn -0.9447530 -0.2175962 0.2451400
vn -0.9324822 -0.3173223 0.1725788
vn -0.9032701 -0.4198688 0.0883934
vn -0.8441805 -0.5351994 0.0303463
vn -0.7462865 -0.6655316 0.0111386
vn -0.6694327 -0.7321919 0.1255186
vn -0.5733124 -0.6738937 0.4660260
vn -0.3199422 -0.4162353 0.8511082
vn -0.0893431 -0.5591149 0.8242623
vn -0.0222281 -0.5918196 0.8057639
vn -0.0055004 -0.5995508 0.8003178
vn 0.0000001 -0.5969288 0.8022942
vn 0.0000001 -0.5907707 0.8068395
vn 0.0000001 -0.5876840 0.8090905
vn 0.0000001 -0.5845926 0.8113270
vn -0.0000001 -0.5814964 0.8135490
vn 0.0000001 -0.5845926 0.8113270
vn 0.0000001 -0.5876840 0.8090905
vn 0.0000001 -0.5907707 0.8068395
vn 0.0000001 -0.5969288 0.8022942
vn 0.0055005 -0.5995508 0.8003178
vn 0.0222280 -0.5918197 0.8057638
vn 0.0893431 -0.5591149 0.8242623
vn 0.3199421 -0.4162354 0.8511082
vn 0.5733124 -0.6738936 0.4660260
vn 0.6694326 -0.7321920 0.1255187
vn 0.7462865 -0.6655316 0.0111386
vn 0.8441805 -0.5351994 0.0303464
vn 0.4396095 -0.8978689 0.0239786
vn 0.9032701 -0.4198687 0.0883934
vn 0.5687096 -0.8185972 0.0804236
vn 0.9324822 -0.3173223 0.1725788
vn 0.9447530 -0.2175962 0.2451401
vn 0.6761853 -0.7188277 0.1614316
vn 0.2116927 -0.9757326 0.0559646
vn 0.1369895 -0.9903663 0.0202115
vn 0.0809257 -0.9966633 0.0106481
vn 0.0202368 -0.9996949 0.0141657
vn 0.0039837 -0.9998949 0.0139427
vn 0.0000001 -0.9998735 0.0159025
vn 0.0000001 -0.9998735 0.0159025
vn 0.0000001 -0.9998735 0.0159025
vn 0.0000001 -0.9998735 0.0159025
vn 0.0019879 -0.9999012 0.0139151
vn 0.0020351 -0.9992501 0.0386675
vn -0.0042161 -0.9971073 0.0758897
vn -0.0153538 -0.9936050 0.1118628
vn -0.0200954 -0.9913753 0.1295039
vn -0.0177213 -0.9923923 0.1218339
vn -0.0064739 -0.9948222 0.1014244
vn -0.0042406 -0.9965660 0.0826938
vn -0.0020874 -0.9977645 0.0667959
vn 0.0000001 -0.9988912 0.0470788
vn 0.0000001 -0.9987879 0.0492215
vn 0.0020552 -0.9987808 0.0493224
vn 0.0062149 -0.9985290 0.0538626
vn 0.0189134 -0.9982098 0.0567404
vn 0.0520137 -0.9969305 0.0585155
vn 0.1642349 -0.9805070 0.1078558
vn 0.5505831 -0.8214103 0.1488062
vn 0.9075290 -0.3897538 0.1564704
vn 0.9838584 -0.1111978 0.1402059
vn 0.9908899 -0.0316001 0.1309149
vn 0.9429356 -0.2212166 0.2488687
vn 0.9692494 -0.0672744 0.2367062
vn 0.8769139 -0.3823223 0.2912932
vn 0.9526838 -0.1273783 0.2759863
vn 0.7832989 -0.5702416 0.2475225
vn 0.3026512 -0.9454502 0.1205248
vn 0.0674537 -0.9965733 0.0478703
vn 0.0371580 -0.9991367 0.0185789
vn 0.0080307 -0.9998045 0.0180687
vn 0.0000001 -0.9998393 0.0179253
vn -0.0019917 -0.9998711 0.0159342
vn -0.0019878 -0.9999012 0.0139151
vn 0.0000001 -0.9999036 0.0138875
vn 0.0000000 -0.9993341 0.0364868
vn -0.0020996 -0.9972941 0.0734848
vn -0.0087005 -0.9940304 0.1087560
vn -0.0110465 -0.9919776 0.1259303
vn -0.0087845 -0.9926397 0.1207858
vn 0.0000001 -0.9928045 0.1197461
vn 0.0000000 -0.9949090 0.1007774
vn 0.0000001 -0.9966038 0.0823464
vn 0.0000000 -0.9979210 0.0644491
vn 0.0020874 -0.9977645 0.0667959
vn 0.0041916 -0.9975967 0.0691611
vn 0.0105653 -0.9973599 0.0718437
vn 0.0236760 -0.9965427 0.0796373
vn 0.0579767 -0.9945229 0.0869650
vn 0.1546346 -0.9776899 0.1421642
vn 0.4197126 -0.8837610 0.2069005
vn 0.7907617 -0.5554159 0.2573113
vn 0.6088370 -0.7483621 0.2631951
vn 0.4312643 -0.8802518 0.1979089
vn 0.1124925 -0.9889958 0.0960872
vn 0.0186900 -0.9988738 0.0436098
vn 0.0020432 -0.9990771 0.0429051
vn -0.0020351 -0.9992501 0.0386675
vn 0.0000000 -0.9993341 0.0364868
vn 0.0000000 -0.9993341 0.0364868
vn 0.0000000 -0.9974693 0.0710984
vn 0.0000000 -0.9941696 0.1078275
vn -0.0000001 -0.9922105 0.1245727
vn 0.0087845 -0.9926397 0.1207857
vn 0.0064739 -0.9948222 0.1014244
vn 0.0042408 -0.9965660 0.0826937
vn 0.0085338 -0.9963156 0.0853375
vn 0.0150582 -0.9959892 0.0881977
vn 0.0308064 -0.9946084 0.0990208
vn 0.0641062 -0.9913555 0.1144752
vn 0.1204215 -0.9805749 0.1548276
vn 0.2799483 -0.9396279 0.1967952
vn 0.1782001 -0.9724636 0.1501973
vn 0.0394714 -0.9955542 0.0855211
vn 0.0127796 -0.9968079 0.0788074
vn 0.0042161 -0.9971073 0.0758897
vn 0.0020996 -0.9972941 0.0734848
vn 0.0087005 -0.9940304 0.1087560
vn 0.0110465 -0.9919776 0.1259304
vn 0.0177214 -0.9923923 0.1218338
vn 0.0108569 -0.9944943 0.1042265
vn 0.0197485 -0.9940068 0.1075195
vn 0.0358480 -0.9925428 0.1165061
vn 0.0650092 -0.9890702 0.1323404
vn 0.0722942 -0.9887964 0.1305957
vn 0.0266564 -0.9929485 0.1155108
vn 0.0153537 -0.9936050 0.1118628
vn 0.0200954 -0.9913752 0.1295040
vn 0.0269165 -0.9914277 0.1278539
vn 0.0385461 -0.9908635 0.1292431
vn 0.0531427 -0.9889169 0.1386332
vn 0.0339966 -0.9904358 0.1337202
vn -0.0118804 -0.9999294 0.0000000
vn -0.0019646 -0.9999961 0.0019646
vn -0.0118804 -0.9999294 0.0000000
vn -0.0019646 -0.9999961 0.0019646
vn 0.0000000 -0.9999981 0.0019608
vn 0.0000000 -0.9999981 0.0019608
vn 0.0000000 -1.0000000 0.0000000
vn 0.0000000 -1.0000000 0.0000000
vn 0.0000000 -1.0000000 0.0000000
vn 0.0000000 -1.0000000 0.0000000
vn 0.0000000 -1.0000000 0.0000000
vn 0.0000000 -1.0000000 0.0000000
vn 0.0000000 -1.0000000 0.0000000
vn 0.0000000 -1.0000000 0.0000000
vn 0.0000000 -1.0000000 0.0000000
vn 0.0000000 -1.0000000 0.0000000
vn 0.0000000 -0.9999981 0.0019608
vn 0.0000000 -0.9999981 0.0019608
vn 0.0000001 -0.9998393 0.0179253
vn 0.0000001 -0.9998393 0.0179253
vn 0.0000001 -0.9998393 0.0179253
vn 0.0000001 -0.9998393 0.0179253
vn 0.0000001 -0.9998393 0.0179253
vn 0.0000001 -0.9998393 0.0179253
vn 0.0000001 -0.9998393 0.0179253
vn -0.0019957 -0.9998367 0.0179611
vn -0.0120939 -0.9997623 0.0181408
vn -0.0457773 -0.9987761 0.0187270
vn -0.0470789 -0.9988912 0.0000000
vn -0.0449443 -0.9989895 0.0000000
vn -0.0413668 -0.9990070 0.0165467
vn -0.0100384 -0.9998206 0.0160614
vn -0.0019957 -0.9998367 0.0179611
vn 0.0000001 -0.9998393 0.0179253
vn 0.0000001 -0.9998393 0.0179253
vn 0.0000001 -0.9998393 0.0179253
vn 0.0000001 -0.9998393 0.0179253
vn 0.0000001 -0.9998393 0.0179253
vn 0.0000001 -0.9998393 0.0179253
vn 0.0000001 -0.9998393 0.0179253
vn 0.0019957 -0.9998367 0.0179611
vn 0.0019646 -0.9999961 0.0019646
vn 0.0019646 -0.9999961 0.0019646
vn 0.0019957 -0.9998367 0.0179611
vn 0.0111947 -0.9896170 0.1432930
vn 0.0022194 -0.9898581 0.1420424
vn 0.0000000 -0.9899052 0.1417314
vn 0.0000000 -0.9899052 0.1417314
vn 0.0000000 -0.9899052 0.1417314
vn 0.0000000 -0.9899052 0.1417314
vn 0.0000000 -0.9899052 0.1417314
vn 0.0000000 -0.9899052 0.1417314
vn 0.0000000 -0.9899052 0.1417314
vn -0.0022194 -0.9898581 0.1420424
vn -0.0111947 -0.9896170 0.1432930
vn -0.0439472 -0.9876562 0.1503458
vn -0.1778651 -0.9692364 0.1701319
vn -0.1866324 -0.9821528 0.0233290
vn -0.1903785 -0.9817108 0.0000000
vn -0.1851164 -0.9827166 0.0000000
vn -0.1770470 -0.9841057 0.0137959
vn -0.1573425 -0.9827859 0.0968262
vn -0.0357777 -0.9928316 0.1140414
vn -0.0087676 -0.9929317 0.1183627
vn -0.0021818 -0.9927709 0.1200053
vn 0.0000001 -0.9925110 0.1221551
vn 0.0000001 -0.9925110 0.1221551
vn 0.0000001 -0.9925110 0.1221551
vn 0.0000001 -0.9925110 0.1221551
vn 0.0000001 -0.9925110 0.1221551
vn 0.0000001 -0.9925110 0.1221551
vn 0.0000001 -0.9925110 0.1221551
vn 0.0021820 -0.9927709 0.1200052
vn 0.0087676 -0.9929317 0.1183627
vn 0.1770471 -0.9841057 0.0137958
vn 0.1573426 -0.9827858 0.0968261
vn 0.0413668 -0.9990070 0.0165466
vn 0.0357777 -0.9928316 0.1140414
vn 0.0100384 -0.9998206 0.0160613
vn 0.0118804 -0.9999294 0.0000000
vn 0.0118804 -0.9999294 0.0000000
vn 0.0120940 -0.9997623 0.0181408
vn 0.0439472 -0.9876562 0.1503458
vn 0.0457773 -0.9987761 0.0187270
vn 0.1778652 -0.9692364 0.1701319
vn 0.1866323 -0.9821528 0.0233291
vn 0.6377184 -0.7697571 0.0280934
vn 0.6131006 -0.7593733 0.2178529
vn 0.4234953 -0.5392947 0.7278825
vn 0.1378030 -0.7698994 0.6231093
vn 0.0363789 -0.8143277 0.5792641
vn 0.0082119 -0.8239343 0.5666259
vn 0.0027231 -0.8278340 0.5609665
vn 0.0000000 -0.8286911 0.5597062
vn 0.0000000 -0.8286911 0.5597062
vn 0.0000000 -0.8286911 0.5597062
vn 0.0000000 -0.8286911 0.5597062
vn 0.0000000 -0.8286911 0.5597062
vn 0.0000000 -0.8286911 0.5597062
vn 0.0000000 -0.8286911 0.5597062
vn -0.0027231 -0.8278340 0.5609665
vn -0.0082119 -0.8239343 0.5666259
vn -0.0363789 -0.8143277 0.5792641
vn -0.1378030 -0.7698994 0.6231093
vn -0.4234953 -0.5392947 0.7278825
vn -0.6131006 -0.7593732 0.2178530
vn -0.6377185 -0.7697570 0.0280933
vn -0.6393708 -0.7688985 0.0000000
vn -0.6393708 -0.7688985 0.0000000
vn -0.6401225 -0.7681469 0.0139157
vn -0.6444488 -0.7567840 0.1093790
vn -0.5693521 -0.6798735 0.4621799
vn -0.1897551 -0.7865656 0.5876288
vn -0.0393127 -0.8087176 0.5868819
vn -0.0082446 -0.8107242 0.5853702
vn -0.0027377 -0.8103874 0.5858881
vn 0.0000001 -0.8090906 0.5876840
vn 0.0000001 -0.8113271 0.5845925
vn 0.0000001 -0.8113271 0.5845925
vn 0.0000001 -0.8113271 0.5845925
vn 0.0000001 -0.8113271 0.5845925
vn 0.0000001 -0.8113271 0.5845925
vn 0.0000001 -0.8090906 0.5876840
vn 0.0027379 -0.8103873 0.5858881
vn 0.0082447 -0.8107242 0.5853703
vn 0.0393127 -0.8087176 0.5868819
vn 0.1897551 -0.7865656 0.5876288
vn 0.5693520 -0.6798735 0.4621800
vn 0.6444489 -0.7567839 0.1093789
vn 0.6401225 -0.7681468 0.0139157
vn 0.6393708 -0.7688985 0.0000000
vn 0.6393708 -0.7688985 0.0000000
vn 0.1851164 -0.9827166 0.0000000
vn 0.0449443 -0.9989895 0.0000000
vn 0.0470789 -0.9988912 0.0000000
vn 0.1903785 -0.9817108 0.0000000
vn 0.1982942 0.9739004 0.1104424
vn 0.2279642 0.9735971 0.0118731
vn 0.2444939 0.9537946 0.1746384
vn 0.2665834 0.9636132 0.0195657
vn 0.2731246 0.9619787 0.0000000
vn 0.2391908 0.9709726 0.0000000
vn 0.3014902 0.9526072 0.0405365
vn 0.3214519 0.9469128 0.0049837
vn 0.2521719 0.9666587 0.0445009
vn 0.2925229 0.9562301 0.0073745
vn 0.3199456 0.9474359 0.0000000
vn 0.2933986 0.9559902 0.0000000
vn 0.6745970 0.7381862 0.0000000
vn 0.6727463 0.7397415 0.0139573
vn 0.6701006 0.7350444 0.1033194
vn 0.5932089 0.6635893 0.4557987
vn 0.2000189 0.7816125 0.5908252
vn 0.1747621 0.7143778 0.6775859
vn 0.4311713 0.4086475 0.8044243
vn 0.7140043 0.6638986 0.2223433
vn 0.7451497 0.6664169 0.0253069
vn 0.7512064 0.6600674 0.0000000
vn 0.7787166 0.6273759 0.0000000
vn 0.7744695 0.6323904 0.0167151
vn 0.7394951 0.6619673 0.1222551
vn 0.5554573 0.6893026 0.4651120
vn 0.2099564 0.9631750 0.1679651
vn 0.1523820 0.9806519 0.1228887
vn 0.4518606 0.8178039 0.3563970
vn 0.6620587 0.7418604 0.1064022
vn 0.7056668 0.7084560 0.0111567
vn 0.7071041 0.7071041 -0.0027729
vn -0.0617286 -0.3009263 0.9516475
vn -0.0281727 -0.1901655 0.9813477
vn -0.0178929 -0.3527475 0.9355475
vn -0.0070160 -0.2104822 0.9775725
vn -0.0023364 -0.2149504 0.9766222
vn -0.0050970 -0.3669877 0.9302118
vn 0.0000000 -0.3713907 0.9284767
vn 0.0000000 -0.2144616 0.9767324
vn 0.0000000 -0.3713907 0.9284767
vn 0.0000000 -0.2144616 0.9767324
vn 0.0000000 -0.3744630 0.9272419
vn 0.0000000 -0.2117534 0.9773231
vn 0.0000000 -0.2117534 0.9773231
vn 0.0000000 -0.3744630 0.9272419
vn 0.0000000 -0.3744630 0.9272419
vn 0.0000000 -0.2117534 0.9773231
vn 0.0000001 -0.5845926 0.8113270
vn -0.0000001 -0.5814964 0.8135490
vn 0.0000001 -0.5845926 0.8113270
vn 0.0000001 -0.5876840 0.8090905
vn 0.0000001 -0.5907707 0.8068395
vn 0.0000001 -0.5969288 0.8022942
vn -0.0055004 -0.5995508 0.8003178
vn -0.0222281 -0.5918196 0.8057639
vn -0.0893431 -0.5591149 0.8242623
vn -0.3199422 -0.4162353 0.8511082
vn -0.0921388 -0.1275770 0.9875396
vn -0.1382832 -0.1709681 0.9755243
vn -0.4234953 -0.5392947 0.7278825
vn -0.1378030 -0.7698994 0.6231093
vn -0.0363789 -0.8143277 0.5792641
vn -0.0082119 -0.8239343 0.5666259
vn -0.0027231 -0.8278340 0.5609665
vn 0.0000000 -0.8286911 0.5597062
vn 0.0000000 -0.8286911 0.5597062
vn 0.0000000 -0.8286911 0.5597062
vn 0.0000000 -0.8286911 0.5597062
vn 0.0617285 -0.3009264 0.9516475
vn 0.0178930 -0.3527474 0.9355475
vn 0.0281727 -0.1901655 0.9813477
vn 0.0070161 -0.2104821 0.9775725
vn 0.0023364 -0.2149504 0.9766222
vn 0.0050970 -0.3669877 0.9302118
vn 0.0000000 -0.3713907 0.9284767
vn 0.0000000 -0.2144616 0.9767324
vn 0.0000000 -0.2144616 0.9767324
vn 0.0000000 -0.3713907 0.9284767
vn 0.0000000 -0.8286911 0.5597062
vn 0.0000000 -0.8286911 0.5597062
vn 0.0027231 -0.8278340 0.5609665
vn 0.0082119 -0.8239343 0.5666259
vn 0.0363789 -0.8143277 0.5792641
vn 0.1378030 -0.7698994 0.6231093
vn 0.4234953 -0.5392947 0.7278825
vn 0.1382831 -0.1709682 0.9755243
vn 0.0921389 -0.1275769 0.9875396
vn 0.3199421 -0.4162354 0.8511082
vn 0.0893431 -0.5591149 0.8242623
vn 0.0222280 -0.5918197 0.8057638
vn 0.0055005 -0.5995508 0.8003178
vn 0.0000001 -0.5969288 0.8022942
vn 0.0000001 -0.5907707 0.8068395
vn 0.0000001 -0.5876840 0.8090905
vn 0.0000000 -0.2117534 0.9773231
vn 0.0000000 -0.3744630 0.9272419
vn 0.0000000 -0.8286911 0.5597062
vn 0.0000000 -0.3744630 0.9272419
vn 0.0000000 -0.2117534 0.9773231
vn 0.9657758 0.1613965 0.2030472
vn 0.9858271 0.1658400 0.0253367
vn 0.9500160 -0.2313793 0.2096024
vn 0.9697974 -0.2424494 0.0266695
vn 0.9863939 0.1643989 0.0000000
vn 0.9702819 -0.2419774 0.0000000
vn 0.9709726 -0.2391908 0.0000000
vn 0.9876355 0.1567675 0.0000000
vn 0.7744695 0.6323904 0.0167151
vn 0.7787166 0.6273759 0.0000000
vn 0.7512064 0.6600674 0.0000000
vn 0.7451497 0.6664169 0.0253069
vn 0.7140043 0.6638986 0.2223433
vn 0.4311713 0.4086475 0.8044243
vn 0.7035504 0.1192457 0.7005693
vn 0.6858368 -0.1714592 0.7072691
vn 0.4234953 -0.5392947 0.7278825
vn 0.6131006 -0.7593733 0.2178529
vn 0.6377184 -0.7697571 0.0280934
vn 0.6393708 -0.7688985 0.0000000
vn 0.6393708 -0.7688985 0.0000000
vn 0.6401225 -0.7681468 0.0139157
vn 0.6444489 -0.7567839 0.1093789
vn 0.9721137 -0.2340716 0.0143309
vn 0.9864922 0.1625079 0.0205995
vn 0.7394951 0.6619673 0.1222551
vn 0.9673834 0.1867334 0.1711724
vn 0.5554573 0.6893026 0.4651120
vn 0.7453299 0.2182974 0.6299441
vn 0.9677266 -0.2064483 0.1445138
vn 0.7432763 -0.2013040 0.6379789
vn 0.5693520 -0.6798735 0.4621800
vn 0.0664980 0.9565468 0.2838949
vn 0.0742856 0.9731390 0.2179038
vn 0.0150209 0.9488263 0.3154409
vn 0.0197318 0.9594532 0.2811765
vn 0.0049050 0.9564542 0.2918411
vn 0.0024899 0.9461611 0.3236866
vn 0.0000000 0.9453994 0.3259140
vn 0.0000000 0.9550880 0.2963223
vn 0.0000000 0.7057216 0.7084892
vn 0.0027729 0.7071041 0.7071041
vn 0.0083513 0.7070821 0.7070821
vn 0.0427208 0.7205580 0.6920774
vn 0.1869820 0.7724504 0.6069252
vn 0.4518606 0.8178039 0.3563970
vn 0.1523820 0.9806519 0.1228887
vn 0.2099564 0.9631750 0.1679651
vn 0.5554573 0.6893026 0.4651120
vn 0.1983745 0.6726137 0.7129084
vn 0.0425627 0.6412773 0.7661278
vn 0.0083010 0.6253481 0.7803017
vn 0.0027552 0.6226746 0.7824761
vn -0.0664978 0.9565468 0.2838949
vn -0.0150209 0.9488263 0.3154409
vn -0.0742853 0.9731390 0.2179040
vn -0.0197318 0.9594532 0.2811765
vn -0.0049049 0.9564542 0.2918412
vn -0.0024899 0.9461611 0.3236866
vn 0.0000000 0.9453994 0.3259140
vn 0.0000000 0.9550880 0.2963223
vn 0.0000000 0.9550880 0.2963223
vn 0.0000000 0.9453994 0.3259140
vn 0.0000000 0.9550880 0.2963223
vn 0.0000000 0.9453994 0.3259140
vn 0.0000000 0.9550880 0.2963223
vn 0.0000000 0.9453994 0.3259140
vn 0.0000000 0.9550880 0.2963223
vn 0.0000000 0.9453994 0.3259140
vn 0.0000000 0.9453994 0.3259140
vn 0.0000000 0.6213365 0.7835438
vn 0.0000000 0.6213365 0.7835438
vn 0.0000000 0.6213365 0.7835438
vn 0.0000000 0.6213365 0.7835438
vn 0.0000000 0.6213365 0.7835438
vn 0.0000000 0.6213365 0.7835438
vn -0.0027552 0.6226746 0.7824761
vn -0.0083010 0.6253481 0.7803017
vn -0.0425627 0.6412773 0.7661278
vn -0.1983745 0.6726137 0.7129084
vn -0.5554573 0.6893026 0.4651120
vn -0.2099564 0.9631750 0.1679651
vn -0.1523820 0.9806519 0.1228887
vn -0.4518606 0.8178039 0.3563970
vn -0.1869820 0.7724504 0.6069252
vn -0.0427208 0.7205580 0.6920774
vn -0.0083513 0.7070821 0.7070821
vn -0.0027729 0.7071041 0.7071041
vn 0.0000000 0.7057216 0.7084892
vn 0.0000000 0.7084892 0.7057216
vn 0.0000000 0.7057216 0.7084892
vn 0.0000000 0.7057216 0.7084892
vn 0.0000000 0.7057216 0.7084892
vn 0.0000000 0.9550880 0.2963223
vn 0.0000000 0.9453994 0.3259140
vn 0.0000000 0.6213365 0.7835438
vn 0.0000000 0.9453994 0.3259140
vn 0.0000000 0.9550880 0.2963223
vn 0.0000000 0.7084892 0.7057216
vn 0.0000000 0.9550880 0.2963223
vn -0.9564701 0.2543522 0.1430732
vn -0.9564701 -0.2543522 0.1430731
vn -0.9714337 0.2368766 0.0143561
vn -0.9714337 -0.2368766 0.0143562
vn -0.9716529 0.2364119 0.0000000
vn -0.9716529 -0.2364119 0.0000000
vn -0.9701398 0.2425350 -0.0023778
vn -0.9713553 0.2099544 0.1113012
vn -0.9715984 0.2363347 0.0119361
vn -0.9713553 -0.2099544 0.1113012
vn -0.9715984 -0.2363347 0.0119361
vn -0.9701398 -0.2425350 -0.0023778
vn -0.7071041 -0.7071041 -0.0027729
vn -0.7056668 -0.7084560 0.0111567
vn -0.6620587 -0.7418604 0.1064022
vn -0.4518606 -0.8178039 0.3563970
vn -0.7473884 -0.3124856 0.5863133
vn -0.7473883 0.3124857 0.5863134
vn -0.4518606 0.8178039 0.3563970
vn -0.6620587 0.7418604 0.1064022
vn -0.7056668 0.7084560 0.0111567
vn -0.7071041 0.7071041 -0.0027729
vn -0.6745970 0.7381862 0.0000000
vn -0.6727462 0.7397417 0.0139573
vn -0.6701006 0.7350444 0.1033194
vn -0.5932087 0.6635893 0.4557989
vn -0.7518973 0.2112769 0.6245099
vn -0.7518974 -0.2112769 0.6245097
vn -0.5932088 -0.6635893 0.4557988
vn -0.6701006 -0.7350444 0.1033194
vn -0.6727461 -0.7397418 0.0139574
vn -0.6745971 -0.7381861 0.0000000
vn -0.1982942 -0.9739004 0.1104424
vn -0.2279641 -0.9735971 0.0118732
vn -0.2444939 -0.9537946 0.1746384
vn -0.2665833 -0.9636133 0.0195657
vn -0.2731246 -0.9619787 0.0000000
vn -0.2391908 -0.9709726 0.0000000
vn -0.7056668 -0.7084560 0.0111567
vn -0.2933985 -0.9559902 0.0000000
vn -0.7071041 -0.7071041 -0.0027729
vn -0.6745971 -0.7381861 0.0000000
vn -0.6727461 -0.7397418 0.0139574
vn -0.6701006 -0.7350444 0.1033194
vn -0.5932088 -0.6635893 0.4557988
vn -0.2000189 -0.7816125 0.5908252
vn -0.1747618 -0.7143778 0.6775859
vn -0.4311714 -0.4086475 0.8044243
vn -0.7140043 -0.6638986 0.2223434
vn -0.7451497 -0.6664169 0.0253070
vn -0.7512064 -0.6600674 0.0000000
vn -0.7787166 -0.6273759 0.0000000
vn -0.3199456 -0.9474359 0.0000000
vn -0.2925229 -0.9562301 0.0073745
vn -0.6620587 -0.7418604 0.1064022
vn -0.2521717 -0.9666587 0.0445009
vn -0.4518606 -0.8178039 0.3563970
vn -0.1523820 -0.9806519 0.1228887
vn -0.2099564 -0.9631750 0.1679651
vn -0.3014900 -0.9526073 0.0405365
vn -0.5554573 -0.6893026 0.4651120
vn -0.7394950 -0.6619674 0.1222552
vn -0.3214519 -0.9469128 0.0049837
vn -0.7744694 -0.6323904 0.0167152
vn 0.3014901 -0.9526072 0.0405365
vn 0.2521719 -0.9666587 0.0445009
vn 0.3214519 -0.9469128 0.0049837
vn 0.2925228 -0.9562301 0.0073745
vn 0.3199456 -0.9474359 0.0000000
vn 0.2444939 -0.9537946 0.1746384
vn 0.2665834 -0.9636132 0.0195657
vn 0.1982942 -0.9739004 0.1104424
vn 0.2279642 -0.9735971 0.0118731
vn 0.2731246 -0.9619787 0.0000000
vn 0.2391908 -0.9709726 0.0000000
vn 0.2933985 -0.9559902 0.0000000
vn 0.7056668 -0.7084560 0.0111567
vn 0.6620587 -0.7418604 0.1064022
vn 0.4518606 -0.8178039 0.3563970
vn 0.1523820 -0.9806519 0.1228887
vn 0.2099564 -0.9631750 0.1679651
vn 0.5554573 -0.6893026 0.4651120
vn 0.7394951 -0.6619673 0.1222551
vn 0.7744695 -0.6323904 0.0167151
vn 0.7787165 -0.6273759 0.0000000
vn 0.7512064 -0.6600674 0.0000000
vn 0.7451497 -0.6664169 0.0253069
vn 0.7140042 -0.6638986 0.2223433
vn 0.4311713 -0.4086475 0.8044243
vn 0.1747620 -0.7143778 0.6775858
vn 0.2000189 -0.7816125 0.5908252
vn 0.5932088 -0.6635894 0.4557987
vn 0.6701007 -0.7350443 0.1033195
vn 0.6727462 -0.7397416 0.0139573
vn 0.6745970 -0.7381862 0.0000000
vn 0.7071041 -0.7071041 -0.0027729
vn -0.0664978 -0.9565468 0.2838949
vn -0.0742854 -0.9731390 0.2179039
vn -0.0150209 -0.9488263 0.3154409
vn -0.0197318 -0.9594532 0.2811765
vn -0.0049049 -0.9564542 0.2918412
vn -0.0024899 -0.9461611 0.3236866
vn -0.0000001 -0.9550880 0.2963222
vn 0.0000000 -0.9453994 0.3259140
vn -0.0000001 -0.9550880 0.2963222
vn 0.0000000 -0.9453994 0.3259140
vn -0.0000001 -0.9550880 0.2963222
vn 0.0000000 -0.9453994 0.3259140
vn -0.0000001 -0.9550880 0.2963222
vn 0.0000000 -0.9453994 0.3259140
vn 0.0000000 -0.9453994 0.3259140
vn -0.0000001 -0.9550880 0.2963222
vn 0.0000000 -0.7057216 0.7084892
vn 0.0000000 -0.7057216 0.7084892
vn 0.0000000 -0.7057216 0.7084892
vn 0.0000000 -0.7057216 0.7084892
vn -0.0027729 -0.7071041 0.7071041
vn -0.0083513 -0.7070821 0.7070821
vn -0.0427240 -0.7177624 0.6949762
vn -0.1869819 -0.7724503 0.6069252
vn -0.4518606 -0.8178039 0.3563970
vn -0.1523820 -0.9806519 0.1228887
vn -0.2099564 -0.9631750 0.1679651
vn -0.5554573 -0.6893026 0.4651120
vn -0.1983744 -0.6726137 0.7129084
vn -0.0425627 -0.6412773 0.7661278
vn -0.0083011 -0.6253482 0.7803017
vn -0.0027552 -0.6226746 0.7824761
vn 0.0000000 -0.6213365 0.7835438
vn 0.0000000 -0.6213365 0.7835438
vn 0.0000000 -0.6213365 0.7835438
vn 0.0000000 -0.6213365 0.7835438
vn 0.0000000 -0.6213365 0.7835438
vn 0.0664979 -0.9565468 0.2838949
vn 0.0150209 -0.9488263 0.3154409
vn 0.0742855 -0.9731390 0.2179038
vn 0.0197317 -0.9594532 0.2811765
vn 0.0024899 -0.9461611 0.3236866
vn 0.0049049 -0.9564542 0.2918411
vn 0.0000000 -0.9453994 0.3259140
vn -0.0000001 -0.9550880 0.2963222
vn -0.0000001 -0.9550880 0.2963222
vn 0.0000000 -0.9453994 0.3259140
vn 0.0000000 -0.6213365 0.7835438
vn 0.0027552 -0.6226746 0.7824761
vn 0.0083010 -0.6253481 0.7803017
vn 0.0425627 -0.6412773 0.7661278
vn 0.1983746 -0.6726136 0.7129084
vn 0.5554573 -0.6893026 0.4651120
vn 0.2099564 -0.9631750 0.1679651
vn 0.1523820 -0.9806519 0.1228887
vn 0.4518606 -0.8178039 0.3563970
vn 0.1869820 -0.7724504 0.6069252
vn 0.0427240 -0.7177624 0.6949762
vn 0.0083513 -0.7070821 0.7070821
vn 0.0027729 -0.7071041 0.7071041
vn 0.0000000 -0.7057216 0.7084892
vn 0.0000000 -0.7057216 0.7084892
vn 0.0000000 -0.7057216 0.7084892
vn -0.0000001 -0.9550880 0.2963222
vn 0.0000000 -0.9453994 0.3259140
vn 0.0000000 -0.6213365 0.7835438
vn 0.0000000 -0.9453994 0.3259140
vn -0.0000001 -0.9550880 0.2963222
vn 0.9714337 -0.2368766 0.0143561
vn 0.9564701 -0.2543521 0.1430730
vn 0.9714337 0.2368766 0.0143561
vn 0.9564701 0.2543521 0.1430730
vn 0.7056668 0.7084560 0.0111567
vn 0.6620587 0.7418604 0.1064022
vn 0.4518606 0.8178039 0.3563970
vn 0.7473885 0.3124856 0.5863132
vn 0.7473885 -0.3124856 0.5863132
vn 0.4518606 -0.8178039 0.3563970
vn 0.6620587 -0.7418604 0.1064022
vn 0.7056668 -0.7084560 0.0111567
vn 0.7071041 -0.7071041 -0.0027729
vn 0.9713553 0.2099544 0.1113012
vn 0.9713553 -0.2099544 0.1113012
vn 0.9715984 0.2363347 0.0119361
vn 0.9715984 -0.2363347 0.0119361
vn 0.6727462 -0.7397416 0.0139573
vn 0.6701007 -0.7350443 0.1033195
vn 0.5932088 -0.6635894 0.4557987
vn 0.7518974 -0.2112770 0.6245097
vn 0.7518975 0.2112769 0.6245096
vn 0.5932089 0.6635893 0.4557987
vn 0.6701006 0.7350444 0.1033194
vn 0.6727463 0.7397415 0.0139573
vn 0.6745970 0.7381862 0.0000000
vn 0.7071041 0.7071041 -0.0027729
vn 0.9701398 0.2425349 -0.0023778
vn 0.9701398 -0.2425350 -0.0023778
vn 0.6745970 -0.7381862 0.0000000
vn 0.9716529 -0.2364119 0.0000000
vn 0.9716529 0.2364119 0.0000000
vn 0.2739609 -0.1992443 0.9408757
vn 0.2401365 0.2263355 0.9439845
vn 0.0542932 -0.1676007 0.9843588
vn 0.0445796 0.2550935 0.9658882
vn 0.0113222 -0.1585103 0.9872924
vn 0.0096763 0.2612624 0.9652193
vn 0.0022402 -0.1545815 0.9879775
vn 0.0024064 0.2623021 0.9649828
vn 0.0027380 0.8103873 0.5858881
vn 0.0082448 0.8107241 0.5853703
vn 0.0393127 0.8087176 0.5868819
vn 0.1897551 0.7865656 0.5876288
vn 0.5693520 0.6798735 0.4621800
vn 0.7432763 0.2013040 0.6379789
vn 0.7453298 -0.2182975 0.6299442
vn 0.5554573 -0.6893026 0.4651120
vn 0.1983746 -0.6726136 0.7129084
vn 0.0425627 -0.6412773 0.7661278
vn 0.0083010 -0.6253481 0.7803017
vn 0.0027552 -0.6226746 0.7824761
vn 0.0000000 -0.6213365 0.7835438
vn -0.2739609 -0.1992444 0.9408757
vn -0.0542931 -0.1676007 0.9843588
vn -0.2401363 0.2263354 0.9439845
vn -0.0445794 0.2550936 0.9658881
vn -0.0113223 -0.1585102 0.9872924
vn -0.0096763 0.2612624 0.9652193
vn -0.0024064 0.2623021 0.9649828
vn -0.0022404 -0.1545815 0.9879775
vn 0.0000000 0.2616951 0.9651506
vn -0.0000001 -0.1542405 0.9880333
vn -0.0000001 -0.1542405 0.9880333
vn 0.0000000 0.2616951 0.9651506
vn 0.0000000 0.2616951 0.9651506
vn -0.0000001 -0.1542405 0.9880333
vn -0.0000001 -0.1542405 0.9880333
vn 0.0000000 0.2616951 0.9651506
vn 0.0000000 0.2616951 0.9651506
vn -0.0000001 -0.1542405 0.9880333
vn 0.0000000 -0.6213365 0.7835438
vn 0.0000000 -0.6213365 0.7835438
vn 0.0000000 -0.6213365 0.7835438
vn 0.0000000 -0.6213365 0.7835438
vn 0.0000000 -0.6213365 0.7835438
vn -0.0027552 -0.6226746 0.7824761
vn -0.0083011 -0.6253482 0.7803017
vn -0.0425627 -0.6412773 0.7661278
vn -0.1983744 -0.6726137 0.7129084
vn -0.5554573 -0.6893026 0.4651120
vn -0.7453300 -0.2182974 0.6299441
vn -0.7432763 0.2013040 0.6379789
vn -0.5693520 0.6798735 0.4621800
vn -0.1897551 0.7865656 0.5876288
vn -0.0393127 0.8087176 0.5868819
vn -0.0082446 0.8107242 0.5853702
vn -0.0027376 0.8103873 0.5858882
vn 0.0000002 0.8090905 0.5876840
vn 0.0000002 0.8113270 0.5845926
vn 0.0000002 0.8113270 0.5845926
vn 0.0000002 0.8113270 0.5845926
vn 0.0000002 0.8113270 0.5845926
vn 0.0000002 0.8113270 0.5845926
vn 0.0000002 0.8090905 0.5876840
vn 0.0000000 0.2616951 0.9651506
vn -0.0000001 -0.1542405 0.9880333
vn 0.0000000 -0.6213365 0.7835438
vn -0.0000001 -0.1542405 0.9880333
vn 0.0000000 0.2616951 0.9651506
vn -0.9993341 0.0000000 0.0364868
vn -0.9993341 0.0000000 0.0364868
vn -0.9963892 -0.0149995 0.0835681
vn -0.9963892 0.0149995 0.0835682
vn -0.9880333 0.0000000 0.1542404
vn -0.9883692 -0.0022361 0.1520568
vn -0.9736326 0.0000000 0.2281216
vn -0.9736326 0.0000000 0.2281216
vn -0.9651506 0.0000000 0.2616951
vn -0.9651506 0.0000000 0.2616951
vn -0.9736326 0.0000000 0.2281216
vn -0.9736326 0.0000000 0.2281216
vn -0.9919029 0.0000000 0.1269987
vn -0.9919029 0.0000000 0.1269987
vn -0.9997110 0.0000000 -0.0240412
vn -0.9997110 0.0000000 -0.0240412
vn -0.9795910 0.0000000 -0.2010010
vn -0.9795910 0.0000000 -0.2010010
vn -0.9234549 0.0000000 -0.3837070
vn -0.9234549 0.0000000 -0.3837070
vn -0.8328841 0.0000000 -0.5534475
vn -0.8328841 0.0000000 -0.5534475
vn -0.7057216 0.0000000 -0.7084892
vn -0.7057216 0.0000000 -0.7084892
vn -0.5534475 0.0000000 -0.8328841
vn -0.5534475 0.0000000 -0.8328841
vn -0.3837070 0.0000000 -0.9234549
vn -0.3837070 0.0000000 -0.9234549
vn -0.1956734 0.0000000 -0.9806691
vn -0.1956734 0.0000000 -0.9806691
vn 0.0000000 0.0000000 -1.0000000
vn 0.0000000 0.0000000 -1.0000000
vn 0.1956734 0.0000000 -0.9806691
vn 0.1956734 0.0000000 -0.9806691
vn 0.3837070 0.0000000 -0.9234549
vn 0.3837070 0.0000000 -0.9234549
vn 0.5534475 0.0000000 -0.8328841
vn 0.5534475 0.0000000 -0.8328841
vn 0.7084892 0.0000000 -0.7057216
vn 0.7084892 0.0000000 -0.7057216
vn 0.8328841 0.0000000 -0.5534475
vn 0.8328841 0.0000000 -0.5534475
vn 0.9234549 0.0000000 -0.3837070
vn 0.9234549 0.0000000 -0.3837070
vn 0.9795910 0.0000000 -0.2010010
vn 0.9795910 0.0000000 -0.2010010
vn 0.9997110 0.0000000 -0.0240412
vn 0.9997110 0.0000000 -0.0240412
vn 0.9919029 0.0000000 0.1269987
vn 0.9919029 0.0000000 0.1269987
vn 0.9736326 0.0000000 0.2281216
vn 0.9736326 0.0000000 0.2281216
vn 0.9651506 0.0000000 0.2616951
vn 0.9651506 0.0000000 0.2616951
vn 0.9736326 0.0000000 0.2281216
vn 0.9736326 0.0000000 0.2281216
vn 0.9883692 -0.0022361 0.1520568
vn 0.9880333 0.0000000 0.1542404
vn 0.9963892 -0.0149994 0.0835681
vn 0.9963892 0.0149993 0.0835681
vn 0.9993341 0.0000000 0.0364868
vn 0.9993341 0.0000000 0.0364868
vn 0.9993953 0.0040626 0.0345319
vn 0.9962843 0.0193661 0.0839202
vn 0.9880333 0.0000000 0.1542404
vn 0.9742724 0.0000000 0.2253738
vn 0.9651506 0.0000000 0.2616951
vn 0.9736326 0.0000000 0.2281216
vn 0.9919029 0.0000000 0.1269987
vn 0.9997110 0.0000000 -0.0240412
vn 0.9795910 0.0000000 -0.2010010
vn 0.9234549 0.0000000 -0.3837070
vn 0.8328841 0.0000000 -0.5534475
vn 0.7084892 0.0000000 -0.7057216
vn 0.5534475 0.0000000 -0.8328841
vn 0.3837070 0.0000000 -0.9234549
vn 0.1956734 0.0000000 -0.9806691
vn 0.0000000 0.0000000 -1.0000000
vn -0.1956734 0.0000000 -0.9806691
vn -0.3837070 0.0000000 -0.9234549
vn -0.5534475 0.0000000 -0.8328841
vn -0.7057216 0.0000000 -0.7084892
vn -0.8328841 0.0000000 -0.5534475
vn -0.9234549 0.0000000 -0.3837070
vn -0.9795910 0.0000000 -0.2010010
vn -0.9997110 0.0000000 -0.0240412
vn -0.9919029 0.0000000 0.1269987
vn -0.9736326 0.0000000 0.2281216
vn -0.9651506 0.0000000 0.2616951
vn -0.9747829 0.0023489 0.2231431
vn -0.9880333 0.0000000 0.1542404
vn -0.9962843 0.0193663 0.0839204
vn -0.9993953 0.0040626 0.0345319
vn -0.9998009 0.0000000 0.0199562
vn -0.9998393 0.0000000 0.0179255
vn -0.9998393 0.0000000 0.0179255
vn -0.9998009 0.0000000 0.0199562
vn -0.9993953 -0.0040626 0.0345319
vn -0.9961413 -0.0172120 0.0860597
vn -0.9887531 0.0022319 0.1495405
vn -0.9742724 0.0000000 0.2253738
vn -0.9651506 0.0000000 0.2616951
vn -0.9736326 0.0000000 0.2281216
vn -0.9919029 0.0000000 0.1269987
vn -0.9997110 0.0000000 -0.0240412
vn -0.9795910 0.0000000 -0.2010010
vn -0.9234549 0.0000000 -0.3837070
vn -0.8328841 0.0000000 -0.5534475
vn -0.7057216 0.0000000 -0.7084892
vn -0.5534475 0.0000000 -0.8328841
vn -0.3837070 0.0000000 -0.9234549
vn -0.1956734 0.0000000 -0.9806691
vn 0.0000000 0.0000000 -1.0000000
vn 0.1956734 0.0000000 -0.9806691
vn 0.3837070 0.0000000 -0.9234549
vn 0.5534475 0.0000000 -0.8328841
vn 0.7084892 0.0000000 -0.7057216
vn 0.8328841 0.0000000 -0.5534475
vn 0.9234549 0.0000000 -0.3837070
vn 0.9795910 0.0000000 -0.2010010
vn 0.9997110 0.0000000 -0.0240412
vn 0.9919029 0.0000000 0.1269987
vn 0.9736326 0.0000000 0.2281216
vn 0.9651506 0.0000000 0.2616951
vn 0.9742724 0.0000000 0.2253738
vn 0.9887531 0.0022319 0.1495405
vn 0.9961413 -0.0172119 0.0860597
vn 0.9993953 -0.0040626 0.0345319
vn 0.9998009 0.0000000 0.0199562
vn 0.9998393 0.0000000 0.0179253
vn 0.9998393 0.0000000 0.0179253
vn 0.9998009 0.0000000 0.0199562
vn 0.9997803 0.0060228 0.0200760
vn 0.9993825 0.0061062 0.0346018
vn 0.9962242 0.0215633 0.0840968
vn 0.9883692 0.0022361 0.1520568
vn 0.9741500 0.0023530 0.2258899
vn 0.9651506 0.0000000 0.2616951
vn 0.9736326 0.0000000 0.2281216
vn 0.9919029 0.0000000 0.1269987
vn 0.9997110 0.0000000 -0.0240412
vn 0.9795910 0.0000000 -0.2010010
vn 0.9234549 0.0000000 -0.3837070
vn 0.8328841 0.0000000 -0.5534475
vn 0.7084892 0.0000000 -0.7057216
vn 0.5534475 0.0000000 -0.8328841
vn 0.3837070 0.0000000 -0.9234549
vn 0.1956734 0.0000000 -0.9806691
vn 0.0000000 0.0000000 -1.0000000
vn -0.1956734 0.0000000 -0.9806691
vn -0.3837070 0.0000000 -0.9234549
vn -0.5534475 0.0000000 -0.8328841
vn -0.7057216 0.0000000 -0.7084892
vn -0.8328841 0.0000000 -0.5534475
vn -0.9234549 0.0000000 -0.3837070
vn -0.9795910 0.0000000 -0.2010010
vn -0.9997110 0.0000000 -0.0240412
vn -0.9919029 0.0000000 0.1269987
vn -0.9736326 0.0000000 0.2281216
vn -0.9651506 0.0000000 0.2616951
vn -0.9741500 0.0023530 0.2258899
vn -0.9883692 0.0022361 0.1520568
vn -0.9962242 0.0215633 0.0840969
vn -0.9993825 0.0061062 0.0346018
vn -0.9997803 0.0060228 0.0200760
vn -0.9943291 0.0064989 0.1061484
vn -0.9946690 0.0000000 0.1031190
vn -0.9946690 0.0000000 0.1031190
vn -0.9946690 0.0000000 0.1031190
vn -0.9946690 0.0000000 0.1031190
vn -0.9943291 -0.0064989 0.1061484
vn -0.9997803 -0.0060228 0.0200759
vn -0.9993825 -0.0061062 0.0346018
vn -0.9962242 -0.0215633 0.0840969
vn -0.9880333 0.0000000 0.1542404
vn -0.9741500 -0.0023530 0.2258899
vn -0.9651506 0.0000000 0.2616951
vn -0.9736326 0.0000000 0.2281216
vn -0.9919029 0.0000000 0.1269987
vn -0.9997110 0.0000000 -0.0240412
vn -0.9795910 0.0000000 -0.2010010
vn -0.9234549 0.0000000 -0.3837070
vn -0.8328841 0.0000000 -0.5534475
vn -0.7057216 0.0000000 -0.7084892
vn -0.5534475 0.0000000 -0.8328841
vn -0.3837070 0.0000000 -0.9234549
vn -0.1956734 0.0000000 -0.9806691
vn 0.0000000 0.0000000 -1.0000000
vn 0.1956734 0.0000000 -0.9806691
vn 0.3837070 0.0000000 -0.9234549
vn 0.5534475 0.0000000 -0.8328841
vn 0.7084892 0.0000000 -0.7057216
vn 0.8328841 0.0000000 -0.5534475
vn 0.9234549 0.0000000 -0.3837070
vn 0.9795910 0.0000000 -0.2010010
vn 0.9997110 0.0000000 -0.0240412
vn 0.9919029 0.0000000 0.1269987
vn 0.9736326 0.0000000 0.2281216
vn 0.9651506 0.0000000 0.2616951
vn 0.9741500 -0.0023530 0.2258899
vn 0.9880333 0.0000000 0.1542404
vn 0.9962242 -0.0215633 0.0840968
vn 0.9993825 -0.0061062 0.0346018
vn 0.9997803 -0.0060228 0.0200760
vn 0.9943291 -0.0064989 0.1061484
vn 0.9946690 0.0000000 0.1031190
vn 0.9946690 0.0000000 0.1031190
vn 0.9946690 0.0000000 0.1031190
vn 0.9946690 0.0000000 0.1031190
vn 0.9943291 0.0064989 0.1061484
vn 0.9665554 0.2262150 0.1208194
vn 0.9824121 0.1857990 0.0185798
vn 0.9899681 0.1381878 0.0294499
vn 0.9914125 0.1012115 0.0828094
vn 0.9853146 0.0686878 0.1563239
vn 0.9721757 0.0464104 0.2296094
vn 0.9639623 0.0245284 0.2649057
vn 0.9729412 0.0118941 0.2307464
vn 0.9917742 0.0066118 0.1278287
vn 0.9997078 0.0020074 -0.0240894
vn 0.9794948 0.0023156 -0.2014564
vn 0.9243566 0.0025605 -0.3815212
vn 0.8307951 0.0000000 -0.5565784
vn 0.7057216 0.0000000 -0.7084892
vn 0.5534475 0.0000000 -0.8328841
vn 0.3837070 0.0000000 -0.9234549
vn 0.1961156 0.0023072 -0.9805781
vn 0.0000000 0.0019608 -0.9999981
vn -0.1961156 0.0023072 -0.9805781
vn -0.3837070 0.0000000 -0.9234549
vn -0.5534475 0.0000000 -0.8328841
vn -0.7057216 0.0000000 -0.7084892
vn -0.8307951 0.0000000 -0.5565784
vn -0.9243566 0.0025605 -0.3815211
vn -0.9794947 0.0023156 -0.2014565
vn -0.9997078 0.0020074 -0.0240894
vn -0.9917742 0.0066118 0.1278287
vn -0.9729412 0.0118941 0.2307464
vn -0.9639623 0.0245284 0.2649057
vn -0.9721757 0.0464104 0.2296094
vn -0.9853146 0.0686878 0.1563239
vn -0.9914125 0.1012115 0.0828094
vn -0.9899681 0.1381878 0.0294499
vn -0.9824121 0.1857990 0.0185800
vn -0.9665554 0.2262152 0.1208194
vn -0.8647088 0.2161773 0.4533718
vn -0.9114058 0.0078120 0.4114346
vn -0.9127421 0.0000000 0.4085362
vn -0.9141307 0.0000000 0.4054196
vn -0.9141307 0.0000000 0.4054196
vn -0.9127421 0.0000000 0.4085362
vn -0.9114058 -0.0078120 0.4114346
vn -0.8647089 -0.2161773 0.4533717
vn -0.9665554 -0.2262152 0.1208194
vn -0.9824121 -0.1857990 0.0185799
vn -0.9899681 -0.1381878 0.0294499
vn -0.9914125 -0.1012115 0.0828094
vn -0.9846404 -0.0713508 0.1593500
vn -0.9721757 -0.0464104 0.2296094
vn -0.9639623 -0.0245284 0.2649057
vn -0.9729412 -0.0118941 0.2307464
vn -0.9917742 -0.0066118 0.1278287
vn -0.9997078 -0.0020074 -0.0240894
vn -0.9794948 -0.0023156 -0.2014564
vn -0.9243566 -0.0025605 -0.3815211
vn -0.8307951 0.0000000 -0.5565784
vn -0.7057216 0.0000000 -0.7084892
vn -0.5534475 0.0000000 -0.8328841
vn -0.3837070 0.0000000 -0.9234549
vn -0.1961156 -0.0023072 -0.9805781
vn 0.0000000 -0.0019608 -0.9999981
vn 0.1961156 -0.0023072 -0.9805781
vn 0.3837070 0.0000000 -0.9234549
vn 0.5534475 0.0000000 -0.8328841
vn 0.7057216 0.0000000 -0.7084892
vn 0.8307951 0.0000000 -0.5565784
vn 0.9243566 -0.0025605 -0.3815212
vn 0.9794948 -0.0023156 -0.2014564
vn 0.9997078 -0.0020074 -0.0240894
vn 0.9917742 -0.0066118 0.1278287
vn 0.9729412 -0.0118942 0.2307464
vn 0.9639623 -0.0245283 0.2649057
vn 0.9721757 -0.0464104 0.2296094
vn 0.9846404 -0.0713508 0.1593500
vn 0.9914125 -0.1012115 0.0828094
vn 0.9899681 -0.1381878 0.0294499
vn 0.9824121 -0.1857990 0.0185798
vn 0.9665554 -0.2262151 0.1208194
vn 0.8647090 -0.2161772 0.4533716
vn 0.9114058 -0.0078120 0.4114346
vn 0.9127421 0.0000000 0.4085362
vn 0.9141307 0.0000000 0.4054196
vn 0.9141307 0.0000000 0.4054196
vn 0.9127421 0.0000000 0.4085362
vn 0.9114058 0.0078120 0.4114346
vn 0.8647090 0.2161771 0.4533716
vn 0.5213889 0.1129675 0.8458084
vn 0.3199422 0.4162353 0.8511082
vn 0.5733125 0.6738935 0.4660260
vn 0.6694326 0.7321919 0.1255187
vn 0.7462865 0.6655316 0.0111386
vn 0.8441805 0.5351994 0.0303464
vn 0.9032702 0.4198686 0.0883934
vn 0.9324822 0.3173223 0.1725788
vn 0.9447530 0.2175962 0.2451401
vn 0.9526838 0.1273783 0.2759863
vn 0.9692494 0.0672744 0.2367062
vn 0.9908899 0.0316001 0.1309149
vn 0.9996181 0.0162539 -0.0223492
vn 0.9791700 0.0093254 -0.2028281
vn 0.9235813 0.0077179 -0.3833249
vn 0.8324420 0.0081879 -0.5540516
vn 0.7070821 0.0083513 -0.7070821
vn 0.5540516 0.0081879 -0.8324420
vn 0.3833249 0.0077179 -0.9235813
vn 0.1970028 0.0069530 -0.9803783
vn 0.0000000 0.0078893 -0.9999689
vn -0.1970027 0.0069530 -0.9803783
vn -0.3833248 0.0077179 -0.9235814
vn -0.5540516 0.0081879 -0.8324420
vn -0.7070821 0.0083513 -0.7070821
vn -0.8324420 0.0081879 -0.5540516
vn -0.9235814 0.0077179 -0.3833248
vn -0.9791699 0.0093254 -0.2028281
vn -0.9996181 0.0162540 -0.0223492
vn -0.9908899 0.0316001 0.1309149
vn -0.9692494 0.0672744 0.2367062
vn -0.9526837 0.1273783 0.2759865
vn -0.9447530 0.2175962 0.2451401
vn -0.9324822 0.3173223 0.1725788
vn -0.9032701 0.4198688 0.0883934
vn -0.8441805 0.5351994 0.0303464
vn -0.7462865 0.6655316 0.0111386
vn -0.6694326 0.7321919 0.1255187
vn -0.5733124 0.6738937 0.4660260
vn -0.3199422 0.4162353 0.8511082
vn -0.5213888 0.1129677 0.8458085
vn -0.5496584 0.0054421 0.8353718
vn -0.5503134 0.0000000 0.8349582
vn -0.5503134 0.0000000 0.8349582
vn -0.5503134 0.0000000 0.8349582
vn -0.5503134 0.0000000 0.8349582
vn -0.5496584 -0.0054421 0.8353718
vn -0.5213888 -0.1129677 0.8458085
vn -0.3199422 -0.4162353 0.8511082
vn -0.5733124 -0.6738937 0.4660260
vn -0.6694327 -0.7321919 0.1255186
vn -0.7462865 -0.6655316 0.0111386
vn -0.8441805 -0.5351994 0.0303463
vn -0.9032701 -0.4198688 0.0883934
vn -0.9324822 -0.3173223 0.1725788
vn -0.9447530 -0.2175962 0.2451400
vn -0.9526837 -0.1273783 0.2759864
vn -0.9692494 -0.0672744 0.2367062
vn -0.9908899 -0.0316001 0.1309148
vn -0.9996181 -0.0162540 -0.0223492
vn -0.9791700 -0.0093254 -0.2028281
vn -0.9235814 -0.0077179 -0.3833248
vn -0.8324420 -0.0081879 -0.5540516
vn -0.7070821 -0.0083513 -0.7070821
vn -0.5540516 -0.0081879 -0.8324420
vn -0.3833249 -0.0077179 -0.9235813
vn -0.1970028 -0.0069530 -0.9803783
vn -0.0000001 -0.0078893 -0.9999689
vn 0.1970028 -0.0069530 -0.9803783
vn 0.3833249 -0.0077179 -0.9235813
vn 0.5540516 -0.0081879 -0.8324420
vn 0.7070821 -0.0083513 -0.7070821
vn 0.8324420 -0.0081879 -0.5540516
vn 0.9235813 -0.0077179 -0.3833249
vn 0.9791700 -0.0093255 -0.2028281
vn 0.9996181 -0.0162540 -0.0223492
vn 0.9908899 -0.0316001 0.1309149
vn 0.9692494 -0.0672744 0.2367062
vn 0.9526838 -0.1273783 0.2759863
vn 0.9447530 -0.2175962 0.2451401
vn 0.9324822 -0.3173223 0.1725788
vn 0.9032701 -0.4198687 0.0883934
vn 0.8441805 -0.5351994 0.0303464
vn 0.7462865 -0.6655316 0.0111386
vn 0.6694326 -0.7321920 0.1255187
vn 0.5733124 -0.6738936 0.4660260
vn 0.3199421 -0.4162354 0.8511082
vn 0.5213889 -0.1129676 0.8458085
vn 0.5496584 -0.0054421 0.8353718
vn 0.5503134 0.0000000 0.8349582
vn 0.5503134 0.0000000 0.8349582
vn 0.5503134 0.0000000 0.8349582
vn 0.5503134 0.0000000 0.8349582
vn 0.5496584 0.0054421 0.8353718
vn 0.2735119 0.2763909 0.9213031
vn 0.2735119 -0.2763909 0.9213031
vn 0.0571030 0.2433080 0.9682667
vn 0.0571030 -0.2433080 0.9682667
vn 0.0119362 -0.2363347 0.9715984
vn 0.0119362 0.2363347 0.9715984
vn 0.0023695 0.2369555 0.9715176
vn 0.0023695 -0.2369555 0.9715176
vn 0.0027729 -0.7071041 0.7071041
vn 0.0083513 -0.7070821 0.7070821
vn 0.0427240 -0.7177624 0.6949762
vn 0.1869820 -0.7724504 0.6069252
vn 0.4518606 -0.8178039 0.3563970
vn 0.7473885 -0.3124856 0.5863132
vn 0.7473885 0.3124856 0.5863132
vn 0.4518606 0.8178039 0.3563970
vn 0.1869820 0.7724504 0.6069252
vn 0.0427208 0.7205580 0.6920774
vn 0.0083513 0.7070821 0.7070821
vn 0.0027729 0.7071041 0.7071041
vn -0.2735119 0.2763909 0.9213031
vn -0.0571030 0.2433080 0.9682667
vn -0.2735119 -0.2763909 0.9213031
vn -0.0571029 -0.2433080 0.9682667
vn -0.0119361 -0.2363347 0.9715984
vn -0.0119361 0.2363347 0.9715984
vn -0.0023695 0.2369555 0.9715176
vn -0.0023696 -0.2369555 0.9715176
vn -0.0000001 -0.2364119 0.9716529
vn 0.0000000 0.2364119 0.9716529
vn -0.0000001 -0.2364119 0.9716529
vn 0.0000000 0.2364119 0.9716529
vn -0.0000001 -0.2364119 0.9716529
vn 0.0000000 0.2364119 0.9716529
vn -0.0000001 -0.2364119 0.9716529
vn 0.0000000 0.2364119 0.9716529
vn 0.0000000 0.2364119 0.9716529
vn 0.0000000 0.7084892 0.7057216
vn 0.0000000 0.7057216 0.7084892
vn 0.0000000 0.7057216 0.7084892
vn 0.0000000 0.7057216 0.7084892
vn 0.0000000 0.7084892 0.7057216
vn 0.0000000 0.7057216 0.7084892
vn -0.0027729 0.7071041 0.7071041
vn -0.0083513 0.7070821 0.7070821
vn -0.0427208 0.7205580 0.6920774
vn -0.1869820 0.7724504 0.6069252
vn -0.4518606 0.8178039 0.3563970
vn -0.7473883 0.3124857 0.5863134
vn -0.7473884 -0.3124856 0.5863133
vn -0.4518606 -0.8178039 0.3563970
vn -0.1869819 -0.7724503 0.6069252
vn -0.0427240 -0.7177624 0.6949762
vn -0.0083513 -0.7070821 0.7070821
vn -0.0027729 -0.7071041 0.7071041
vn 0.0000000 -0.7057216 0.7084892
vn 0.0000000 -0.7057216 0.7084892
vn 0.0000000 -0.7057216 0.7084892
vn 0.0000000 -0.7057216 0.7084892
vn 0.0000000 -0.7057216 0.7084892
vn 0.0000000 -0.7057216 0.7084892
vn -0.0000001 -0.2364119 0.9716529
vn 0.0000000 0.2364119 0.9716529
vn 0.0000000 0.7057216 0.7084892
vn 0.0000000 0.2364119 0.9716529
vn -0.0000001 -0.2364119 0.9716529
vn 0.0000000 -0.7057216 0.7084892
vn -0.0000001 -0.2364119 0.9716529
vn 0.2222633 -0.2332394 0.9466776
vn 0.2222634 0.2332393 0.9466776
vn 0.0632140 -0.2017984 0.9773850
vn 0.0632140 0.2017984 0.9773850
vn 0.1216387 -0.1386681 0.9828404
vn 0.1216386 0.1386681 0.9828404
vn 0.2250801 -0.0667820 0.9720489
vn 0.1620470 -0.0347244 0.9861719
vn 0.2417980 0.0366361 0.9696347
vn 0.1702854 0.0045409 0.9853843
vn 0.1711390 0.0977936 0.9803815
vn 0.1595644 0.0182358 0.9870191
vn 0.1017811 0.0610687 0.9929306
vn 0.1534037 0.0112796 0.9880992
vn 0.5503134 0.0000000 0.8349582
vn 0.5503134 0.0000000 0.8349582
vn 0.5503134 0.0000000 0.8349582
vn 0.5496584 -0.0054421 0.8353718
vn 0.5213889 -0.1129676 0.8458085
vn 0.3199421 -0.4162354 0.8511082
vn 0.0921389 -0.1275769 0.9875396
vn 0.1382831 -0.1709682 0.9755243
vn 0.4234953 -0.5392947 0.7278825
vn 0.6858368 -0.1714592 0.7072691
vn 0.7035504 0.1192457 0.7005693
vn 0.4311713 0.4086475 0.8044243
vn 0.1747621 0.7143778 0.6775859
vn 0.2000189 0.7816125 0.5908252
vn 0.5932089 0.6635893 0.4557987
vn 0.7518975 0.2112769 0.6245096
vn 0.7518974 -0.2112770 0.6245097
vn 0.5932088 -0.6635894 0.4557987
vn 0.2000189 -0.7816125 0.5908252
vn 0.1747620 -0.7143778 0.6775858
vn 0.4311713 -0.4086475 0.8044243
vn 0.1620470 0.0347244 0.9861719
vn 0.2250801 0.0667820 0.9720489
vn 0.1702854 -0.0045409 0.9853843
vn 0.2417980 -0.0366361 0.9696347
vn 0.7035503 -0.1192458 0.7005693
vn 0.6858369 0.1714591 0.7072691
vn 0.4234953 0.5392947 0.7278825
vn 0.1382832 0.1709681 0.9755243
vn 0.0921390 0.1275768 0.9875397
vn 0.3199422 0.4162353 0.8511082
vn 0.5213889 0.1129675 0.8458084
vn 0.5496584 0.0054421 0.8353718
vn 0.5503134 0.0000000 0.8349582
vn 0.1595643 -0.0182359 0.9870191
vn 0.1711389 -0.0977937 0.9803815
vn 0.1017811 -0.0610687 0.9929306
vn 0.1534036 -0.0112797 0.9880992
vn -0.0617286 0.3009263 0.9516475
vn -0.0178929 0.3527475 0.9355475
vn -0.0281727 0.1901655 0.9813477
vn -0.0070160 0.2104822 0.9775725
vn -0.0023364 0.2149504 0.9766222
vn -0.0050970 0.3669877 0.9302118
vn 0.0000000 0.2144616 0.9767324
vn 0.0000000 0.3713907 0.9284767
vn 0.0000000 0.2144616 0.9767324
vn 0.0000000 0.3744630 0.9272419
vn 0.0000000 0.2117534 0.9773231
vn 0.0000000 0.3744630 0.9272419
vn 0.0000000 0.3744630 0.9272419
vn 0.0000000 0.2117534 0.9773231
vn 0.0000000 0.2117534 0.9773231
vn 0.0000000 0.3744630 0.9272419
vn 0.0000000 0.3744630 0.9272419
vn 0.0000000 0.2117534 0.9773231
vn 0.0000000 0.2117534 0.9773231
vn 0.0000000 0.3744630 0.9272419
vn 0.0000000 0.3713907 0.9284767
vn 0.0000000 0.2144616 0.9767324
vn 0.0000000 0.3713907 0.9284767
vn 0.0000000 0.2144616 0.9767324
vn 0.0050970 0.3669877 0.9302118
vn 0.0023364 0.2149504 0.9766222
vn 0.0178929 0.3527475 0.9355475
vn 0.0070160 0.2104822 0.9775725
vn 0.0281727 0.1901655 0.9813477
vn 0.0617286 0.3009263 0.9516475
vn 0.1382832 0.1709681 0.9755243
vn 0.4234953 0.5392947 0.7278825
vn 0.1378030 0.7698994 0.6231093
vn 0.0363789 0.8143277 0.5792641
vn 0.0082119 0.8239343 0.5666259
vn 0.0027231 0.8278340 0.5609665
vn 0.0000000 0.8286911 0.5597062
vn 0.0000000 0.8286911 0.5597062
vn 0.0000000 0.8286911 0.5597062
vn 0.0000000 0.8286911 0.5597062
vn 0.0000000 0.8286911 0.5597062
vn 0.0000000 0.8286911 0.5597062
vn 0.0000000 0.8286911 0.5597062
vn -0.0027231 0.8278340 0.5609665
vn -0.0082119 0.8239343 0.5666259
vn -0.0363789 0.8143277 0.5792641
vn -0.1378030 0.7698994 0.6231093
vn -0.4234953 0.5392947 0.7278825
vn -0.1382832 0.1709681 0.9755243
vn -0.0921388 0.1275770 0.9875396
vn -0.3199422 0.4162353 0.8511082
vn -0.0893431 0.5591149 0.8242623
vn -0.0222281 0.5918196 0.8057639
vn -0.0055004 0.5995508 0.8003178
vn 0.0000000 0.5969289 0.8022942
vn 0.0000002 0.5907706 0.8068395
vn 0.0000002 0.5876840 0.8090905
vn 0.0000002 0.5845926 0.8113270
vn 0.0000000 0.5814963 0.8135490
vn 0.0000002 0.5845926 0.8113270
vn 0.0000002 0.5876840 0.8090905
vn 0.0000002 0.5907706 0.8068395
vn 0.0000000 0.5969289 0.8022942
vn 0.0055004 0.5995508 0.8003178
vn 0.0222281 0.5918196 0.8057639
vn 0.0893431 0.5591149 0.8242623
vn 0.3199422 0.4162353 0.8511082
vn 0.0921390 0.1275768 0.9875397
vn -0.0118803 0.9999294 0.0000000
vn -0.0118803 0.9999294 0.0000000
vn -0.0019646 0.9999961 0.0019646
vn -0.0019646 0.9999961 0.0019646
vn 0.0000000 0.9999981 0.0019608
vn 0.0000000 0.9999981 0.0019608
vn 0.0000000 1.0000000 0.0000000
vn 0.0000000 1.0000000 0.0000000
vn 0.0000000 1.0000000 0.0000000
vn 0.0000000 1.0000000 0.0000000
vn 0.0000000 1.0000000 0.0000000
vn 0.0000000 1.0000000 0.0000000
vn 0.0000000 1.0000000 0.0000000
vn 0.0000000 1.0000000 0.0000000
vn 0.0000000 1.0000000 0.0000000
vn 0.0000000 1.0000000 0.0000000
vn 0.0000000 0.9999981 0.0019608
vn 0.0000000 0.9999981 0.0019608
vn 0.0019646 0.9999961 0.0019646
vn 0.0019646 0.9999961 0.0019646
vn 0.0118803 0.9999294 0.0000000
vn 0.0118803 0.9999294 0.0000000
vn 0.0470790 0.9988912 0.0000000
vn 0.0449444 0.9989895 0.0000000
vn 0.0413668 0.9990070 0.0165466
vn 0.0100384 0.9998206 0.0160613
vn 0.0019958 0.9998367 0.0179611
vn 0.0000001 0.9998393 0.0179253
vn 0.0000001 0.9998393 0.0179253
vn 0.0000001 0.9998393 0.0179253
vn 0.0000001 0.9998393 0.0179253
vn 0.0000001 0.9998393 0.0179253
vn 0.0000001 0.9998393 0.0179253
vn 0.0000001 0.9998393 0.0179253
vn -0.0019957 0.9998367 0.0179612
vn -0.0100383 0.9998206 0.0160614
vn -0.0413667 0.9990070 0.0165468
vn -0.0449443 0.9989895 0.0000000
vn -0.0470788 0.9988912 0.0000000
vn -0.0457772 0.9987761 0.0187271
vn -0.0120939 0.9997623 0.0181409
vn -0.0019957 0.9998367 0.0179612
vn 0.0000001 0.9998393 0.0179253
vn 0.0000001 0.9998393 0.0179253
vn 0.0000001 0.9998393 0.0179253
vn 0.0000001 0.9998393 0.0179253
vn 0.0000001 0.9998393 0.0179253
vn 0.0000001 0.9998393 0.0179253
vn 0.0000001 0.9998393 0.0179253
vn 0.0019958 0.9998367 0.0179611
vn 0.0120940 0.9997623 0.0181408
vn 0.0457773 0.9987761 0.0187270
vn 0.1903785 0.9817108 0.0000000
vn 0.1851164 0.9827166 0.0000000
vn 0.1770471 0.9841057 0.0137958
vn 0.1573427 0.9827858 0.0968261
vn 0.0357777 0.9928316 0.1140414
vn 0.0087677 0.9929317 0.1183627
vn 0.0021820 0.9927709 0.1200052
vn 0.0000001 0.9925110 0.1221551
vn 0.0000001 0.9925110 0.1221551
vn 0.0000001 0.9925110 0.1221551
vn 0.0000001 0.9925110 0.1221551
vn 0.0000001 0.9925110 0.1221551
vn 0.0000001 0.9925110 0.1221551
vn 0.0000001 0.9925110 0.1221551
vn -0.0021818 0.9927708 0.1200053
vn -0.0087676 0.9929317 0.1183628
vn -0.0357777 0.9928316 0.1140414
vn -0.1573424 0.9827859 0.0968263
vn -0.1770471 0.9841057 0.0137958
vn -0.1851164 0.9827166 0.0000000
vn -0.1903785 0.9817108 0.0000000
vn -0.1866324 0.9821528 0.0233291
vn -0.1778651 0.9692364 0.1701319
vn -0.0439472 0.9876562 0.1503458
vn -0.0111947 0.9896170 0.1432930
vn -0.0022194 0.9898581 0.1420424
vn 0.0000000 0.9899052 0.1417314
vn 0.0000000 0.9899052 0.1417314
vn 0.0000000 0.9899052 0.1417314
vn 0.0000000 0.9899052 0.1417314
vn 0.0000000 0.9899052 0.1417314
vn 0.0000000 0.9899052 0.1417314
vn 0.0000000 0.9899052 0.1417314
vn 0.0022194 0.9898581 0.1420424
vn 0.0111947 0.9896170 0.1432930
vn 0.0439472 0.9876562 0.1503458
vn 0.1778653 0.9692363 0.1701319
vn 0.1866324 0.9821528 0.0233291
vn 0.6393709 0.7688985 0.0000000
vn 0.6393709 0.7688985 0.0000000
vn 0.6401225 0.7681468 0.0139157
vn 0.6444489 0.7567839 0.1093789
vn 0.5693520 0.6798735 0.4621800
vn 0.1897551 0.7865656 0.5876288
vn 0.0393127 0.8087176 0.5868819
vn 0.0082448 0.8107241 0.5853703
vn 0.0027380 0.8103873 0.5858881
vn 0.0000002 0.8090905 0.5876840
vn 0.0000002 0.8113270 0.5845926
vn 0.0000002 0.8113270 0.5845926
vn 0.0000002 0.8113270 0.5845926
vn 0.0000002 0.8113270 0.5845926
vn 0.0000002 0.8113270 0.5845926
vn 0.0000002 0.8090905 0.5876840
vn -0.0027376 0.8103873 0.5858882
vn -0.0082446 0.8107242 0.5853702
vn -0.0393127 0.8087176 0.5868819
vn -0.1897551 0.7865656 0.5876288
vn -0.5693520 0.6798735 0.4621800
vn -0.6444489 0.7567839 0.1093789
vn -0.6401225 0.7681468 0.0139157
vn -0.6393707 0.7688986 0.0000000
vn -0.6393707 0.7688986 0.0000000
vn -0.6377184 0.7697571 0.0280934
vn -0.6131007 0.7593732 0.2178529
vn -0.4234953 0.5392947 0.7278825
vn -0.1378030 0.7698994 0.6231093
vn -0.0363789 0.8143277 0.5792641
vn -0.0082119 0.8239343 0.5666259
vn -0.0027231 0.8278340 0.5609665
vn 0.0000000 0.8286911 0.5597062
vn 0.0000000 0.8286911 0.5597062
vn 0.0000000 0.8286911 0.5597062
vn 0.0000000 0.8286911 0.5597062
vn 0.0000000 0.8286911 0.5597062
vn 0.0000000 0.8286911 0.5597062
vn 0.0000000 0.8286911 0.5597062
vn 0.0027231 0.8278340 0.5609665
vn 0.0082119 0.8239343 0.5666259
vn 0.0363789 0.8143277 0.5792641
vn 0.1378030 0.7698994 0.6231093
vn 0.4234953 0.5392947 0.7278825
vn 0.6131007 0.7593732 0.2178529
vn 0.6377184 0.7697571 0.0280934
vn 0.9657758 -0.1613965 0.2030472
vn 0.9500160 0.2313792 0.2096024
vn 0.9858271 -0.1658401 0.0253367
vn 0.9697974 0.2424493 0.0266695
vn 0.9863939 -0.1643990 0.0000000
vn 0.9702819 0.2419773 0.0000000
vn 0.9673834 -0.1867335 0.1711724
vn 0.9864922 -0.1625080 0.0205995
vn 0.9677266 0.2064483 0.1445138
vn 0.9721137 0.2340716 0.0143309
vn 0.9876355 -0.1567676 0.0000000
vn 0.9709726 0.2391908 0.0000000
vn 0.6393709 0.7688985 0.0000000
vn 0.6377184 0.7697571 0.0280934
vn 0.6131007 0.7593732 0.2178529
vn 0.4234953 0.5392947 0.7278825
vn 0.6858369 0.1714591 0.7072691
vn 0.7035503 -0.1192458 0.7005693
vn 0.4311713 -0.4086475 0.8044243
vn 0.7140042 -0.6638986 0.2223433
vn 0.7451497 -0.6664169 0.0253069
vn 0.7512064 -0.6600674 0.0000000
vn 0.7787165 -0.6273759 0.0000000
vn 0.7744695 -0.6323904 0.0167151
vn 0.7394951 -0.6619673 0.1222551
vn 0.5554573 -0.6893026 0.4651120
vn 0.7453298 -0.2182975 0.6299442
vn 0.7432763 0.2013040 0.6379789
vn 0.5693520 0.6798735 0.4621800
vn 0.6444489 0.7567839 0.1093789
vn 0.6401225 0.7681468 0.0139157
vn 0.6393709 0.7688985 0.0000000
vn 0.0087006 0.9940304 0.1087560
vn 0.0000000 0.9922105 0.1245728
vn 0.0000000 0.9941696 0.1078275
vn -0.0087005 0.9940304 0.1087560
vn -0.0110465 0.9919776 0.1259304
vn -0.0087844 0.9926397 0.1207859
vn 0.0000001 0.9928045 0.1197461
vn 0.0110465 0.9919776 0.1259304
vn 0.0153538 0.9936050 0.1118628
vn 0.0042161 0.9971073 0.0758897
vn 0.0020996 0.9972941 0.0734848
vn 0.0000000 0.9974693 0.0710984
vn -0.0020996 0.9972941 0.0734848
vn -0.0042161 0.9971073 0.0758897
vn -0.0153538 0.9936050 0.1118628
vn -0.0200954 0.9913752 0.1295040
vn -0.0177212 0.9923923 0.1218339
vn -0.0358480 0.9925428 0.1165061
vn -0.0385462 0.9908635 0.1292431
vn -0.0197485 0.9940068 0.1075195
vn -0.0269165 0.9914277 0.1278539
vn -0.0108569 0.9944943 0.1042265
vn -0.0064739 0.9948222 0.1014244
vn 0.0000000 0.9949090 0.1007774
vn 0.0087845 0.9926397 0.1207858
vn 0.0200954 0.9913752 0.1295040
vn 0.0266564 0.9929485 0.1155108
vn 0.0127797 0.9968079 0.0788074
vn 0.0020432 0.9990771 0.0429051
vn -0.0020351 0.9992501 0.0386675
vn 0.0000000 0.9993341 0.0364868
vn 0.0000000 0.9993341 0.0364868
vn 0.0000000 0.9993341 0.0364868
vn 0.0020351 0.9992501 0.0386675
vn -0.0020431 0.9990771 0.0429051
vn -0.0127797 0.9968079 0.0788074
vn -0.0266564 0.9929485 0.1155108
vn -0.0339967 0.9904358 0.1337202
vn -0.0531427 0.9889169 0.1386332
vn -0.0650092 0.9890702 0.1323404
vn -0.0641062 0.9913555 0.1144752
vn -0.0579766 0.9945229 0.0869651
vn -0.0308065 0.9946084 0.0990208
vn -0.0150581 0.9959892 0.0881978
vn -0.0085337 0.9963155 0.0853376
vn -0.0042406 0.9965660 0.0826938
vn 0.0000001 0.9966038 0.0823464
vn 0.0064739 0.9948222 0.1014244
vn 0.0177214 0.9923923 0.1218338
vn 0.0339967 0.9904358 0.1337202
vn 0.0722942 0.9887964 0.1305957
vn 0.0394714 0.9955542 0.0855211
vn 0.0186900 0.9988738 0.0436098
vn 0.0080307 0.9998045 0.0180687
vn 0.0000001 0.9998393 0.0179253
vn -0.0019916 0.9998711 0.0159343
vn -0.0019877 0.9999012 0.0139152
vn 0.0000001 0.9999036 0.0138875
vn 0.0019880 0.9999012 0.0139151
vn 0.0019919 0.9998711 0.0159341
vn 0.0000001 0.9998393 0.0179253
vn -0.0080305 0.9998045 0.0180688
vn -0.0186900 0.9988738 0.0436098
vn -0.0394713 0.9955542 0.0855213
vn -0.0722939 0.9887964 0.1305958
vn -0.1204215 0.9805749 0.1548276
vn -0.1546345 0.9776899 0.1421642
vn -0.1642349 0.9805070 0.1078558
vn -0.1710387 0.9834728 0.0593885
vn -0.1829074 0.9831275 0.0022863
vn -0.0520137 0.9969305 0.0585155
vn -0.0236760 0.9965427 0.0796373
vn -0.0105652 0.9973599 0.0718437
vn -0.0041916 0.9975967 0.0691611
vn -0.0020874 0.9977645 0.0667959
vn 0.0000000 0.9979210 0.0644491
vn 0.0042408 0.9965660 0.0826937
vn 0.0108569 0.9944943 0.1042265
vn 0.0269165 0.9914277 0.1278539
vn 0.0385462 0.9908635 0.1292431
vn 0.0531427 0.9889169 0.1386332
vn 0.1204215 0.9805749 0.1548276
vn 0.4197126 0.8837610 0.2069005
vn 0.2799483 0.9396279 0.1967952
vn 0.1782001 0.9724636 0.1501973
vn 0.1124926 0.9889958 0.0960872
vn 0.0674537 0.9965733 0.0478703
vn 0.0371581 0.9991367 0.0185789
vn 0.0202368 0.9996949 0.0141657
vn 0.0039838 0.9998949 0.0139427
vn 0.0000001 0.9998735 0.0159025
vn 0.0000001 0.9998735 0.0159025
vn 0.0000001 0.9998735 0.0159025
vn 0.0000001 0.9998735 0.0159025
vn 0.0000001 0.9998735 0.0159025
vn 0.0000001 0.9998735 0.0159025
vn 0.0000001 0.9998735 0.0159025
vn -0.0039835 0.9998949 0.0139428
vn -0.0202367 0.9996949 0.0141658
vn -0.0371580 0.9991367 0.0185790
vn -0.0674535 0.9965734 0.0478704
vn -0.1124924 0.9889958 0.0960873
vn -0.1782001 0.9724636 0.1501973
vn -0.2799481 0.9396279 0.1967953
vn -0.4197126 0.8837610 0.2069005
vn -0.5505831 0.8214103 0.1488062
vn -0.6263370 0.7786891 0.0366774
vn -0.6545712 0.7489237 -0.1031981
vn -0.6531919 0.7134378 -0.2536668
vn -0.2041597 0.9770501 -0.0607619
vn -0.6210705 0.6708890 -0.4051905
vn -0.2205561 0.9652574 -0.1401181
vn -0.0686239 0.9971907 -0.0300230
vn -0.0600574 0.9981949 0.0000000
vn -0.0528687 0.9981625 0.0296065
vn -0.0189134 0.9982098 0.0567404
vn -0.0062149 0.9985290 0.0538626
vn -0.0020551 0.9987808 0.0493226
vn 0.0000001 0.9987879 0.0492215
vn 0.0000001 0.9988912 0.0470788
vn 0.0020874 0.9977645 0.0667959
vn 0.0085338 0.9963156 0.0853375
vn 0.0197485 0.9940068 0.1075195
vn 0.0358480 0.9925428 0.1165061
vn 0.0650092 0.9890702 0.1323404
vn 0.1546347 0.9776899 0.1421642
vn 0.5505831 0.8214103 0.1488062
vn 0.9566710 0.2911607 -0.0024467
vn 0.9075291 0.3897537 0.1564704
vn 0.7907617 0.5554159 0.2573113
vn 0.6088370 0.7483621 0.2631951
vn 0.4312643 0.8802518 0.1979089
vn 0.3026512 0.9454502 0.1205248
vn 0.2116927 0.9757326 0.0559646
vn 0.1369895 0.9903663 0.0202115
vn 0.0809257 0.9966633 0.0106481
vn 0.0534013 0.9945989 0.0890021
vn 0.0129048 0.9958279 0.0903343
vn 0.0021364 0.9955697 0.0940023
vn 0.0000000 0.9953698 0.0961194
vn 0.0000000 0.9951426 0.0984442
vn 0.0000000 0.9951426 0.0984442
vn 0.0000000 0.9949090 0.1007774
vn 0.0000000 0.9951426 0.0984442
vn 0.0000000 0.9951426 0.0984442
vn 0.0000000 0.9953698 0.0961194
vn -0.0021364 0.9955697 0.0940023
vn -0.0129048 0.9958279 0.0903343
vn -0.0534012 0.9945989 0.0890022
vn -0.0809257 0.9966633 0.0106481
vn -0.1369893 0.9903663 0.0202116
vn -0.2116926 0.9757326 0.0559648
vn -0.3026512 0.9454502 0.1205248
vn -0.4312643 0.8802518 0.1979089
vn -0.6088370 0.7483621 0.2631951
vn -0.7907617 0.5554159 0.2573113
vn -0.9075290 0.3897539 0.1564706
vn -0.9566710 0.2911608 -0.0024467
vn -0.9534163 0.2397007 -0.1831421
vn -0.9072311 0.2086922 -0.3652113
vn -0.8191799 0.1813683 -0.5441046
vn -0.6981624 0.1714785 -0.6951002
vn -0.5403401 0.6450311 -0.5403401
vn -0.2054721 0.9579807 -0.2001353
vn -0.0634959 0.9962296 -0.0591170
vn -0.0223491 0.9996181 -0.0162540
vn -0.0219947 0.9997581 0.0000000
vn -0.0182494 0.9996669 0.0182496
vn -0.0164813 0.9991763 0.0370828
vn -0.0040626 0.9993953 0.0345319
vn 0.0000000 0.9994084 0.0343926
vn 0.0000000 0.9994780 0.0323064
vn 0.0000000 0.9995430 0.0302281
vn 0.0000001 0.9987879 0.0492215
vn 0.0041916 0.9975967 0.0691611
vn 0.0150582 0.9959892 0.0881977
vn 0.0308065 0.9946084 0.0990208
vn 0.0641062 0.9913555 0.1144752
vn 0.1642349 0.9805070 0.1078558
vn 0.6263370 0.7786891 0.0366774
vn 0.9534162 0.2397008 -0.1831422
vn 0.9236250 0.0313981 -0.3820092
vn 0.9792192 0.0356512 -0.1996467
vn 0.9982098 0.0567404 -0.0189134
vn 0.9838584 0.1111978 0.1402059
vn 0.9429356 0.2212166 0.2488687
vn 0.8769139 0.3823223 0.2912932
vn 0.7832989 0.5702415 0.2475225
vn 0.6761853 0.7188277 0.1614316
vn 0.5687096 0.8185972 0.0804236
vn 0.4396095 0.8978689 0.0239786
vn 0.2961520 0.9550898 0.0098717
vn 0.2110414 0.9722973 0.1004958
vn 0.1767686 0.8954340 0.4085962
vn 0.0447435 0.9264537 0.3737399
vn 0.0102275 0.9307028 0.3656333
vn 0.0025462 0.9293491 0.3691935
vn 0.0000000 0.9272419 0.3744630
vn 0.0000000 0.9247310 0.3806213
vn 0.0000002 0.9221649 0.3867969
vn 0.0000002 0.9208610 0.3898910
vn 0.0000002 0.9221649 0.3867969
vn 0.0000000 0.9247310 0.3806213
vn 0.0000000 0.9272419 0.3744630
vn -0.0025462 0.9293491 0.3691935
vn -0.0102275 0.9307028 0.3656333
vn -0.0447435 0.9264537 0.3737399
vn -0.1767686 0.8954340 0.4085962
vn -0.2110413 0.9722974 0.1004959
vn -0.2961520 0.9550898 0.0098717
vn -0.4396094 0.8978689 0.0239788
vn -0.5687096 0.8185972 0.0804236
vn -0.6761853 0.7188277 0.1614316
vn -0.7832988 0.5702417 0.2475225
vn -0.8769139 0.3823223 0.2912932
vn -0.9429356 0.2212166 0.2488687
vn -0.9838584 0.1111978 0.1402059
vn -0.9982098 0.0567403 -0.0189135
vn -0.9792192 0.0356512 -0.1996466
vn -0.9236250 0.0313981 -0.3820092
vn -0.8316633 0.0304943 -0.5544423
vn -0.7054130 0.0282165 -0.7082347
vn -0.5532107 0.0276605 -0.8325820
vn -0.3811180 0.0287143 -0.9240804
vn -0.5441046 0.1813683 -0.8191799
vn -0.4124794 0.6686159 -0.6187193
vn -0.1485641 0.9643628 -0.2189364
vn -0.0410046 0.9970591 -0.0647441
vn -0.0120939 0.9997623 -0.0181409
vn -0.0039525 0.9999746 0.0059287
vn -0.0020035 0.9997551 0.0220387
vn 0.0019958 0.9998367 0.0179611
vn 0.0000000 0.9998009 0.0199562
vn 0.0000001 0.9998393 0.0179253
vn 0.0000000 0.9994780 0.0323064
vn 0.0020552 0.9987808 0.0493224
vn 0.0105653 0.9973599 0.0718437
vn 0.0236760 0.9965427 0.0796373
vn 0.0579767 0.9945229 0.0869650
vn 0.1710387 0.9834728 0.0593885
vn 0.6545712 0.7489237 -0.1031981
vn 0.9072312 0.2086920 -0.3652113
vn 0.8316633 0.0304944 -0.5544423
vn 0.7070821 0.0083513 -0.7070821
vn 0.8324420 0.0081879 -0.5540516
vn 0.9235813 0.0077179 -0.3833249
vn 0.9791700 0.0093254 -0.2028281
vn 0.9996181 0.0162539 -0.0223492
vn 0.9908899 0.0316001 0.1309149
vn 0.9692494 0.0672744 0.2367062
vn 0.9526838 0.1273783 0.2759863
vn 0.9447530 0.2175962 0.2451401
vn 0.9324822 0.3173223 0.1725788
vn 0.9032702 0.4198686 0.0883934
vn 0.8441805 0.5351994 0.0303464
vn 0.7462865 0.6655316 0.0111386
vn 0.6694326 0.7321919 0.1255187
vn 0.5733125 0.6738935 0.4660260
vn 0.3199422 0.4162353 0.8511082
vn 0.0893431 0.5591149 0.8242623
vn 0.0222281 0.5918196 0.8057639
vn 0.0055004 0.5995508 0.8003178
vn 0.0000000 0.5969289 0.8022942
vn 0.0000002 0.5907706 0.8068395
vn 0.0000002 0.5876840 0.8090905
vn 0.0000002 0.5845926 0.8113270
vn 0.0000000 0.5814963 0.8135490
vn 0.0000002 0.5845926 0.8113270
vn 0.0000002 0.5876840 0.8090905
vn 0.0000002 0.5907706 0.8068395
vn 0.0000000 0.5969289 0.8022942
vn -0.0055004 0.5995508 0.8003178
vn -0.0222281 0.5918196 0.8057639
vn -0.0893431 0.5591149 0.8242623
vn -0.3199422 0.4162353 0.8511082
vn -0.5733124 0.6738937 0.4660260
vn -0.6694326 0.7321919 0.1255187
vn -0.7462865 0.6655316 0.0111386
vn -0.8441805 0.5351994 0.0303464
vn -0.9032701 0.4198688 0.0883934
vn -0.9324822 0.3173223 0.1725788
vn -0.9447530 0.2175962 0.2451401
vn -0.9526837 0.1273783 0.2759865
vn -0.9692494 0.0672744 0.2367062
vn -0.9908899 0.0316001 0.1309149
vn -0.9996181 0.0162540 -0.0223492
vn -0.9791699 0.0093254 -0.2028281
vn -0.9235814 0.0077179 -0.3833248
vn -0.8324420 0.0081879 -0.5540516
vn -0.7070821 0.0083513 -0.7070821
vn -0.5540516 0.0081879 -0.8324420
vn -0.3833248 0.0077179 -0.9235814
vn -0.1970027 0.0069530 -0.9803783
vn 0.0000000 0.0078893 -0.9999689
vn -0.1955845 0.0282773 -0.9802791
vn -0.3706595 0.2027045 -0.9063787
vn -0.2713495 0.7087012 -0.6512389
vn -0.0839814 0.9756656 -0.2025432
vn -0.0210582 0.9981602 -0.0568573
vn -0.0059872 0.9998845 -0.0139705
vn 0.0000000 0.9999826 0.0059054
vn 0.0000000 0.9999826 0.0059054
vn 0.0000000 0.9999826 0.0059054
vn 0.0000000 0.9998009 0.0199562
vn 0.0000000 0.9994084 0.0343926
vn 0.0062149 0.9985290 0.0538626
vn 0.0189134 0.9982098 0.0567404
vn 0.0520137 0.9969305 0.0585155
vn 0.1829074 0.9831275 0.0022863
vn 0.6531919 0.7134378 -0.2536668
vn 0.8191798 0.1813683 -0.5441048
vn 0.7054129 0.0282166 -0.7082347
vn 0.5540516 0.0081879 -0.8324420
vn 0.5532106 0.0276606 -0.8325821
vn 0.3833249 0.0077179 -0.9235813
vn 0.3811179 0.0287144 -0.9240804
vn 0.1970028 0.0069530 -0.9803783
vn 0.1955845 0.0282773 -0.9802791
vn 0.0000000 0.0281579 -0.9996035
vn -0.1901778 0.2223204 -0.9562458
vn -0.1319206 0.7345575 -0.6655991
vn -0.0376884 0.9822538 -0.1837309
vn -0.0082873 0.9986233 -0.0517959
vn -0.0019840 0.9999272 -0.0119038
vn -0.0000001 0.9999294 -0.0118803
vn 0.0000000 0.9999826 0.0059054
vn -0.0019957 0.9998367 0.0179612
vn 0.0040626 0.9993953 0.0345319
vn 0.0164813 0.9991763 0.0370828
vn 0.0528688 0.9981625 0.0296065
vn 0.2041597 0.9770500 -0.0607618
vn 0.6210705 0.6708891 -0.4051904
vn 0.6981625 0.1714784 -0.6951002
vn 0.5441046 0.1813683 -0.8191799
vn 0.3706597 0.2027044 -0.9063787
vn 0.1901777 0.2223204 -0.9562458
vn 0.0000000 0.2281216 -0.9736326
vn 0.0000000 0.7434316 -0.6688120
vn 0.0000000 0.9841595 -0.1772851
vn 0.0000001 0.9987879 -0.0492216
vn 0.0019840 0.9999272 -0.0119039
vn 0.0000000 0.9999826 0.0059054
vn 0.0020035 0.9997551 0.0220387
vn 0.0182496 0.9996669 0.0182494
vn 0.0600574 0.9981949 0.0000000
vn 0.2205562 0.9652574 -0.1401180
vn 0.5403401 0.6450311 -0.5403401
vn 0.4124796 0.6686158 -0.6187192
vn 0.2713495 0.7087012 -0.6512389
vn 0.1319206 0.7345575 -0.6655991
vn 0.0376884 0.9822538 -0.1837309
vn 0.0082874 0.9986233 -0.0517958
vn 0.0059874 0.9998845 -0.0139705
vn 0.0039525 0.9999746 0.0059287
vn 0.0219947 0.9997581 0.0000000
vn 0.0686239 0.9971907 -0.0300230
vn 0.2054722 0.9579807 -0.2001353
vn 0.1485640 0.9643628 -0.2189365
vn 0.0839813 0.9756656 -0.2025432
vn 0.0210582 0.9981602 -0.0568573
vn 0.0120939 0.9997623 -0.0181408
vn 0.0223492 0.9996181 -0.0162540
vn 0.0634960 0.9962296 -0.0591170
vn 0.0410046 0.9970591 -0.0647441
f 3279/3279/3279 3280/3280/3280 3281/3281/3281
f 3280/3280/3280 3282/3282/3282 3281/3281/3281
f 3282/3282/3282 3283/3283/3283 3281/3281/3281
f 3281/3281/3281 3283/3283/3283 3284/3284/3284
f 3284/3284/3284 3283/3283/3283 3285/3285/3285
f 3286/3286/3286 3287/3287/3287 3288/3288/3288
f 3288/3288/3288 3287/3287/3287 3289/3289/3289
f 3287/3287/3287 3285/3285/3285 3289/3289/3289
f 3289/3289/3289 3285/3285/3285 3290/3290/3290
f 3285/3285/3285 3283/3283/3283 3290/3290/3290
f 3290/3290/3290 3283/3283/3283 3291/3291/3291
f 3291/3291/3291 3283/3283/3283 3292/3292/3292
f 3283/3283/3283 3282/3282/3282 3292/3292/3292
f 3292/3292/3292 3282/3282/3282 3293/3293/3293
f 3282/3282/3282 3280/3280/3280 3293/3293/3293
f 3293/3293/3293 3280/3280/3280 3294/3294/3294
f 3294/3294/3294 3280/3280/3280 3295/3295/3295
f 3295/3295/3295 3280/3280/3280 3296/3296/3296
f 3280/3280/3280 3279/3279/3279 3296/3296/3296
f 3296/3296/3296 3279/3279/3279 3297/3297/3297
f 3297/3297/3297 3279/3279/3279 3298/3298/3298
f 3279/3279/3279 3281/3281/3281 3298/3298/3298
f 3298/3298/3298 3281/3281/3281 3299/3299/3299
f 3299/3299/3299 3281/3281/3281 3300/3300/3300
f 3281/3281/3281 3284/3284/3284 3300/3300/3300
f 3300/3300/3300 3284/3284/3284 3301/3301/3301
f 3284/3284/3284 3285/3285/3285 3301/3301/3301
f 3285/3285/3285 3287/3287/3287 3301/3301/3301
f 3301/3301/3301 3287/3287/3287 3302/3302/3302
f 3302/3302/3302 3287/3287/3287 3303/3303/3303
f 3287/3287/3287 3286/3286/3286 3303/3303/3303
f 3303/3303/3303 3286/3286/3286 3304/3304/3304
f 3304/3304/3304 3286/3286/3286 3305/3305/3305
f 3305/3305/3305 3286/3286/3286 3306/3306/3306
f 3286/3286/3286 3288/3288/3288 3306/3306/3306
f 3306/3306/3306 3288/3288/3288 3307/3307/3307
f 3307/3307/3307 3288/3288/3288 3308/3308/3308
f 3288/3288/3288 3289/3289/3289 3308/3308/3308
f 3308/3308/3308 3289/3289/3289 3309/3309/3309
f 3289/3289/3289 3290/3290/3290 3309/3309/3309
f 3309/3309/3309 3290/3290/3290 3310/3310/3310
f 3290/3290/3290 3291/3291/3291 3310/3310/3310
f 3311/3311/3311 3312/3312/3312 3313/3313/3313
f 3312/3312/3312 3314/3314/3314 3313/3313/3313
f 3313/3313/3313 3314/3314/3314 3315/3315/3315
f 3314/3314/3314 3316/3316/3316 3315/3315/3315
f 3317/3317/3317 3315/3315/3315 3318/3318/3318
f 3315/3315/3315 3316/3316/3316 3318/3318/3318
f 3319/3319/3319 3318/3318/3318 3320/3320/3320
f 3320/3320/3320 3318/3318/3318 3321/3321/3321
f 3318/3318/3318 3316/3316/3316 3321/3321/3321
f 3321/3321/3321 3316/3316/3316 3322/3322/3322
f 3316/3316/3316 3314/3314/3314 3322/3322/3322
f 3322/3322/3322 3314/3314/3314 3323/3323/3323
f 3314/3314/3314 3312/3312/3312 3323/3323/3323
f 3323/3323/3323 3312/3312/3312 3324/3324/3324
f 3324/3324/3324 3312/3312/3312 3325/3325/3325
f 3325/3325/3325 3312/3312/3312 3326/3326/3326
f 3312/3312/3312 3311/3311/3311 3326/3326/3326
f 3326/3326/3326 3311/3311/3311 3327/3327/3327
f 3327/3327/3327 3311/3311/3311 3328/3328/3328
f 3311/3311/3311 3313/3313/3313 3328/3328/3328
f 3328/3328/3328 3313/3313/3313 3329/3329/3329
f 3313/3313/3313 3315/3315/3315 3329/3329/3329
f 3329/3329/3329 3315/3315/3315 3330/3330/3330
f 3330/3330/3330 3315/3315/3315 3331/3331/3331
f 3315/3315/3315 3317/3317/3317 3331/3331/3331
f 3331/3331/3331 3317/3317/3317 3332/3332/3332
f 3333/3333/3333 3334/3334/3334 3335/3335/3335
f 3334/3334/3334 3336/3336/3336 3335/3335/3335
f 3335/3335/3335 3336/3336/3336 3337/3337/3337
f 3336/3336/3336 3332/3332/3332 3337/3337/3337
f 3332/3332/3332 3317/3317/3317 3337/3337/3337
f 3317/3317/3317 3318/3318/3318 3337/3337/3337
f 3337/3337/3337 3318/3318/3318 3338/3338/3338
f 3318/3318/3318 3319/3319/3319 3338/3338/3338
f 3319/3319/3319 3339/3339/3339 3338/3338/3338
f 3338/3338/3338 3339/3339/3339 3340/3340/3340
f 3339/3339/3339 3341/3341/3341 3340/3340/3340
f 3341/3341/3341 3342/3342/3342 3340/3340/3340
f 3342/3342/3342 3333/3333/3333 3340/3340/3340
f 3333/3333/3333 3335/3335/3335 3340/3340/3340
f 3335/3335/3335 3337/3337/3337 3340/3340/3340
f 3343/3343/3343 3344/3344/3344 3345/3345/3345
f 3344/3344/3344 3346/3346/3346 3345/3345/3345
f 3347/3347/3347 3345/3345/3345 3348/3348/3348
f 3348/3348/3348 3345/3345/3345 3349/3349/3349
f 3345/3345/3345 3346/3346/3346 3349/3349/3349
f 3349/3349/3349 3346/3346/3346 3350/3350/3350
f 3350/3350/3350 3346/3346/3346 3351/3351/3351
f 3351/3351/3351 3346/3346/3346 3352/3352/3352
f 3346/3346/3346 3344/3344/3344 3352/3352/3352
f 3352/3352/3352 3344/3344/3344 3353/3353/3353
f 3353/3353/3353 3344/3344/3344 3354/3354/3354
f 3354/3354/3354 3344/3344/3344 3355/3355/3355
f 3344/3344/3344 3343/3343/3343 3355/3355/3355
f 3355/3355/3355 3343/3343/3343 3356/3356/3356
f 3357/3357/3357 3358/3358/3358 3359/3359/3359
f 3358/3358/3358 3360/3360/3360 3359/3359/3359
f 3359/3359/3359 3360/3360/3360 3361/3361/3361
f 3361/3361/3361 3360/3360/3360 3362/3362/3362
f 3362/3362/3362 3360/3360/3360 3356/3356/3356
f 3356/3356/3356 3360/3360/3360 3363/3363/3363
f 3360/3360/3360 3358/3358/3358 3363/3363/3363
f 3363/3363/3363 3358/3358/3358 3364/3364/3364
f 3364/3364/3364 3358/3358/3358 3365/3365/3365
f 3365/3365/3365 3358/3358/3358 3366/3366/3366
f 3366/3366/3366 3358/3358/3358 3367/3367/3367
f 3358/3358/3358 3357/3357/3357 3367/3367/3367
f 3367/3367/3367 3357/3357/3357 3368/3368/3368
f 3368/3368/3368 3357/3357/3357 3369/3369/3369
f 3369/3369/3369 3357/3357/3357 3370/3370/3370
f 3357/3357/3357 3359/3359/3359 3370/3370/3370
f 3370/3370/3370 3359/3359/3359 3371/3371/3371
f 3359/3359/3359 3361/3361/3361 3371/3371/3371
f 3372/3372/3372 3373/3373/3373 3374/3374/3374
f 3374/3374/3374 3373/3373/3373 3375/3375/3375
f 3376/3376/3376 3375/3375/3375 3377/3377/3377
f 3375/3375/3375 3373/3373/3373 3377/3377/3377
f 3377/3377/3377 3373/3373/3373 3371/3371/3371
f 3371/3371/3371 3373/3373/3373 3378/3378/3378
f 3373/3373/3373 3372/3372/3372 3378/3378/3378
f 3378/3378/3378 3372/3372/3372 3379/3379/3379
f 3379/3379/3379 3372/3372/3372 3380/3380/3380
f 3380/3380/3380 3372/3372/3372 3381/3381/3381
f 3372/3372/3372 3374/3374/3374 3381/3381/3381
f 3381/3381/3381 3374/3374/3374 3382/3382/3382
f 3382/3382/3382 3374/3374/3374 3383/3383/3383
f 3383/3383/3383 3374/3374/3374 3384/3384/3384
f 3374/3374/3374 3375/3375/3375 3384/3384/3384
f 3384/3384/3384 3375/3375/3375 3385/3385/3385
f 3385/3385/3385 3375/3375/3375 3386/3386/3386
f 3375/3375/3375 3376/3376/3376 3386/3386/3386
f 3387/3387/3387 3388/3388/3388 3389/3389/3389
f 3388/3388/3388 3386/3386/3386 3389/3389/3389
f 3386/3386/3386 3376/3376/3376 3389/3389/3389
f 3376/3376/3376 3377/3377/3377 3389/3389/3389
f 3389/3389/3389 3377/3377/3377 3390/3390/3390
f 3377/3377/3377 3371/3371/3371 3390/3390/3390
f 3371/3371/3371 3361/3361/3361 3390/3390/3390
f 3390/3390/3390 3361/3361/3361 3391/3391/3391
f 3361/3361/3361 3362/3362/3362 3391/3391/3391
f 3362/3362/3362 3356/3356/3356 3391/3391/3391
f 3391/3391/3391 3356/3356/3356 3392/3392/3392
f 3356/3356/3356 3343/3343/3343 3392/3392/3392
f 3343/3343/3343 3345/3345/3345 3392/3392/3392
f 3392/3392/3392 3345/3345/3345 3393/3393/3393
f 3345/3345/3345 3347/3347/3347 3393/3393/3393
f 3393/3393/3393 3347/3347/3347 3394/3394/3394
f 3347/3347/3347 3387/3387/3387 3394/3394/3394
f 3387/3387/3387 3389/3389/3389 3394/3394/3394
f 3389/3389/3389 3390/3390/3390 3394/3394/3394
f 3390/3390/3390 3391/3391/3391 3394/3394/3394
f 3391/3391/3391 3392/3392/3392 3394/3394/3394
f 3395/3395/3395 3396/3396/3396 3397/3397/3397
f 3396/3396/3396 3398/3398/3398 3397/3397/3397
f 3397/3397/3397 3398/3398/3398 3399/3399/3399
f 3398/3398/3398 3400/3400/3400 3399/3399/3399
f 3401/3401/3401 3402/3402/3402 3403/3403/3403
f 3403/3403/3403 3402/3402/3402 3404/3404/3404
f 3402/3402/3402 3405/3405/3405 3404/3404/3404
f 3404/3404/3404 3405/3405/3405 3406/3406/3406
f 3405/3405/3405 3399/3399/3399 3406/3406/3406
f 3399/3399/3399 3400/3400/3400 3406/3406/3406
f 3406/3406/3406 3400/3400/3400 3407/3407/3407
f 3400/3400/3400 3398/3398/3398 3407/3407/3407
f 3407/3407/3407 3398/3398/3398 3408/3408/3408
f 3408/3408/3408 3398/3398/3398 3409/3409/3409
f 3398/3398/3398 3396/3396/3396 3409/3409/3409
f 3409/3409/3409 3396/3396/3396 3410/3410/3410
f 3410/3410/3410 3396/3396/3396 3411/3411/3411
f 3411/3411/3411 3396/3396/3396 3412/3412/3412
f 3396/3396/3396 3395/3395/3395 3412/3412/3412
f 3412/3412/3412 3395/3395/3395 3413/3413/3413
f 3413/3413/3413 3395/3395/3395 3414/3414/3414
f 3395/3395/3395 3397/3397/3397 3414/3414/3414
f 3414/3414/3414 3397/3397/3397 3415/3415/3415
f 3397/3397/3397 3399/3399/3399 3415/3415/3415
f 3415/3415/3415 3399/3399/3399 3416/3416/3416
f 3416/3416/3416 3399/3399/3399 3417/3417/3417
f 3399/3399/3399 3405/3405/3405 3417/3417/3417
f 3405/3405/3405 3402/3402/3402 3417/3417/3417
f 3417/3417/3417 3402/3402/3402 3418/3418/3418
f 3418/3418/3418 3402/3402/3402 3419/3419/3419
f 3402/3402/3402 3401/3401/3401 3419/3419/3419
f 3419/3419/3419 3401/3401/3401 3420/3420/3420
f 3420/3420/3420 3401/3401/3401 3421/3421/3421
f 3401/3401/3401 3403/3403/3403 3421/3421/3421
f 3421/3421/3421 3403/3403/3403 3422/3422/3422
f 3422/3422/3422 3403/3403/3403 3423/3423/3423
f 3423/3423/3423 3403/3403/3403 3424/3424/3424
f 3403/3403/3403 3404/3404/3404 3424/3424/3424
f 3424/3424/3424 3404/3404/3404 3425/3425/3425
f 3404/3404/3404 3406/3406/3406 3425/3425/3425
f 3425/3425/3425 3406/3406/3406 3426/3426/3426
f 3406/3406/3406 3407/3407/3407 3426/3426/3426
f 3427/3427/3427 3428/3428/3428 3429/3429/3429
f 3428/3428/3428 3430/3430/3430 3429/3429/3429
f 3430/3430/3430 3431/3431/3431 3429/3429/3429
f 3429/3429/3429 3431/3431/3431 3432/3432/3432
f 3432/3432/3432 3431/3431/3431 3433/3433/3433
f 3431/3431/3431 3434/3434/3434 3433/3433/3433
f 3434/3434/3434 3435/3435/3435 3433/3433/3433
f 3433/3433/3433 3435/3435/3435 3436/3436/3436
f 3436/3436/3436 3435/3435/3435 3437/3437/3437
f 3435/3435/3435 3438/3438/3438 3437/3437/3437
f 3438/3438/3438 3439/3439/3439 3437/3437/3437
f 3437/3437/3437 3439/3439/3439 3440/3440/3440
f 3440/3440/3440 3439/3439/3439 3441/3441/3441
f 3439/3439/3439 3442/3442/3442 3441/3441/3441
f 3442/3442/3442 3443/3443/3443 3441/3441/3441
f 3441/3441/3441 3443/3443/3443 3444/3444/3444
f 3444/3444/3444 3443/3443/3443 3445/3445/3445
f 3443/3443/3443 3446/3446/3446 3445/3445/3445
f 3446/3446/3446 3447/3447/3447 3445/3445/3445
f 3445/3445/3445 3447/3447/3447 3448/3448/3448
f 3448/3448/3448 3447/3447/3447 3449/3449/3449
f 3449/3449/3449 3447/3447/3447 3450/3450/3450
f 3451/3451/3451 3450/3450/3450 3452/3452/3452
f 3450/3450/3450 3447/3447/3447 3452/3452/3452
f 3452/3452/3452 3447/3447/3447 3453/3453/3453
f 3447/3447/3447 3446/3446/3446 3453/3453/3453
f 3453/3453/3453 3446/3446/3446 3454/3454/3454
f 3446/3446/3446 3443/3443/3443 3454/3454/3454
f 3454/3454/3454 3443/3443/3443 3455/3455/3455
f 3443/3443/3443 3442/3442/3442 3455/3455/3455
f 3455/3455/3455 3442/3442/3442 3456/3456/3456
f 3456/3456/3456 3442/3442/3442 3457/3457/3457
f 3442/3442/3442 3439/3439/3439 3457/3457/3457
f 3457/3457/3457 3439/3439/3439 3458/3458/3458
f 3439/3439/3439 3438/3438/3438 3458/3458/3458
f 3458/3458/3458 3438/3438/3438 3459/3459/3459
f 3438/3438/3438 3435/3435/3435 3459/3459/3459
f 3459/3459/3459 3435/3435/3435 3460/3460/3460
f 3435/3435/3435 3434/3434/3434 3460/3460/3460
f 3460/3460/3460 3434/3434/3434 3461/3461/3461
f 3434/3434/3434 3431/3431/3431 3461/3461/3461
f 3461/3461/3461 3431/3431/3431 3462/3462/3462
f 3431/3431/3431 3430/3430/3430 3462/3462/3462
f 3462/3462/3462 3430/3430/3430 3463/3463/3463
f 3430/3430/3430 3428/3428/3428 3463/3463/3463
f 3463/3463/3463 3428/3428/3428 3464/3464/3464
f 3464/3464/3464 3428/3428/3428 3465/3465/3465
f 3465/3465/3465 3428/3428/3428 3466/3466/3466
f 3428/3428/3428 3427/3427/3427 3466/3466/3466
f 3466/3466/3466 3427/3427/3427 3467/3467/3467
f 3467/3467/3467 3427/3427/3427 3468/3468/3468
f 3427/3427/3427 3429/3429/3429 3468/3468/3468
f 3468/3468/3468 3429/3429/3429 3469/3469/3469
f 3429/3429/3429 3432/3432/3432 3469/3469/3469
f 3469/3469/3469 3432/3432/3432 3470/3470/3470
f 3432/3432/3432 3433/3433/3433 3470/3470/3470
f 3470/3470/3470 3433/3433/3433 3471/3471/3471
f 3471/3471/3471 3433/3433/3433 3472/3472/3472
f 3433/3433/3433 3436/3436/3436 3472/3472/3472
f 3472/3472/3472 3436/3436/3436 3473/3473/3473
f 3436/3436/3436 3437/3437/3437 3473/3473/3473
f 3473/3473/3473 3437/3437/3437 3474/3474/3474
f 3437/3437/3437 3440/3440/3440 3474/3474/3474
f 3474/3474/3474 3440/3440/3440 3475/3475/3475
f 3440/3440/3440 3441/3441/3441 3475/3475/3475
f 3441/3441/3441 3444/3444/3444 3475/3475/3475
f 3475/3475/3475 3444/3444/3444 3476/3476/3476
f 3444/3444/3444 3445/3445/3445 3476/3476/3476
f 3476/3476/3476 3445/3445/3445 3477/3477/3477
f 3445/3445/3445 3448/3448/3448 3477/3477/3477
f 3477/3477/3477 3448/3448/3448 3478/3478/3478
f 3448/3448/3448 3449/3449/3449 3478/3478/3478
f 3478/3478/3478 3449/3449/3449 3479/3479/3479
f 3479/3479/3479 3449/3449/3449 3480/3480/3480
f 3481/3481/3481 3480/3480/3480 3482/3482/3482
f 3480/3480/3480 3449/3449/3449 3482/3482/3482
f 3482/3482/3482 3449/3449/3449 3483/3483/3483
f 3449/3449/3449 3450/3450/3450 3483/3483/3483
f 3450/3450/3450 3451/3451/3451 3483/3483/3483
f 3451/3451/3451 3484/3484/3484 3483/3483/3483
f 3483/3483/3483 3484/3484/3484 3485/3485/3485
f 3484/3484/3484 3486/3486/3486 3485/3485/3485
f 3485/3485/3485 3486/3486/3486 3487/3487/3487
f 3486/3486/3486 3488/3488/3488 3487/3487/3487
f 3488/3488/3488 3489/3489/3489 3487/3487/3487
f 3489/3489/3489 3490/3490/3490 3487/3487/3487
f 3487/3487/3487 3490/3490/3490 3491/3491/3491
f 3490/3490/3490 3492/3492/3492 3491/3491/3491
f 3492/3492/3492 3493/3493/3493 3491/3491/3491
f 3491/3491/3491 3493/3493/3493 3494/3494/3494
f 3493/3493/3493 3481/3481/3481 3494/3494/3494
f 3481/3481/3481 3482/3482/3482 3494/3494/3494
f 3482/3482/3482 3483/3483/3483 3494/3494/3494
f 3483/3483/3483 3485/3485/3485 3494/3494/3494
f 3485/3485/3485 3487/3487/3487 3494/3494/3494
f 3495/3495/3495 3496/3496/3496 3497/3497/3497
f 3496/3496/3496 3498/3498/3498 3497/3497/3497
f 3497/3497/3497 3498/3498/3498 3499/3499/3499
f 3500/3500/3500 3501/3501/3501 3502/3502/3502
f 3503/3503/3503 3502/3502/3502 3504/3504/3504
f 3502/3502/3502 3501/3501/3501 3504/3504/3504
f 3504/3504/3504 3501/3501/3501 3505/3505/3505
f 3506/3506/3506 3505/3505/3505 3507/3507/3507
f 3507/3507/3507 3505/3505/3505 3508/3508/3508
f 3505/3505/3505 3501/3501/3501 3508/3508/3508
f 3508/3508/3508 3501/3501/3501 3509/3509/3509
f 3501/3501/3501 3500/3500/3500 3509/3509/3509
f 3509/3509/3509 3500/3500/3500 3510/3510/3510
f 3500/3500/3500 3502/3502/3502 3510/3510/3510
f 3510/3510/3510 3502/3502/3502 3511/3511/3511
f 3502/3502/3502 3503/3503/3503 3511/3511/3511
f 3511/3511/3511 3503/3503/3503 3512/3512/3512
f 3513/3513/3513 3512/3512/3512 3514/3514/3514
f 3512/3512/3512 3503/3503/3503 3514/3514/3514
f 3514/3514/3514 3503/3503/3503 3515/3515/3515
f 3503/3503/3503 3504/3504/3504 3515/3515/3515
f 3515/3515/3515 3504/3504/3504 3516/3516/3516
f 3504/3504/3504 3505/3505/3505 3516/3516/3516
f 3516/3516/3516 3505/3505/3505 3517/3517/3517
f 3505/3505/3505 3506/3506/3506 3517/3517/3517
f 3517/3517/3517 3506/3506/3506 3518/3518/3518
f 3519/3519/3519 3520/3520/3520 3521/3521/3521
f 3520/3520/3520 3522/3522/3522 3521/3521/3521
f 3521/3521/3521 3522/3522/3522 3523/3523/3523
f 3523/3523/3523 3522/3522/3522 3524/3524/3524
f 3522/3522/3522 3525/3525/3525 3524/3524/3524
f 3524/3524/3524 3525/3525/3525 3526/3526/3526
f 3525/3525/3525 3518/3518/3518 3526/3526/3526
f 3518/3518/3518 3506/3506/3506 3526/3526/3526
f 3526/3526/3526 3506/3506/3506 3527/3527/3527
f 3506/3506/3506 3507/3507/3507 3527/3527/3527
f 3527/3527/3527 3507/3507/3507 3528/3528/3528
f 3528/3528/3528 3507/3507/3507 3529/3529/3529
f 3507/3507/3507 3508/3508/3508 3529/3529/3529
f 3529/3529/3529 3508/3508/3508 3530/3530/3530
f 3508/3508/3508 3509/3509/3509 3530/3530/3530
f 3530/3530/3530 3509/3509/3509 3531/3531/3531
f 3509/3509/3509 3510/3510/3510 3531/3531/3531
f 3531/3531/3531 3510/3510/3510 3532/3532/3532
f 3510/3510/3510 3511/3511/3511 3532/3532/3532
f 3532/3532/3532 3511/3511/3511 3533/3533/3533
f 3511/3511/3511 3512/3512/3512 3533/3533/3533
f 3533/3533/3533 3512/3512/3512 3534/3534/3534
f 3512/3512/3512 3513/3513/3513 3534/3534/3534
f 3534/3534/3534 3513/3513/3513 3535/3535/3535
f 3536/3536/3536 3537/3537/3537 3538/3538/3538
f 3537/3537/3537 3535/3535/3535 3538/3538/3538
f 3535/3535/3535 3513/3513/3513 3538/3538/3538
f 3538/3538/3538 3513/3513/3513 3539/3539/3539
f 3513/3513/3513 3514/3514/3514 3539/3539/3539
f 3539/3539/3539 3514/3514/3514 3540/3540/3540
f 3514/3514/3514 3515/3515/3515 3540/3540/3540
f 3540/3540/3540 3515/3515/3515 3541/3541/3541
f 3515/3515/3515 3516/3516/3516 3541/3541/3541
f 3541/3541/3541 3516/3516/3516 3542/3542/3542
f 3516/3516/3516 3517/3517/3517 3542/3542/3542
f 3542/3542/3542 3517/3517/3517 3543/3543/3543
f 3517/3517/3517 3518/3518/3518 3543/3543/3543
f 3543/3543/3543 3518/3518/3518 3544/3544/3544
f 3518/3518/3518 3525/3525/3525 3544/3544/3544
f 3544/3544/3544 3525/3525/3525 3545/3545/3545
f 3525/3525/3525 3522/3522/3522 3545/3545/3545
f 3522/3522/3522 3520/3520/3520 3545/3545/3545
f 3545/3545/3545 3520/3520/3520 3546/3546/3546
f 3547/3547/3547 3546/3546/3546 3548/3548/3548
f 3546/3546/3546 3520/3520/3520 3548/3548/3548
f 3520/3520/3520 3519/3519/3519 3548/3548/3548
f 3548/3548/3548 3519/3519/3519 3549/3549/3549
f 3550/3550/3550 3549/3549/3549 3551/3551/3551
f 3549/3549/3549 3519/3519/3519 3551/3551/3551
f 3551/3551/3551 3519/3519/3519 3552/3552/3552
f 3519/3519/3519 3521/3521/3521 3552/3552/3552
f 3552/3552/3552 3521/3521/3521 3553/3553/3553
f 3521/3521/3521 3523/3523/3523 3553/3553/3553
f 3553/3553/3553 3523/3523/3523 3554/3554/3554
f 3523/3523/3523 3524/3524/3524 3554/3554/3554
f 3554/3554/3554 3524/3524/3524 3555/3555/3555
f 3524/3524/3524 3526/3526/3526 3555/3555/3555
f 3526/3526/3526 3527/3527/3527 3555/3555/3555
f 3555/3555/3555 3527/3527/3527 3556/3556/3556
f 3527/3527/3527 3528/3528/3528 3556/3556/3556
f 3556/3556/3556 3528/3528/3528 3557/3557/3557
f 3528/3528/3528 3529/3529/3529 3557/3557/3557
f 3557/3557/3557 3529/3529/3529 3558/3558/3558
f 3529/3529/3529 3530/3530/3530 3558/3558/3558
f 3558/3558/3558 3530/3530/3530 3559/3559/3559
f 3530/3530/3530 3531/3531/3531 3559/3559/3559
f 3559/3559/3559 3531/3531/3531 3560/3560/3560
f 3531/3531/3531 3532/3532/3532 3560/3560/3560
f 3560/3560/3560 3532/3532/3532 3561/3561/3561
f 3532/3532/3532 3533/3533/3533 3561/3561/3561
f 3561/3561/3561 3533/3533/3533 3562/3562/3562
f 3533/3533/3533 3534/3534/3534 3562/3562/3562
f 3562/3562/3562 3534/3534/3534 3563/3563/3563
f 3534/3534/3534 3535/3535/3535 3563/3563/3563
f 3563/3563/3563 3535/3535/3535 3564/3564/3564
f 3535/3535/3535 3537/3537/3537 3564/3564/3564
f 3564/3564/3564 3537/3537/3537 3565/3565/3565
f 3566/3566/3566 3565/3565/3565 3567/3567/3567
f 3565/3565/3565 3537/3537/3537 3567/3567/3567
f 3537/3537/3537 3536/3536/3536 3567/3567/3567
f 3567/3567/3567 3536/3536/3536 3568/3568/3568
f 3569/3569/3569 3568/3568/3568 3570/3570/3570
f 3568/3568/3568 3536/3536/3536 3570/3570/3570
f 3570/3570/3570 3536/3536/3536 3571/3571/3571
f 3536/3536/3536 3538/3538/3538 3571/3571/3571
f 3538/3538/3538 3539/3539/3539 3571/3571/3571
f 3571/3571/3571 3539/3539/3539 3572/3572/3572
f 3539/3539/3539 3540/3540/3540 3572/3572/3572
f 3572/3572/3572 3540/3540/3540 3573/3573/3573
f 3540/3540/3540 3541/3541/3541 3573/3573/3573
f 3573/3573/3573 3541/3541/3541 3574/3574/3574
f 3541/3541/3541 3542/3542/3542 3574/3574/3574
f 3574/3574/3574 3542/3542/3542 3575/3575/3575
f 3542/3542/3542 3543/3543/3543 3575/3575/3575
f 3575/3575/3575 3543/3543/3543 3576/3576/3576
f 3543/3543/3543 3544/3544/3544 3576/3576/3576
f 3576/3576/3576 3544/3544/3544 3577/3577/3577
f 3544/3544/3544 3545/3545/3545 3577/3577/3577
f 3577/3577/3577 3545/3545/3545 3578/3578/3578
f 3545/3545/3545 3546/3546/3546 3578/3578/3578
f 3578/3578/3578 3546/3546/3546 3579/3579/3579
f 3546/3546/3546 3547/3547/3547 3579/3579/3579
f 3579/3579/3579 3547/3547/3547 3580/3580/3580
f 3547/3547/3547 3548/3548/3548 3580/3580/3580
f 3548/3548/3548 3549/3549/3549 3580/3580/3580
f 3580/3580/3580 3549/3549/3549 3581/3581/3581
f 3549/3549/3549 3550/3550/3550 3581/3581/3581
f 3581/3581/3581 3550/3550/3550 3582/3582/3582
f 3583/3583/3583 3582/3582/3582 3584/3584/3584
f 3582/3582/3582 3550/3550/3550 3584/3584/3584
f 3584/3584/3584 3550/3550/3550 3585/3585/3585
f 3550/3550/3550 3551/3551/3551 3585/3585/3585
f 3585/3585/3585 3551/3551/3551 3586/3586/3586
f 3551/3551/3551 3552/3552/3552 3586/3586/3586
f 3586/3586/3586 3552/3552/3552 3587/3587/3587
f 3552/3552/3552 3553/3553/3553 3587/3587/3587
f 3587/3587/3587 3553/3553/3553 3588/3588/3588
f 3553/3553/3553 3554/3554/3554 3588/3588/3588
f 3588/3588/3588 3554/3554/3554 3589/3589/3589
f 3554/3554/3554 3555/3555/3555 3589/3589/3589
f 3555/3555/3555 3556/3556/3556 3589/3589/3589
f 3589/3589/3589 3556/3556/3556 3590/3590/3590
f 3556/3556/3556 3557/3557/3557 3590/3590/3590
f 3590/3590/3590 3557/3557/3557 3591/3591/3591
f 3557/3557/3557 3558/3558/3558 3591/3591/3591
f 3591/3591/3591 3558/3558/3558 3592/3592/3592
f 3558/3558/3558 3559/3559/3559 3592/3592/3592
f 3592/3592/3592 3559/3559/3559 3593/3593/3593
f 3559/3559/3559 3560/3560/3560 3593/3593/3593
f 3593/3593/3593 3560/3560/3560 3594/3594/3594
f 3560/3560/3560 3561/3561/3561 3594/3594/3594
f 3594/3594/3594 3561/3561/3561 3595/3595/3595
f 3561/3561/3561 3562/3562/3562 3595/3595/3595
f 3595/3595/3595 3562/3562/3562 3596/3596/3596
f 3562/3562/3562 3563/3563/3563 3596/3596/3596
f 3596/3596/3596 3563/3563/3563 3597/3597/3597
f 3563/3563/3563 3564/3564/3564 3597/3597/3597
f 3597/3597/3597 3564/3564/3564 3598/3598/3598
f 3564/3564/3564 3565/3565/3565 3598/3598/3598
f 3598/3598/3598 3565/3565/3565 3599/3599/3599
f 3565/3565/3565 3566/3566/3566 3599/3599/3599
f 3599/3599/3599 3566/3566/3566 3600/3600/3600
f 3566/3566/3566 3601/3601/3601 3600/3600/3600
f 3600/3600/3600 3601/3601/3601 3602/3602/3602
f 3601/3601/3601 3603/3603/3603 3602/3602/3602
f 3602/3602/3602 3603/3603/3603 3604/3604/3604
f 3603/3603/3603 3605/3605/3605 3604/3604/3604
f 3604/3604/3604 3605/3605/3605 3606/3606/3606
f 3606/3606/3606 3605/3605/3605 3607/3607/3607
f 3605/3605/3605 3499/3499/3499 3607/3607/3607
f 3607/3607/3607 3499/3499/3499 3608/3608/3608
f 3499/3499/3499 3498/3498/3498 3608/3608/3608
f 3609/3609/3609 3608/3608/3608 3610/3610/3610
f 3608/3608/3608 3498/3498/3498 3610/3610/3610
f 3610/3610/3610 3498/3498/3498 3611/3611/3611
f 3498/3498/3498 3496/3496/3496 3611/3611/3611
f 3611/3611/3611 3496/3496/3496 3612/3612/3612
f 3496/3496/3496 3495/3495/3495 3612/3612/3612
f 3612/3612/3612 3495/3495/3495 3613/3613/3613
f 3614/3614/3614 3613/3613/3613 3615/3615/3615
f 3613/3613/3613 3495/3495/3495 3615/3615/3615
f 3615/3615/3615 3495/3495/3495 3616/3616/3616
f 3495/3495/3495 3497/3497/3497 3616/3616/3616
f 3616/3616/3616 3497/3497/3497 3617/3617/3617
f 3497/3497/3497 3499/3499/3499 3617/3617/3617
f 3499/3499/3499 3605/3605/3605 3617/3617/3617
f 3605/3605/3605 3603/3603/3603 3617/3617/3617
f 3617/3617/3617 3603/3603/3603 3618/3618/3618
f 3603/3603/3603 3601/3601/3601 3618/3618/3618
f 3618/3618/3618 3601/3601/3601 3619/3619/3619
f 3601/3601/3601 3566/3566/3566 3619/3619/3619
f 3566/3566/3566 3567/3567/3567 3619/3619/3619
f 3567/3567/3567 3568/3568/3568 3619/3619/3619
f 3619/3619/3619 3568/3568/3568 3620/3620/3620
f 3568/3568/3568 3569/3569/3569 3620/3620/3620
f 3620/3620/3620 3569/3569/3569 3621/3621/3621
f 3621/3621/3621 3569/3569/3569 3622/3622/3622
f 3622/3622/3622 3569/3569/3569 3623/3623/3623
f 3569/3569/3569 3570/3570/3570 3623/3623/3623
f 3623/3623/3623 3570/3570/3570 3624/3624/3624
f 3570/3570/3570 3571/3571/3571 3624/3624/3624
f 3571/3571/3571 3572/3572/3572 3624/3624/3624
f 3624/3624/3624 3572/3572/3572 3625/3625/3625
f 3572/3572/3572 3573/3573/3573 3625/3625/3625
f 3625/3625/3625 3573/3573/3573 3626/3626/3626
f 3573/3573/3573 3574/3574/3574 3626/3626/3626
f 3626/3626/3626 3574/3574/3574 3627/3627/3627
f 3574/3574/3574 3575/3575/3575 3627/3627/3627
f 3627/3627/3627 3575/3575/3575 3628/3628/3628
f 3575/3575/3575 3576/3576/3576 3628/3628/3628
f 3628/3628/3628 3576/3576/3576 3629/3629/3629
f 3576/3576/3576 3577/3577/3577 3629/3629/3629
f 3629/3629/3629 3577/3577/3577 3630/3630/3630
f 3577/3577/3577 3578/3578/3578 3630/3630/3630
f 3630/3630/3630 3578/3578/3578 3631/3631/3631
f 3578/3578/3578 3579/3579/3579 3631/3631/3631
f 3631/3631/3631 3579/3579/3579 3632/3632/3632
f 3579/3579/3579 3580/3580/3580 3632/3632/3632
f 3580/3580/3580 3581/3581/3581 3632/3632/3632
f 3632/3632/3632 3581/3581/3581 3633/3633/3633
f 3581/3581/3581 3582/3582/3582 3633/3633/3633
f 3633/3633/3633 3582/3582/3582 3634/3634/3634
f 3582/3582/3582 3583/3583/3583 3634/3634/3634
f 3634/3634/3634 3583/3583/3583 3635/3635/3635
f 3636/3636/3636 3635/3635/3635 3637/3637/3637
f 3635/3635/3635 3583/3583/3583 3637/3637/3637
f 3637/3637/3637 3583/3583/3583 3638/3638/3638
f 3583/3583/3583 3584/3584/3584 3638/3638/3638
f 3638/3638/3638 3584/3584/3584 3639/3639/3639
f 3584/3584/3584 3585/3585/3585 3639/3639/3639
f 3639/3639/3639 3585/3585/3585 3640/3640/3640
f 3585/3585/3585 3586/3586/3586 3640/3640/3640
f 3640/3640/3640 3586/3586/3586 3641/3641/3641
f 3586/3586/3586 3587/3587/3587 3641/3641/3641
f 3641/3641/3641 3587/3587/3587 3642/3642/3642
f 3587/3587/3587 3588/3588/3588 3642/3642/3642
f 3642/3642/3642 3588/3588/3588 3643/3643/3643
f 3588/3588/3588 3589/3589/3589 3643/3643/3643
f 3589/3589/3589 3590/3590/3590 3643/3643/3643
f 3643/3643/3643 3590/3590/3590 3644/3644/3644
f 3590/3590/3590 3591/3591/3591 3644/3644/3644
f 3644/3644/3644 3591/3591/3591 3645/3645/3645
f 3591/3591/3591 3592/3592/3592 3645/3645/3645
f 3645/3645/3645 3592/3592/3592 3646/3646/3646
f 3592/3592/3592 3593/3593/3593 3646/3646/3646
f 3646/3646/3646 3593/3593/3593 3647/3647/3647
f 3593/3593/3593 3594/3594/3594 3647/3647/3647
f 3647/3647/3647 3594/3594/3594 3648/3648/3648
f 3594/3594/3594 3595/3595/3595 3648/3648/3648
f 3648/3648/3648 3595/3595/3595 3649/3649/3649
f 3595/3595/3595 3596/3596/3596 3649/3649/3649
f 3649/3649/3649 3596/3596/3596 3650/3650/3650
f 3596/3596/3596 3597/3597/3597 3650/3650/3650
f 3650/3650/3650 3597/3597/3597 3651/3651/3651
f 3597/3597/3597 3598/3598/3598 3651/3651/3651
f 3651/3651/3651 3598/3598/3598 3652/3652/3652
f 3598/3598/3598 3599/3599/3599 3652/3652/3652
f 3652/3652/3652 3599/3599/3599 3653/3653/3653
f 3599/3599/3599 3600/3600/3600 3653/3653/3653
f 3653/3653/3653 3600/3600/3600 3654/3654/3654
f 3600/3600/3600 3602/3602/3602 3654/3654/3654
f 3654/3654/3654 3602/3602/3602 3655/3655/3655
f 3602/3602/3602 3604/3604/3604 3655/3655/3655
f 3655/3655/3655 3604/3604/3604 3656/3656/3656
f 3604/3604/3604 3606/3606/3606 3656/3656/3656
f 3656/3656/3656 3606/3606/3606 3657/3657/3657
f 3606/3606/3606 3607/3607/3607 3657/3657/3657
f 3657/3657/3657 3607/3607/3607 3658/3658/3658
f 3607/3607/3607 3608/3608/3608 3658/3658/3658
f 3658/3658/3658 3608/3608/3608 3659/3659/3659
f 3608/3608/3608 3609/3609/3609 3659/3659/3659
f 3659/3659/3659 3609/3609/3609 3660/3660/3660
f 3660/3660/3660 3609/3609/3609 3661/3661/3661
f 3661/3661/3661 3609/3609/3609 3662/3662/3662
f 3609/3609/3609 3610/3610/3610 3662/3662/3662
f 3662/3662/3662 3610/3610/3610 3663/3663/3663
f 3610/3610/3610 3611/3611/3611 3663/3663/3663
f 3663/3663/3663 3611/3611/3611 3664/3664/3664
f 3664/3664/3664 3611/3611/3611 3665/3665/3665
f 3611/3611/3611 3612/3612/3612 3665/3665/3665
f 3665/3665/3665 3612/3612/3612 3666/3666/3666
f 3612/3612/3612 3613/3613/3613 3666/3666/3666
f 3666/3666/3666 3613/3613/3613 3667/3667/3667
f 3613/3613/3613 3614/3614/3614 3667/3667/3667
f 3667/3667/3667 3614/3614/3614 3668/3668/3668
f 3669/3669/3669 3670/3670/3670 3671/3671/3671
f 3670/3670/3670 3672/3672/3672 3671/3671/3671
f 3672/3672/3672 3673/3673/3673 3671/3671/3671
f 3671/3671/3671 3673/3673/3673 3674/3674/3674
f 3673/3673/3673 3675/3675/3675 3674/3674/3674
f 3674/3674/3674 3675/3675/3675 3676/3676/3676
f 3675/3675/3675 3677/3677/3677 3676/3676/3676
f 3677/3677/3677 3678/3678/3678 3676/3676/3676
f 3676/3676/3676 3678/3678/3678 3679/3679/3679
f 3678/3678/3678 3680/3680/3680 3679/3679/3679
f 3679/3679/3679 3680/3680/3680 3681/3681/3681
f 3680/3680/3680 3682/3682/3682 3681/3681/3681
f 3681/3681/3681 3682/3682/3682 3683/3683/3683
f 3682/3682/3682 3668/3668/3668 3683/3683/3683
f 3683/3683/3683 3668/3668/3668 3684/3684/3684
f 3668/3668/3668 3614/3614/3614 3684/3684/3684
f 3684/3684/3684 3614/3614/3614 3685/3685/3685
f 3614/3614/3614 3615/3615/3615 3685/3685/3685
f 3685/3685/3685 3615/3615/3615 3686/3686/3686
f 3615/3615/3615 3616/3616/3616 3686/3686/3686
f 3686/3686/3686 3616/3616/3616 3687/3687/3687
f 3616/3616/3616 3617/3617/3617 3687/3687/3687
f 3687/3687/3687 3617/3617/3617 3688/3688/3688
f 3617/3617/3617 3618/3618/3618 3688/3688/3688
f 3688/3688/3688 3618/3618/3618 3689/3689/3689
f 3618/3618/3618 3619/3619/3619 3689/3689/3689
f 3619/3619/3619 3620/3620/3620 3689/3689/3689
f 3689/3689/3689 3620/3620/3620 3690/3690/3690
f 3620/3620/3620 3621/3621/3621 3690/3690/3690
f 3690/3690/3690 3621/3621/3621 3691/3691/3691
f 3621/3621/3621 3622/3622/3622 3691/3691/3691
f 3691/3691/3691 3622/3622/3622 3692/3692/3692
f 3692/3692/3692 3622/3622/3622 3693/3693/3693
f 3622/3622/3622 3623/3623/3623 3693/3693/3693
f 3693/3693/3693 3623/3623/3623 3694/3694/3694
f 3623/3623/3623 3624/3624/3624 3694/3694/3694
f 3624/3624/3624 3625/3625/3625 3694/3694/3694
f 3694/3694/3694 3625/3625/3625 3695/3695/3695
f 3625/3625/3625 3626/3626/3626 3695/3695/3695
f 3695/3695/3695 3626/3626/3626 3696/3696/3696
f 3626/3626/3626 3627/3627/3627 3696/3696/3696
f 3696/3696/3696 3627/3627/3627 3697/3697/3697
f 3627/3627/3627 3628/3628/3628 3697/3697/3697
f 3697/3697/3697 3628/3628/3628 3698/3698/3698
f 3628/3628/3628 3629/3629/3629 3698/3698/3698
f 3698/3698/3698 3629/3629/3629 3699/3699/3699
f 3629/3629/3629 3630/3630/3630 3699/3699/3699
f 3699/3699/3699 3630/3630/3630 3700/3700/3700
f 3630/3630/3630 3631/3631/3631 3700/3700/3700
f 3700/3700/3700 3631/3631/3631 3701/3701/3701
f 3631/3631/3631 3632/3632/3632 3701/3701/3701
f 3632/3632/3632 3633/3633/3633 3701/3701/3701
f 3701/3701/3701 3633/3633/3633 3702/3702/3702
f 3633/3633/3633 3634/3634/3634 3702/3702/3702
f 3702/3702/3702 3634/3634/3634 3703/3703/3703
f 3634/3634/3634 3635/3635/3635 3703/3703/3703
f 3703/3703/3703 3635/3635/3635 3704/3704/3704
f 3635/3635/3635 3636/3636/3636 3704/3704/3704
f 3704/3704/3704 3636/3636/3636 3705/3705/3705
f 3706/3706/3706 3705/3705/3705 3707/3707/3707
f 3705/3705/3705 3636/3636/3636 3707/3707/3707
f 3707/3707/3707 3636/3636/3636 3708/3708/3708
f 3636/3636/3636 3637/3637/3637 3708/3708/3708
f 3708/3708/3708 3637/3637/3637 3709/3709/3709
f 3637/3637/3637 3638/3638/3638 3709/3709/3709
f 3709/3709/3709 3638/3638/3638 3710/3710/3710
f 3638/3638/3638 3639/3639/3639 3710/3710/3710
f 3710/3710/3710 3639/3639/3639 3711/3711/3711
f 3639/3639/3639 3640/3640/3640 3711/3711/3711
f 3711/3711/3711 3640/3640/3640 3712/3712/3712
f 3640/3640/3640 3641/3641/3641 3712/3712/3712
f 3712/3712/3712 3641/3641/3641 3713/3713/3713
f 3641/3641/3641 3642/3642/3642 3713/3713/3713
f 3713/3713/3713 3642/3642/3642 3714/3714/3714
f 3642/3642/3642 3643/3643/3643 3714/3714/3714
f 3643/3643/3643 3644/3644/3644 3714/3714/3714
f 3714/3714/3714 3644/3644/3644 3715/3715/3715
f 3644/3644/3644 3645/3645/3645 3715/3715/3715
f 3715/3715/3715 3645/3645/3645 3716/3716/3716
f 3645/3645/3645 3646/3646/3646 3716/3716/3716
f 3716/3716/3716 3646/3646/3646 3717/3717/3717
f 3646/3646/3646 3647/3647/3647 3717/3717/3717
f 3717/3717/3717 3647/3647/3647 3718/3718/3718
f 3647/3647/3647 3648/3648/3648 3718/3718/3718
f 3718/3718/3718 3648/3648/3648 3719/3719/3719
f 3648/3648/3648 3649/3649/3649 3719/3719/3719
f 3719/3719/3719 3649/3649/3649 3720/3720/3720
f 3649/3649/3649 3650/3650/3650 3720/3720/3720
f 3720/3720/3720 3650/3650/3650 3721/3721/3721
f 3650/3650/3650 3651/3651/3651 3721/3721/3721
f 3721/3721/3721 3651/3651/3651 3722/3722/3722
f 3651/3651/3651 3652/3652/3652 3722/3722/3722
f 3722/3722/3722 3652/3652/3652 3723/3723/3723
f 3652/3652/3652 3653/3653/3653 3723/3723/3723
f 3723/3723/3723 3653/3653/3653 3724/3724/3724
f 3653/3653/3653 3654/3654/3654 3724/3724/3724
f 3724/3724/3724 3654/3654/3654 3725/3725/3725
f 3654/3654/3654 3655/3655/3655 3725/3725/3725
f 3725/3725/3725 3655/3655/3655 3726/3726/3726
f 3655/3655/3655 3656/3656/3656 3726/3726/3726
f 3726/3726/3726 3656/3656/3656 3727/3727/3727
f 3656/3656/3656 3657/3657/3657 3727/3727/3727
f 3727/3727/3727 3657/3657/3657 3728/3728/3728
f 3657/3657/3657 3658/3658/3658 3728/3728/3728
f 3728/3728/3728 3658/3658/3658 3729/3729/3729
f 3658/3658/3658 3659/3659/3659 3729/3729/3729
f 3729/3729/3729 3659/3659/3659 3730/3730/3730
f 3659/3659/3659 3660/3660/3660 3730/3730/3730
f 3730/3730/3730 3660/3660/3660 3731/3731/3731
f 3731/3731/3731 3660/3660/3660 3732/3732/3732
f 3660/3660/3660 3661/3661/3661 3732/3732/3732
f 3733/3733/3733 3732/3732/3732 3734/3734/3734
f 3732/3732/3732 3661/3661/3661 3734/3734/3734
f 3734/3734/3734 3661/3661/3661 3735/3735/3735
f 3661/3661/3661 3662/3662/3662 3735/3735/3735
f 3735/3735/3735 3662/3662/3662 3736/3736/3736
f 3662/3662/3662 3663/3663/3663 3736/3736/3736
f 3736/3736/3736 3663/3663/3663 3737/3737/3737
f 3663/3663/3663 3664/3664/3664 3737/3737/3737
f 3737/3737/3737 3664/3664/3664 3738/3738/3738
f 3664/3664/3664 3665/3665/3665 3738/3738/3738
f 3738/3738/3738 3665/3665/3665 3739/3739/3739
f 3665/3665/3665 3666/3666/3666 3739/3739/3739
f 3739/3739/3739 3666/3666/3666 3740/3740/3740
f 3666/3666/3666 3667/3667/3667 3740/3740/3740
f 3740/3740/3740 3667/3667/3667 3741/3741/3741
f 3667/3667/3667 3668/3668/3668 3741/3741/3741
f 3668/3668/3668 3682/3682/3682 3741/3741/3741
f 3741/3741/3741 3682/3682/3682 3742/3742/3742
f 3682/3682/3682 3680/3680/3680 3742/3742/3742
f 3742/3742/3742 3680/3680/3680 3743/3743/3743
f 3680/3680/3680 3678/3678/3678 3743/3743/3743
f 3743/3743/3743 3678/3678/3678 3744/3744/3744
f 3678/3678/3678 3677/3677/3677 3744/3744/3744
f 3744/3744/3744 3677/3677/3677 3745/3745/3745
f 3677/3677/3677 3675/3675/3675 3745/3745/3745
f 3745/3745/3745 3675/3675/3675 3746/3746/3746
f 3675/3675/3675 3673/3673/3673 3746/3746/3746
f 3746/3746/3746 3673/3673/3673 3747/3747/3747
f 3673/3673/3673 3672/3672/3672 3747/3747/3747
f 3747/3747/3747 3672/3672/3672 3748/3748/3748
f 3749/3749/3749 3748/3748/3748 3750/3750/3750
f 3748/3748/3748 3672/3672/3672 3750/3750/3750
f 3672/3672/3672 3670/3670/3670 3750/3750/3750
f 3750/3750/3750 3670/3670/3670 3751/3751/3751
f 3751/3751/3751 3670/3670/3670 3752/3752/3752
f 3670/3670/3670 3669/3669/3669 3752/3752/3752
f 3752/3752/3752 3669/3669/3669 3753/3753/3753
f 3669/3669/3669 3754/3754/3754 3753/3753/3753
f 3753/3753/3753 3754/3754/3754 3755/3755/3755
f 3754/3754/3754 3756/3756/3756 3755/3755/3755
f 3755/3755/3755 3756/3756/3756 3757/3757/3757
f 3758/3758/3758 3757/3757/3757 3759/3759/3759
f 3757/3757/3757 3756/3756/3756 3759/3759/3759
f 3759/3759/3759 3756/3756/3756 3760/3760/3760
f 3760/3760/3760 3756/3756/3756 3761/3761/3761
f 3756/3756/3756 3754/3754/3754 3761/3761/3761
f 3761/3761/3761 3754/3754/3754 3762/3762/3762
f 3754/3754/3754 3669/3669/3669 3762/3762/3762
f 3669/3669/3669 3671/3671/3671 3762/3762/3762
f 3671/3671/3671 3674/3674/3674 3762/3762/3762
f 3762/3762/3762 3674/3674/3674 3763/3763/3763
f 3674/3674/3674 3676/3676/3676 3763/3763/3763
f 3763/3763/3763 3676/3676/3676 3764/3764/3764
f 3676/3676/3676 3679/3679/3679 3764/3764/3764
f 3764/3764/3764 3679/3679/3679 3765/3765/3765
f 3679/3679/3679 3681/3681/3681 3765/3765/3765
f 3765/3765/3765 3681/3681/3681 3766/3766/3766
f 3681/3681/3681 3683/3683/3683 3766/3766/3766
f 3766/3766/3766 3683/3683/3683 3767/3767/3767
f 3683/3683/3683 3684/3684/3684 3767/3767/3767
f 3767/3767/3767 3684/3684/3684 3768/3768/3768
f 3684/3684/3684 3685/3685/3685 3768/3768/3768
f 3768/3768/3768 3685/3685/3685 3769/3769/3769
f 3685/3685/3685 3686/3686/3686 3769/3769/3769
f 3769/3769/3769 3686/3686/3686 3770/3770/3770
f 3686/3686/3686 3687/3687/3687 3770/3770/3770
f 3770/3770/3770 3687/3687/3687 3771/3771/3771
f 3687/3687/3687 3688/3688/3688 3771/3771/3771
f 3771/3771/3771 3688/3688/3688 3772/3772/3772
f 3688/3688/3688 3689/3689/3689 3772/3772/3772
f 3689/3689/3689 3690/3690/3690 3772/3772/3772
f 3772/3772/3772 3690/3690/3690 3773/3773/3773
f 3690/3690/3690 3691/3691/3691 3773/3773/3773
f 3773/3773/3773 3691/3691/3691 3774/3774/3774
f 3691/3691/3691 3692/3692/3692 3774/3774/3774
f 3774/3774/3774 3692/3692/3692 3775/3775/3775
f 3775/3775/3775 3692/3692/3692 3776/3776/3776
f 3692/3692/3692 3693/3693/3693 3776/3776/3776
f 3776/3776/3776 3693/3693/3693 3777/3777/3777
f 3693/3693/3693 3694/3694/3694 3777/3777/3777
f 3694/3694/3694 3695/3695/3695 3777/3777/3777
f 3777/3777/3777 3695/3695/3695 3778/3778/3778
f 3695/3695/3695 3696/3696/3696 3778/3778/3778
f 3778/3778/3778 3696/3696/3696 3779/3779/3779
f 3696/3696/3696 3697/3697/3697 3779/3779/3779
f 3779/3779/3779 3697/3697/3697 3780/3780/3780
f 3697/3697/3697 3698/3698/3698 3780/3780/3780
f 3780/3780/3780 3698/3698/3698 3781/3781/3781
f 3698/3698/3698 3699/3699/3699 3781/3781/3781
f 3781/3781/3781 3699/3699/3699 3782/3782/3782
f 3699/3699/3699 3700/3700/3700 3782/3782/3782
f 3782/3782/3782 3700/3700/3700 3783/3783/3783
f 3700/3700/3700 3701/3701/3701 3783/3783/3783
f 3701/3701/3701 3702/3702/3702 3783/3783/3783
f 3783/3783/3783 3702/3702/3702 3784/3784/3784
f 3702/3702/3702 3703/3703/3703 3784/3784/3784
f 3784/3784/3784 3703/3703/3703 3785/3785/3785
f 3703/3703/3703 3704/3704/3704 3785/3785/3785
f 3785/3785/3785 3704/3704/3704 3786/3786/3786
f 3704/3704/3704 3705/3705/3705 3786/3786/3786
f 3786/3786/3786 3705/3705/3705 3787/3787/3787
f 3705/3705/3705 3706/3706/3706 3787/3787/3787
f 3706/3706/3706 3788/3788/3788 3787/3787/3787
f 3787/3787/3787 3788/3788/3788 3789/3789/3789
f 3788/3788/3788 3790/3790/3790 3789/3789/3789
f 3789/3789/3789 3790/3790/3790 3791/3791/3791
f 3790/3790/3790 3792/3792/3792 3791/3791/3791
f 3791/3791/3791 3792/3792/3792 3793/3793/3793
f 3792/3792/3792 3758/3758/3758 3793/3793/3793
f 3758/3758/3758 3759/3759/3759 3793/3793/3793
f 3793/3793/3793 3759/3759/3759 3794/3794/3794
f 3759/3759/3759 3760/3760/3760 3794/3794/3794
f 3794/3794/3794 3760/3760/3760 3795/3795/3795
f 3760/3760/3760 3761/3761/3761 3795/3795/3795
f 3795/3795/3795 3761/3761/3761 3796/3796/3796
f 3761/3761/3761 3762/3762/3762 3796/3796/3796
f 3762/3762/3762 3763/3763/3763 3796/3796/3796
f 3796/3796/3796 3763/3763/3763 3797/3797/3797
f 3763/3763/3763 3764/3764/3764 3797/3797/3797
f 3764/3764/3764 3765/3765/3765 3797/3797/3797
f 3797/3797/3797 3765/3765/3765 3798/3798/3798
f 3765/3765/3765 3766/3766/3766 3798/3798/3798
f 3798/3798/3798 3766/3766/3766 3799/3799/3799
f 3766/3766/3766 3767/3767/3767 3799/3799/3799
f 3799/3799/3799 3767/3767/3767 3800/3800/3800
f 3767/3767/3767 3768/3768/3768 3800/3800/3800
f 3800/3800/3800 3768/3768/3768 3801/3801/3801
f 3768/3768/3768 3769/3769/3769 3801/3801/3801
f 3801/3801/3801 3769/3769/3769 3802/3802/3802
f 3769/3769/3769 3770/3770/3770 3802/3802/3802
f 3770/3770/3770 3771/3771/3771 3802/3802/3802
f 3802/3802/3802 3771/3771/3771 3803/3803/3803
f 3771/3771/3771 3772/3772/3772 3803/3803/3803
f 3803/3803/3803 3772/3772/3772 3804/3804/3804
f 3772/3772/3772 3773/3773/3773 3804/3804/3804
f 3804/3804/3804 3773/3773/3773 3805/3805/3805
f 3773/3773/3773 3774/3774/3774 3805/3805/3805
f 3805/3805/3805 3774/3774/3774 3806/3806/3806
f 3774/3774/3774 3775/3775/3775 3806/3806/3806
f 3807/3807/3807 3806/3806/3806 3808/3808/3808
f 3806/3806/3806 3775/3775/3775 3808/3808/3808
f 3808/3808/3808 3775/3775/3775 3809/3809/3809
f 3775/3775/3775 3776/3776/3776 3809/3809/3809
f 3809/3809/3809 3776/3776/3776 3810/3810/3810
f 3776/3776/3776 3777/3777/3777 3810/3810/3810
f 3777/3777/3777 3778/3778/3778 3810/3810/3810
f 3810/3810/3810 3778/3778/3778 3811/3811/3811
f 3778/3778/3778 3779/3779/3779 3811/3811/3811
f 3811/3811/3811 3779/3779/3779 3812/3812/3812
f 3779/3779/3779 3780/3780/3780 3812/3812/3812
f 3812/3812/3812 3780/3780/3780 3813/3813/3813
f 3780/3780/3780 3781/3781/3781 3813/3813/3813
f 3813/3813/3813 3781/3781/3781 3814/3814/3814
f 3781/3781/3781 3782/3782/3782 3814/3814/3814
f 3814/3814/3814 3782/3782/3782 3815/3815/3815
f 3782/3782/3782 3783/3783/3783 3815/3815/3815
f 3783/3783/3783 3784/3784/3784 3815/3815/3815
f 3815/3815/3815 3784/3784/3784 3816/3816/3816
f 3784/3784/3784 3785/3785/3785 3816/3816/3816
f 3816/3816/3816 3785/3785/3785 3817/3817/3817
f 3785/3785/3785 3786/3786/3786 3817/3817/3817
f 3817/3817/3817 3786/3786/3786 3818/3818/3818
f 3786/3786/3786 3787/3787/3787 3818/3818/3818
f 3787/3787/3787 3789/3789/3789 3818/3818/3818
f 3818/3818/3818 3789/3789/3789 3819/3819/3819
f 3789/3789/3789 3791/3791/3791 3819/3819/3819
f 3819/3819/3819 3791/3791/3791 3820/3820/3820
f 3791/3791/3791 3793/3793/3793 3820/3820/3820
f 3793/3793/3793 3794/3794/3794 3820/3820/3820
f 3820/3820/3820 3794/3794/3794 3821/3821/3821
f 3794/3794/3794 3795/3795/3795 3821/3821/3821
f 3821/3821/3821 3795/3795/3795 3822/3822/3822
f 3795/3795/3795 3796/3796/3796 3822/3822/3822
f 3796/3796/3796 3797/3797/3797 3822/3822/3822
f 3797/3797/3797 3798/3798/3798 3822/3822/3822
f 3822/3822/3822 3798/3798/3798 3823/3823/3823
f 3798/3798/3798 3799/3799/3799 3823/3823/3823
f 3823/3823/3823 3799/3799/3799 3824/3824/3824
f 3799/3799/3799 3800/3800/3800 3824/3824/3824
f 3824/3824/3824 3800/3800/3800 3825/3825/3825
f 3800/3800/3800 3801/3801/3801 3825/3825/3825
f 3825/3825/3825 3801/3801/3801 3826/3826/3826
f 3801/3801/3801 3802/3802/3802 3826/3826/3826
f 3802/3802/3802 3803/3803/3803 3826/3826/3826
f 3826/3826/3826 3803/3803/3803 3827/3827/3827
f 3803/3803/3803 3804/3804/3804 3827/3827/3827
f 3827/3827/3827 3804/3804/3804 3828/3828/3828
f 3804/3804/3804 3805/3805/3805 3828/3828/3828
f 3828/3828/3828 3805/3805/3805 3829/3829/3829
f 3805/3805/3805 3806/3806/3806 3829/3829/3829
f 3806/3806/3806 3807/3807/3807 3829/3829/3829
f 3829/3829/3829 3807/3807/3807 3830/3830/3830
f 3807/3807/3807 3808/3808/3808 3830/3830/3830
f 3830/3830/3830 3808/3808/3808 3831/3831/3831
f 3808/3808/3808 3809/3809/3809 3831/3831/3831
f 3831/3831/3831 3809/3809/3809 3832/3832/3832
f 3809/3809/3809 3810/3810/3810 3832/3832/3832
f 3810/3810/3810 3811/3811/3811 3832/3832/3832
f 3832/3832/3832 3811/3811/3811 3833/3833/3833
f 3811/3811/3811 3812/3812/3812 3833/3833/3833
f 3833/3833/3833 3812/3812/3812 3834/3834/3834
f 3812/3812/3812 3813/3813/3813 3834/3834/3834
f 3834/3834/3834 3813/3813/3813 3835/3835/3835
f 3813/3813/3813 3814/3814/3814 3835/3835/3835
f 3835/3835/3835 3814/3814/3814 3836/3836/3836
f 3814/3814/3814 3815/3815/3815 3836/3836/3836
f 3815/3815/3815 3816/3816/3816 3836/3836/3836
f 3836/3836/3836 3816/3816/3816 3837/3837/3837
f 3816/3816/3816 3817/3817/3817 3837/3837/3837
f 3837/3837/3837 3817/3817/3817 3838/3838/3838
f 3817/3817/3817 3818/3818/3818 3838/3838/3838
f 3818/3818/3818 3819/3819/3819 3838/3838/3838
f 3838/3838/3838 3819/3819/3819 3839/3839/3839
f 3819/3819/3819 3820/3820/3820 3839/3839/3839
f 3820/3820/3820 3821/3821/3821 3839/3839/3839
f 3839/3839/3839 3821/3821/3821 3840/3840/3840
f 3821/3821/3821 3822/3822/3822 3840/3840/3840
f 3840/3840/3840 3822/3822/3822 3841/3841/3841
f 3822/3822/3822 3823/3823/3823 3841/3841/3841
f 3841/3841/3841 3823/3823/3823 3842/3842/3842
f 3823/3823/3823 3824/3824/3824 3842/3842/3842
f 3824/3824/3824 3825/3825/3825 3842/3842/3842
f 3842/3842/3842 3825/3825/3825 3843/3843/3843
f 3825/3825/3825 3826/3826/3826 3843/3843/3843
f 3826/3826/3826 3827/3827/3827 3843/3843/3843
f 3843/3843/3843 3827/3827/3827 3844/3844/3844
f 3827/3827/3827 3828/3828/3828 3844/3844/3844
f 3844/3844/3844 3828/3828/3828 3845/3845/3845
f 3828/3828/3828 3829/3829/3829 3845/3845/3845
f 3829/3829/3829 3830/3830/3830 3845/3845/3845
f 3845/3845/3845 3830/3830/3830 3846/3846/3846
f 3830/3830/3830 3831/3831/3831 3846/3846/3846
f 3846/3846/3846 3831/3831/3831 3847/3847/3847
f 3831/3831/3831 3832/3832/3832 3847/3847/3847
f 3832/3832/3832 3833/3833/3833 3847/3847/3847
f 3847/3847/3847 3833/3833/3833 3848/3848/3848
f 3833/3833/3833 3834/3834/3834 3848/3848/3848
f 3848/3848/3848 3834/3834/3834 3849/3849/3849
f 3834/3834/3834 3835/3835/3835 3849/3849/3849
f 3849/3849/3849 3835/3835/3835 3850/3850/3850
f 3835/3835/3835 3836/3836/3836 3850/3850/3850
f 3836/3836/3836 3837/3837/3837 3850/3850/3850
f 3850/3850/3850 3837/3837/3837 3851/3851/3851
f 3837/3837/3837 3838/3838/3838 3851/3851/3851
f 3838/3838/3838 3839/3839/3839 3851/3851/3851
f 3839/3839/3839 3840/3840/3840 3851/3851/3851
f 3851/3851/3851 3840/3840/3840 3852/3852/3852
f 3840/3840/3840 3841/3841/3841 3852/3852/3852
f 3852/3852/3852 3841/3841/3841 3853/3853/3853
f 3841/3841/3841 3842/3842/3842 3853/3853/3853
f 3842/3842/3842 3843/3843/3843 3853/3853/3853
f 3843/3843/3843 3844/3844/3844 3853/3853/3853
f 3853/3853/3853 3844/3844/3844 3854/3854/3854
f 3844/3844/3844 3845/3845/3845 3854/3854/3854
f 3845/3845/3845 3846/3846/3846 3854/3854/3854
f 3854/3854/3854 3846/3846/3846 3855/3855/3855
f 3846/3846/3846 3847/3847/3847 3855/3855/3855
f 3847/3847/3847 3848/3848/3848 3855/3855/3855
f 3855/3855/3855 3848/3848/3848 3856/3856/3856
f 3848/3848/3848 3849/3849/3849 3856/3856/3856
f 3856/3856/3856 3849/3849/3849 3857/3857/3857
f 3849/3849/3849 3850/3850/3850 3857/3857/3857
f 3850/3850/3850 3851/3851/3851 3857/3857/3857
f 3851/3851/3851 3852/3852/3852 3857/3857/3857
f 3857/3857/3857 3852/3852/3852 3858/3858/3858
f 3852/3852/3852 3853/3853/3853 3858/3858/3858
f 3853/3853/3853 3854/3854/3854 3858/3858/3858
f 3854/3854/3854 3855/3855/3855 3858/3858/3858
f 3855/3855/3855 3856/3856/3856 3858/3858/3858
f 3859/3859/3859 3860/3860/3860 3861/3861/3861
f 3861/3861/3861 3860/3860/3860 3862/3862/3862
f 3860/3860/3860 3863/3863/3863 3862/3862/3862
f 3862/3862/3862 3863/3863/3863 3864/3864/3864
f 3864/3864/3864 3863/3863/3863 3865/3865/3865
f 3863/3863/3863 3866/3866/3866 3865/3865/3865
f 3866/3866/3866 3867/3867/3867 3865/3865/3865
f 3865/3865/3865 3867/3867/3867 3868/3868/3868
f 3867/3867/3867 3869/3869/3869 3868/3868/3868
f 3868/3868/3868 3869/3869/3869 3870/3870/3870
f 3869/3869/3869 3871/3871/3871 3870/3870/3870
f 3870/3870/3870 3871/3871/3871 3872/3872/3872
f 3872/3872/3872 3871/3871/3871 3873/3873/3873
f 3871/3871/3871 3874/3874/3874 3873/3873/3873
f 3875/3875/3875 3873/3873/3873 3876/3876/3876
f 3873/3873/3873 3874/3874/3874 3876/3876/3876
f 3876/3876/3876 3874/3874/3874 3877/3877/3877
f 3877/3877/3877 3874/3874/3874 3878/3878/3878
f 3874/3874/3874 3871/3871/3871 3878/3878/3878
f 3878/3878/3878 3871/3871/3871 3879/3879/3879
f 3871/3871/3871 3869/3869/3869 3879/3879/3879
f 3879/3879/3879 3869/3869/3869 3880/3880/3880
f 3880/3880/3880 3869/3869/3869 3881/3881/3881
f 3869/3869/3869 3867/3867/3867 3881/3881/3881
f 3881/3881/3881 3867/3867/3867 3882/3882/3882
f 3867/3867/3867 3866/3866/3866 3882/3882/3882
f 3882/3882/3882 3866/3866/3866 3883/3883/3883
f 3866/3866/3866 3863/3863/3863 3883/3883/3883
f 3883/3883/3883 3863/3863/3863 3884/3884/3884
f 3863/3863/3863 3860/3860/3860 3884/3884/3884
f 3860/3860/3860 3859/3859/3859 3884/3884/3884
f 3884/3884/3884 3859/3859/3859 3885/3885/3885
f 3886/3886/3886 3885/3885/3885 3887/3887/3887
f 3885/3885/3885 3859/3859/3859 3887/3887/3887
f 3887/3887/3887 3859/3859/3859 3888/3888/3888
f 3859/3859/3859 3861/3861/3861 3888/3888/3888
f 3889/3889/3889 3888/3888/3888 3890/3890/3890
f 3888/3888/3888 3861/3861/3861 3890/3890/3890
f 3890/3890/3890 3861/3861/3861 3891/3891/3891
f 3861/3861/3861 3862/3862/3862 3891/3891/3891
f 3891/3891/3891 3862/3862/3862 3892/3892/3892
f 3862/3862/3862 3864/3864/3864 3892/3892/3892
f 3892/3892/3892 3864/3864/3864 3893/3893/3893
f 3864/3864/3864 3865/3865/3865 3893/3893/3893
f 3893/3893/3893 3865/3865/3865 3894/3894/3894
f 3865/3865/3865 3868/3868/3868 3894/3894/3894
f 3894/3894/3894 3868/3868/3868 3895/3895/3895
f 3868/3868/3868 3870/3870/3870 3895/3895/3895
f 3870/3870/3870 3872/3872/3872 3895/3895/3895
f 3895/3895/3895 3872/3872/3872 3896/3896/3896
f 3872/3872/3872 3873/3873/3873 3896/3896/3896
f 3896/3896/3896 3873/3873/3873 3897/3897/3897
f 3873/3873/3873 3875/3875/3875 3897/3897/3897
f 3897/3897/3897 3875/3875/3875 3898/3898/3898
f 3899/3899/3899 3898/3898/3898 3900/3900/3900
f 3898/3898/3898 3875/3875/3875 3900/3900/3900
f 3900/3900/3900 3875/3875/3875 3901/3901/3901
f 3875/3875/3875 3876/3876/3876 3901/3901/3901
f 3901/3901/3901 3876/3876/3876 3902/3902/3902
f 3876/3876/3876 3877/3877/3877 3902/3902/3902
f 3903/3903/3903 3902/3902/3902 3904/3904/3904
f 3902/3902/3902 3877/3877/3877 3904/3904/3904
f 3904/3904/3904 3877/3877/3877 3905/3905/3905
f 3877/3877/3877 3878/3878/3878 3905/3905/3905
f 3905/3905/3905 3878/3878/3878 3906/3906/3906
f 3878/3878/3878 3879/3879/3879 3906/3906/3906
f 3906/3906/3906 3879/3879/3879 3907/3907/3907
f 3879/3879/3879 3880/3880/3880 3907/3907/3907
f 3907/3907/3907 3880/3880/3880 3908/3908/3908
f 3908/3908/3908 3880/3880/3880 3909/3909/3909
f 3880/3880/3880 3881/3881/3881 3909/3909/3909
f 3909/3909/3909 3881/3881/3881 3910/3910/3910
f 3881/3881/3881 3882/3882/3882 3910/3910/3910
f 3910/3910/3910 3882/3882/3882 3911/3911/3911
f 3882/3882/3882 3883/3883/3883 3911/3911/3911
f 3911/3911/3911 3883/3883/3883 3912/3912/3912
f 3883/3883/3883 3884/3884/3884 3912/3912/3912
f 3912/3912/3912 3884/3884/3884 3913/3913/3913
f 3884/3884/3884 3885/3885/3885 3913/3913/3913
f 3913/3913/3913 3885/3885/3885 3914/3914/3914
f 3885/3885/3885 3886/3886/3886 3914/3914/3914
f 3914/3914/3914 3886/3886/3886 3915/3915/3915
f 3915/3915/3915 3886/3886/3886 3916/3916/3916
f 3916/3916/3916 3886/3886/3886 3917/3917/3917
f 3886/3886/3886 3887/3887/3887 3917/3917/3917
f 3917/3917/3917 3887/3887/3887 3918/3918/3918
f 3887/3887/3887 3888/3888/3888 3918/3918/3918
f 3888/3888/3888 3889/3889/3889 3918/3918/3918
f 3918/3918/3918 3889/3889/3889 3919/3919/3919
f 3919/3919/3919 3889/3889/3889 3920/3920/3920
f 3920/3920/3920 3889/3889/3889 3921/3921/3921
f 3889/3889/3889 3890/3890/3890 3921/3921/3921
f 3921/3921/3921 3890/3890/3890 3922/3922/3922
f 3890/3890/3890 3891/3891/3891 3922/3922/3922
f 3922/3922/3922 3891/3891/3891 3923/3923/3923
f 3923/3923/3923 3891/3891/3891 3924/3924/3924
f 3891/3891/3891 3892/3892/3892 3924/3924/3924
f 3924/3924/3924 3892/3892/3892 3925/3925/3925
f 3892/3892/3892 3893/3893/3893 3925/3925/3925
f 3925/3925/3925 3893/3893/3893 3926/3926/3926
f 3893/3893/3893 3894/3894/3894 3926/3926/3926
f 3926/3926/3926 3894/3894/3894 3927/3927/3927
f 3894/3894/3894 3895/3895/3895 3927/3927/3927
f 3895/3895/3895 3896/3896/3896 3927/3927/3927
f 3927/3927/3927 3896/3896/3896 3928/3928/3928
f 3896/3896/3896 3897/3897/3897 3928/3928/3928
f 3928/3928/3928 3897/3897/3897 3929/3929/3929
f 3897/3897/3897 3898/3898/3898 3929/3929/3929
f 3929/3929/3929 3898/3898/3898 3930/3930/3930
f 3898/3898/3898 3899/3899/3899 3930/3930/3930
f 3930/3930/3930 3899/3899/3899 3931/3931/3931
f 3931/3931/3931 3899/3899/3899 3932/3932/3932
f 3933/3933/3933 3934/3934/3934 3935/3935/3935
f 3934/3934/3934 3936/3936/3936 3935/3935/3935
f 3935/3935/3935 3936/3936/3936 3937/3937/3937
f 3936/3936/3936 3932/3932/3932 3937/3937/3937
f 3932/3932/3932 3899/3899/3899 3937/3937/3937
f 3937/3937/3937 3899/3899/3899 3938/3938/3938
f 3899/3899/3899 3900/3900/3900 3938/3938/3938
f 3938/3938/3938 3900/3900/3900 3939/3939/3939
f 3900/3900/3900 3901/3901/3901 3939/3939/3939
f 3901/3901/3901 3902/3902/3902 3939/3939/3939
f 3939/3939/3939 3902/3902/3902 3940/3940/3940
f 3902/3902/3902 3903/3903/3903 3940/3940/3940
f 3903/3903/3903 3941/3941/3941 3940/3940/3940
f 3940/3940/3940 3941/3941/3941 3942/3942/3942
f 3941/3941/3941 3943/3943/3943 3942/3942/3942
f 3942/3942/3942 3943/3943/3943 3944/3944/3944
f 3990/3990/3990 3944/3944/3944 3945/3945/3945
f 3945/3945/3945 3944/3944/3944 3946/3946/3946
f 3944/3944/3944 3943/3943/3943 3946/3946/3946
f 3946/3946/3946 3943/3943/3943 3947/3947/3947
f 3947/3947/3947 3943/3943/3943 3948/3948/3948
f 3943/3943/3943 3941/3941/3941 3948/3948/3948
f 3948/3948/3948 3941/3941/3941 3949/3949/3949
f 3941/3941/3941 3903/3903/3903 3949/3949/3949
f 3949/3949/3949 3903/3903/3903 3950/3950/3950
f 3903/3903/3903 3904/3904/3904 3950/3950/3950
f 3950/3950/3950 3904/3904/3904 3951/3951/3951
f 3904/3904/3904 3905/3905/3905 3951/3951/3951
f 3951/3951/3951 3905/3905/3905 3952/3952/3952
f 3905/3905/3905 3906/3906/3906 3952/3952/3952
f 3952/3952/3952 3906/3906/3906 3953/3953/3953
f 3906/3906/3906 3907/3907/3907 3953/3953/3953
f 3953/3953/3953 3907/3907/3907 3954/3954/3954
f 3907/3907/3907 3908/3908/3908 3954/3954/3954
f 3954/3954/3954 3908/3908/3908 3955/3955/3955
f 3955/3955/3955 3908/3908/3908 3956/3956/3956
f 3908/3908/3908 3909/3909/3909 3956/3956/3956
f 3956/3956/3956 3909/3909/3909 3957/3957/3957
f 3909/3909/3909 3910/3910/3910 3957/3957/3957
f 3957/3957/3957 3910/3910/3910 3958/3958/3958
f 3910/3910/3910 3911/3911/3911 3958/3958/3958
f 3958/3958/3958 3911/3911/3911 3959/3959/3959
f 3911/3911/3911 3912/3912/3912 3959/3959/3959
f 3959/3959/3959 3912/3912/3912 3960/3960/3960
f 3912/3912/3912 3913/3913/3913 3960/3960/3960
f 3960/3960/3960 3913/3913/3913 3961/3961/3961
f 3913/3913/3913 3914/3914/3914 3961/3961/3961
f 3961/3961/3961 3914/3914/3914 3962/3962/3962
f 3914/3914/3914 3915/3915/3915 3962/3962/3962
f 3962/3962/3962 3915/3915/3915 3963/3963/3963
f 3963/3963/3963 3915/3915/3915 3964/3964/3964
f 3915/3915/3915 3916/3916/3916 3964/3964/3964
f 3964/3964/3964 3916/3916/3916 3965/3965/3965
f 3965/3965/3965 3916/3916/3916 3966/3966/3966
f 3916/3916/3916 3917/3917/3917 3966/3966/3966
f 3966/3966/3966 3917/3917/3917 3967/3967/3967
f 3917/3917/3917 3918/3918/3918 3967/3967/3967
f 3918/3918/3918 3919/3919/3919 3967/3967/3967
f 3967/3967/3967 3919/3919/3919 3968/3968/3968
f 3968/3968/3968 3919/3919/3919 3969/3969/3969
f 3919/3919/3919 3920/3920/3920 3969/3969/3969
f 3969/3969/3969 3920/3920/3920 3970/3970/3970
f 3970/3970/3970 3920/3920/3920 3971/3971/3971
f 3920/3920/3920 3921/3921/3921 3971/3971/3971
f 3971/3971/3971 3921/3921/3921 3972/3972/3972
f 3921/3921/3921 3922/3922/3922 3972/3972/3972
f 3972/3972/3972 3922/3922/3922 3973/3973/3973
f 3922/3922/3922 3923/3923/3923 3973/3973/3973
f 3973/3973/3973 3923/3923/3923 3974/3974/3974
f 3974/3974/3974 3923/3923/3923 3975/3975/3975
f 3923/3923/3923 3924/3924/3924 3975/3975/3975
f 3975/3975/3975 3924/3924/3924 3976/3976/3976
f 3924/3924/3924 3925/3925/3925 3976/3976/3976
f 3976/3976/3976 3925/3925/3925 3977/3977/3977
f 3925/3925/3925 3926/3926/3926 3977/3977/3977
f 3977/3977/3977 3926/3926/3926 3978/3978/3978
f 3926/3926/3926 3927/3927/3927 3978/3978/3978
f 3927/3927/3927 3928/3928/3928 3978/3978/3978
f 3978/3978/3978 3928/3928/3928 3979/3979/3979
f 3928/3928/3928 3929/3929/3929 3979/3979/3979
f 3979/3979/3979 3929/3929/3929 3980/3980/3980
f 3929/3929/3929 3930/3930/3930 3980/3980/3980
f 3980/3980/3980 3930/3930/3930 3981/3981/3981
f 3930/3930/3930 3931/3931/3931 3981/3981/3981
f 3981/3981/3981 3931/3931/3931 3982/3982/3982
f 3982/3982/3982 3931/3931/3931 3983/3983/3983
f 3931/3931/3931 3932/3932/3932 3983/3983/3983
f 3983/3983/3983 3932/3932/3932 3984/3984/3984
f 3932/3932/3932 3936/3936/3936 3984/3984/3984
f 3984/3984/3984 3936/3936/3936 3985/3985/3985
f 3936/3936/3936 3934/3934/3934 3985/3985/3985
f 3985/3985/3985 3934/3934/3934 3986/3986/3986
f 3986/3986/3986 3934/3934/3934 3987/3987/3987
f 3934/3934/3934 3933/3933/3933 3987/3987/3987
f 3987/3987/3987 3933/3933/3933 3988/3988/3988
f 3988/3988/3988 3933/3933/3933 3989/3989/3989
f 3990/3990/3990 3989/3989/3989 3991/3991/3991
f 3989/3989/3989 3933/3933/3933 3991/3991/3991
f 3933/3933/3933 3935/3935/3935 3991/3991/3991
f 3991/3991/3991 3935/3935/3935 3992/3992/3992
f 3935/3935/3935 3937/3937/3937 3992/3992/3992
f 3937/3937/3937 3938/3938/3938 3992/3992/3992
f 3992/3992/3992 3938/3938/3938 3993/3993/3993
f 3938/3938/3938 3939/3939/3939 3993/3993/3993
f 3939/3939/3939 3940/3940/3940 3993/3993/3993
f 3940/3940/3940 3942/3942/3942 3993/3993/3993
f 3993/3993/3993 3942/3942/3942 3994/3994/3994
f 3942/3942/3942 3944/3944/3944 3994/3994/3994
f 3944/3944/3944 3990/3990/3990 3994/3994/3994
f 3990/3990/3990 3991/3991/3991 3994/3994/3994
f 3991/3991/3991 3992/3992/3992 3994/3994/3994
f 3995/3995/3995 3996/3996/3996 3997/3997/3997
f 3997/3997/3997 3996/3996/3996 3998/3998/3998
f 3998/3998/3998 3996/3996/3996 3999/3999/3999
f 3996/3996/3996 4000/4000/4000 3999/3999/3999
f 4001/4001/4001 4002/4002/4002 4003/4003/4003
f 4003/4003/4003 4002/4002/4002 4004/4004/4004
f 4002/4002/4002 4005/4005/4005 4004/4004/4004
f 4004/4004/4004 4005/4005/4005 4006/4006/4006
f 4005/4005/4005 3999/3999/3999 4006/4006/4006
f 3999/3999/3999 4000/4000/4000 4006/4006/4006
f 4006/4006/4006 4000/4000/4000 4007/4007/4007
f 4007/4007/4007 4000/4000/4000 4008/4008/4008
f 4000/4000/4000 3996/3996/3996 4008/4008/4008
f 4008/4008/4008 3996/3996/3996 4009/4009/4009
f 3996/3996/3996 3995/3995/3995 4009/4009/4009
f 4009/4009/4009 3995/3995/3995 4010/4010/4010
f 4010/4010/4010 3995/3995/3995 4011/4011/4011
f 4011/4011/4011 3995/3995/3995 4012/4012/4012
f 3995/3995/3995 3997/3997/3997 4012/4012/4012
f 4012/4012/4012 3997/3997/3997 4013/4013/4013
f 4013/4013/4013 3997/3997/3997 4014/4014/4014
f 3997/3997/3997 3998/3998/3998 4014/4014/4014
f 4014/4014/4014 3998/3998/3998 4015/4015/4015
f 4015/4015/4015 3998/3998/3998 4016/4016/4016
f 3998/3998/3998 3999/3999/3999 4016/4016/4016
f 4016/4016/4016 3999/3999/3999 4017/4017/4017
f 3999/3999/3999 4005/4005/4005 4017/4017/4017
f 4005/4005/4005 4002/4002/4002 4017/4017/4017
f 4017/4017/4017 4002/4002/4002 4018/4018/4018
f 4018/4018/4018 4002/4002/4002 4019/4019/4019
f 4002/4002/4002 4001/4001/4001 4019/4019/4019
f 4019/4019/4019 4001/4001/4001 4020/4020/4020
f 4020/4020/4020 4001/4001/4001 4021/4021/4021
f 4001/4001/4001 4003/4003/4003 4021/4021/4021
f 4021/4021/4021 4003/4003/4003 4022/4022/4022
f 4022/4022/4022 4003/4003/4003 4023/4023/4023
f 4023/4023/4023 4003/4003/4003 4024/4024/4024
f 4003/4003/4003 4004/4004/4004 4024/4024/4024
f 4024/4024/4024 4004/4004/4004 4025/4025/4025
f 4004/4004/4004 4006/4006/4006 4025/4025/4025
f 4025/4025/4025 4006/4006/4006 4026/4026/4026
f 4006/4006/4006 4007/4007/4007 4026/4026/4026
f 4027/4027/4027 4028/4028/4028 4029/4029/4029
f 4028/4028/4028 4030/4030/4030 4029/4029/4029
f 4030/4030/4030 4031/4031/4031 4029/4029/4029
f 4029/4029/4029 4031/4031/4031 4032/4032/4032
f 4032/4032/4032 4031/4031/4031 4033/4033/4033
f 4031/4031/4031 4034/4034/4034 4033/4033/4033
f 4033/4033/4033 4034/4034/4034 4035/4035/4035
f 4034/4034/4034 4036/4036/4036 4035/4035/4035
f 4035/4035/4035 4036/4036/4036 4037/4037/4037
f 4036/4036/4036 4038/4038/4038 4037/4037/4037
f 4038/4038/4038 4039/4039/4039 4037/4037/4037
f 4037/4037/4037 4039/4039/4039 4040/4040/4040
f 4040/4040/4040 4039/4039/4039 4041/4041/4041
f 4041/4041/4041 4039/4039/4039 4042/4042/4042
f 4043/4043/4043 4042/4042/4042 4044/4044/4044
f 4044/4044/4044 4042/4042/4042 4045/4045/4045
f 4042/4042/4042 4039/4039/4039 4045/4045/4045
f 4045/4045/4045 4039/4039/4039 4046/4046/4046
f 4039/4039/4039 4038/4038/4038 4046/4046/4046
f 4046/4046/4046 4038/4038/4038 4047/4047/4047
f 4038/4038/4038 4036/4036/4036 4047/4047/4047
f 4047/4047/4047 4036/4036/4036 4048/4048/4048
f 4036/4036/4036 4034/4034/4034 4048/4048/4048
f 4048/4048/4048 4034/4034/4034 4049/4049/4049
f 4034/4034/4034 4031/4031/4031 4049/4049/4049
f 4049/4049/4049 4031/4031/4031 4050/4050/4050
f 4031/4031/4031 4030/4030/4030 4050/4050/4050
f 4050/4050/4050 4030/4030/4030 4051/4051/4051
f 4030/4030/4030 4028/4028/4028 4051/4051/4051
f 4051/4051/4051 4028/4028/4028 4052/4052/4052
f 4052/4052/4052 4028/4028/4028 4053/4053/4053
f 4053/4053/4053 4028/4028/4028 4054/4054/4054
f 4028/4028/4028 4027/4027/4027 4054/4054/4054
f 4054/4054/4054 4027/4027/4027 4055/4055/4055
f 4055/4055/4055 4027/4027/4027 4056/4056/4056
f 4027/4027/4027 4029/4029/4029 4056/4056/4056
f 4056/4056/4056 4029/4029/4029 4057/4057/4057
f 4029/4029/4029 4032/4032/4032 4057/4057/4057
f 4057/4057/4057 4032/4032/4032 4058/4058/4058
f 4032/4032/4032 4033/4033/4033 4058/4058/4058
f 4058/4058/4058 4033/4033/4033 4059/4059/4059
f 4059/4059/4059 4033/4033/4033 4060/4060/4060
f 4033/4033/4033 4035/4035/4035 4060/4060/4060
f 4060/4060/4060 4035/4035/4035 4061/4061/4061
f 4035/4035/4035 4037/4037/4037 4061/4061/4061
f 4061/4061/4061 4037/4037/4037 4062/4062/4062
f 4037/4037/4037 4040/4040/4040 4062/4062/4062
f 4062/4062/4062 4040/4040/4040 4063/4063/4063
f 4040/4040/4040 4041/4041/4041 4063/4063/4063
f 4064/4064/4064 4065/4065/4065 4066/4066/4066
f 4066/4066/4066 4065/4065/4065 4067/4067/4067
f 4067/4067/4067 4065/4065/4065 4068/4068/4068
f 4065/4065/4065 4069/4069/4069 4068/4068/4068
f 4069/4069/4069 4070/4070/4070 4068/4068/4068
f 4068/4068/4068 4070/4070/4070 4071/4071/4071
f 4072/4072/4072 4071/4071/4071 4073/4073/4073
f 4071/4071/4071 4070/4070/4070 4073/4073/4073
f 4074/4074/4074 4073/4073/4073 4075/4075/4075
f 4073/4073/4073 4070/4070/4070 4075/4075/4075
f 4075/4075/4075 4070/4070/4070 4076/4076/4076
f 4076/4076/4076 4070/4070/4070 4077/4077/4077
f 4070/4070/4070 4069/4069/4069 4077/4077/4077
f 4077/4077/4077 4069/4069/4069 4078/4078/4078
f 4069/4069/4069 4065/4065/4065 4078/4078/4078
f 4078/4078/4078 4065/4065/4065 4079/4079/4079
f 4065/4065/4065 4064/4064/4064 4079/4079/4079
f 4079/4079/4079 4064/4064/4064 4080/4080/4080
f 4080/4080/4080 4064/4064/4064 4081/4081/4081
f 4064/4064/4064 4066/4066/4066 4081/4081/4081
f 4081/4081/4081 4066/4066/4066 4082/4082/4082
f 4082/4082/4082 4066/4066/4066 4083/4083/4083
f 4083/4083/4083 4066/4066/4066 4084/4084/4084
f 4066/4066/4066 4067/4067/4067 4084/4084/4084
f 4084/4084/4084 4067/4067/4067 4085/4085/4085
f 4067/4067/4067 4068/4068/4068 4085/4085/4085
f 4085/4085/4085 4068/4068/4068 4086/4086/4086
f 4068/4068/4068 4071/4071/4071 4086/4086/4086
f 4086/4086/4086 4071/4071/4071 4087/4087/4087
f 4071/4071/4071 4072/4072/4072 4087/4087/4087
f 4087/4087/4087 4072/4072/4072 4088/4088/4088
f 4089/4089/4089 4088/4088/4088 4090/4090/4090
f 4088/4088/4088 4072/4072/4072 4090/4090/4090
f 4090/4090/4090 4072/4072/4072 4091/4091/4091
f 4072/4072/4072 4073/4073/4073 4091/4091/4091
f 4073/4073/4073 4074/4074/4074 4091/4091/4091
f 4074/4074/4074 4092/4092/4092 4091/4091/4091
f 4091/4091/4091 4092/4092/4092 4093/4093/4093
f 4092/4092/4092 4063/4063/4063 4093/4093/4093
f 4063/4063/4063 4041/4041/4041 4093/4093/4093
f 4093/4093/4093 4041/4041/4041 4094/4094/4094
f 4041/4041/4041 4042/4042/4042 4094/4094/4094
f 4042/4042/4042 4043/4043/4043 4094/4094/4094
f 4043/4043/4043 4089/4089/4089 4094/4094/4094
f 4089/4089/4089 4090/4090/4090 4094/4094/4094
f 4090/4090/4090 4091/4091/4091 4094/4094/4094
f 4095/4095/4095 4096/4096/4096 4097/4097/4097
f 4097/4097/4097 4096/4096/4096 4098/4098/4098
f 4096/4096/4096 4099/4099/4099 4098/4098/4098
f 4098/4098/4098 4099/4099/4099 4100/4100/4100
f 4101/4101/4101 4100/4100/4100 4102/4102/4102
f 4100/4100/4100 4099/4099/4099 4102/4102/4102
f 4103/4103/4103 4102/4102/4102 4104/4104/4104
f 4104/4104/4104 4102/4102/4102 4105/4105/4105
f 4102/4102/4102 4099/4099/4099 4105/4105/4105
f 4105/4105/4105 4099/4099/4099 4106/4106/4106
f 4099/4099/4099 4096/4096/4096 4106/4106/4106
f 4106/4106/4106 4096/4096/4096 4107/4107/4107
f 4096/4096/4096 4095/4095/4095 4107/4107/4107
f 4107/4107/4107 4095/4095/4095 4108/4108/4108
f 4108/4108/4108 4095/4095/4095 4109/4109/4109
f 4095/4095/4095 4097/4097/4097 4109/4109/4109
f 4109/4109/4109 4097/4097/4097 4110/4110/4110
f 4110/4110/4110 4097/4097/4097 4111/4111/4111
f 4111/4111/4111 4097/4097/4097 4112/4112/4112
f 4097/4097/4097 4098/4098/4098 4112/4112/4112
f 4112/4112/4112 4098/4098/4098 4113/4113/4113
f 4098/4098/4098 4100/4100/4100 4113/4113/4113
f 4113/4113/4113 4100/4100/4100 4114/4114/4114
f 4114/4114/4114 4100/4100/4100 4115/4115/4115
f 4100/4100/4100 4101/4101/4101 4115/4115/4115
f 4115/4115/4115 4101/4101/4101 4116/4116/4116
f 4117/4117/4117 4116/4116/4116 4118/4118/4118
f 4116/4116/4116 4101/4101/4101 4118/4118/4118
f 4118/4118/4118 4101/4101/4101 4119/4119/4119
f 4101/4101/4101 4102/4102/4102 4119/4119/4119
f 4102/4102/4102 4103/4103/4103 4119/4119/4119
f 4103/4103/4103 4120/4120/4120 4119/4119/4119
f 4119/4119/4119 4120/4120/4120 4121/4121/4121
f 4120/4120/4120 4122/4122/4122 4121/4121/4121
f 4122/4122/4122 4123/4123/4123 4121/4121/4121
f 4121/4121/4121 4123/4123/4123 4124/4124/4124
f 4123/4123/4123 4125/4125/4125 4124/4124/4124
f 4125/4125/4125 4126/4126/4126 4124/4124/4124
f 4126/4126/4126 4117/4117/4117 4124/4124/4124
f 4117/4117/4117 4118/4118/4118 4124/4124/4124
f 4118/4118/4118 4119/4119/4119 4124/4124/4124
f 4127/4127/4127 4128/4128/4128 4129/4129/4129
f 4128/4128/4128 4130/4130/4130 4129/4129/4129
f 4130/4130/4130 4131/4131/4131 4129/4129/4129
f 4129/4129/4129 4131/4131/4131 4132/4132/4132
f 4132/4132/4132 4131/4131/4131 4133/4133/4133
f 4133/4133/4133 4131/4131/4131 4134/4134/4134
f 4135/4135/4135 4134/4134/4134 4136/4136/4136
f 4136/4136/4136 4134/4134/4134 4137/4137/4137
f 4134/4134/4134 4131/4131/4131 4137/4137/4137
f 4137/4137/4137 4131/4131/4131 4138/4138/4138
f 4131/4131/4131 4130/4130/4130 4138/4138/4138
f 4138/4138/4138 4130/4130/4130 4139/4139/4139
f 4130/4130/4130 4128/4128/4128 4139/4139/4139
f 4139/4139/4139 4128/4128/4128 4140/4140/4140
f 4140/4140/4140 4128/4128/4128 4141/4141/4141
f 4141/4141/4141 4128/4128/4128 4142/4142/4142
f 4128/4128/4128 4127/4127/4127 4142/4142/4142
f 4142/4142/4142 4127/4127/4127 4143/4143/4143
f 4143/4143/4143 4127/4127/4127 4144/4144/4144
f 4127/4127/4127 4129/4129/4129 4144/4144/4144
f 4144/4144/4144 4129/4129/4129 4145/4145/4145
f 4129/4129/4129 4132/4132/4132 4145/4145/4145
f 4145/4145/4145 4132/4132/4132 4146/4146/4146
f 4132/4132/4132 4133/4133/4133 4146/4146/4146
f 4146/4146/4146 4133/4133/4133 4147/4147/4147
f 4148/4148/4148 4149/4149/4149 4150/4150/4150
f 4150/4150/4150 4149/4149/4149 4151/4151/4151
f 4151/4151/4151 4149/4149/4149 4152/4152/4152
f 4149/4149/4149 4153/4153/4153 4152/4152/4152
f 4153/4153/4153 4154/4154/4154 4152/4152/4152
f 4152/4152/4152 4154/4154/4154 4155/4155/4155
f 4155/4155/4155 4154/4154/4154 4156/4156/4156
f 4154/4154/4154 4157/4157/4157 4156/4156/4156
f 4156/4156/4156 4157/4157/4157 4158/4158/4158
f 4157/4157/4157 4159/4159/4159 4158/4158/4158
f 4158/4158/4158 4159/4159/4159 4160/4160/4160
f 4159/4159/4159 4161/4161/4161 4160/4160/4160
f 4160/4160/4160 4161/4161/4161 4162/4162/4162
f 4161/4161/4161 4163/4163/4163 4162/4162/4162
f 4162/4162/4162 4163/4163/4163 4164/4164/4164
f 4165/4165/4165 4164/4164/4164 4166/4166/4166
f 4164/4164/4164 4163/4163/4163 4166/4166/4166
f 4166/4166/4166 4163/4163/4163 4167/4167/4167
f 4167/4167/4167 4163/4163/4163 4168/4168/4168
f 4163/4163/4163 4161/4161/4161 4168/4168/4168
f 4168/4168/4168 4161/4161/4161 4169/4169/4169
f 4161/4161/4161 4159/4159/4159 4169/4169/4169
f 4169/4169/4169 4159/4159/4159 4170/4170/4170
f 4159/4159/4159 4157/4157/4157 4170/4170/4170
f 4170/4170/4170 4157/4157/4157 4171/4171/4171
f 4157/4157/4157 4154/4154/4154 4171/4171/4171
f 4171/4171/4171 4154/4154/4154 4172/4172/4172
f 4154/4154/4154 4153/4153/4153 4172/4172/4172
f 4172/4172/4172 4153/4153/4153 4173/4173/4173
f 4153/4153/4153 4149/4149/4149 4173/4173/4173
f 4173/4173/4173 4149/4149/4149 4174/4174/4174
f 4149/4149/4149 4148/4148/4148 4174/4174/4174
f 4174/4174/4174 4148/4148/4148 4175/4175/4175
f 4175/4175/4175 4148/4148/4148 4176/4176/4176
f 4148/4148/4148 4150/4150/4150 4176/4176/4176
f 4176/4176/4176 4150/4150/4150 4177/4177/4177
f 4177/4177/4177 4150/4150/4150 4178/4178/4178
f 4178/4178/4178 4150/4150/4150 4179/4179/4179
f 4150/4150/4150 4151/4151/4151 4179/4179/4179
f 4179/4179/4179 4151/4151/4151 4180/4180/4180
f 4151/4151/4151 4152/4152/4152 4180/4180/4180
f 4180/4180/4180 4152/4152/4152 4181/4181/4181
f 4152/4152/4152 4155/4155/4155 4181/4181/4181
f 4181/4181/4181 4155/4155/4155 4182/4182/4182
f 4182/4182/4182 4155/4155/4155 4183/4183/4183
f 4155/4155/4155 4156/4156/4156 4183/4183/4183
f 4183/4183/4183 4156/4156/4156 4184/4184/4184
f 4156/4156/4156 4158/4158/4158 4184/4184/4184
f 4184/4184/4184 4158/4158/4158 4185/4185/4185
f 4158/4158/4158 4160/4160/4160 4185/4185/4185
f 4185/4185/4185 4160/4160/4160 4186/4186/4186
f 4160/4160/4160 4162/4162/4162 4186/4186/4186
f 4187/4187/4187 4186/4186/4186 4188/4188/4188
f 4186/4186/4186 4162/4162/4162 4188/4188/4188
f 4162/4162/4162 4164/4164/4164 4188/4188/4188
f 4188/4188/4188 4164/4164/4164 4189/4189/4189
f 4164/4164/4164 4165/4165/4165 4189/4189/4189
f 4165/4165/4165 4190/4190/4190 4189/4189/4189
f 4189/4189/4189 4190/4190/4190 4191/4191/4191
f 4190/4190/4190 4147/4147/4147 4191/4191/4191
f 4147/4147/4147 4133/4133/4133 4191/4191/4191
f 4191/4191/4191 4133/4133/4133 4192/4192/4192
f 4133/4133/4133 4134/4134/4134 4192/4192/4192
f 4134/4134/4134 4135/4135/4135 4192/4192/4192
f 4135/4135/4135 4193/4193/4193 4192/4192/4192
f 4192/4192/4192 4193/4193/4193 4194/4194/4194
f 4193/4193/4193 4187/4187/4187 4194/4194/4194
f 4187/4187/4187 4188/4188/4188 4194/4194/4194
f 4188/4188/4188 4189/4189/4189 4194/4194/4194
f 4189/4189/4189 4191/4191/4191 4194/4194/4194
f 4195/4195/4195 4196/4196/4196 4197/4197/4197
f 4196/4196/4196 4198/4198/4198 4197/4197/4197
f 4197/4197/4197 4198/4198/4198 4199/4199/4199
f 4198/4198/4198 4200/4200/4200 4199/4199/4199
f 4199/4199/4199 4200/4200/4200 4201/4201/4201
f 4202/4202/4202 4203/4203/4203 4204/4204/4204
f 4204/4204/4204 4203/4203/4203 4205/4205/4205
f 4205/4205/4205 4203/4203/4203 4206/4206/4206
f 4203/4203/4203 4201/4201/4201 4206/4206/4206
f 4201/4201/4201 4200/4200/4200 4206/4206/4206
f 4206/4206/4206 4200/4200/4200 4207/4207/4207
f 4200/4200/4200 4198/4198/4198 4207/4207/4207
f 4207/4207/4207 4198/4198/4198 4208/4208/4208
f 4208/4208/4208 4198/4198/4198 4209/4209/4209
f 4198/4198/4198 4196/4196/4196 4209/4209/4209
f 4209/4209/4209 4196/4196/4196 4210/4210/4210
f 4210/4210/4210 4196/4196/4196 4211/4211/4211
f 4211/4211/4211 4196/4196/4196 4212/4212/4212
f 4196/4196/4196 4195/4195/4195 4212/4212/4212
f 4212/4212/4212 4195/4195/4195 4213/4213/4213
f 4213/4213/4213 4195/4195/4195 4214/4214/4214
f 4195/4195/4195 4197/4197/4197 4214/4214/4214
f 4214/4214/4214 4197/4197/4197 4215/4215/4215
f 4215/4215/4215 4197/4197/4197 4216/4216/4216
f 4197/4197/4197 4199/4199/4199 4216/4216/4216
f 4216/4216/4216 4199/4199/4199 4217/4217/4217
f 4199/4199/4199 4201/4201/4201 4217/4217/4217
f 4201/4201/4201 4203/4203/4203 4217/4217/4217
f 4217/4217/4217 4203/4203/4203 4218/4218/4218
f 4218/4218/4218 4203/4203/4203 4219/4219/4219
f 4203/4203/4203 4202/4202/4202 4219/4219/4219
f 4219/4219/4219 4202/4202/4202 4220/4220/4220
f 4220/4220/4220 4202/4202/4202 4221/4221/4221
f 4202/4202/4202 4204/4204/4204 4221/4221/4221
f 4221/4221/4221 4204/4204/4204 4222/4222/4222
f 4222/4222/4222 4204/4204/4204 4223/4223/4223
f 4223/4223/4223 4204/4204/4204 4224/4224/4224
f 4204/4204/4204 4205/4205/4205 4224/4224/4224
f 4224/4224/4224 4205/4205/4205 4225/4225/4225
f 4205/4205/4205 4206/4206/4206 4225/4225/4225
f 4225/4225/4225 4206/4206/4206 4226/4226/4226
f 4206/4206/4206 4207/4207/4207 4226/4226/4226
f 4227/4227/4227 4228/4228/4228 4229/4229/4229
f 4229/4229/4229 4228/4228/4228 4230/4230/4230
f 4231/4231/4231 4230/4230/4230 4232/4232/4232
f 4230/4230/4230 4228/4228/4228 4232/4232/4232
f 4233/4233/4233 4234/4234/4234 4235/4235/4235
f 4235/4235/4235 4234/4234/4234 4236/4236/4236
f 4234/4234/4234 4232/4232/4232 4236/4236/4236
f 4232/4232/4232 4228/4228/4228 4236/4236/4236
f 4236/4236/4236 4228/4228/4228 4237/4237/4237
f 4237/4237/4237 4228/4228/4228 4238/4238/4238
f 4228/4228/4228 4227/4227/4227 4238/4238/4238
f 4238/4238/4238 4227/4227/4227 4239/4239/4239
f 4239/4239/4239 4227/4227/4227 4240/4240/4240
f 4240/4240/4240 4227/4227/4227 4241/4241/4241
f 4227/4227/4227 4229/4229/4229 4241/4241/4241
f 4241/4241/4241 4229/4229/4229 4242/4242/4242
f 4242/4242/4242 4229/4229/4229 4243/4243/4243
f 4229/4229/4229 4230/4230/4230 4243/4243/4243
f 4243/4243/4243 4230/4230/4230 4244/4244/4244
f 4230/4230/4230 4231/4231/4231 4244/4244/4244
f 4244/4244/4244 4231/4231/4231 4245/4245/4245
f 4245/4245/4245 4231/4231/4231 4246/4246/4246
f 4246/4246/4246 4231/4231/4231 4247/4247/4247
f 4231/4231/4231 4232/4232/4232 4247/4247/4247
f 4232/4232/4232 4234/4234/4234 4247/4247/4247
f 4247/4247/4247 4234/4234/4234 4248/4248/4248
f 4234/4234/4234 4233/4233/4233 4248/4248/4248
f 4233/4233/4233 4249/4249/4249 4248/4248/4248
f 4248/4248/4248 4249/4249/4249 4250/4250/4250
f 4249/4249/4249 4251/4251/4251 4250/4250/4250
f 4251/4251/4251 4252/4252/4252 4250/4250/4250
f 4252/4252/4252 4253/4253/4253 4250/4250/4250
f 4250/4250/4250 4253/4253/4253 4254/4254/4254
f 4253/4253/4253 4255/4255/4255 4254/4254/4254
f 4255/4255/4255 4256/4256/4256 4254/4254/4254
f 4254/4254/4254 4256/4256/4256 4257/4257/4257
f 4256/4256/4256 4258/4258/4258 4257/4257/4257
f 4258/4258/4258 4246/4246/4246 4257/4257/4257
f 4246/4246/4246 4247/4247/4247 4257/4257/4257
f 4247/4247/4247 4248/4248/4248 4257/4257/4257
f 4248/4248/4248 4250/4250/4250 4257/4257/4257
f 4259/4259/4259 4260/4260/4260 4261/4261/4261
f 4260/4260/4260 4262/4262/4262 4261/4261/4261
f 4261/4261/4261 4262/4262/4262 4263/4263/4263
f 4264/4264/4264 4265/4265/4265 4266/4266/4266
f 4266/4266/4266 4265/4265/4265 4267/4267/4267
f 4265/4265/4265 4268/4268/4268 4267/4267/4267
f 4267/4267/4267 4268/4268/4268 4269/4269/4269
f 4269/4269/4269 4268/4268/4268 4270/4270/4270
f 4268/4268/4268 4263/4263/4263 4270/4270/4270
f 4263/4263/4263 4262/4262/4262 4270/4270/4270
f 4270/4270/4270 4262/4262/4262 4271/4271/4271
f 4271/4271/4271 4262/4262/4262 4272/4272/4272
f 4262/4262/4262 4260/4260/4260 4272/4272/4272
f 4272/4272/4272 4260/4260/4260 4273/4273/4273
f 4273/4273/4273 4260/4260/4260 4274/4274/4274
f 4274/4274/4274 4260/4260/4260 4275/4275/4275
f 4260/4260/4260 4259/4259/4259 4275/4275/4275
f 4275/4275/4275 4259/4259/4259 4276/4276/4276
f 4276/4276/4276 4259/4259/4259 4277/4277/4277
f 4259/4259/4259 4261/4261/4261 4277/4277/4277
f 4277/4277/4277 4261/4261/4261 4278/4278/4278
f 4278/4278/4278 4261/4261/4261 4279/4279/4279
f 4261/4261/4261 4263/4263/4263 4279/4279/4279
f 4279/4279/4279 4263/4263/4263 4280/4280/4280
f 4263/4263/4263 4268/4268/4268 4280/4280/4280
f 4280/4280/4280 4268/4268/4268 4281/4281/4281
f 4268/4268/4268 4265/4265/4265 4281/4281/4281
f 4281/4281/4281 4265/4265/4265 4282/4282/4282
f 4265/4265/4265 4264/4264/4264 4282/4282/4282
f 4282/4282/4282 4264/4264/4264 4283/4283/4283
f 4283/4283/4283 4264/4264/4264 4284/4284/4284
f 4284/4284/4284 4264/4264/4264 4285/4285/4285
f 4264/4264/4264 4266/4266/4266 4285/4285/4285
f 4285/4285/4285 4266/4266/4266 4286/4286/4286
f 4286/4286/4286 4266/4266/4266 4287/4287/4287
f 4266/4266/4266 4267/4267/4267 4287/4287/4287
f 4287/4287/4287 4267/4267/4267 4288/4288/4288
f 4288/4288/4288 4267/4267/4267 4289/4289/4289
f 4267/4267/4267 4269/4269/4269 4289/4289/4289
f 4289/4289/4289 4269/4269/4269 4290/4290/4290
f 4269/4269/4269 4270/4270/4270 4290/4290/4290
f 4270/4270/4270 4271/4271/4271 4290/4290/4290
f 4291/4291/4291 4292/4292/4292 4293/4293/4293
f 4292/4292/4292 4294/4294/4294 4293/4293/4293
f 4294/4294/4294 4295/4295/4295 4293/4293/4293
f 4293/4293/4293 4295/4295/4295 4296/4296/4296
f 4295/4295/4295 4297/4297/4297 4296/4296/4296
f 4296/4296/4296 4297/4297/4297 4298/4298/4298
f 4297/4297/4297 4299/4299/4299 4298/4298/4298
f 4298/4298/4298 4299/4299/4299 4300/4300/4300
f 4299/4299/4299 4301/4301/4301 4300/4300/4300
f 4300/4300/4300 4301/4301/4301 4302/4302/4302
f 4301/4301/4301 4303/4303/4303 4302/4302/4302
f 4302/4302/4302 4303/4303/4303 4304/4304/4304
f 4305/4305/4305 4304/4304/4304 4306/4306/4306
f 4304/4304/4304 4303/4303/4303 4306/4306/4306
f 4306/4306/4306 4303/4303/4303 4307/4307/4307
f 4307/4307/4307 4303/4303/4303 4308/4308/4308
f 4303/4303/4303 4301/4301/4301 4308/4308/4308
f 4308/4308/4308 4301/4301/4301 4309/4309/4309
f 4301/4301/4301 4299/4299/4299 4309/4309/4309
f 4309/4309/4309 4299/4299/4299 4310/4310/4310
f 4299/4299/4299 4297/4297/4297 4310/4310/4310
f 4310/4310/4310 4297/4297/4297 4311/4311/4311
f 4311/4311/4311 4297/4297/4297 4312/4312/4312
f 4297/4297/4297 4295/4295/4295 4312/4312/4312
f 4312/4312/4312 4295/4295/4295 4313/4313/4313
f 4295/4295/4295 4294/4294/4294 4313/4313/4313
f 4313/4313/4313 4294/4294/4294 4314/4314/4314
f 4294/4294/4294 4292/4292/4292 4314/4314/4314
f 4314/4314/4314 4292/4292/4292 4315/4315/4315
f 4315/4315/4315 4292/4292/4292 4316/4316/4316
f 4316/4316/4316 4292/4292/4292 4317/4317/4317
f 4292/4292/4292 4291/4291/4291 4317/4317/4317
f 4317/4317/4317 4291/4291/4291 4318/4318/4318
f 4318/4318/4318 4291/4291/4291 4319/4319/4319
f 4291/4291/4291 4293/4293/4293 4319/4319/4319
f 4319/4319/4319 4293/4293/4293 4320/4320/4320
f 4293/4293/4293 4296/4296/4296 4320/4320/4320
f 4320/4320/4320 4296/4296/4296 4321/4321/4321
f 4296/4296/4296 4298/4298/4298 4321/4321/4321
f 4321/4321/4321 4298/4298/4298 4322/4322/4322
f 4298/4298/4298 4300/4300/4300 4322/4322/4322
f 4322/4322/4322 4300/4300/4300 4323/4323/4323
f 4300/4300/4300 4302/4302/4302 4323/4323/4323
f 4323/4323/4323 4302/4302/4302 4324/4324/4324
f 4302/4302/4302 4304/4304/4304 4324/4324/4324
f 4324/4324/4324 4304/4304/4304 4325/4325/4325
f 4304/4304/4304 4305/4305/4305 4325/4325/4325
f 4325/4325/4325 4305/4305/4305 4326/4326/4326
f 4326/4326/4326 4305/4305/4305 4327/4327/4327
f 4328/4328/4328 4329/4329/4329 4330/4330/4330
f 4330/4330/4330 4329/4329/4329 4331/4331/4331
f 4329/4329/4329 4332/4332/4332 4331/4331/4331
f 4331/4331/4331 4332/4332/4332 4333/4333/4333
f 4332/4332/4332 4334/4334/4334 4333/4333/4333
f 4333/4333/4333 4334/4334/4334 4335/4335/4335
f 4335/4335/4335 4334/4334/4334 4336/4336/4336
f 4336/4336/4336 4334/4334/4334 4337/4337/4337
f 4338/4338/4338 4337/4337/4337 4339/4339/4339
f 4337/4337/4337 4334/4334/4334 4339/4339/4339
f 4339/4339/4339 4334/4334/4334 4340/4340/4340
f 4334/4334/4334 4332/4332/4332 4340/4340/4340
f 4340/4340/4340 4332/4332/4332 4341/4341/4341
f 4332/4332/4332 4329/4329/4329 4341/4341/4341
f 4341/4341/4341 4329/4329/4329 4342/4342/4342
f 4329/4329/4329 4328/4328/4328 4342/4342/4342
f 4342/4342/4342 4328/4328/4328 4343/4343/4343
f 4343/4343/4343 4328/4328/4328 4344/4344/4344
f 4328/4328/4328 4330/4330/4330 4344/4344/4344
f 4344/4344/4344 4330/4330/4330 4345/4345/4345
f 4345/4345/4345 4330/4330/4330 4346/4346/4346
f 4346/4346/4346 4330/4330/4330 4347/4347/4347
f 4330/4330/4330 4331/4331/4331 4347/4347/4347
f 4347/4347/4347 4331/4331/4331 4348/4348/4348
f 4331/4331/4331 4333/4333/4333 4348/4348/4348
f 4348/4348/4348 4333/4333/4333 4349/4349/4349
f 4333/4333/4333 4335/4335/4335 4349/4349/4349
f 4349/4349/4349 4335/4335/4335 4350/4350/4350
f 4350/4350/4350 4335/4335/4335 4351/4351/4351
f 4335/4335/4335 4336/4336/4336 4351/4351/4351
f 4351/4351/4351 4336/4336/4336 4352/4352/4352
f 4353/4353/4353 4352/4352/4352 4354/4354/4354
f 4352/4352/4352 4336/4336/4336 4354/4354/4354
f 4336/4336/4336 4337/4337/4337 4354/4354/4354
f 4354/4354/4354 4337/4337/4337 4355/4355/4355
f 4337/4337/4337 4338/4338/4338 4355/4355/4355
f 4338/4338/4338 4356/4356/4356 4355/4355/4355
f 4355/4355/4355 4356/4356/4356 4357/4357/4357
f 4356/4356/4356 4327/4327/4327 4357/4357/4357
f 4327/4327/4327 4305/4305/4305 4357/4357/4357
f 4305/4305/4305 4306/4306/4306 4357/4357/4357
f 4357/4357/4357 4306/4306/4306 4358/4358/4358
f 4306/4306/4306 4307/4307/4307 4358/4358/4358
f 4307/4307/4307 4353/4353/4353 4358/4358/4358
f 4353/4353/4353 4354/4354/4354 4358/4358/4358
f 4354/4354/4354 4355/4355/4355 4358/4358/4358
f 4359/4359/4359 4360/4360/4360 4361/4361/4361
f 4360/4360/4360 4362/4362/4362 4361/4361/4361
f 4385/4385/4385 4361/4361/4361 4363/4363/4363
f 4363/4363/4363 4361/4361/4361 4364/4364/4364
f 4361/4361/4361 4362/4362/4362 4364/4364/4364
f 4364/4364/4364 4362/4362/4362 4365/4365/4365
f 4365/4365/4365 4362/4362/4362 4366/4366/4366
f 4362/4362/4362 4360/4360/4360 4366/4366/4366
f 4366/4366/4366 4360/4360/4360 4367/4367/4367
f 4367/4367/4367 4360/4360/4360 4368/4368/4368
f 4368/4368/4368 4360/4360/4360 4369/4369/4369
f 4360/4360/4360 4359/4359/4359 4369/4369/4369
f 4369/4369/4369 4359/4359/4359 4370/4370/4370
f 4370/4370/4370 4359/4359/4359 4371/4371/4371
f 4372/4372/4372 4373/4373/4373 4374/4374/4374
f 4374/4374/4374 4373/4373/4373 4375/4375/4375
f 4376/4376/4376 4375/4375/4375 4377/4377/4377
f 4375/4375/4375 4373/4373/4373 4377/4377/4377
f 4377/4377/4377 4373/4373/4373 4378/4378/4378
f 4378/4378/4378 4373/4373/4373 4379/4379/4379
f 4379/4379/4379 4373/4373/4373 4380/4380/4380
f 4373/4373/4373 4372/4372/4372 4380/4380/4380
f 4380/4380/4380 4372/4372/4372 4381/4381/4381
f 4381/4381/4381 4372/4372/4372 4382/4382/4382
f 4372/4372/4372 4374/4374/4374 4382/4382/4382
f 4382/4382/4382 4374/4374/4374 4383/4383/4383
f 4383/4383/4383 4374/4374/4374 4384/4384/4384
f 4385/4385/4385 4384/4384/4384 4386/4386/4386
f 4384/4384/4384 4374/4374/4374 4386/4386/4386
f 4386/4386/4386 4374/4374/4374 4387/4387/4387
f 4374/4374/4374 4375/4375/4375 4387/4387/4387
f 4375/4375/4375 4376/4376/4376 4387/4387/4387
f 4376/4376/4376 4388/4388/4388 4387/4387/4387
f 4387/4387/4387 4388/4388/4388 4389/4389/4389
f 4388/4388/4388 4371/4371/4371 4389/4389/4389
f 4371/4371/4371 4359/4359/4359 4389/4389/4389
f 4389/4389/4389 4359/4359/4359 4390/4390/4390
f 4359/4359/4359 4361/4361/4361 4390/4390/4390
f 4361/4361/4361 4385/4385/4385 4390/4390/4390
f 4385/4385/4385 4386/4386/4386 4390/4390/4390
f 4386/4386/4386 4387/4387/4387 4390/4390/4390
f 4391/4391/4391 4392/4392/4392 4393/4393/4393
f 4392/4392/4392 4394/4394/4394 4393/4393/4393
f 4393/4393/4393 4394/4394/4394 4395/4395/4395
f 4394/4394/4394 4396/4396/4396 4395/4395/4395
f 4397/4397/4397 4395/4395/4395 4398/4398/4398
f 4395/4395/4395 4396/4396/4396 4398/4398/4398
f 4399/4399/4399 4398/4398/4398 4400/4400/4400
f 4398/4398/4398 4396/4396/4396 4400/4400/4400
f 4400/4400/4400 4396/4396/4396 4401/4401/4401
f 4396/4396/4396 4394/4394/4394 4401/4401/4401
f 4401/4401/4401 4394/4394/4394 4402/4402/4402
f 4394/4394/4394 4392/4392/4392 4402/4402/4402
f 4402/4402/4402 4392/4392/4392 4403/4403/4403
f 4403/4403/4403 4392/4392/4392 4404/4404/4404
f 4404/4404/4404 4392/4392/4392 4405/4405/4405
f 4392/4392/4392 4391/4391/4391 4405/4405/4405
f 4405/4405/4405 4391/4391/4391 4406/4406/4406
f 4406/4406/4406 4391/4391/4391 4407/4407/4407
f 4391/4391/4391 4393/4393/4393 4407/4407/4407
f 4407/4407/4407 4393/4393/4393 4408/4408/4408
f 4393/4393/4393 4395/4395/4395 4408/4408/4408
f 4408/4408/4408 4395/4395/4395 4409/4409/4409
f 4395/4395/4395 4397/4397/4397 4409/4409/4409
f 4409/4409/4409 4397/4397/4397 4410/4410/4410
f 4410/4410/4410 4397/4397/4397 4411/4411/4411
f 4412/4412/4412 4413/4413/4413 4414/4414/4414
f 4414/4414/4414 4413/4413/4413 4415/4415/4415
f 4413/4413/4413 4416/4416/4416 4415/4415/4415
f 4415/4415/4415 4416/4416/4416 4417/4417/4417
f 4417/4417/4417 4416/4416/4416 4418/4418/4418
f 4416/4416/4416 4419/4419/4419 4418/4418/4418
f 4418/4418/4418 4419/4419/4419 4420/4420/4420
f 4419/4419/4419 4421/4421/4421 4420/4420/4420
f 4421/4421/4421 4422/4422/4422 4420/4420/4420
f 4420/4420/4420 4422/4422/4422 4423/4423/4423
f 4423/4423/4423 4422/4422/4422 4424/4424/4424
f 4422/4422/4422 4425/4425/4425 4424/4424/4424
f 4425/4425/4425 4426/4426/4426 4424/4424/4424
f 4424/4424/4424 4426/4426/4426 4427/4427/4427
f 4427/4427/4427 4426/4426/4426 4428/4428/4428
f 4428/4428/4428 4426/4426/4426 4429/4429/4429
f 4430/4430/4430 4429/4429/4429 4431/4431/4431
f 4429/4429/4429 4426/4426/4426 4431/4431/4431
f 4426/4426/4426 4425/4425/4425 4431/4431/4431
f 4431/4431/4431 4425/4425/4425 4432/4432/4432
f 4425/4425/4425 4422/4422/4422 4432/4432/4432
f 4432/4432/4432 4422/4422/4422 4433/4433/4433
f 4422/4422/4422 4421/4421/4421 4433/4433/4433
f 4433/4433/4433 4421/4421/4421 4434/4434/4434
f 4421/4421/4421 4419/4419/4419 4434/4434/4434
f 4434/4434/4434 4419/4419/4419 4435/4435/4435
f 4435/4435/4435 4419/4419/4419 4436/4436/4436
f 4419/4419/4419 4416/4416/4416 4436/4436/4436
f 4436/4436/4436 4416/4416/4416 4437/4437/4437
f 4416/4416/4416 4413/4413/4413 4437/4437/4437
f 4437/4437/4437 4413/4413/4413 4438/4438/4438
f 4413/4413/4413 4412/4412/4412 4438/4438/4438
f 4438/4438/4438 4412/4412/4412 4439/4439/4439
f 4439/4439/4439 4412/4412/4412 4440/4440/4440
f 4412/4412/4412 4414/4414/4414 4440/4440/4440
f 4440/4440/4440 4414/4414/4414 4441/4441/4441
f 4441/4441/4441 4414/4414/4414 4442/4442/4442
f 4442/4442/4442 4414/4414/4414 4443/4443/4443
f 4414/4414/4414 4415/4415/4415 4443/4443/4443
f 4443/4443/4443 4415/4415/4415 4444/4444/4444
f 4415/4415/4415 4417/4417/4417 4444/4444/4444
f 4444/4444/4444 4417/4417/4417 4445/4445/4445
f 4417/4417/4417 4418/4418/4418 4445/4445/4445
f 4445/4445/4445 4418/4418/4418 4446/4446/4446
f 4418/4418/4418 4420/4420/4420 4446/4446/4446
f 4446/4446/4446 4420/4420/4420 4447/4447/4447
f 4420/4420/4420 4423/4423/4423 4447/4447/4447
f 4447/4447/4447 4423/4423/4423 4448/4448/4448
f 4423/4423/4423 4424/4424/4424 4448/4448/4448
f 4448/4448/4448 4424/4424/4424 4449/4449/4449
f 4424/4424/4424 4427/4427/4427 4449/4449/4449
f 4449/4449/4449 4427/4427/4427 4450/4450/4450
f 4450/4450/4450 4427/4427/4427 4451/4451/4451
f 4427/4427/4427 4428/4428/4428 4451/4451/4451
f 4451/4451/4451 4428/4428/4428 4452/4452/4452
f 4453/4453/4453 4452/4452/4452 4454/4454/4454
f 4452/4452/4452 4428/4428/4428 4454/4454/4454
f 4454/4454/4454 4428/4428/4428 4455/4455/4455
f 4428/4428/4428 4429/4429/4429 4455/4455/4455
f 4429/4429/4429 4430/4430/4430 4455/4455/4455
f 4430/4430/4430 4456/4456/4456 4455/4455/4455
f 4455/4455/4455 4456/4456/4456 4457/4457/4457
f 4456/4456/4456 4411/4411/4411 4457/4457/4457
f 4411/4411/4411 4397/4397/4397 4457/4457/4457
f 4457/4457/4457 4397/4397/4397 4458/4458/4458
f 4397/4397/4397 4398/4398/4398 4458/4458/4458
f 4398/4398/4398 4399/4399/4399 4458/4458/4458
f 4399/4399/4399 4453/4453/4453 4458/4458/4458
f 4453/4453/4453 4454/4454/4454 4458/4458/4458
f 4454/4454/4454 4455/4455/4455 4458/4458/4458
f 4459/4459/4459 4460/4460/4460 4461/4461/4461
f 4460/4460/4460 4462/4462/4462 4461/4461/4461
f 4462/4462/4462 4463/4463/4463 4461/4461/4461
f 4461/4461/4461 4463/4463/4463 4464/4464/4464
f 4463/4463/4463 4465/4465/4465 4464/4464/4464
f 4464/4464/4464 4465/4465/4465 4466/4466/4466
f 4465/4465/4465 4467/4467/4467 4466/4466/4466
f 4466/4466/4466 4467/4467/4467 4468/4468/4468
f 4468/4468/4468 4467/4467/4467 4469/4469/4469
f 4467/4467/4467 4470/4470/4470 4469/4469/4469
f 4469/4469/4469 4470/4470/4470 4471/4471/4471
f 4470/4470/4470 4472/4472/4472 4471/4471/4471
f 4471/4471/4471 4472/4472/4472 4473/4473/4473
f 4472/4472/4472 4474/4474/4474 4473/4473/4473
f 4474/4474/4474 4475/4475/4475 4473/4473/4473
f 4473/4473/4473 4475/4475/4475 4476/4476/4476
f 4475/4475/4475 4477/4477/4477 4476/4476/4476
f 4476/4476/4476 4477/4477/4477 4478/4478/4478
f 4477/4477/4477 4479/4479/4479 4478/4478/4478
f 4478/4478/4478 4479/4479/4479 4480/4480/4480
f 4480/4480/4480 4479/4479/4479 4481/4481/4481
f 4479/4479/4479 4482/4482/4482 4481/4481/4481
f 4482/4482/4482 4483/4483/4483 4481/4481/4481
f 4481/4481/4481 4483/4483/4483 4484/4484/4484
f 4483/4483/4483 4485/4485/4485 4484/4484/4484
f 4484/4484/4484 4485/4485/4485 4486/4486/4486
f 4486/4486/4486 4485/4485/4485 4487/4487/4487
f 4485/4485/4485 4488/4488/4488 4487/4487/4487
f 4487/4487/4487 4488/4488/4488 4489/4489/4489
f 4488/4488/4488 4490/4490/4490 4489/4489/4489
f 4490/4490/4490 4491/4491/4491 4489/4489/4489
f 4489/4489/4489 4491/4491/4491 4492/4492/4492
f 4491/4491/4491 4493/4493/4493 4492/4492/4492
f 4492/4492/4492 4493/4493/4493 4494/4494/4494
f 4494/4494/4494 4493/4493/4493 4495/4495/4495
f 4493/4493/4493 4496/4496/4496 4495/4495/4495
f 4495/4495/4495 4496/4496/4496 4497/4497/4497
f 4496/4496/4496 4498/4498/4498 4497/4497/4497
f 4498/4498/4498 4499/4499/4499 4497/4497/4497
f 4497/4497/4497 4499/4499/4499 4500/4500/4500
f 4500/4500/4500 4499/4499/4499 4501/4501/4501
f 4499/4499/4499 4502/4502/4502 4501/4501/4501
f 4501/4501/4501 4502/4502/4502 4503/4503/4503
f 4502/4502/4502 4504/4504/4504 4503/4503/4503
f 4503/4503/4503 4504/4504/4504 4505/4505/4505
f 4504/4504/4504 4506/4506/4506 4505/4505/4505
f 4506/4506/4506 4507/4507/4507 4505/4505/4505
f 4505/4505/4505 4507/4507/4507 4508/4508/4508
f 4507/4507/4507 4509/4509/4509 4508/4508/4508
f 4508/4508/4508 4509/4509/4509 4510/4510/4510
f 4509/4509/4509 4511/4511/4511 4510/4510/4510
f 4510/4510/4510 4511/4511/4511 4512/4512/4512
f 4512/4512/4512 4511/4511/4511 4513/4513/4513
f 4511/4511/4511 4514/4514/4514 4513/4513/4513
f 4513/4513/4513 4514/4514/4514 4515/4515/4515
f 4514/4514/4514 4516/4516/4516 4515/4515/4515
f 4515/4515/4515 4516/4516/4516 4517/4517/4517
f 4516/4516/4516 4518/4518/4518 4517/4517/4517
f 4519/4519/4519 4517/4517/4517 4520/4520/4520
f 4517/4517/4517 4518/4518/4518 4520/4520/4520
f 4520/4520/4520 4518/4518/4518 4521/4521/4521
f 4521/4521/4521 4518/4518/4518 4522/4522/4522
f 4522/4522/4522 4518/4518/4518 4523/4523/4523
f 4518/4518/4518 4516/4516/4516 4523/4523/4523
f 4523/4523/4523 4516/4516/4516 4524/4524/4524
f 4516/4516/4516 4514/4514/4514 4524/4524/4524
f 4524/4524/4524 4514/4514/4514 4525/4525/4525
f 4514/4514/4514 4511/4511/4511 4525/4525/4525
f 4511/4511/4511 4509/4509/4509 4525/4525/4525
f 4525/4525/4525 4509/4509/4509 4526/4526/4526
f 4509/4509/4509 4507/4507/4507 4526/4526/4526
f 4526/4526/4526 4507/4507/4507 4527/4527/4527
f 4507/4507/4507 4506/4506/4506 4527/4527/4527
f 4527/4527/4527 4506/4506/4506 4528/4528/4528
f 4528/4528/4528 4506/4506/4506 4529/4529/4529
f 4506/4506/4506 4504/4504/4504 4529/4529/4529
f 4529/4529/4529 4504/4504/4504 4530/4530/4530
f 4504/4504/4504 4502/4502/4502 4530/4530/4530
f 4530/4530/4530 4502/4502/4502 4531/4531/4531
f 4502/4502/4502 4499/4499/4499 4531/4531/4531
f 4499/4499/4499 4498/4498/4498 4531/4531/4531
f 4531/4531/4531 4498/4498/4498 4532/4532/4532
f 4532/4532/4532 4498/4498/4498 4533/4533/4533
f 4498/4498/4498 4496/4496/4496 4533/4533/4533
f 4533/4533/4533 4496/4496/4496 4534/4534/4534
f 4496/4496/4496 4493/4493/4493 4534/4534/4534
f 4493/4493/4493 4491/4491/4491 4534/4534/4534
f 4534/4534/4534 4491/4491/4491 4535/4535/4535
f 4491/4491/4491 4490/4490/4490 4535/4535/4535
f 4535/4535/4535 4490/4490/4490 4536/4536/4536
f 4536/4536/4536 4490/4490/4490 4537/4537/4537
f 4490/4490/4490 4488/4488/4488 4537/4537/4537
f 4537/4537/4537 4488/4488/4488 4538/4538/4538
f 4488/4488/4488 4485/4485/4485 4538/4538/4538
f 4485/4485/4485 4483/4483/4483 4538/4538/4538
f 4538/4538/4538 4483/4483/4483 4539/4539/4539
f 4483/4483/4483 4482/4482/4482 4539/4539/4539
f 4539/4539/4539 4482/4482/4482 4540/4540/4540
f 4540/4540/4540 4482/4482/4482 4541/4541/4541
f 4482/4482/4482 4479/4479/4479 4541/4541/4541
f 4479/4479/4479 4477/4477/4477 4541/4541/4541
f 4541/4541/4541 4477/4477/4477 4542/4542/4542
f 4477/4477/4477 4475/4475/4475 4542/4542/4542
f 4542/4542/4542 4475/4475/4475 4543/4543/4543
f 4475/4475/4475 4474/4474/4474 4543/4543/4543
f 4543/4543/4543 4474/4474/4474 4544/4544/4544
f 4544/4544/4544 4474/4474/4474 4545/4545/4545
f 4474/4474/4474 4472/4472/4472 4545/4545/4545
f 4545/4545/4545 4472/4472/4472 4546/4546/4546
f 4472/4472/4472 4470/4470/4470 4546/4546/4546
f 4546/4546/4546 4470/4470/4470 4547/4547/4547
f 4470/4470/4470 4467/4467/4467 4547/4547/4547
f 4467/4467/4467 4465/4465/4465 4547/4547/4547
f 4547/4547/4547 4465/4465/4465 4548/4548/4548
f 4465/4465/4465 4463/4463/4463 4548/4548/4548
f 4548/4548/4548 4463/4463/4463 4549/4549/4549
f 4463/4463/4463 4462/4462/4462 4549/4549/4549
f 4549/4549/4549 4462/4462/4462 4550/4550/4550
f 4550/4550/4550 4462/4462/4462 4551/4551/4551
f 4462/4462/4462 4460/4460/4460 4551/4551/4551
f 4552/4552/4552 4551/4551/4551 4553/4553/4553
f 4551/4551/4551 4460/4460/4460 4553/4553/4553
f 4460/4460/4460 4459/4459/4459 4553/4553/4553
f 4553/4553/4553 4459/4459/4459 4554/4554/4554
f 4554/4554/4554 4459/4459/4459 4555/4555/4555
f 4555/4555/4555 4459/4459/4459 4556/4556/4556
f 4556/4556/4556 4459/4459/4459 4557/4557/4557
f 4459/4459/4459 4461/4461/4461 4557/4557/4557
f 4461/4461/4461 4464/4464/4464 4557/4557/4557
f 4557/4557/4557 4464/4464/4464 4558/4558/4558
f 4464/4464/4464 4466/4466/4466 4558/4558/4558
f 4558/4558/4558 4466/4466/4466 4559/4559/4559
f 4466/4466/4466 4468/4468/4468 4559/4559/4559
f 4559/4559/4559 4468/4468/4468 4560/4560/4560
f 4560/4560/4560 4468/4468/4468 4561/4561/4561
f 4468/4468/4468 4469/4469/4469 4561/4561/4561
f 4561/4561/4561 4469/4469/4469 4562/4562/4562
f 4469/4469/4469 4471/4471/4471 4562/4562/4562
f 4562/4562/4562 4471/4471/4471 4563/4563/4563
f 4471/4471/4471 4473/4473/4473 4563/4563/4563
f 4473/4473/4473 4476/4476/4476 4563/4563/4563
f 4563/4563/4563 4476/4476/4476 4564/4564/4564
f 4476/4476/4476 4478/4478/4478 4564/4564/4564
f 4564/4564/4564 4478/4478/4478 4565/4565/4565
f 4478/4478/4478 4480/4480/4480 4565/4565/4565
f 4565/4565/4565 4480/4480/4480 4566/4566/4566
f 4566/4566/4566 4480/4480/4480 4567/4567/4567
f 4480/4480/4480 4481/4481/4481 4567/4567/4567
f 4481/4481/4481 4484/4484/4484 4567/4567/4567
f 4567/4567/4567 4484/4484/4484 4568/4568/4568
f 4484/4484/4484 4486/4486/4486 4568/4568/4568
f 4568/4568/4568 4486/4486/4486 4569/4569/4569
f 4569/4569/4569 4486/4486/4486 4570/4570/4570
f 4486/4486/4486 4487/4487/4487 4570/4570/4570
f 4570/4570/4570 4487/4487/4487 4571/4571/4571
f 4487/4487/4487 4489/4489/4489 4571/4571/4571
f 4489/4489/4489 4492/4492/4492 4571/4571/4571
f 4571/4571/4571 4492/4492/4492 4572/4572/4572
f 4492/4492/4492 4494/4494/4494 4572/4572/4572
f 4572/4572/4572 4494/4494/4494 4573/4573/4573
f 4573/4573/4573 4494/4494/4494 4574/4574/4574
f 4494/4494/4494 4495/4495/4495 4574/4574/4574
f 4574/4574/4574 4495/4495/4495 4575/4575/4575
f 4495/4495/4495 4497/4497/4497 4575/4575/4575
f 4497/4497/4497 4500/4500/4500 4575/4575/4575
f 4575/4575/4575 4500/4500/4500 4576/4576/4576
f 4576/4576/4576 4500/4500/4500 4577/4577/4577
f 4500/4500/4500 4501/4501/4501 4577/4577/4577
f 4577/4577/4577 4501/4501/4501 4578/4578/4578
f 4501/4501/4501 4503/4503/4503 4578/4578/4578
f 4578/4578/4578 4503/4503/4503 4579/4579/4579
f 4503/4503/4503 4505/4505/4505 4579/4579/4579
f 4505/4505/4505 4508/4508/4508 4579/4579/4579
f 4579/4579/4579 4508/4508/4508 4580/4580/4580
f 4508/4508/4508 4510/4510/4510 4580/4580/4580
f 4580/4580/4580 4510/4510/4510 4581/4581/4581
f 4510/4510/4510 4512/4512/4512 4581/4581/4581
f 4581/4581/4581 4512/4512/4512 4582/4582/4582
f 4582/4582/4582 4512/4512/4512 4583/4583/4583
f 4512/4512/4512 4513/4513/4513 4583/4583/4583
f 4583/4583/4583 4513/4513/4513 4584/4584/4584
f 4513/4513/4513 4515/4515/4515 4584/4584/4584
f 4584/4584/4584 4515/4515/4515 4585/4585/4585
f 4515/4515/4515 4517/4517/4517 4585/4585/4585
f 4517/4517/4517 4519/4519/4519 4585/4585/4585
f 4585/4585/4585 4519/4519/4519 4586/4586/4586
f 4586/4586/4586 4519/4519/4519 4587/4587/4587
f 4587/4587/4587 4519/4519/4519 4588/4588/4588
f 4588/4588/4588 4519/4519/4519 4589/4589/4589
f 4519/4519/4519 4520/4520/4520 4589/4589/4589
f 4520/4520/4520 4521/4521/4521 4589/4589/4589
f 4589/4589/4589 4521/4521/4521 4590/4590/4590
f 4591/4591/4591 4590/4590/4590 4592/4592/4592
f 4590/4590/4590 4521/4521/4521 4592/4592/4592
f 4521/4521/4521 4522/4522/4522 4592/4592/4592
f 4592/4592/4592 4522/4522/4522 4593/4593/4593
f 4593/4593/4593 4522/4522/4522 4594/4594/4594
f 4522/4522/4522 4523/4523/4523 4594/4594/4594
f 4594/4594/4594 4523/4523/4523 4595/4595/4595
f 4523/4523/4523 4524/4524/4524 4595/4595/4595
f 4595/4595/4595 4524/4524/4524 4596/4596/4596
f 4524/4524/4524 4525/4525/4525 4596/4596/4596
f 4525/4525/4525 4526/4526/4526 4596/4596/4596
f 4596/4596/4596 4526/4526/4526 4597/4597/4597
f 4526/4526/4526 4527/4527/4527 4597/4597/4597
f 4597/4597/4597 4527/4527/4527 4598/4598/4598
f 4527/4527/4527 4528/4528/4528 4598/4598/4598
f 4598/4598/4598 4528/4528/4528 4599/4599/4599
f 4599/4599/4599 4528/4528/4528 4600/4600/4600
f 4528/4528/4528 4529/4529/4529 4600/4600/4600
f 4600/4600/4600 4529/4529/4529 4601/4601/4601
f 4529/4529/4529 4530/4530/4530 4601/4601/4601
f 4601/4601/4601 4530/4530/4530 4602/4602/4602
f 4530/4530/4530 4531/4531/4531 4602/4602/4602
f 4531/4531/4531 4532/4532/4532 4602/4602/4602
f 4602/4602/4602 4532/4532/4532 4603/4603/4603
f 4603/4603/4603 4532/4532/4532 4604/4604/4604
f 4532/4532/4532 4533/4533/4533 4604/4604/4604
f 4604/4604/4604 4533/4533/4533 4605/4605/4605
f 4533/4533/4533 4534/4534/4534 4605/4605/4605
f 4534/4534/4534 4535/4535/4535 4605/4605/4605
f 4605/4605/4605 4535/4535/4535 4606/4606/4606
f 4535/4535/4535 4536/4536/4536 4606/4606/4606
f 4606/4606/4606 4536/4536/4536 4607/4607/4607
f 4607/4607/4607 4536/4536/4536 4608/4608/4608
f 4536/4536/4536 4537/4537/4537 4608/4608/4608
f 4608/4608/4608 4537/4537/4537 4609/4609/4609
f 4537/4537/4537 4538/4538/4538 4609/4609/4609
f 4538/4538/4538 4539/4539/4539 4609/4609/4609
f 4609/4609/4609 4539/4539/4539 4610/4610/4610
f 4539/4539/4539 4540/4540/4540 4610/4610/4610
f 4610/4610/4610 4540/4540/4540 4611/4611/4611
f 4611/4611/4611 4540/4540/4540 4612/4612/4612
f 4540/4540/4540 4541/4541/4541 4612/4612/4612
f 4541/4541/4541 4542/4542/4542 4612/4612/4612
f 4612/4612/4612 4542/4542/4542 4613/4613/4613
f 4542/4542/4542 4543/4543/4543 4613/4613/4613
f 4613/4613/4613 4543/4543/4543 4614/4614/4614
f 4543/4543/4543 4544/4544/4544 4614/4614/4614
f 4614/4614/4614 4544/4544/4544 4615/4615/4615
f 4615/4615/4615 4544/4544/4544 4616/4616/4616
f 4544/4544/4544 4545/4545/4545 4616/4616/4616
f 4616/4616/4616 4545/4545/4545 4617/4617/4617
f 4545/4545/4545 4546/4546/4546 4617/4617/4617
f 4617/4617/4617 4546/4546/4546 4618/4618/4618
f 4546/4546/4546 4547/4547/4547 4618/4618/4618
f 4547/4547/4547 4548/4548/4548 4618/4618/4618
f 4618/4618/4618 4548/4548/4548 4619/4619/4619
f 4548/4548/4548 4549/4549/4549 4619/4619/4619
f 4619/4619/4619 4549/4549/4549 4620/4620/4620
f 4549/4549/4549 4550/4550/4550 4620/4620/4620
f 4620/4620/4620 4550/4550/4550 4621/4621/4621
f 4621/4621/4621 4550/4550/4550 4622/4622/4622
f 4550/4550/4550 4551/4551/4551 4622/4622/4622
f 4551/4551/4551 4552/4552/4552 4622/4622/4622
f 4622/4622/4622 4552/4552/4552 4623/4623/4623
f 4624/4624/4624 4623/4623/4623 4625/4625/4625
f 4623/4623/4623 4552/4552/4552 4625/4625/4625
f 4625/4625/4625 4552/4552/4552 4626/4626/4626
f 4552/4552/4552 4553/4553/4553 4626/4626/4626
f 4626/4626/4626 4553/4553/4553 4627/4627/4627
f 4553/4553/4553 4554/4554/4554 4627/4627/4627
f 4627/4627/4627 4554/4554/4554 4628/4628/4628
f 4554/4554/4554 4555/4555/4555 4628/4628/4628
f 4628/4628/4628 4555/4555/4555 4629/4629/4629
f 4629/4629/4629 4555/4555/4555 4630/4630/4630
f 4555/4555/4555 4556/4556/4556 4630/4630/4630
f 4630/4630/4630 4556/4556/4556 4631/4631/4631
f 4631/4631/4631 4556/4556/4556 4632/4632/4632
f 4556/4556/4556 4557/4557/4557 4632/4632/4632
f 4557/4557/4557 4558/4558/4558 4632/4632/4632
f 4632/4632/4632 4558/4558/4558 4633/4633/4633
f 4558/4558/4558 4559/4559/4559 4633/4633/4633
f 4633/4633/4633 4559/4559/4559 4634/4634/4634
f 4559/4559/4559 4560/4560/4560 4634/4634/4634
f 4634/4634/4634 4560/4560/4560 4635/4635/4635
f 4635/4635/4635 4560/4560/4560 4636/4636/4636
f 4560/4560/4560 4561/4561/4561 4636/4636/4636
f 4636/4636/4636 4561/4561/4561 4637/4637/4637
f 4561/4561/4561 4562/4562/4562 4637/4637/4637
f 4637/4637/4637 4562/4562/4562 4638/4638/4638
f 4562/4562/4562 4563/4563/4563 4638/4638/4638
f 4563/4563/4563 4564/4564/4564 4638/4638/4638
f 4638/4638/4638 4564/4564/4564 4639/4639/4639
f 4564/4564/4564 4565/4565/4565 4639/4639/4639
f 4639/4639/4639 4565/4565/4565 4640/4640/4640
f 4565/4565/4565 4566/4566/4566 4640/4640/4640
f 4640/4640/4640 4566/4566/4566 4641/4641/4641
f 4641/4641/4641 4566/4566/4566 4642/4642/4642
f 4566/4566/4566 4567/4567/4567 4642/4642/4642
f 4567/4567/4567 4568/4568/4568 4642/4642/4642
f 4642/4642/4642 4568/4568/4568 4643/4643/4643
f 4568/4568/4568 4569/4569/4569 4643/4643/4643
f 4643/4643/4643 4569/4569/4569 4644/4644/4644
f 4644/4644/4644 4569/4569/4569 4645/4645/4645
f 4569/4569/4569 4570/4570/4570 4645/4645/4645
f 4645/4645/4645 4570/4570/4570 4646/4646/4646
f 4570/4570/4570 4571/4571/4571 4646/4646/4646
f 4571/4571/4571 4572/4572/4572 4646/4646/4646
f 4646/4646/4646 4572/4572/4572 4647/4647/4647
f 4572/4572/4572 4573/4573/4573 4647/4647/4647
f 4647/4647/4647 4573/4573/4573 4648/4648/4648
f 4648/4648/4648 4573/4573/4573 4649/4649/4649
f 4573/4573/4573 4574/4574/4574 4649/4649/4649
f 4649/4649/4649 4574/4574/4574 4650/4650/4650
f 4574/4574/4574 4575/4575/4575 4650/4650/4650
f 4575/4575/4575 4576/4576/4576 4650/4650/4650
f 4650/4650/4650 4576/4576/4576 4651/4651/4651
f 4651/4651/4651 4576/4576/4576 4652/4652/4652
f 4576/4576/4576 4577/4577/4577 4652/4652/4652
f 4652/4652/4652 4577/4577/4577 4653/4653/4653
f 4577/4577/4577 4578/4578/4578 4653/4653/4653
f 4653/4653/4653 4578/4578/4578 4654/4654/4654
f 4578/4578/4578 4579/4579/4579 4654/4654/4654
f 4579/4579/4579 4580/4580/4580 4654/4654/4654
f 4654/4654/4654 4580/4580/4580 4655/4655/4655
f 4580/4580/4580 4581/4581/4581 4655/4655/4655
f 4655/4655/4655 4581/4581/4581 4656/4656/4656
f 4581/4581/4581 4582/4582/4582 4656/4656/4656
f 4656/4656/4656 4582/4582/4582 4657/4657/4657
f 4657/4657/4657 4582/4582/4582 4658/4658/4658
f 4582/4582/4582 4583/4583/4583 4658/4658/4658
f 4658/4658/4658 4583/4583/4583 4659/4659/4659
f 4583/4583/4583 4584/4584/4584 4659/4659/4659
f 4659/4659/4659 4584/4584/4584 4660/4660/4660
f 4584/4584/4584 4585/4585/4585 4660/4660/4660
f 4585/4585/4585 4586/4586/4586 4660/4660/4660
f 4660/4660/4660 4586/4586/4586 4661/4661/4661
f 4661/4661/4661 4586/4586/4586 4662/4662/4662
f 4586/4586/4586 4587/4587/4587 4662/4662/4662
f 4662/4662/4662 4587/4587/4587 4663/4663/4663
f 4663/4663/4663 4587/4587/4587 4664/4664/4664
f 4587/4587/4587 4588/4588/4588 4664/4664/4664
f 4664/4664/4664 4588/4588/4588 4665/4665/4665
f 4588/4588/4588 4589/4589/4589 4665/4665/4665
f 4665/4665/4665 4589/4589/4589 4666/4666/4666
f 4589/4589/4589 4590/4590/4590 4666/4666/4666
f 4666/4666/4666 4590/4590/4590 4667/4667/4667
f 4590/4590/4590 4591/4591/4591 4667/4667/4667
f 4667/4667/4667 4591/4591/4591 4668/4668/4668
f 4668/4668/4668 4591/4591/4591 4669/4669/4669
f 4669/4669/4669 4591/4591/4591 4670/4670/4670
f 4670/4670/4670 4591/4591/4591 4671/4671/4671
f 4591/4591/4591 4592/4592/4592 4671/4671/4671
f 4592/4592/4592 4593/4593/4593 4671/4671/4671
f 4671/4671/4671 4593/4593/4593 4672/4672/4672
f 4672/4672/4672 4593/4593/4593 4673/4673/4673
f 4593/4593/4593 4594/4594/4594 4673/4673/4673
f 4673/4673/4673 4594/4594/4594 4674/4674/4674
f 4594/4594/4594 4595/4595/4595 4674/4674/4674
f 4674/4674/4674 4595/4595/4595 4675/4675/4675
f 4595/4595/4595 4596/4596/4596 4675/4675/4675
f 4596/4596/4596 4597/4597/4597 4675/4675/4675
f 4675/4675/4675 4597/4597/4597 4676/4676/4676
f 4597/4597/4597 4598/4598/4598 4676/4676/4676
f 4676/4676/4676 4598/4598/4598 4677/4677/4677
f 4598/4598/4598 4599/4599/4599 4677/4677/4677
f 4677/4677/4677 4599/4599/4599 4678/4678/4678
f 4678/4678/4678 4599/4599/4599 4679/4679/4679
f 4599/4599/4599 4600/4600/4600 4679/4679/4679
f 4679/4679/4679 4600/4600/4600 4680/4680/4680
f 4600/4600/4600 4601/4601/4601 4680/4680/4680
f 4680/4680/4680 4601/4601/4601 4681/4681/4681
f 4601/4601/4601 4602/4602/4602 4681/4681/4681
f 4602/4602/4602 4603/4603/4603 4681/4681/4681
f 4681/4681/4681 4603/4603/4603 4682/4682/4682
f 4682/4682/4682 4603/4603/4603 4683/4683/4683
f 4603/4603/4603 4604/4604/4604 4683/4683/4683
f 4683/4683/4683 4604/4604/4604 4684/4684/4684
f 4604/4604/4604 4605/4605/4605 4684/4684/4684
f 4605/4605/4605 4606/4606/4606 4684/4684/4684
f 4684/4684/4684 4606/4606/4606 4685/4685/4685
f 4606/4606/4606 4607/4607/4607 4685/4685/4685
f 4685/4685/4685 4607/4607/4607 4686/4686/4686
f 4686/4686/4686 4607/4607/4607 4687/4687/4687
f 4607/4607/4607 4608/4608/4608 4687/4687/4687
f 4687/4687/4687 4608/4608/4608 4688/4688/4688
f 4608/4608/4608 4609/4609/4609 4688/4688/4688
f 4609/4609/4609 4610/4610/4610 4688/4688/4688
f 4688/4688/4688 4610/4610/4610 4689/4689/4689
f 4610/4610/4610 4611/4611/4611 4689/4689/4689
f 4689/4689/4689 4611/4611/4611 4690/4690/4690
f 4690/4690/4690 4611/4611/4611 4691/4691/4691
f 4611/4611/4611 4612/4612/4612 4691/4691/4691
f 4612/4612/4612 4613/4613/4613 4691/4691/4691
f 4691/4691/4691 4613/4613/4613 4692/4692/4692
f 4613/4613/4613 4614/4614/4614 4692/4692/4692
f 4692/4692/4692 4614/4614/4614 4693/4693/4693
f 4614/4614/4614 4615/4615/4615 4693/4693/4693
f 4693/4693/4693 4615/4615/4615 4694/4694/4694
f 4694/4694/4694 4615/4615/4615 4695/4695/4695
f 4615/4615/4615 4616/4616/4616 4695/4695/4695
f 4695/4695/4695 4616/4616/4616 4696/4696/4696
f 4616/4616/4616 4617/4617/4617 4696/4696/4696
f 4696/4696/4696 4617/4617/4617 4697/4697/4697
f 4617/4617/4617 4618/4618/4618 4697/4697/4697
f 4618/4618/4618 4619/4619/4619 4697/4697/4697
f 4697/4697/4697 4619/4619/4619 4698/4698/4698
f 4619/4619/4619 4620/4620/4620 4698/4698/4698
f 4698/4698/4698 4620/4620/4620 4699/4699/4699
f 4620/4620/4620 4621/4621/4621 4699/4699/4699
f 4699/4699/4699 4621/4621/4621 4700/4700/4700
f 4700/4700/4700 4621/4621/4621 4701/4701/4701
f 4621/4621/4621 4622/4622/4622 4701/4701/4701
f 4622/4622/4622 4623/4623/4623 4701/4701/4701
f 4701/4701/4701 4623/4623/4623 4702/4702/4702
f 4702/4702/4702 4623/4623/4623 4703/4703/4703
f 4623/4623/4623 4624/4624/4624 4703/4703/4703
f 4704/4704/4704 4703/4703/4703 4705/4705/4705
f 4703/4703/4703 4624/4624/4624 4705/4705/4705
f 4705/4705/4705 4624/4624/4624 4706/4706/4706
f 4624/4624/4624 4625/4625/4625 4706/4706/4706
f 4625/4625/4625 4626/4626/4626 4706/4706/4706
f 4706/4706/4706 4626/4626/4626 4707/4707/4707
f 4707/4707/4707 4626/4626/4626 4708/4708/4708
f 4626/4626/4626 4627/4627/4627 4708/4708/4708
f 4708/4708/4708 4627/4627/4627 4709/4709/4709
f 4627/4627/4627 4628/4628/4628 4709/4709/4709
f 4628/4628/4628 4629/4629/4629 4709/4709/4709
f 4709/4709/4709 4629/4629/4629 4710/4710/4710
f 4711/4711/4711 4710/4710/4710 4712/4712/4712
f 4710/4710/4710 4629/4629/4629 4712/4712/4712
f 4629/4629/4629 4630/4630/4630 4712/4712/4712
f 4712/4712/4712 4630/4630/4630 4713/4713/4713
f 4713/4713/4713 4630/4630/4630 4714/4714/4714
f 4630/4630/4630 4631/4631/4631 4714/4714/4714
f 4714/4714/4714 4631/4631/4631 4715/4715/4715
f 4631/4631/4631 4632/4632/4632 4715/4715/4715
f 4632/4632/4632 4633/4633/4633 4715/4715/4715
f 4715/4715/4715 4633/4633/4633 4716/4716/4716
f 4633/4633/4633 4634/4634/4634 4716/4716/4716
f 4716/4716/4716 4634/4634/4634 4717/4717/4717
f 4634/4634/4634 4635/4635/4635 4717/4717/4717
f 4717/4717/4717 4635/4635/4635 4718/4718/4718
f 4718/4718/4718 4635/4635/4635 4719/4719/4719
f 4635/4635/4635 4636/4636/4636 4719/4719/4719
f 4719/4719/4719 4636/4636/4636 4720/4720/4720
f 4636/4636/4636 4637/4637/4637 4720/4720/4720
f 4720/4720/4720 4637/4637/4637 4721/4721/4721
f 4637/4637/4637 4638/4638/4638 4721/4721/4721
f 4638/4638/4638 4639/4639/4639 4721/4721/4721
f 4721/4721/4721 4639/4639/4639 4722/4722/4722
f 4639/4639/4639 4640/4640/4640 4722/4722/4722
f 4722/4722/4722 4640/4640/4640 4723/4723/4723
f 4640/4640/4640 4641/4641/4641 4723/4723/4723
f 4723/4723/4723 4641/4641/4641 4724/4724/4724
f 4724/4724/4724 4641/4641/4641 4725/4725/4725
f 4641/4641/4641 4642/4642/4642 4725/4725/4725
f 4642/4642/4642 4643/4643/4643 4725/4725/4725
f 4725/4725/4725 4643/4643/4643 4726/4726/4726
f 4643/4643/4643 4644/4644/4644 4726/4726/4726
f 4726/4726/4726 4644/4644/4644 4727/4727/4727
f 4727/4727/4727 4644/4644/4644 4728/4728/4728
f 4644/4644/4644 4645/4645/4645 4728/4728/4728
f 4728/4728/4728 4645/4645/4645 4729/4729/4729
f 4645/4645/4645 4646/4646/4646 4729/4729/4729
f 4646/4646/4646 4647/4647/4647 4729/4729/4729
f 4729/4729/4729 4647/4647/4647 4730/4730/4730
f 4647/4647/4647 4648/4648/4648 4730/4730/4730
f 4730/4730/4730 4648/4648/4648 4731/4731/4731
f 4731/4731/4731 4648/4648/4648 4732/4732/4732
f 4648/4648/4648 4649/4649/4649 4732/4732/4732
f 4732/4732/4732 4649/4649/4649 4733/4733/4733
f 4649/4649/4649 4650/4650/4650 4733/4733/4733
f 4650/4650/4650 4651/4651/4651 4733/4733/4733
f 4733/4733/4733 4651/4651/4651 4734/4734/4734
f 4734/4734/4734 4651/4651/4651 4735/4735/4735
f 4651/4651/4651 4652/4652/4652 4735/4735/4735
f 4735/4735/4735 4652/4652/4652 4736/4736/4736
f 4652/4652/4652 4653/4653/4653 4736/4736/4736
f 4736/4736/4736 4653/4653/4653 4737/4737/4737
f 4653/4653/4653 4654/4654/4654 4737/4737/4737
f 4654/4654/4654 4655/4655/4655 4737/4737/4737
f 4737/4737/4737 4655/4655/4655 4738/4738/4738
f 4655/4655/4655 4656/4656/4656 4738/4738/4738
f 4738/4738/4738 4656/4656/4656 4739/4739/4739
f 4656/4656/4656 4657/4657/4657 4739/4739/4739
f 4739/4739/4739 4657/4657/4657 4740/4740/4740
f 4740/4740/4740 4657/4657/4657 4741/4741/4741
f 4657/4657/4657 4658/4658/4658 4741/4741/4741
f 4741/4741/4741 4658/4658/4658 4742/4742/4742
f 4658/4658/4658 4659/4659/4659 4742/4742/4742
f 4742/4742/4742 4659/4659/4659 4743/4743/4743
f 4659/4659/4659 4660/4660/4660 4743/4743/4743
f 4660/4660/4660 4661/4661/4661 4743/4743/4743
f 4743/4743/4743 4661/4661/4661 4744/4744/4744
f 4661/4661/4661 4662/4662/4662 4744/4744/4744
f 4744/4744/4744 4662/4662/4662 4745/4745/4745
f 4745/4745/4745 4662/4662/4662 4746/4746/4746
f 4662/4662/4662 4663/4663/4663 4746/4746/4746
f 4747/4747/4747 4746/4746/4746 4748/4748/4748
f 4746/4746/4746 4663/4663/4663 4748/4748/4748
f 4748/4748/4748 4663/4663/4663 4749/4749/4749
f 4663/4663/4663 4664/4664/4664 4749/4749/4749
f 4664/4664/4664 4665/4665/4665 4749/4749/4749
f 4749/4749/4749 4665/4665/4665 4750/4750/4750
f 4665/4665/4665 4666/4666/4666 4750/4750/4750
f 4750/4750/4750 4666/4666/4666 4751/4751/4751
f 4751/4751/4751 4666/4666/4666 4752/4752/4752
f 4666/4666/4666 4667/4667/4667 4752/4752/4752
f 4667/4667/4667 4668/4668/4668 4752/4752/4752
f 4752/4752/4752 4668/4668/4668 4753/4753/4753
f 4668/4668/4668 4669/4669/4669 4753/4753/4753
f 4669/4669/4669 4754/4754/4754 4753/4753/4753
f 4753/4753/4753 4754/4754/4754 4755/4755/4755
f 4756/4756/4756 4755/4755/4755 4757/4757/4757
f 4755/4755/4755 4754/4754/4754 4757/4757/4757
f 4754/4754/4754 4669/4669/4669 4757/4757/4757
f 4757/4757/4757 4669/4669/4669 4758/4758/4758
f 4758/4758/4758 4669/4669/4669 4759/4759/4759
f 4669/4669/4669 4670/4670/4670 4759/4759/4759
f 4759/4759/4759 4670/4670/4670 4760/4760/4760
f 4670/4670/4670 4671/4671/4671 4760/4760/4760
f 4760/4760/4760 4671/4671/4671 4761/4761/4761
f 4671/4671/4671 4672/4672/4672 4761/4761/4761
f 4761/4761/4761 4672/4672/4672 4762/4762/4762
f 4672/4672/4672 4673/4673/4673 4762/4762/4762
f 4762/4762/4762 4673/4673/4673 4763/4763/4763
f 4673/4673/4673 4674/4674/4674 4763/4763/4763
f 4674/4674/4674 4675/4675/4675 4763/4763/4763
f 4763/4763/4763 4675/4675/4675 4764/4764/4764
f 4675/4675/4675 4676/4676/4676 4764/4764/4764
f 4764/4764/4764 4676/4676/4676 4765/4765/4765
f 4676/4676/4676 4677/4677/4677 4765/4765/4765
f 4765/4765/4765 4677/4677/4677 4766/4766/4766
f 4677/4677/4677 4678/4678/4678 4766/4766/4766
f 4766/4766/4766 4678/4678/4678 4767/4767/4767
f 4678/4678/4678 4679/4679/4679 4767/4767/4767
f 4767/4767/4767 4679/4679/4679 4768/4768/4768
f 4679/4679/4679 4680/4680/4680 4768/4768/4768
f 4768/4768/4768 4680/4680/4680 4769/4769/4769
f 4680/4680/4680 4681/4681/4681 4769/4769/4769
f 4769/4769/4769 4681/4681/4681 4770/4770/4770
f 4681/4681/4681 4682/4682/4682 4770/4770/4770
f 4770/4770/4770 4682/4682/4682 4771/4771/4771
f 4682/4682/4682 4683/4683/4683 4771/4771/4771
f 4771/4771/4771 4683/4683/4683 4772/4772/4772
f 4683/4683/4683 4684/4684/4684 4772/4772/4772
f 4772/4772/4772 4684/4684/4684 4773/4773/4773
f 4684/4684/4684 4685/4685/4685 4773/4773/4773
f 4773/4773/4773 4685/4685/4685 4774/4774/4774
f 4685/4685/4685 4686/4686/4686 4774/4774/4774
f 4774/4774/4774 4686/4686/4686 4775/4775/4775
f 4775/4775/4775 4686/4686/4686 4776/4776/4776
f 4686/4686/4686 4687/4687/4687 4776/4776/4776
f 4776/4776/4776 4687/4687/4687 4777/4777/4777
f 4687/4687/4687 4688/4688/4688 4777/4777/4777
f 4777/4777/4777 4688/4688/4688 4778/4778/4778
f 4688/4688/4688 4689/4689/4689 4778/4778/4778
f 4778/4778/4778 4689/4689/4689 4779/4779/4779
f 4689/4689/4689 4690/4690/4690 4779/4779/4779
f 4779/4779/4779 4690/4690/4690 4780/4780/4780
f 4690/4690/4690 4691/4691/4691 4780/4780/4780
f 4780/4780/4780 4691/4691/4691 4781/4781/4781
f 4691/4691/4691 4692/4692/4692 4781/4781/4781
f 4781/4781/4781 4692/4692/4692 4782/4782/4782
f 4692/4692/4692 4693/4693/4693 4782/4782/4782
f 4782/4782/4782 4693/4693/4693 4783/4783/4783
f 4693/4693/4693 4694/4694/4694 4783/4783/4783
f 4783/4783/4783 4694/4694/4694 4784/4784/4784
f 4694/4694/4694 4695/4695/4695 4784/4784/4784
f 4784/4784/4784 4695/4695/4695 4785/4785/4785
f 4695/4695/4695 4696/4696/4696 4785/4785/4785
f 4785/4785/4785 4696/4696/4696 4786/4786/4786
f 4696/4696/4696 4697/4697/4697 4786/4786/4786
f 4786/4786/4786 4697/4697/4697 4787/4787/4787
f 4697/4697/4697 4698/4698/4698 4787/4787/4787
f 4698/4698/4698 4699/4699/4699 4787/4787/4787
f 4787/4787/4787 4699/4699/4699 4788/4788/4788
f 4699/4699/4699 4700/4700/4700 4788/4788/4788
f 4788/4788/4788 4700/4700/4700 4789/4789/4789
f 4700/4700/4700 4701/4701/4701 4789/4789/4789
f 4789/4789/4789 4701/4701/4701 4790/4790/4790
f 4701/4701/4701 4702/4702/4702 4790/4790/4790
f 4790/4790/4790 4702/4702/4702 4791/4791/4791
f 4702/4702/4702 4703/4703/4703 4791/4791/4791
f 4791/4791/4791 4703/4703/4703 4792/4792/4792
f 4792/4792/4792 4703/4703/4703 4793/4793/4793
f 4703/4703/4703 4704/4704/4704 4793/4793/4793
f 4794/4794/4794 4793/4793/4793 4795/4795/4795
f 4793/4793/4793 4704/4704/4704 4795/4795/4795
f 4704/4704/4704 4705/4705/4705 4795/4795/4795
f 4795/4795/4795 4705/4705/4705 4796/4796/4796
f 4705/4705/4705 4706/4706/4706 4796/4796/4796
f 4796/4796/4796 4706/4706/4706 4797/4797/4797
f 4797/4797/4797 4706/4706/4706 4798/4798/4798
f 4706/4706/4706 4707/4707/4707 4798/4798/4798
f 4798/4798/4798 4707/4707/4707 4799/4799/4799
f 4707/4707/4707 4708/4708/4708 4799/4799/4799
f 4708/4708/4708 4709/4709/4709 4799/4799/4799
f 4799/4799/4799 4709/4709/4709 4800/4800/4800
f 4800/4800/4800 4709/4709/4709 4801/4801/4801
f 4709/4709/4709 4710/4710/4710 4801/4801/4801
f 4801/4801/4801 4710/4710/4710 4802/4802/4802
f 4710/4710/4710 4711/4711/4711 4802/4802/4802
f 4803/4803/4803 4802/4802/4802 4804/4804/4804
f 4802/4802/4802 4711/4711/4711 4804/4804/4804
f 4711/4711/4711 4712/4712/4712 4804/4804/4804
f 4804/4804/4804 4712/4712/4712 4805/4805/4805
f 4712/4712/4712 4713/4713/4713 4805/4805/4805
f 4805/4805/4805 4713/4713/4713 4806/4806/4806
f 4713/4713/4713 4714/4714/4714 4806/4806/4806
f 4806/4806/4806 4714/4714/4714 4807/4807/4807
f 4807/4807/4807 4714/4714/4714 4808/4808/4808
f 4714/4714/4714 4715/4715/4715 4808/4808/4808
f 4715/4715/4715 4716/4716/4716 4808/4808/4808
f 4808/4808/4808 4716/4716/4716 4809/4809/4809
f 4716/4716/4716 4717/4717/4717 4809/4809/4809
f 4809/4809/4809 4717/4717/4717 4810/4810/4810
f 4717/4717/4717 4718/4718/4718 4810/4810/4810
f 4810/4810/4810 4718/4718/4718 4811/4811/4811
f 4718/4718/4718 4719/4719/4719 4811/4811/4811
f 4811/4811/4811 4719/4719/4719 4812/4812/4812
f 4719/4719/4719 4720/4720/4720 4812/4812/4812
f 4812/4812/4812 4720/4720/4720 4813/4813/4813
f 4720/4720/4720 4721/4721/4721 4813/4813/4813
f 4813/4813/4813 4721/4721/4721 4814/4814/4814
f 4721/4721/4721 4722/4722/4722 4814/4814/4814
f 4814/4814/4814 4722/4722/4722 4815/4815/4815
f 4722/4722/4722 4723/4723/4723 4815/4815/4815
f 4815/4815/4815 4723/4723/4723 4816/4816/4816
f 4723/4723/4723 4724/4724/4724 4816/4816/4816
f 4816/4816/4816 4724/4724/4724 4817/4817/4817
f 4724/4724/4724 4725/4725/4725 4817/4817/4817
f 4817/4817/4817 4725/4725/4725 4818/4818/4818
f 4725/4725/4725 4726/4726/4726 4818/4818/4818
f 4818/4818/4818 4726/4726/4726 4819/4819/4819
f 4726/4726/4726 4727/4727/4727 4819/4819/4819
f 4819/4819/4819 4727/4727/4727 4820/4820/4820
f 4727/4727/4727 4728/4728/4728 4820/4820/4820
f 4820/4820/4820 4728/4728/4728 4821/4821/4821
f 4728/4728/4728 4729/4729/4729 4821/4821/4821
f 4821/4821/4821 4729/4729/4729 4822/4822/4822
f 4822/4822/4822 4729/4729/4729 4823/4823/4823
f 4729/4729/4729 4730/4730/4730 4823/4823/4823
f 4823/4823/4823 4730/4730/4730 4824/4824/4824
f 4730/4730/4730 4731/4731/4731 4824/4824/4824
f 4824/4824/4824 4731/4731/4731 4825/4825/4825
f 4731/4731/4731 4732/4732/4732 4825/4825/4825
f 4825/4825/4825 4732/4732/4732 4826/4826/4826
f 4732/4732/4732 4733/4733/4733 4826/4826/4826
f 4826/4826/4826 4733/4733/4733 4827/4827/4827
f 4733/4733/4733 4734/4734/4734 4827/4827/4827
f 4827/4827/4827 4734/4734/4734 4828/4828/4828
f 4734/4734/4734 4735/4735/4735 4828/4828/4828
f 4828/4828/4828 4735/4735/4735 4829/4829/4829
f 4735/4735/4735 4736/4736/4736 4829/4829/4829
f 4829/4829/4829 4736/4736/4736 4830/4830/4830
f 4736/4736/4736 4737/4737/4737 4830/4830/4830
f 4830/4830/4830 4737/4737/4737 4831/4831/4831
f 4737/4737/4737 4738/4738/4738 4831/4831/4831
f 4831/4831/4831 4738/4738/4738 4832/4832/4832
f 4738/4738/4738 4739/4739/4739 4832/4832/4832
f 4832/4832/4832 4739/4739/4739 4833/4833/4833
f 4739/4739/4739 4740/4740/4740 4833/4833/4833
f 4833/4833/4833 4740/4740/4740 4834/4834/4834
f 4740/4740/4740 4741/4741/4741 4834/4834/4834
f 4834/4834/4834 4741/4741/4741 4835/4835/4835
f 4741/4741/4741 4742/4742/4742 4835/4835/4835
f 4835/4835/4835 4742/4742/4742 4836/4836/4836
f 4742/4742/4742 4743/4743/4743 4836/4836/4836
f 4743/4743/4743 4744/4744/4744 4836/4836/4836
f 4836/4836/4836 4744/4744/4744 4837/4837/4837
f 4837/4837/4837 4744/4744/4744 4838/4838/4838
f 4744/4744/4744 4745/4745/4745 4838/4838/4838
f 4838/4838/4838 4745/4745/4745 4839/4839/4839
f 4745/4745/4745 4746/4746/4746 4839/4839/4839
f 4839/4839/4839 4746/4746/4746 4840/4840/4840
f 4746/4746/4746 4747/4747/4747 4840/4840/4840
f 4841/4841/4841 4840/4840/4840 4842/4842/4842
f 4840/4840/4840 4747/4747/4747 4842/4842/4842
f 4747/4747/4747 4748/4748/4748 4842/4842/4842
f 4842/4842/4842 4748/4748/4748 4843/4843/4843
f 4748/4748/4748 4749/4749/4749 4843/4843/4843
f 4843/4843/4843 4749/4749/4749 4844/4844/4844
f 4844/4844/4844 4749/4749/4749 4845/4845/4845
f 4749/4749/4749 4750/4750/4750 4845/4845/4845
f 4750/4750/4750 4751/4751/4751 4845/4845/4845
f 4845/4845/4845 4751/4751/4751 4846/4846/4846
f 4751/4751/4751 4752/4752/4752 4846/4846/4846
f 4846/4846/4846 4752/4752/4752 4847/4847/4847
f 4847/4847/4847 4752/4752/4752 4848/4848/4848
f 4752/4752/4752 4753/4753/4753 4848/4848/4848
f 4753/4753/4753 4755/4755/4755 4848/4848/4848
f 4849/4849/4849 4850/4850/4850 4851/4851/4851
f 4850/4850/4850 4852/4852/4852 4851/4851/4851
f 4852/4852/4852 4853/4853/4853 4851/4851/4851
f 4851/4851/4851 4853/4853/4853 4854/4854/4854
f 4854/4854/4854 4853/4853/4853 4855/4855/4855
f 4855/4855/4855 4853/4853/4853 4856/4856/4856
f 4857/4857/4857 4856/4856/4856 4858/4858/4858
f 4856/4856/4856 4853/4853/4853 4858/4858/4858
f 4858/4858/4858 4853/4853/4853 4859/4859/4859
f 4853/4853/4853 4852/4852/4852 4859/4859/4859
f 4859/4859/4859 4852/4852/4852 4860/4860/4860
f 4852/4852/4852 4850/4850/4850 4860/4860/4860
f 4860/4860/4860 4850/4850/4850 4861/4861/4861
f 4861/4861/4861 4850/4850/4850 4862/4862/4862
f 4862/4862/4862 4850/4850/4850 4863/4863/4863
f 4850/4850/4850 4849/4849/4849 4863/4863/4863
f 4863/4863/4863 4849/4849/4849 4864/4864/4864
f 4864/4864/4864 4849/4849/4849 4865/4865/4865
f 4849/4849/4849 4851/4851/4851 4865/4865/4865
f 4865/4865/4865 4851/4851/4851 4866/4866/4866
f 4851/4851/4851 4854/4854/4854 4866/4866/4866
f 4866/4866/4866 4854/4854/4854 4867/4867/4867
f 4854/4854/4854 4855/4855/4855 4867/4867/4867
f 4867/4867/4867 4855/4855/4855 4868/4868/4868
f 4869/4869/4869 4870/4870/4870 4871/4871/4871
f 4871/4871/4871 4870/4870/4870 4872/4872/4872
f 4872/4872/4872 4870/4870/4870 4873/4873/4873
f 4870/4870/4870 4874/4874/4874 4873/4873/4873
f 4874/4874/4874 4875/4875/4875 4873/4873/4873
f 4873/4873/4873 4875/4875/4875 4876/4876/4876
f 4876/4876/4876 4875/4875/4875 4877/4877/4877
f 4875/4875/4875 4878/4878/4878 4877/4877/4877
f 4877/4877/4877 4878/4878/4878 4879/4879/4879
f 4878/4878/4878 4880/4880/4880 4879/4879/4879
f 4879/4879/4879 4880/4880/4880 4881/4881/4881
f 4880/4880/4880 4882/4882/4882 4881/4881/4881
f 4881/4881/4881 4882/4882/4882 4883/4883/4883
f 4882/4882/4882 4884/4884/4884 4883/4883/4883
f 4883/4883/4883 4884/4884/4884 4885/4885/4885
f 4886/4886/4886 4885/4885/4885 4887/4887/4887
f 4885/4885/4885 4884/4884/4884 4887/4887/4887
f 4887/4887/4887 4884/4884/4884 4888/4888/4888
f 4888/4888/4888 4884/4884/4884 4889/4889/4889
f 4884/4884/4884 4882/4882/4882 4889/4889/4889
f 4889/4889/4889 4882/4882/4882 4890/4890/4890
f 4882/4882/4882 4880/4880/4880 4890/4890/4890
f 4890/4890/4890 4880/4880/4880 4891/4891/4891
f 4880/4880/4880 4878/4878/4878 4891/4891/4891
f 4891/4891/4891 4878/4878/4878 4892/4892/4892
f 4878/4878/4878 4875/4875/4875 4892/4892/4892
f 4892/4892/4892 4875/4875/4875 4893/4893/4893
f 4875/4875/4875 4874/4874/4874 4893/4893/4893
f 4893/4893/4893 4874/4874/4874 4894/4894/4894
f 4874/4874/4874 4870/4870/4870 4894/4894/4894
f 4894/4894/4894 4870/4870/4870 4895/4895/4895
f 4870/4870/4870 4869/4869/4869 4895/4895/4895
f 4895/4895/4895 4869/4869/4869 4896/4896/4896
f 4896/4896/4896 4869/4869/4869 4897/4897/4897
f 4869/4869/4869 4871/4871/4871 4897/4897/4897
f 4897/4897/4897 4871/4871/4871 4898/4898/4898
f 4898/4898/4898 4871/4871/4871 4899/4899/4899
f 4899/4899/4899 4871/4871/4871 4900/4900/4900
f 4871/4871/4871 4872/4872/4872 4900/4900/4900
f 4900/4900/4900 4872/4872/4872 4901/4901/4901
f 4872/4872/4872 4873/4873/4873 4901/4901/4901
f 4901/4901/4901 4873/4873/4873 4902/4902/4902
f 4873/4873/4873 4876/4876/4876 4902/4902/4902
f 4902/4902/4902 4876/4876/4876 4903/4903/4903
f 4876/4876/4876 4877/4877/4877 4903/4903/4903
f 4903/4903/4903 4877/4877/4877 4904/4904/4904
f 4877/4877/4877 4879/4879/4879 4904/4904/4904
f 4904/4904/4904 4879/4879/4879 4905/4905/4905
f 4879/4879/4879 4881/4881/4881 4905/4905/4905
f 4905/4905/4905 4881/4881/4881 4906/4906/4906
f 4881/4881/4881 4883/4883/4883 4906/4906/4906
f 4906/4906/4906 4883/4883/4883 4907/4907/4907
f 4907/4907/4907 4883/4883/4883 4908/4908/4908
f 4909/4909/4909 4908/4908/4908 4910/4910/4910
f 4908/4908/4908 4883/4883/4883 4910/4910/4910
f 4883/4883/4883 4885/4885/4885 4910/4910/4910
f 4910/4910/4910 4885/4885/4885 4911/4911/4911
f 4885/4885/4885 4886/4886/4886 4911/4911/4911
f 4886/4886/4886 4912/4912/4912 4911/4911/4911
f 4911/4911/4911 4912/4912/4912 4913/4913/4913
f 4912/4912/4912 4868/4868/4868 4913/4913/4913
f 4868/4868/4868 4855/4855/4855 4913/4913/4913
f 4913/4913/4913 4855/4855/4855 4914/4914/4914
f 4855/4855/4855 4856/4856/4856 4914/4914/4914
f 4856/4856/4856 4857/4857/4857 4914/4914/4914
f 4857/4857/4857 4915/4915/4915 4914/4914/4914
f 4914/4914/4914 4915/4915/4915 4916/4916/4916
f 4915/4915/4915 4909/4909/4909 4916/4916/4916
f 4909/4909/4909 4910/4910/4910 4916/4916/4916
f 4910/4910/4910 4911/4911/4911 4916/4916/4916
f 4911/4911/4911 4913/4913/4913 4916/4916/4916
f 4917/4917/4917 4918/4918/4918 4919/4919/4919
f 4918/4918/4918 4920/4920/4920 4919/4919/4919
f 4921/4921/4921 4919/4919/4919 4922/4922/4922
f 4919/4919/4919 4920/4920/4920 4922/4922/4922
f 4923/4923/4923 4924/4924/4924 4925/4925/4925
f 4924/4924/4924 4926/4926/4926 4925/4925/4925
f 4925/4925/4925 4926/4926/4926 4927/4927/4927
f 4926/4926/4926 4928/4928/4928 4927/4927/4927
f 4929/4929/4929 4927/4927/4927 4930/4930/4930
f 4927/4927/4927 4928/4928/4928 4930/4930/4930
f 4931/4931/4931 4930/4930/4930 4932/4932/4932
f 4932/4932/4932 4930/4930/4930 4933/4933/4933
f 4930/4930/4930 4928/4928/4928 4933/4933/4933
f 4928/4928/4928 4926/4926/4926 4933/4933/4933
f 4933/4933/4933 4926/4926/4926 4934/4934/4934
f 4934/4934/4934 4926/4926/4926 4935/4935/4935
f 4926/4926/4926 4924/4924/4924 4935/4935/4935
f 4935/4935/4935 4924/4924/4924 4936/4936/4936
f 4936/4936/4936 4924/4924/4924 4937/4937/4937
f 4937/4937/4937 4924/4924/4924 4938/4938/4938
f 4924/4924/4924 4923/4923/4923 4938/4938/4938
f 4938/4938/4938 4923/4923/4923 4939/4939/4939
f 4939/4939/4939 4923/4923/4923 4940/4940/4940
f 4940/4940/4940 4923/4923/4923 4941/4941/4941
f 4923/4923/4923 4925/4925/4925 4941/4941/4941
f 4941/4941/4941 4925/4925/4925 4942/4942/4942
f 4925/4925/4925 4927/4927/4927 4942/4942/4942
f 4927/4927/4927 4929/4929/4929 4942/4942/4942
f 4929/4929/4929 4922/4922/4922 4942/4942/4942
f 4922/4922/4922 4920/4920/4920 4942/4942/4942
f 4942/4942/4942 4920/4920/4920 4943/4943/4943
f 4920/4920/4920 4918/4918/4918 4943/4943/4943
f 4943/4943/4943 4918/4918/4918 4944/4944/4944
f 4944/4944/4944 4918/4918/4918 4945/4945/4945
f 4945/4945/4945 4918/4918/4918 4946/4946/4946
f 4918/4918/4918 4917/4917/4917 4946/4946/4946
f 4946/4946/4946 4917/4917/4917 4947/4947/4947
f 4947/4947/4947 4917/4917/4917 4948/4948/4948
f 4948/4948/4948 4917/4917/4917 4949/4949/4949
f 4949/4949/4949 4917/4917/4917 4950/4950/4950
f 4917/4917/4917 4919/4919/4919 4950/4950/4950
f 4950/4950/4950 4919/4919/4919 4951/4951/4951
f 4919/4919/4919 4921/4921/4921 4951/4951/4951
f 4952/4952/4952 4953/4953/4953 4954/4954/4954
f 4954/4954/4954 4953/4953/4953 4955/4955/4955
f 4951/4951/4951 4955/4955/4955 4956/4956/4956
f 4955/4955/4955 4953/4953/4953 4956/4956/4956
f 4956/4956/4956 4953/4953/4953 4957/4957/4957
f 4957/4957/4957 4953/4953/4953 4958/4958/4958
f 4958/4958/4958 4953/4953/4953 4959/4959/4959
f 4953/4953/4953 4952/4952/4952 4959/4959/4959
f 4959/4959/4959 4952/4952/4952 4960/4960/4960
f 4960/4960/4960 4952/4952/4952 4961/4961/4961
f 4961/4961/4961 4952/4952/4952 4962/4962/4962
f 4952/4952/4952 4954/4954/4954 4962/4962/4962
f 4962/4962/4962 4954/4954/4954 4963/4963/4963
f 4963/4963/4963 4954/4954/4954 4964/4964/4964
f 4964/4964/4964 4954/4954/4954 4965/4965/4965
f 4965/4965/4965 4954/4954/4954 4966/4966/4966
f 4954/4954/4954 4955/4955/4955 4966/4966/4966
f 4955/4955/4955 4951/4951/4951 4966/4966/4966
f 4966/4966/4966 4951/4951/4951 4967/4967/4967
f 4951/4951/4951 4921/4921/4921 4967/4967/4967
f 4921/4921/4921 4922/4922/4922 4967/4967/4967
f 4922/4922/4922 4929/4929/4929 4967/4967/4967
f 4967/4967/4967 4929/4929/4929 4968/4968/4968
f 4929/4929/4929 4930/4930/4930 4968/4968/4968
f 4930/4930/4930 4931/4931/4931 4968/4968/4968
f 4931/4931/4931 4964/4964/4964 4968/4968/4968
f 4964/4964/4964 4965/4965/4965 4968/4968/4968
f 4965/4965/4965 4966/4966/4966 4968/4968/4968
f 4969/4969/4969 4970/4970/4970 4971/4971/4971
f 4971/4971/4971 4970/4970/4970 4972/4972/4972
f 4972/4972/4972 4970/4970/4970 4973/4973/4973
f 4970/4970/4970 4974/4974/4974 4973/4973/4973
f 4973/4973/4973 4974/4974/4974 4975/4975/4975
f 4974/4974/4974 4976/4976/4976 4975/4975/4975
f 4975/4975/4975 4976/4976/4976 4977/4977/4977
f 4976/4976/4976 4978/4978/4978 4977/4977/4977
f 4977/4977/4977 4978/4978/4978 4979/4979/4979
f 4978/4978/4978 4980/4980/4980 4979/4979/4979
f 4980/4980/4980 4981/4981/4981 4979/4979/4979
f 4979/4979/4979 4981/4981/4981 4982/4982/4982
f 4982/4982/4982 4981/4981/4981 4983/4983/4983
f 4981/4981/4981 4984/4984/4984 4983/4983/4983
f 4984/4984/4984 4985/4985/4985 4983/4983/4983
f 4983/4983/4983 4985/4985/4985 4986/4986/4986
f 4986/4986/4986 4985/4985/4985 4987/4987/4987
f 4985/4985/4985 4988/4988/4988 4987/4987/4987
f 4988/4988/4988 4989/4989/4989 4987/4987/4987
f 4987/4987/4987 4989/4989/4989 4990/4990/4990
f 4989/4989/4989 4991/4991/4991 4990/4990/4990
f 4990/4990/4990 4991/4991/4991 4992/4992/4992
f 4991/4991/4991 4993/4993/4993 4992/4992/4992
f 4992/4992/4992 4993/4993/4993 4994/4994/4994
f 4993/4993/4993 4995/4995/4995 4994/4994/4994
f 4994/4994/4994 4995/4995/4995 4996/4996/4996
f 4996/4996/4996 4995/4995/4995 4997/4997/4997
f 4995/4995/4995 4998/4998/4998 4997/4997/4997
f 4997/4997/4997 4998/4998/4998 4999/4999/4999
f 4999/4999/4999 4998/4998/4998 5000/5000/5000
f 5000/5000/5000 4998/4998/4998 5001/5001/5001
f 4998/4998/4998 4995/4995/4995 5001/5001/5001
f 5001/5001/5001 4995/4995/4995 5002/5002/5002
f 4995/4995/4995 4993/4993/4993 5002/5002/5002
f 5002/5002/5002 4993/4993/4993 5003/5003/5003
f 4993/4993/4993 4991/4991/4991 5003/5003/5003
f 5003/5003/5003 4991/4991/4991 5004/5004/5004
f 5004/5004/5004 4991/4991/4991 5005/5005/5005
f 4991/4991/4991 4989/4989/4989 5005/5005/5005
f 5005/5005/5005 4989/4989/4989 5006/5006/5006
f 4989/4989/4989 4988/4988/4988 5006/5006/5006
f 5006/5006/5006 4988/4988/4988 5007/5007/5007
f 4988/4988/4988 4985/4985/4985 5007/5007/5007
f 5007/5007/5007 4985/4985/4985 5008/5008/5008
f 4985/4985/4985 4984/4984/4984 5008/5008/5008
f 4984/4984/4984 4981/4981/4981 5008/5008/5008
f 5008/5008/5008 4981/4981/4981 5009/5009/5009
f 4981/4981/4981 4980/4980/4980 5009/5009/5009
f 5009/5009/5009 4980/4980/4980 5010/5010/5010
f 4980/4980/4980 4978/4978/4978 5010/5010/5010
f 5010/5010/5010 4978/4978/4978 5011/5011/5011
f 4978/4978/4978 4976/4976/4976 5011/5011/5011
f 5011/5011/5011 4976/4976/4976 5012/5012/5012
f 5012/5012/5012 4976/4976/4976 5013/5013/5013
f 4976/4976/4976 4974/4974/4974 5013/5013/5013
f 5013/5013/5013 4974/4974/4974 5014/5014/5014
f 4974/4974/4974 4970/4970/4970 5014/5014/5014
f 5014/5014/5014 4970/4970/4970 5015/5015/5015
f 4970/4970/4970 4969/4969/4969 5015/5015/5015
f 5015/5015/5015 4969/4969/4969 5016/5016/5016
f 5016/5016/5016 4969/4969/4969 5017/5017/5017
f 4969/4969/4969 4971/4971/4971 5017/5017/5017
f 5017/5017/5017 4971/4971/4971 5018/5018/5018
f 5018/5018/5018 4971/4971/4971 5019/5019/5019
f 5019/5019/5019 4971/4971/4971 5020/5020/5020
f 4971/4971/4971 4972/4972/4972 5020/5020/5020
f 5020/5020/5020 4972/4972/4972 5021/5021/5021
f 4972/4972/4972 4973/4973/4973 5021/5021/5021
f 5021/5021/5021 4973/4973/4973 5022/5022/5022
f 4973/4973/4973 4975/4975/4975 5022/5022/5022
f 5022/5022/5022 4975/4975/4975 5023/5023/5023
f 4975/4975/4975 4977/4977/4977 5023/5023/5023
f 5023/5023/5023 4977/4977/4977 5024/5024/5024
f 4977/4977/4977 4979/4979/4979 5024/5024/5024
f 5024/5024/5024 4979/4979/4979 5025/5025/5025
f 4979/4979/4979 4982/4982/4982 5025/5025/5025
f 5025/5025/5025 4982/4982/4982 5026/5026/5026
f 4982/4982/4982 4983/4983/4983 5026/5026/5026
f 5026/5026/5026 4983/4983/4983 5027/5027/5027
f 5027/5027/5027 4983/4983/4983 5028/5028/5028
f 4983/4983/4983 4986/4986/4986 5028/5028/5028
f 5028/5028/5028 4986/4986/4986 5029/5029/5029
f 4986/4986/4986 4987/4987/4987 5029/5029/5029
f 5029/5029/5029 4987/4987/4987 5030/5030/5030
f 4987/4987/4987 4990/4990/4990 5030/5030/5030
f 5030/5030/5030 4990/4990/4990 5031/5031/5031
f 4990/4990/4990 4992/4992/4992 5031/5031/5031
f 5031/5031/5031 4992/4992/4992 5032/5032/5032
f 4992/4992/4992 4994/4994/4994 5032/5032/5032
f 5032/5032/5032 4994/4994/4994 5033/5033/5033
f 4994/4994/4994 4996/4996/4996 5033/5033/5033
f 5033/5033/5033 4996/4996/4996 5034/5034/5034
f 4996/4996/4996 4997/4997/4997 5034/5034/5034
f 5034/5034/5034 4997/4997/4997 5035/5035/5035
f 5035/5035/5035 4997/4997/4997 5036/5036/5036
f 4997/4997/4997 4999/4999/4999 5036/5036/5036
f 5037/5037/5037 5038/5038/5038 5039/5039/5039
f 5038/5038/5038 5040/5040/5040 5039/5039/5039
f 5040/5040/5040 5041/5041/5041 5039/5039/5039
f 5039/5039/5039 5041/5041/5041 5042/5042/5042
f 5041/5041/5041 5043/5043/5043 5042/5042/5042
f 5042/5042/5042 5043/5043/5043 5044/5044/5044
f 5043/5043/5043 5045/5045/5045 5044/5044/5044
f 5044/5044/5044 5045/5045/5045 5046/5046/5046
f 5045/5045/5045 5047/5047/5047 5046/5046/5046
f 5046/5046/5046 5047/5047/5047 5048/5048/5048
f 5047/5047/5047 5049/5049/5049 5048/5048/5048
f 5048/5048/5048 5049/5049/5049 5050/5050/5050
f 5049/5049/5049 5051/5051/5051 5050/5050/5050
f 5050/5050/5050 5051/5051/5051 5052/5052/5052
f 5051/5051/5051 5053/5053/5053 5052/5052/5052
f 5052/5052/5052 5053/5053/5053 5054/5054/5054
f 5053/5053/5053 5055/5055/5055 5054/5054/5054
f 5054/5054/5054 5055/5055/5055 5056/5056/5056
f 5055/5055/5055 5057/5057/5057 5056/5056/5056
f 5056/5056/5056 5057/5057/5057 5058/5058/5058
f 5058/5058/5058 5057/5057/5057 5059/5059/5059
f 5059/5059/5059 5057/5057/5057 5060/5060/5060
f 5060/5060/5060 5057/5057/5057 5061/5061/5061
f 5061/5061/5061 5057/5057/5057 5062/5062/5062
f 5057/5057/5057 5055/5055/5055 5062/5062/5062
f 5062/5062/5062 5055/5055/5055 5063/5063/5063
f 5063/5063/5063 5055/5055/5055 5064/5064/5064
f 5055/5055/5055 5053/5053/5053 5064/5064/5064
f 5064/5064/5064 5053/5053/5053 5065/5065/5065
f 5053/5053/5053 5051/5051/5051 5065/5065/5065
f 5065/5065/5065 5051/5051/5051 5066/5066/5066
f 5051/5051/5051 5049/5049/5049 5066/5066/5066
f 5066/5066/5066 5049/5049/5049 5067/5067/5067
f 5049/5049/5049 5047/5047/5047 5067/5067/5067
f 5047/5047/5047 5045/5045/5045 5067/5067/5067
f 5067/5067/5067 5045/5045/5045 5068/5068/5068
f 5045/5045/5045 5043/5043/5043 5068/5068/5068
f 5068/5068/5068 5043/5043/5043 5069/5069/5069
f 5043/5043/5043 5041/5041/5041 5069/5069/5069
f 5069/5069/5069 5041/5041/5041 5070/5070/5070
f 5041/5041/5041 5040/5040/5040 5070/5070/5070
f 5070/5070/5070 5040/5040/5040 5071/5071/5071
f 5071/5071/5071 5040/5040/5040 5072/5072/5072
f 5040/5040/5040 5038/5038/5038 5072/5072/5072
f 5072/5072/5072 5038/5038/5038 5073/5073/5073
f 5073/5073/5073 5038/5038/5038 5074/5074/5074
f 5038/5038/5038 5037/5037/5037 5074/5074/5074
f 5074/5074/5074 5037/5037/5037 5075/5075/5075
f 5076/5076/5076 5075/5075/5075 5077/5077/5077
f 5075/5075/5075 5037/5037/5037 5077/5077/5077
f 5077/5077/5077 5037/5037/5037 5078/5078/5078
f 5037/5037/5037 5039/5039/5039 5078/5078/5078
f 5078/5078/5078 5039/5039/5039 5079/5079/5079
f 5039/5039/5039 5042/5042/5042 5079/5079/5079
f 5079/5079/5079 5042/5042/5042 5080/5080/5080
f 5042/5042/5042 5044/5044/5044 5080/5080/5080
f 5080/5080/5080 5044/5044/5044 5081/5081/5081
f 5044/5044/5044 5046/5046/5046 5081/5081/5081
f 5081/5081/5081 5046/5046/5046 5082/5082/5082
f 5046/5046/5046 5048/5048/5048 5082/5082/5082
f 5048/5048/5048 5050/5050/5050 5082/5082/5082
f 5082/5082/5082 5050/5050/5050 5083/5083/5083
f 5050/5050/5050 5052/5052/5052 5083/5083/5083
f 5083/5083/5083 5052/5052/5052 5084/5084/5084
f 5052/5052/5052 5054/5054/5054 5084/5084/5084
f 5084/5084/5084 5054/5054/5054 5085/5085/5085
f 5054/5054/5054 5056/5056/5056 5085/5085/5085
f 5085/5085/5085 5056/5056/5056 5086/5086/5086
f 5056/5056/5056 5058/5058/5058 5086/5086/5086
f 5086/5086/5086 5058/5058/5058 5087/5087/5087
f 5058/5058/5058 5059/5059/5059 5087/5087/5087
f 5087/5087/5087 5059/5059/5059 5088/5088/5088
f 5088/5088/5088 5059/5059/5059 5089/5089/5089
f 5089/5089/5089 5059/5059/5059 5090/5090/5090
f 5059/5059/5059 5060/5060/5060 5090/5090/5090
f 5090/5090/5090 5060/5060/5060 5091/5091/5091
f 5060/5060/5060 5061/5061/5061 5091/5091/5091
f 5091/5091/5091 5061/5061/5061 5092/5092/5092
f 5092/5092/5092 5061/5061/5061 5093/5093/5093
f 5061/5061/5061 5062/5062/5062 5093/5093/5093
f 5093/5093/5093 5062/5062/5062 5094/5094/5094
f 5062/5062/5062 5063/5063/5063 5094/5094/5094
f 5094/5094/5094 5063/5063/5063 5095/5095/5095
f 5095/5095/5095 5063/5063/5063 5096/5096/5096
f 5063/5063/5063 5064/5064/5064 5096/5096/5096
f 5096/5096/5096 5064/5064/5064 5097/5097/5097
f 5064/5064/5064 5065/5065/5065 5097/5097/5097
f 5097/5097/5097 5065/5065/5065 5098/5098/5098
f 5065/5065/5065 5066/5066/5066 5098/5098/5098
f 5098/5098/5098 5066/5066/5066 5099/5099/5099
f 5066/5066/5066 5067/5067/5067 5099/5099/5099
f 5067/5067/5067 5068/5068/5068 5099/5099/5099
f 5099/5099/5099 5068/5068/5068 5100/5100/5100
f 5068/5068/5068 5069/5069/5069 5100/5100/5100
f 5100/5100/5100 5069/5069/5069 5101/5101/5101
f 5069/5069/5069 5070/5070/5070 5101/5101/5101
f 5101/5101/5101 5070/5070/5070 5102/5102/5102
f 5070/5070/5070 5071/5071/5071 5102/5102/5102
f 5102/5102/5102 5071/5071/5071 5103/5103/5103
f 5103/5103/5103 5071/5071/5071 5104/5104/5104
f 5071/5071/5071 5072/5072/5072 5104/5104/5104
f 5104/5104/5104 5072/5072/5072 5105/5105/5105
f 5072/5072/5072 5073/5073/5073 5105/5105/5105
f 5105/5105/5105 5073/5073/5073 5106/5106/5106
f 5106/5106/5106 5073/5073/5073 5107/5107/5107
f 5073/5073/5073 5074/5074/5074 5107/5107/5107
f 5107/5107/5107 5074/5074/5074 5108/5108/5108
f 5108/5108/5108 5074/5074/5074 5109/5109/5109
f 5074/5074/5074 5075/5075/5075 5109/5109/5109
f 5075/5075/5075 5076/5076/5076 5109/5109/5109
f 5109/5109/5109 5076/5076/5076 5110/5110/5110
f 5110/5110/5110 5076/5076/5076 5111/5111/5111
f 5111/5111/5111 5076/5076/5076 5112/5112/5112
f 5076/5076/5076 5077/5077/5077 5112/5112/5112
f 5112/5112/5112 5077/5077/5077 5113/5113/5113
f 5077/5077/5077 5078/5078/5078 5113/5113/5113
f 5113/5113/5113 5078/5078/5078 5114/5114/5114
f 5078/5078/5078 5079/5079/5079 5114/5114/5114
f 5114/5114/5114 5079/5079/5079 5115/5115/5115
f 5079/5079/5079 5080/5080/5080 5115/5115/5115
f 5115/5115/5115 5080/5080/5080 5116/5116/5116
f 5080/5080/5080 5081/5081/5081 5116/5116/5116
f 5116/5116/5116 5081/5081/5081 5117/5117/5117
f 5081/5081/5081 5082/5082/5082 5117/5117/5117
f 5117/5117/5117 5082/5082/5082 5118/5118/5118
f 5118/5118/5118 5082/5082/5082 5119/5119/5119
f 5082/5082/5082 5083/5083/5083 5119/5119/5119
f 5119/5119/5119 5083/5083/5083 5120/5120/5120
f 5083/5083/5083 5084/5084/5084 5120/5120/5120
f 5120/5120/5120 5084/5084/5084 5121/5121/5121
f 5084/5084/5084 5085/5085/5085 5121/5121/5121
f 5121/5121/5121 5085/5085/5085 5122/5122/5122
f 5085/5085/5085 5086/5086/5086 5122/5122/5122
f 5122/5122/5122 5086/5086/5086 5123/5123/5123
f 5086/5086/5086 5087/5087/5087 5123/5123/5123
f 5123/5123/5123 5087/5087/5087 5124/5124/5124
f 5087/5087/5087 5088/5088/5088 5124/5124/5124
f 5124/5124/5124 5088/5088/5088 5125/5125/5125
f 5125/5125/5125 5088/5088/5088 5126/5126/5126
f 5088/5088/5088 5089/5089/5089 5126/5126/5126
f 5126/5126/5126 5089/5089/5089 5127/5127/5127
f 5127/5127/5127 5089/5089/5089 5128/5128/5128
f 5089/5089/5089 5090/5090/5090 5128/5128/5128
f 5128/5128/5128 5090/5090/5090 5129/5129/5129
f 5090/5090/5090 5091/5091/5091 5129/5129/5129
f 5129/5129/5129 5091/5091/5091 5130/5130/5130
f 5091/5091/5091 5092/5092/5092 5130/5130/5130
f 5130/5130/5130 5092/5092/5092 5131/5131/5131
f 5131/5131/5131 5092/5092/5092 5132/5132/5132
f 5092/5092/5092 5093/5093/5093 5132/5132/5132
f 5132/5132/5132 5093/5093/5093 5133/5133/5133
f 5093/5093/5093 5094/5094/5094 5133/5133/5133
f 5133/5133/5133 5094/5094/5094 5134/5134/5134
f 5094/5094/5094 5095/5095/5095 5134/5134/5134
f 5134/5134/5134 5095/5095/5095 5135/5135/5135
f 5135/5135/5135 5095/5095/5095 5136/5136/5136
f 5095/5095/5095 5096/5096/5096 5136/5136/5136
f 5136/5136/5136 5096/5096/5096 5137/5137/5137
f 5096/5096/5096 5097/5097/5097 5137/5137/5137
f 5137/5137/5137 5097/5097/5097 5138/5138/5138
f 5097/5097/5097 5098/5098/5098 5138/5138/5138
f 5138/5138/5138 5098/5098/5098 5139/5139/5139
f 5098/5098/5098 5099/5099/5099 5139/5139/5139
f 5099/5099/5099 5100/5100/5100 5139/5139/5139
f 5139/5139/5139 5100/5100/5100 5140/5140/5140
f 5100/5100/5100 5101/5101/5101 5140/5140/5140
f 5140/5140/5140 5101/5101/5101 5141/5141/5141
f 5101/5101/5101 5102/5102/5102 5141/5141/5141
f 5141/5141/5141 5102/5102/5102 5142/5142/5142
f 5102/5102/5102 5103/5103/5103 5142/5142/5142
f 5142/5142/5142 5103/5103/5103 5143/5143/5143
f 5143/5143/5143 5103/5103/5103 5144/5144/5144
f 5103/5103/5103 5104/5104/5104 5144/5144/5144
f 5144/5144/5144 5104/5104/5104 5145/5145/5145
f 5104/5104/5104 5105/5105/5105 5145/5145/5145
f 5145/5145/5145 5105/5105/5105 5146/5146/5146
f 5105/5105/5105 5106/5106/5106 5146/5146/5146
f 5146/5146/5146 5106/5106/5106 5147/5147/5147
f 5147/5147/5147 5106/5106/5106 5148/5148/5148
f 5106/5106/5106 5107/5107/5107 5148/5148/5148
f 5148/5148/5148 5107/5107/5107 5149/5149/5149
f 5107/5107/5107 5108/5108/5108 5149/5149/5149
f 5149/5149/5149 5108/5108/5108 5150/5150/5150
f 5150/5150/5150 5108/5108/5108 5151/5151/5151
f 5108/5108/5108 5109/5109/5109 5151/5151/5151
f 5109/5109/5109 5110/5110/5110 5151/5151/5151
f 5151/5151/5151 5110/5110/5110 5152/5152/5152
f 5152/5152/5152 5110/5110/5110 5153/5153/5153
f 5110/5110/5110 5111/5111/5111 5153/5153/5153
f 5153/5153/5153 5111/5111/5111 5154/5154/5154
f 5154/5154/5154 5111/5111/5111 5155/5155/5155
f 5111/5111/5111 5112/5112/5112 5155/5155/5155
f 5155/5155/5155 5112/5112/5112 5156/5156/5156
f 5112/5112/5112 5113/5113/5113 5156/5156/5156
f 5156/5156/5156 5113/5113/5113 5157/5157/5157
f 5113/5113/5113 5114/5114/5114 5157/5157/5157
f 5157/5157/5157 5114/5114/5114 5158/5158/5158
f 5114/5114/5114 5115/5115/5115 5158/5158/5158
f 5158/5158/5158 5115/5115/5115 5159/5159/5159
f 5115/5115/5115 5116/5116/5116 5159/5159/5159
f 5159/5159/5159 5116/5116/5116 5160/5160/5160
f 5116/5116/5116 5117/5117/5117 5160/5160/5160
f 5160/5160/5160 5117/5117/5117 5161/5161/5161
f 5117/5117/5117 5118/5118/5118 5161/5161/5161
f 5161/5161/5161 5118/5118/5118 5162/5162/5162
f 5162/5162/5162 5118/5118/5118 5163/5163/5163
f 5118/5118/5118 5119/5119/5119 5163/5163/5163
f 5163/5163/5163 5119/5119/5119 5164/5164/5164
f 5119/5119/5119 5120/5120/5120 5164/5164/5164
f 5164/5164/5164 5120/5120/5120 5165/5165/5165
f 5120/5120/5120 5121/5121/5121 5165/5165/5165
f 5165/5165/5165 5121/5121/5121 5166/5166/5166
f 5121/5121/5121 5122/5122/5122 5166/5166/5166
f 5166/5166/5166 5122/5122/5122 5167/5167/5167
f 5122/5122/5122 5123/5123/5123 5167/5167/5167
f 5167/5167/5167 5123/5123/5123 5168/5168/5168
f 5123/5123/5123 5124/5124/5124 5168/5168/5168
f 5168/5168/5168 5124/5124/5124 5169/5169/5169
f 5124/5124/5124 5125/5125/5125 5169/5169/5169
f 5169/5169/5169 5125/5125/5125 5170/5170/5170
f 5170/5170/5170 5125/5125/5125 5171/5171/5171
f 5125/5125/5125 5126/5126/5126 5171/5171/5171
f 5171/5171/5171 5126/5126/5126 5172/5172/5172
f 5126/5126/5126 5127/5127/5127 5172/5172/5172
f 5173/5173/5173 5174/5174/5174 5175/5175/5175
f 5174/5174/5174 5176/5176/5176 5175/5175/5175
f 5175/5175/5175 5176/5176/5176 5177/5177/5177
f 5176/5176/5176 5178/5178/5178 5177/5177/5177
f 5179/5179/5179 5180/5180/5180 5181/5181/5181
f 5181/5181/5181 5180/5180/5180 5182/5182/5182
f 5180/5180/5180 5183/5183/5183 5182/5182/5182
f 5182/5182/5182 5183/5183/5183 5184/5184/5184
f 5183/5183/5183 5177/5177/5177 5184/5184/5184
f 5177/5177/5177 5178/5178/5178 5184/5184/5184
f 5184/5184/5184 5178/5178/5178 5185/5185/5185
f 5185/5185/5185 5178/5178/5178 5186/5186/5186
f 5178/5178/5178 5176/5176/5176 5186/5186/5186
f 5186/5186/5186 5176/5176/5176 5187/5187/5187
f 5176/5176/5176 5174/5174/5174 5187/5187/5187
f 5187/5187/5187 5174/5174/5174 5188/5188/5188
f 5188/5188/5188 5174/5174/5174 5189/5189/5189
f 5189/5189/5189 5174/5174/5174 5190/5190/5190
f 5174/5174/5174 5173/5173/5173 5190/5190/5190
f 5190/5190/5190 5173/5173/5173 5191/5191/5191
f 5191/5191/5191 5173/5173/5173 5192/5192/5192
f 5173/5173/5173 5175/5175/5175 5192/5192/5192
f 5192/5192/5192 5175/5175/5175 5193/5193/5193
f 5193/5193/5193 5175/5175/5175 5194/5194/5194
f 5175/5175/5175 5177/5177/5177 5194/5194/5194
f 5194/5194/5194 5177/5177/5177 5195/5195/5195
f 5177/5177/5177 5183/5183/5183 5195/5195/5195
f 5195/5195/5195 5183/5183/5183 5196/5196/5196
f 5183/5183/5183 5180/5180/5180 5196/5196/5196
f 5196/5196/5196 5180/5180/5180 5197/5197/5197
f 5180/5180/5180 5179/5179/5179 5197/5197/5197
f 5197/5197/5197 5179/5179/5179 5198/5198/5198
f 5198/5198/5198 5179/5179/5179 5199/5199/5199
f 5179/5179/5179 5181/5181/5181 5199/5199/5199
f 5199/5199/5199 5181/5181/5181 5200/5200/5200
f 5200/5200/5200 5181/5181/5181 5201/5201/5201
f 5201/5201/5201 5181/5181/5181 5202/5202/5202
f 5181/5181/5181 5182/5182/5182 5202/5202/5202
f 5202/5202/5202 5182/5182/5182 5203/5203/5203
f 5203/5203/5203 5182/5182/5182 5204/5204/5204
f 5182/5182/5182 5184/5184/5184 5204/5204/5204
f 5184/5184/5184 5185/5185/5185 5204/5204/5204
f 5205/5205/5205 5206/5206/5206 5207/5207/5207
f 5207/5207/5207 5206/5206/5206 5208/5208/5208
f 5208/5208/5208 5206/5206/5206 5209/5209/5209
f 5210/5210/5210 5209/5209/5209 5211/5211/5211
f 5209/5209/5209 5206/5206/5206 5211/5211/5211
f 5211/5211/5211 5206/5206/5206 5212/5212/5212
f 5206/5206/5206 5205/5205/5205 5212/5212/5212
f 5212/5212/5212 5205/5205/5205 5213/5213/5213
f 5213/5213/5213 5205/5205/5205 5214/5214/5214
f 5214/5214/5214 5205/5205/5205 5215/5215/5215
f 5205/5205/5205 5207/5207/5207 5215/5215/5215
f 5215/5215/5215 5207/5207/5207 5216/5216/5216
f 5216/5216/5216 5207/5207/5207 5217/5217/5217
f 5207/5207/5207 5208/5208/5208 5217/5217/5217
f 5217/5217/5217 5208/5208/5208 5218/5218/5218
f 5218/5218/5218 5208/5208/5208 5219/5219/5219
f 5208/5208/5208 5209/5209/5209 5219/5219/5219
f 5219/5219/5219 5209/5209/5209 5220/5220/5220
f 5209/5209/5209 5210/5210/5210 5220/5220/5220
f 5220/5220/5220 5210/5210/5210 5221/5221/5221
f 5222/5222/5222 5223/5223/5223 5224/5224/5224
f 5223/5223/5223 5225/5225/5225 5224/5224/5224
f 5224/5224/5224 5225/5225/5225 5226/5226/5226
f 5225/5225/5225 5221/5221/5221 5226/5226/5226
f 5226/5226/5226 5221/5221/5221 5227/5227/5227
f 5221/5221/5221 5210/5210/5210 5227/5227/5227
f 5227/5227/5227 5210/5210/5210 5228/5228/5228
f 5210/5210/5210 5211/5211/5211 5228/5228/5228
f 5228/5228/5228 5211/5211/5211 5229/5229/5229
f 5211/5211/5211 5212/5212/5212 5229/5229/5229
f 5229/5229/5229 5212/5212/5212 5230/5230/5230
f 5212/5212/5212 5213/5213/5213 5230/5230/5230
f 5230/5230/5230 5213/5213/5213 5231/5231/5231
f 5231/5231/5231 5213/5213/5213 5232/5232/5232
f 5213/5213/5213 5214/5214/5214 5232/5232/5232
f 5232/5232/5232 5214/5214/5214 5233/5233/5233
f 5233/5233/5233 5214/5214/5214 5234/5234/5234
f 5214/5214/5214 5215/5215/5215 5234/5234/5234
f 5234/5234/5234 5215/5215/5215 5235/5235/5235
f 5215/5215/5215 5216/5216/5216 5235/5235/5235
f 5235/5235/5235 5216/5216/5216 5236/5236/5236
f 5236/5236/5236 5216/5216/5216 5237/5237/5237
f 5216/5216/5216 5217/5217/5217 5237/5237/5237
f 5237/5237/5237 5217/5217/5217 5238/5238/5238
f 5217/5217/5217 5218/5218/5218 5238/5238/5238
f 5238/5238/5238 5218/5218/5218 5239/5239/5239
f 5239/5239/5239 5218/5218/5218 5240/5240/5240
f 5218/5218/5218 5219/5219/5219 5240/5240/5240
f 5240/5240/5240 5219/5219/5219 5241/5241/5241
f 5219/5219/5219 5220/5220/5220 5241/5241/5241
f 5241/5241/5241 5220/5220/5220 5242/5242/5242
f 5220/5220/5220 5221/5221/5221 5242/5242/5242
f 5221/5221/5221 5225/5225/5225 5242/5242/5242
f 5242/5242/5242 5225/5225/5225 5243/5243/5243
f 5225/5225/5225 5223/5223/5223 5243/5243/5243
f 5243/5243/5243 5223/5223/5223 5244/5244/5244
f 5223/5223/5223 5222/5222/5222 5244/5244/5244
f 5244/5244/5244 5222/5222/5222 5245/5245/5245
f 5246/5246/5246 5245/5245/5245 5247/5247/5247
f 5245/5245/5245 5222/5222/5222 5247/5247/5247
f 5247/5247/5247 5222/5222/5222 5248/5248/5248
f 5222/5222/5222 5224/5224/5224 5248/5248/5248
f 5248/5248/5248 5224/5224/5224 5249/5249/5249
f 5224/5224/5224 5226/5226/5226 5249/5249/5249
f 5249/5249/5249 5226/5226/5226 5250/5250/5250
f 5226/5226/5226 5227/5227/5227 5250/5250/5250
f 5250/5250/5250 5227/5227/5227 5251/5251/5251
f 5227/5227/5227 5228/5228/5228 5251/5251/5251
f 5251/5251/5251 5228/5228/5228 5252/5252/5252
f 5228/5228/5228 5229/5229/5229 5252/5252/5252
f 5252/5252/5252 5229/5229/5229 5253/5253/5253
f 5229/5229/5229 5230/5230/5230 5253/5253/5253
f 5253/5253/5253 5230/5230/5230 5254/5254/5254
f 5230/5230/5230 5231/5231/5231 5254/5254/5254
f 5254/5254/5254 5231/5231/5231 5255/5255/5255
f 5255/5255/5255 5231/5231/5231 5256/5256/5256
f 5231/5231/5231 5232/5232/5232 5256/5256/5256
f 5256/5256/5256 5232/5232/5232 5257/5257/5257
f 5232/5232/5232 5233/5233/5233 5257/5257/5257
f 5257/5257/5257 5233/5233/5233 5258/5258/5258
f 5258/5258/5258 5233/5233/5233 5259/5259/5259
f 5233/5233/5233 5234/5234/5234 5259/5259/5259
f 5259/5259/5259 5234/5234/5234 5260/5260/5260
f 5234/5234/5234 5235/5235/5235 5260/5260/5260
f 5260/5260/5260 5235/5235/5235 5261/5261/5261
f 5235/5235/5235 5236/5236/5236 5261/5261/5261
f 5261/5261/5261 5236/5236/5236 5262/5262/5262
f 5262/5262/5262 5236/5236/5236 5263/5263/5263
f 5236/5236/5236 5237/5237/5237 5263/5263/5263
f 5263/5263/5263 5237/5237/5237 5264/5264/5264
f 5237/5237/5237 5238/5238/5238 5264/5264/5264
f 5264/5264/5264 5238/5238/5238 5265/5265/5265
f 5238/5238/5238 5239/5239/5239 5265/5265/5265
f 5265/5265/5265 5239/5239/5239 5266/5266/5266
f 5266/5266/5266 5239/5239/5239 5267/5267/5267
f 5239/5239/5239 5240/5240/5240 5267/5267/5267
f 5267/5267/5267 5240/5240/5240 5268/5268/5268
f 5240/5240/5240 5241/5241/5241 5268/5268/5268
f 5268/5268/5268 5241/5241/5241 5269/5269/5269
f 5241/5241/5241 5242/5242/5242 5269/5269/5269
f 5242/5242/5242 5243/5243/5243 5269/5269/5269
f 5269/5269/5269 5243/5243/5243 5270/5270/5270
f 5243/5243/5243 5244/5244/5244 5270/5270/5270
f 5270/5270/5270 5244/5244/5244 5271/5271/5271
f 5244/5244/5244 5245/5245/5245 5271/5271/5271
f 5271/5271/5271 5245/5245/5245 5272/5272/5272
f 5245/5245/5245 5246/5246/5246 5272/5272/5272
f 5272/5272/5272 5246/5246/5246 5273/5273/5273
f 5274/5274/5274 5273/5273/5273 5275/5275/5275
f 5273/5273/5273 5246/5246/5246 5275/5275/5275
f 5275/5275/5275 5246/5246/5246 5276/5276/5276
f 5246/5246/5246 5247/5247/5247 5276/5276/5276
f 5276/5276/5276 5247/5247/5247 5277/5277/5277
f 5247/5247/5247 5248/5248/5248 5277/5277/5277
f 5277/5277/5277 5248/5248/5248 5278/5278/5278
f 5248/5248/5248 5249/5249/5249 5278/5278/5278
f 5278/5278/5278 5249/5249/5249 5279/5279/5279
f 5249/5249/5249 5250/5250/5250 5279/5279/5279
f 5279/5279/5279 5250/5250/5250 5280/5280/5280
f 5250/5250/5250 5251/5251/5251 5280/5280/5280
f 5280/5280/5280 5251/5251/5251 5281/5281/5281
f 5251/5251/5251 5252/5252/5252 5281/5281/5281
f 5281/5281/5281 5252/5252/5252 5282/5282/5282
f 5252/5252/5252 5253/5253/5253 5282/5282/5282
f 5282/5282/5282 5253/5253/5253 5283/5283/5283
f 5253/5253/5253 5254/5254/5254 5283/5283/5283
f 5284/5284/5284 5283/5283/5283 5285/5285/5285
f 5283/5283/5283 5254/5254/5254 5285/5285/5285
f 5254/5254/5254 5255/5255/5255 5285/5285/5285
f 5285/5285/5285 5255/5255/5255 5286/5286/5286
f 5287/5287/5287 5286/5286/5286 5288/5288/5288
f 5286/5286/5286 5255/5255/5255 5288/5288/5288
f 5288/5288/5288 5255/5255/5255 5289/5289/5289
f 5289/5289/5289 5255/5255/5255 5290/5290/5290
f 5255/5255/5255 5256/5256/5256 5290/5290/5290
f 5290/5290/5290 5256/5256/5256 5291/5291/5291
f 5256/5256/5256 5257/5257/5257 5291/5291/5291
f 5291/5291/5291 5257/5257/5257 5292/5292/5292
f 5257/5257/5257 5258/5258/5258 5292/5292/5292
f 5292/5292/5292 5258/5258/5258 5293/5293/5293
f 5293/5293/5293 5258/5258/5258 5294/5294/5294
f 5258/5258/5258 5259/5259/5259 5294/5294/5294
f 5294/5294/5294 5259/5259/5259 5295/5295/5295
f 5259/5259/5259 5260/5260/5260 5295/5295/5295
f 5295/5295/5295 5260/5260/5260 5296/5296/5296
f 5260/5260/5260 5261/5261/5261 5296/5296/5296
f 5296/5296/5296 5261/5261/5261 5297/5297/5297
f 5261/5261/5261 5262/5262/5262 5297/5297/5297
f 5297/5297/5297 5262/5262/5262 5298/5298/5298
f 5298/5298/5298 5262/5262/5262 5299/5299/5299
f 5262/5262/5262 5263/5263/5263 5299/5299/5299
f 5299/5299/5299 5263/5263/5263 5300/5300/5300
f 5263/5263/5263 5264/5264/5264 5300/5300/5300
f 5300/5300/5300 5264/5264/5264 5301/5301/5301
f 5264/5264/5264 5265/5265/5265 5301/5301/5301
f 5301/5301/5301 5265/5265/5265 5302/5302/5302
f 5265/5265/5265 5266/5266/5266 5302/5302/5302
f 5302/5302/5302 5266/5266/5266 5303/5303/5303
f 5303/5303/5303 5266/5266/5266 5304/5304/5304
f 5266/5266/5266 5267/5267/5267 5304/5304/5304
f 5304/5304/5304 5267/5267/5267 5305/5305/5305
f 5267/5267/5267 5268/5268/5268 5305/5305/5305
f 5305/5305/5305 5268/5268/5268 5306/5306/5306
f 5268/5268/5268 5269/5269/5269 5306/5306/5306
f 5306/5306/5306 5269/5269/5269 5307/5307/5307
f 5307/5307/5307 5269/5269/5269 5308/5308/5308
f 5269/5269/5269 5270/5270/5270 5308/5308/5308
f 5308/5308/5308 5270/5270/5270 5309/5309/5309
f 5270/5270/5270 5271/5271/5271 5309/5309/5309
f 5309/5309/5309 5271/5271/5271 5310/5310/5310
f 5271/5271/5271 5272/5272/5272 5310/5310/5310
f 5310/5310/5310 5272/5272/5272 5311/5311/5311
f 5272/5272/5272 5273/5273/5273 5311/5311/5311
f 5311/5311/5311 5273/5273/5273 5312/5312/5312
f 5273/5273/5273 5274/5274/5274 5312/5312/5312
f 5312/5312/5312 5274/5274/5274 5313/5313/5313
f 5274/5274/5274 5314/5314/5314 5313/5313/5313
f 5313/5313/5313 5314/5314/5314 5315/5315/5315
f 5315/5315/5315 5314/5314/5314 5316/5316/5316
f 5317/5317/5317 5316/5316/5316 5318/5318/5318
f 5316/5316/5316 5314/5314/5314 5318/5318/5318
f 5318/5318/5318 5314/5314/5314 5319/5319/5319
f 5314/5314/5314 5274/5274/5274 5319/5319/5319
f 5274/5274/5274 5275/5275/5275 5319/5319/5319
f 5319/5319/5319 5275/5275/5275 5320/5320/5320
f 5275/5275/5275 5276/5276/5276 5320/5320/5320
f 5320/5320/5320 5276/5276/5276 5321/5321/5321
f 5276/5276/5276 5277/5277/5277 5321/5321/5321
f 5321/5321/5321 5277/5277/5277 5322/5322/5322
f 5277/5277/5277 5278/5278/5278 5322/5322/5322
f 5322/5322/5322 5278/5278/5278 5323/5323/5323
f 5278/5278/5278 5279/5279/5279 5323/5323/5323
f 5323/5323/5323 5279/5279/5279 5324/5324/5324
f 5279/5279/5279 5280/5280/5280 5324/5324/5324
f 5324/5324/5324 5280/5280/5280 5325/5325/5325
f 5280/5280/5280 5281/5281/5281 5325/5325/5325
f 5325/5325/5325 5281/5281/5281 5326/5326/5326
f 5281/5281/5281 5282/5282/5282 5326/5326/5326
f 5326/5326/5326 5282/5282/5282 5327/5327/5327
f 5282/5282/5282 5283/5283/5283 5327/5327/5327
f 5283/5283/5283 5284/5284/5284 5327/5327/5327
f 5327/5327/5327 5284/5284/5284 5328/5328/5328
f 5328/5328/5328 5284/5284/5284 5329/5329/5329
f 5284/5284/5284 5285/5285/5285 5329/5329/5329
f 5285/5285/5285 5286/5286/5286 5329/5329/5329
f 5329/5329/5329 5286/5286/5286 5330/5330/5330
f 5286/5286/5286 5287/5287/5287 5330/5330/5330
f 5330/5330/5330 5287/5287/5287 5331/5331/5331
f 5332/5332/5332 5331/5331/5331 5333/5333/5333
f 5331/5331/5331 5287/5287/5287 5333/5333/5333
f 5333/5333/5333 5287/5287/5287 5334/5334/5334
f 5287/5287/5287 5288/5288/5288 5334/5334/5334
f 5334/5334/5334 5288/5288/5288 5335/5335/5335
f 5288/5288/5288 5289/5289/5289 5335/5335/5335
f 5335/5335/5335 5289/5289/5289 5336/5336/5336
f 5336/5336/5336 5289/5289/5289 5337/5337/5337
f 5289/5289/5289 5290/5290/5290 5337/5337/5337
f 5337/5337/5337 5290/5290/5290 5338/5338/5338
f 5290/5290/5290 5291/5291/5291 5338/5338/5338
f 5338/5338/5338 5291/5291/5291 5339/5339/5339
f 5291/5291/5291 5292/5292/5292 5339/5339/5339
f 5339/5339/5339 5292/5292/5292 5340/5340/5340
f 5292/5292/5292 5293/5293/5293 5340/5340/5340
f 5340/5340/5340 5293/5293/5293 5341/5341/5341
f 5341/5341/5341 5293/5293/5293 5342/5342/5342
f 5293/5293/5293 5294/5294/5294 5342/5342/5342
f 5342/5342/5342 5294/5294/5294 5343/5343/5343
f 5294/5294/5294 5295/5295/5295 5343/5343/5343
f 5343/5343/5343 5295/5295/5295 5344/5344/5344
f 5295/5295/5295 5296/5296/5296 5344/5344/5344
f 5344/5344/5344 5296/5296/5296 5345/5345/5345
f 5296/5296/5296 5297/5297/5297 5345/5345/5345
f 5345/5345/5345 5297/5297/5297 5346/5346/5346
f 5297/5297/5297 5298/5298/5298 5346/5346/5346
f 5346/5346/5346 5298/5298/5298 5347/5347/5347
f 5347/5347/5347 5298/5298/5298 5348/5348/5348
f 5298/5298/5298 5299/5299/5299 5348/5348/5348
f 5348/5348/5348 5299/5299/5299 5349/5349/5349
f 5299/5299/5299 5300/5300/5300 5349/5349/5349
f 5349/5349/5349 5300/5300/5300 5350/5350/5350
f 5300/5300/5300 5301/5301/5301 5350/5350/5350
f 5350/5350/5350 5301/5301/5301 5351/5351/5351
f 5301/5301/5301 5302/5302/5302 5351/5351/5351
f 5351/5351/5351 5302/5302/5302 5352/5352/5352
f 5302/5302/5302 5303/5303/5303 5352/5352/5352
f 5352/5352/5352 5303/5303/5303 5353/5353/5353
f 5353/5353/5353 5303/5303/5303 5354/5354/5354
f 5303/5303/5303 5304/5304/5304 5354/5354/5354
f 5354/5354/5354 5304/5304/5304 5355/5355/5355
f 5304/5304/5304 5305/5305/5305 5355/5355/5355
f 5355/5355/5355 5305/5305/5305 5356/5356/5356
f 5305/5305/5305 5306/5306/5306 5356/5356/5356
f 5356/5356/5356 5306/5306/5306 5357/5357/5357
f 5306/5306/5306 5307/5307/5307 5357/5357/5357
f 5357/5357/5357 5307/5307/5307 5358/5358/5358
f 5358/5358/5358 5307/5307/5307 5359/5359/5359
f 5307/5307/5307 5308/5308/5308 5359/5359/5359
f 5359/5359/5359 5308/5308/5308 5360/5360/5360
f 5308/5308/5308 5309/5309/5309 5360/5360/5360
f 5360/5360/5360 5309/5309/5309 5361/5361/5361
f 5309/5309/5309 5310/5310/5310 5361/5361/5361
f 5361/5361/5361 5310/5310/5310 5362/5362/5362
f 5310/5310/5310 5311/5311/5311 5362/5362/5362
f 5362/5362/5362 5311/5311/5311 5363/5363/5363
f 5311/5311/5311 5312/5312/5312 5363/5363/5363
f 5363/5363/5363 5312/5312/5312 5364/5364/5364
f 5312/5312/5312 5313/5313/5313 5364/5364/5364
f 5364/5364/5364 5313/5313/5313 5365/5365/5365
f 5313/5313/5313 5315/5315/5315 5365/5365/5365
f 5365/5365/5365 5315/5315/5315 5366/5366/5366
f 5366/5366/5366 5315/5315/5315 5367/5367/5367
f 5315/5315/5315 5316/5316/5316 5367/5367/5367
f 5367/5367/5367 5316/5316/5316 5368/5368/5368
f 5316/5316/5316 5317/5317/5317 5368/5368/5368
f 5368/5368/5368 5317/5317/5317 5369/5369/5369
f 5370/5370/5370 5369/5369/5369 5371/5371/5371
f 5369/5369/5369 5317/5317/5317 5371/5371/5371
f 5371/5371/5371 5317/5317/5317 5372/5372/5372
f 5317/5317/5317 5318/5318/5318 5372/5372/5372
f 5372/5372/5372 5318/5318/5318 5373/5373/5373
f 5318/5318/5318 5319/5319/5319 5373/5373/5373
f 5319/5319/5319 5320/5320/5320 5373/5373/5373
f 5373/5373/5373 5320/5320/5320 5374/5374/5374
f 5320/5320/5320 5321/5321/5321 5374/5374/5374
f 5374/5374/5374 5321/5321/5321 5375/5375/5375
f 5321/5321/5321 5322/5322/5322 5375/5375/5375
f 5375/5375/5375 5322/5322/5322 5376/5376/5376
f 5322/5322/5322 5323/5323/5323 5376/5376/5376
f 5376/5376/5376 5323/5323/5323 5377/5377/5377
f 5323/5323/5323 5324/5324/5324 5377/5377/5377
f 5377/5377/5377 5324/5324/5324 5378/5378/5378
f 5324/5324/5324 5325/5325/5325 5378/5378/5378
f 5378/5378/5378 5325/5325/5325 5379/5379/5379
f 5325/5325/5325 5326/5326/5326 5379/5379/5379
f 5379/5379/5379 5326/5326/5326 5380/5380/5380
f 5326/5326/5326 5327/5327/5327 5380/5380/5380
f 5327/5327/5327 5328/5328/5328 5380/5380/5380
f 5380/5380/5380 5328/5328/5328 5381/5381/5381
f 5381/5381/5381 5328/5328/5328 5382/5382/5382
f 5328/5328/5328 5329/5329/5329 5382/5382/5382
f 5329/5329/5329 5330/5330/5330 5382/5382/5382
f 5382/5382/5382 5330/5330/5330 5383/5383/5383
f 5330/5330/5330 5331/5331/5331 5383/5383/5383
f 5383/5383/5383 5331/5331/5331 5384/5384/5384
f 5331/5331/5331 5332/5332/5332 5384/5384/5384
f 5384/5384/5384 5332/5332/5332 5385/5385/5385
f 5386/5386/5386 5385/5385/5385 5387/5387/5387
f 5385/5385/5385 5332/5332/5332 5387/5387/5387
f 5387/5387/5387 5332/5332/5332 5388/5388/5388
f 5332/5332/5332 5333/5333/5333 5388/5388/5388
f 5388/5388/5388 5333/5333/5333 5389/5389/5389
f 5333/5333/5333 5334/5334/5334 5389/5389/5389
f 5389/5389/5389 5334/5334/5334 5390/5390/5390
f 5334/5334/5334 5335/5335/5335 5390/5390/5390
f 5390/5390/5390 5335/5335/5335 5391/5391/5391
f 5335/5335/5335 5336/5336/5336 5391/5391/5391
f 5391/5391/5391 5336/5336/5336 5392/5392/5392
f 5392/5392/5392 5336/5336/5336 5393/5393/5393
f 5336/5336/5336 5337/5337/5337 5393/5393/5393
f 5393/5393/5393 5337/5337/5337 5394/5394/5394
f 5337/5337/5337 5338/5338/5338 5394/5394/5394
f 5338/5338/5338 5339/5339/5339 5394/5394/5394
f 5394/5394/5394 5339/5339/5339 5395/5395/5395
f 5339/5339/5339 5340/5340/5340 5395/5395/5395
f 5395/5395/5395 5340/5340/5340 5396/5396/5396
f 5396/5396/5396 5340/5340/5340 5397/5397/5397
f 5340/5340/5340 5341/5341/5341 5397/5397/5397
f 5397/5397/5397 5341/5341/5341 5398/5398/5398
f 5398/5398/5398 5341/5341/5341 5399/5399/5399
f 5341/5341/5341 5342/5342/5342 5399/5399/5399
f 5399/5399/5399 5342/5342/5342 5400/5400/5400
f 5342/5342/5342 5343/5343/5343 5400/5400/5400
f 5400/5400/5400 5343/5343/5343 5401/5401/5401
f 5401/5401/5401 5343/5343/5343 5402/5402/5402
f 5343/5343/5343 5344/5344/5344 5402/5402/5402
f 5402/5402/5402 5344/5344/5344 5403/5403/5403
f 5344/5344/5344 5345/5345/5345 5403/5403/5403
f 5403/5403/5403 5345/5345/5345 5404/5404/5404
f 5345/5345/5345 5346/5346/5346 5404/5404/5404
f 5404/5404/5404 5346/5346/5346 5405/5405/5405
f 5346/5346/5346 5347/5347/5347 5405/5405/5405
f 5347/5347/5347 5348/5348/5348 5405/5405/5405
f 5405/5405/5405 5348/5348/5348 5406/5406/5406
f 5348/5348/5348 5349/5349/5349 5406/5406/5406
f 5406/5406/5406 5349/5349/5349 5407/5407/5407
f 5349/5349/5349 5350/5350/5350 5407/5407/5407
f 5407/5407/5407 5350/5350/5350 5408/5408/5408
f 5350/5350/5350 5351/5351/5351 5408/5408/5408
f 5408/5408/5408 5351/5351/5351 5409/5409/5409
f 5409/5409/5409 5351/5351/5351 5410/5410/5410
f 5351/5351/5351 5352/5352/5352 5410/5410/5410
f 5410/5410/5410 5352/5352/5352 5411/5411/5411
f 5352/5352/5352 5353/5353/5353 5411/5411/5411
f 5411/5411/5411 5353/5353/5353 5412/5412/5412
f 5412/5412/5412 5353/5353/5353 5413/5413/5413
f 5353/5353/5353 5354/5354/5354 5413/5413/5413
f 5413/5413/5413 5354/5354/5354 5414/5414/5414
f 5414/5414/5414 5354/5354/5354 5415/5415/5415
f 5354/5354/5354 5355/5355/5355 5415/5415/5415
f 5415/5415/5415 5355/5355/5355 5416/5416/5416
f 5355/5355/5355 5356/5356/5356 5416/5416/5416
f 5356/5356/5356 5357/5357/5357 5416/5416/5416
f 5416/5416/5416 5357/5357/5357 5417/5417/5417
f 5357/5357/5357 5358/5358/5358 5417/5417/5417
f 5417/5417/5417 5358/5358/5358 5418/5418/5418
f 5418/5418/5418 5358/5358/5358 5419/5419/5419
f 5358/5358/5358 5359/5359/5359 5419/5419/5419
f 5419/5419/5419 5359/5359/5359 5420/5420/5420
f 5359/5359/5359 5360/5360/5360 5420/5420/5420
f 5420/5420/5420 5360/5360/5360 5421/5421/5421
f 5360/5360/5360 5361/5361/5361 5421/5421/5421
f 5421/5421/5421 5361/5361/5361 5422/5422/5422
f 5361/5361/5361 5362/5362/5362 5422/5422/5422
f 5422/5422/5422 5362/5362/5362 5423/5423/5423
f 5362/5362/5362 5363/5363/5363 5423/5423/5423
f 5423/5423/5423 5363/5363/5363 5424/5424/5424
f 5363/5363/5363 5364/5364/5364 5424/5424/5424
f 5424/5424/5424 5364/5364/5364 5425/5425/5425
f 5364/5364/5364 5365/5365/5365 5425/5425/5425
f 5425/5425/5425 5365/5365/5365 5426/5426/5426
f 5365/5365/5365 5366/5366/5366 5426/5426/5426
f 5426/5426/5426 5366/5366/5366 5427/5427/5427
f 5428/5428/5428 5427/5427/5427 5429/5429/5429
f 5427/5427/5427 5366/5366/5366 5429/5429/5429
f 5366/5366/5366 5367/5367/5367 5429/5429/5429
f 5429/5429/5429 5367/5367/5367 5430/5430/5430
f 5367/5367/5367 5368/5368/5368 5430/5430/5430
f 5430/5430/5430 5368/5368/5368 5431/5431/5431
f 5368/5368/5368 5369/5369/5369 5431/5431/5431
f 5431/5431/5431 5369/5369/5369 5432/5432/5432
f 5369/5369/5369 5370/5370/5370 5432/5432/5432
f 5432/5432/5432 5370/5370/5370 5433/5433/5433
f 5370/5370/5370 5371/5371/5371 5433/5433/5433
f 5433/5433/5433 5371/5371/5371 5434/5434/5434
f 5371/5371/5371 5372/5372/5372 5434/5434/5434
f 5434/5434/5434 5372/5372/5372 5435/5435/5435
f 5372/5372/5372 5373/5373/5373 5435/5435/5435
f 5373/5373/5373 5374/5374/5374 5435/5435/5435
f 5435/5435/5435 5374/5374/5374 5436/5436/5436
f 5374/5374/5374 5375/5375/5375 5436/5436/5436
f 5436/5436/5436 5375/5375/5375 5437/5437/5437
f 5375/5375/5375 5376/5376/5376 5437/5437/5437
f 5437/5437/5437 5376/5376/5376 5438/5438/5438
f 5376/5376/5376 5377/5377/5377 5438/5438/5438
f 5438/5438/5438 5377/5377/5377 5439/5439/5439
f 5377/5377/5377 5378/5378/5378 5439/5439/5439
f 5439/5439/5439 5378/5378/5378 5440/5440/5440
f 5378/5378/5378 5379/5379/5379 5440/5440/5440
f 5440/5440/5440 5379/5379/5379 5441/5441/5441
f 5379/5379/5379 5380/5380/5380 5441/5441/5441
f 5380/5380/5380 5381/5381/5381 5441/5441/5441
f 5441/5441/5441 5381/5381/5381 5442/5442/5442
f 5442/5442/5442 5381/5381/5381 5443/5443/5443
f 5381/5381/5381 5382/5382/5382 5443/5443/5443
f 5382/5382/5382 5383/5383/5383 5443/5443/5443
f 5443/5443/5443 5383/5383/5383 5444/5444/5444
f 5383/5383/5383 5384/5384/5384 5444/5444/5444
f 5444/5444/5444 5384/5384/5384 5445/5445/5445
f 5384/5384/5384 5385/5385/5385 5445/5445/5445
f 5445/5445/5445 5385/5385/5385 5446/5446/5446
f 5385/5385/5385 5386/5386/5386 5446/5446/5446
f 5446/5446/5446 5386/5386/5386 5447/5447/5447
f 5448/5448/5448 5447/5447/5447 5449/5449/5449
f 5447/5447/5447 5386/5386/5386 5449/5449/5449
f 5449/5449/5449 5386/5386/5386 5450/5450/5450
f 5386/5386/5386 5387/5387/5387 5450/5450/5450
f 5450/5450/5450 5387/5387/5387 5451/5451/5451
f 5387/5387/5387 5388/5388/5388 5451/5451/5451
f 5451/5451/5451 5388/5388/5388 5452/5452/5452
f 5388/5388/5388 5389/5389/5389 5452/5452/5452
f 5452/5452/5452 5389/5389/5389 5453/5453/5453
f 5389/5389/5389 5390/5390/5390 5453/5453/5453
f 5453/5453/5453 5390/5390/5390 5454/5454/5454
f 5390/5390/5390 5391/5391/5391 5454/5454/5454
f 5454/5454/5454 5391/5391/5391 5455/5455/5455
f 5391/5391/5391 5392/5392/5392 5455/5455/5455
f 5455/5455/5455 5392/5392/5392 5456/5456/5456
f 5456/5456/5456 5392/5392/5392 5457/5457/5457
f 5392/5392/5392 5393/5393/5393 5457/5457/5457
f 5457/5457/5457 5393/5393/5393 5458/5458/5458
f 5393/5393/5393 5394/5394/5394 5458/5458/5458
f 5394/5394/5394 5395/5395/5395 5458/5458/5458
f 5458/5458/5458 5395/5395/5395 5459/5459/5459
f 5395/5395/5395 5396/5396/5396 5459/5459/5459
f 5459/5459/5459 5396/5396/5396 5460/5460/5460
f 5460/5460/5460 5396/5396/5396 5461/5461/5461
f 5396/5396/5396 5397/5397/5397 5461/5461/5461
f 5461/5461/5461 5397/5397/5397 5462/5462/5462
f 5397/5397/5397 5398/5398/5398 5462/5462/5462
f 5463/5463/5463 5462/5462/5462 5464/5464/5464
f 5462/5462/5462 5398/5398/5398 5464/5464/5464
f 5464/5464/5464 5398/5398/5398 5465/5465/5465
f 5398/5398/5398 5399/5399/5399 5465/5465/5465
f 5465/5465/5465 5399/5399/5399 5466/5466/5466
f 5399/5399/5399 5400/5400/5400 5466/5466/5466
f 5466/5466/5466 5400/5400/5400 5467/5467/5467
f 5400/5400/5400 5401/5401/5401 5467/5467/5467
f 5467/5467/5467 5401/5401/5401 5468/5468/5468
f 5401/5401/5401 5402/5402/5402 5468/5468/5468
f 5468/5468/5468 5402/5402/5402 5469/5469/5469
f 5402/5402/5402 5403/5403/5403 5469/5469/5469
f 5469/5469/5469 5403/5403/5403 5470/5470/5470
f 5403/5403/5403 5404/5404/5404 5470/5470/5470
f 5470/5470/5470 5404/5404/5404 5471/5471/5471
f 5404/5404/5404 5405/5405/5405 5471/5471/5471
f 5405/5405/5405 5406/5406/5406 5471/5471/5471
f 5471/5471/5471 5406/5406/5406 5472/5472/5472
f 5406/5406/5406 5407/5407/5407 5472/5472/5472
f 5472/5472/5472 5407/5407/5407 5473/5473/5473
f 5407/5407/5407 5408/5408/5408 5473/5473/5473
f 5473/5473/5473 5408/5408/5408 5474/5474/5474
f 5408/5408/5408 5409/5409/5409 5474/5474/5474
f 5474/5474/5474 5409/5409/5409 5475/5475/5475
f 5409/5409/5409 5410/5410/5410 5475/5475/5475
f 5475/5475/5475 5410/5410/5410 5476/5476/5476
f 5410/5410/5410 5411/5411/5411 5476/5476/5476
f 5476/5476/5476 5411/5411/5411 5477/5477/5477
f 5411/5411/5411 5412/5412/5412 5477/5477/5477
f 5477/5477/5477 5412/5412/5412 5478/5478/5478
f 5479/5479/5479 5478/5478/5478 5480/5480/5480
f 5478/5478/5478 5412/5412/5412 5480/5480/5480
f 5412/5412/5412 5413/5413/5413 5480/5480/5480
f 5480/5480/5480 5413/5413/5413 5481/5481/5481
f 5413/5413/5413 5414/5414/5414 5481/5481/5481
f 5481/5481/5481 5414/5414/5414 5482/5482/5482
f 5482/5482/5482 5414/5414/5414 5483/5483/5483
f 5414/5414/5414 5415/5415/5415 5483/5483/5483
f 5483/5483/5483 5415/5415/5415 5484/5484/5484
f 5415/5415/5415 5416/5416/5416 5484/5484/5484
f 5416/5416/5416 5417/5417/5417 5484/5484/5484
f 5484/5484/5484 5417/5417/5417 5485/5485/5485
f 5417/5417/5417 5418/5418/5418 5485/5485/5485
f 5485/5485/5485 5418/5418/5418 5486/5486/5486
f 5486/5486/5486 5418/5418/5418 5487/5487/5487
f 5418/5418/5418 5419/5419/5419 5487/5487/5487
f 5487/5487/5487 5419/5419/5419 5488/5488/5488
f 5419/5419/5419 5420/5420/5420 5488/5488/5488
f 5488/5488/5488 5420/5420/5420 5489/5489/5489
f 5420/5420/5420 5421/5421/5421 5489/5489/5489
f 5489/5489/5489 5421/5421/5421 5490/5490/5490
f 5421/5421/5421 5422/5422/5422 5490/5490/5490
f 5490/5490/5490 5422/5422/5422 5491/5491/5491
f 5422/5422/5422 5423/5423/5423 5491/5491/5491
f 5491/5491/5491 5423/5423/5423 5492/5492/5492
f 5423/5423/5423 5424/5424/5424 5492/5492/5492
f 5492/5492/5492 5424/5424/5424 5493/5493/5493
f 5424/5424/5424 5425/5425/5425 5493/5493/5493
f 5493/5493/5493 5425/5425/5425 5494/5494/5494
f 5425/5425/5425 5426/5426/5426 5494/5494/5494
f 5494/5494/5494 5426/5426/5426 5495/5495/5495
f 5426/5426/5426 5427/5427/5427 5495/5495/5495
f 5495/5495/5495 5427/5427/5427 5496/5496/5496
f 5427/5427/5427 5428/5428/5428 5496/5496/5496
f 5496/5496/5496 5428/5428/5428 5497/5497/5497
f 5498/5498/5498 5497/5497/5497 5499/5499/5499
f 5497/5497/5497 5428/5428/5428 5499/5499/5499
f 5499/5499/5499 5428/5428/5428 5500/5500/5500
f 5428/5428/5428 5429/5429/5429 5500/5500/5500
f 5429/5429/5429 5430/5430/5430 5500/5500/5500
f 5500/5500/5500 5430/5430/5430 5501/5501/5501
f 5430/5430/5430 5431/5431/5431 5501/5501/5501
f 5501/5501/5501 5431/5431/5431 5502/5502/5502
f 5431/5431/5431 5432/5432/5432 5502/5502/5502
f 5502/5502/5502 5432/5432/5432 5503/5503/5503
f 5432/5432/5432 5433/5433/5433 5503/5503/5503
f 5503/5503/5503 5433/5433/5433 5504/5504/5504
f 5433/5433/5433 5434/5434/5434 5504/5504/5504
f 5504/5504/5504 5434/5434/5434 5505/5505/5505
f 5434/5434/5434 5435/5435/5435 5505/5505/5505
f 5435/5435/5435 5436/5436/5436 5505/5505/5505
f 5505/5505/5505 5436/5436/5436 5506/5506/5506
f 5436/5436/5436 5437/5437/5437 5506/5506/5506
f 5506/5506/5506 5437/5437/5437 5507/5507/5507
f 5437/5437/5437 5438/5438/5438 5507/5507/5507
f 5507/5507/5507 5438/5438/5438 5508/5508/5508
f 5438/5438/5438 5439/5439/5439 5508/5508/5508
f 5508/5508/5508 5439/5439/5439 5509/5509/5509
f 5439/5439/5439 5440/5440/5440 5509/5509/5509
f 5509/5509/5509 5440/5440/5440 5510/5510/5510
f 5440/5440/5440 5441/5441/5441 5510/5510/5510
f 5441/5441/5441 5442/5442/5442 5510/5510/5510
f 5510/5510/5510 5442/5442/5442 5511/5511/5511
f 5511/5511/5511 5442/5442/5442 5512/5512/5512
f 5442/5442/5442 5443/5443/5443 5512/5512/5512
f 5443/5443/5443 5444/5444/5444 5512/5512/5512
f 5512/5512/5512 5444/5444/5444 5513/5513/5513
f 5444/5444/5444 5445/5445/5445 5513/5513/5513
f 5513/5513/5513 5445/5445/5445 5514/5514/5514
f 5445/5445/5445 5446/5446/5446 5514/5514/5514
f 5514/5514/5514 5446/5446/5446 5515/5515/5515
f 5446/5446/5446 5447/5447/5447 5515/5515/5515
f 5515/5515/5515 5447/5447/5447 5516/5516/5516
f 5447/5447/5447 5448/5448/5448 5516/5516/5516
f 5448/5448/5448 5517/5517/5517 5516/5516/5516
f 5516/5516/5516 5517/5517/5517 5518/5518/5518
f 5517/5517/5517 5519/5519/5519 5518/5518/5518
f 5518/5518/5518 5519/5519/5519 5520/5520/5520
f 5519/5519/5519 5521/5521/5521 5520/5520/5520
f 5520/5520/5520 5521/5521/5521 5522/5522/5522
f 5521/5521/5521 5498/5498/5498 5522/5522/5522
f 5522/5522/5522 5498/5498/5498 5523/5523/5523
f 5498/5498/5498 5499/5499/5499 5523/5523/5523
f 5523/5523/5523 5499/5499/5499 5524/5524/5524
f 5499/5499/5499 5500/5500/5500 5524/5524/5524
f 5500/5500/5500 5501/5501/5501 5524/5524/5524
f 5524/5524/5524 5501/5501/5501 5525/5525/5525
f 5501/5501/5501 5502/5502/5502 5525/5525/5525
f 5525/5525/5525 5502/5502/5502 5526/5526/5526
f 5502/5502/5502 5503/5503/5503 5526/5526/5526
f 5526/5526/5526 5503/5503/5503 5527/5527/5527
f 5503/5503/5503 5504/5504/5504 5527/5527/5527
f 5527/5527/5527 5504/5504/5504 5528/5528/5528
f 5504/5504/5504 5505/5505/5505 5528/5528/5528
f 5505/5505/5505 5506/5506/5506 5528/5528/5528
f 5528/5528/5528 5506/5506/5506 5529/5529/5529
f 5506/5506/5506 5507/5507/5507 5529/5529/5529
f 5529/5529/5529 5507/5507/5507 5530/5530/5530
f 5507/5507/5507 5508/5508/5508 5530/5530/5530
f 5530/5530/5530 5508/5508/5508 5531/5531/5531
f 5508/5508/5508 5509/5509/5509 5531/5531/5531
f 5531/5531/5531 5509/5509/5509 5532/5532/5532
f 5509/5509/5509 5510/5510/5510 5532/5532/5532
f 5510/5510/5510 5511/5511/5511 5532/5532/5532
f 5532/5532/5532 5511/5511/5511 5533/5533/5533
f 5533/5533/5533 5511/5511/5511 5534/5534/5534
f 5511/5511/5511 5512/5512/5512 5534/5534/5534
f 5512/5512/5512 5513/5513/5513 5534/5534/5534
f 5534/5534/5534 5513/5513/5513 5535/5535/5535
f 5513/5513/5513 5514/5514/5514 5535/5535/5535
f 5535/5535/5535 5514/5514/5514 5536/5536/5536
f 5514/5514/5514 5515/5515/5515 5536/5536/5536
f 5536/5536/5536 5515/5515/5515 5537/5537/5537
f 5515/5515/5515 5516/5516/5516 5537/5537/5537
f 5516/5516/5516 5518/5518/5518 5537/5537/5537
f 5537/5537/5537 5518/5518/5518 5538/5538/5538
f 5518/5518/5518 5520/5520/5520 5538/5538/5538
f 5538/5538/5538 5520/5520/5520 5539/5539/5539
f 5520/5520/5520 5522/5522/5522 5539/5539/5539
f 5539/5539/5539 5522/5522/5522 5540/5540/5540
f 5522/5522/5522 5523/5523/5523 5540/5540/5540
f 5540/5540/5540 5523/5523/5523 5541/5541/5541
f 5523/5523/5523 5524/5524/5524 5541/5541/5541
f 5524/5524/5524 5525/5525/5525 5541/5541/5541
f 5541/5541/5541 5525/5525/5525 5542/5542/5542
f 5525/5525/5525 5526/5526/5526 5542/5542/5542
f 5542/5542/5542 5526/5526/5526 5543/5543/5543
f 5526/5526/5526 5527/5527/5527 5543/5543/5543
f 5543/5543/5543 5527/5527/5527 5544/5544/5544
f 5527/5527/5527 5528/5528/5528 5544/5544/5544
f 5528/5528/5528 5529/5529/5529 5544/5544/5544
f 5544/5544/5544 5529/5529/5529 5545/5545/5545
f 5529/5529/5529 5530/5530/5530 5545/5545/5545
f 5545/5545/5545 5530/5530/5530 5546/5546/5546
f 5530/5530/5530 5531/5531/5531 5546/5546/5546
f 5546/5546/5546 5531/5531/5531 5547/5547/5547
f 5531/5531/5531 5532/5532/5532 5547/5547/5547
f 5532/5532/5532 5533/5533/5533 5547/5547/5547
f 5547/5547/5547 5533/5533/5533 5548/5548/5548
f 5548/5548/5548 5533/5533/5533 5549/5549/5549
f 5533/5533/5533 5534/5534/5534 5549/5549/5549
f 5534/5534/5534 5535/5535/5535 5549/5549/5549
f 5549/5549/5549 5535/5535/5535 5550/5550/5550
f 5535/5535/5535 5536/5536/5536 5550/5550/5550
f 5550/5550/5550 5536/5536/5536 5551/5551/5551
f 5536/5536/5536 5537/5537/5537 5551/5551/5551
f 5537/5537/5537 5538/5538/5538 5551/5551/5551
f 5551/5551/5551 5538/5538/5538 5552/5552/5552
f 5538/5538/5538 5539/5539/5539 5552/5552/5552
f 5552/5552/5552 5539/5539/5539 5553/5553/5553
f 5539/5539/5539 5540/5540/5540 5553/5553/5553
f 5553/5553/5553 5540/5540/5540 5554/5554/5554
f 5540/5540/5540 5541/5541/5541 5554/5554/5554
f 5541/5541/5541 5542/5542/5542 5554/5554/5554
f 5554/5554/5554 5542/5542/5542 5555/5555/5555
f 5542/5542/5542 5543/5543/5543 5555/5555/5555
f 5555/5555/5555 5543/5543/5543 5556/5556/5556
f 5543/5543/5543 5544/5544/5544 5556/5556/5556
f 5544/5544/5544 5545/5545/5545 5556/5556/5556
f 5556/5556/5556 5545/5545/5545 5557/5557/5557
f 5545/5545/5545 5546/5546/5546 5557/5557/5557
f 5557/5557/5557 5546/5546/5546 5558/5558/5558
f 5546/5546/5546 5547/5547/5547 5558/5558/5558
f 5547/5547/5547 5548/5548/5548 5558/5558/5558
f 5558/5558/5558 5548/5548/5548 5559/5559/5559
f 5559/5559/5559 5548/5548/5548 5560/5560/5560
f 5548/5548/5548 5549/5549/5549 5560/5560/5560
f 5549/5549/5549 5550/5550/5550 5560/5560/5560
f 5560/5560/5560 5550/5550/5550 5561/5561/5561
f 5550/5550/5550 5551/5551/5551 5561/5561/5561
f 5551/5551/5551 5552/5552/5552 5561/5561/5561
f 5561/5561/5561 5552/5552/5552 5562/5562/5562
f 5552/5552/5552 5553/5553/5553 5562/5562/5562
f 5562/5562/5562 5553/5553/5553 5563/5563/5563
f 5553/5553/5553 5554/5554/5554 5563/5563/5563
f 5554/5554/5554 5555/5555/5555 5563/5563/5563
f 5563/5563/5563 5555/5555/5555 5564/5564/5564
f 5555/5555/5555 5556/5556/5556 5564/5564/5564
f 5556/5556/5556 5557/5557/5557 5564/5564/5564
f 5564/5564/5564 5557/5557/5557 5565/5565/5565
f 5557/5557/5557 5558/5558/5558 5565/5565/5565
f 5558/5558/5558 5559/5559/5559 5565/5565/5565
f 5565/5565/5565 5559/5559/5559 5566/5566/5566
f 5566/5566/5566 5559/5559/5559 5567/5567/5567
f 5559/5559/5559 5560/5560/5560 5567/5567/5567
f 5560/5560/5560 5561/5561/5561 5567/5567/5567
f 5561/5561/5561 5562/5562/5562 5567/5567/5567
f 5567/5567/5567 5562/5562/5562 5568/5568/5568
f 5562/5562/5562 5563/5563/5563 5568/5568/5568
f 5563/5563/5563 5564/5564/5564 5568/5568/5568
f 5564/5564/5564 5565/5565/5565 5568/5568/5568
f 5565/5565/5565 5566/5566/5566 5568/5568/5568
f 5567/5567/5567 5568/5568/5568 5566/5566/5566
f 4967/4967/4967 4968/4968/4968 4966/4966/4966
f 4914/4914/4914 4916/4916/4916 4913/4913/4913
f 4457/4457/4457 4458/4458/4458 4455/4455/4455
f 4389/4389/4389 4390/4390/4390 4387/4387/4387
f 4357/4357/4357 4358/4358/4358 4355/4355/4355
f 4254/4254/4254 4257/4257/4257 4250/4250/4250
f 4192/4192/4192 4194/4194/4194 4191/4191/4191
f 4121/4121/4121 4124/4124/4124 4119/4119/4119
f 4093/4093/4093 4094/4094/4094 4091/4091/4091
f 3993/3993/3993 3994/3994/3994 3992/3992/3992
f 3857/3857/3857 3858/3858/3858 3856/3856/3856
f 3491/3491/3491 3494/3494/3494 3487/3487/3487
f 3393/3393/3393 3394/3394/3394 3392/3392/3392
f 3338/3338/3338 3340/3340/3340 3337/3337/3337
v 0.0150183 0.9821398 -0.2903645
v 0.0150183 0.6152210 -0.8596004
v 0.0134601 0.9826710 -0.2907187
v 0.0134601 0.6157522 -0.8599545
v -0.0134541 0.9826710 -0.2907187
v -0.0134541 0.6157522 -0.8599545
v -0.0150478 0.9821398 -0.2903645
v -0.0150478 0.6152210 -0.8596004
v -0.0156852 0.9808649 -0.2895500
v -0.0156852 0.6138753 -0.8587858
v -0.0156852 0.9667349 -0.2809091
v -0.0156852 0.5998516 -0.8501804
v -0.0150478 0.9654247 -0.2800946
v 0.0150183 0.6152210 -0.8596004
v 0.0150183 0.9821398 -0.2903645
v 0.0156911 0.6138753 -0.8587858
v 0.0156911 0.9808295 -0.2895500
v 0.0156911 0.5998516 -0.8501804
v 0.0156911 0.9667349 -0.2808737
v 0.0150183 0.5985059 -0.8493305
v 0.0150183 0.9654247 -0.2800946
v 0.0134601 0.5979392 -0.8490117
v 0.0134601 0.9648580 -0.2797759
v -0.0134541 0.5979392 -0.8490117
v -0.0134541 0.9648580 -0.2797759
v -0.0150478 0.5985059 -0.8493305
vt 0.8770369 0.0021407
vt 0.8770369 0.5326366
vt 0.8769203 0.0021407
vt 0.8769203 0.5326366
vt 0.8747828 0.0021407
vt 0.8747828 0.5326366
vt 0.8746662 0.0021407
vt 0.8746662 0.5326366
vt 0.8745626 0.0021407
vt 0.8745626 0.5326366
vt 0.8732153 0.0021407
vt 0.8732153 0.5326366
vt 0.8731116 0.0021407
vt 0.8692123 0.5326366
vt 0.8692123 0.0021407
vt 0.8693159 0.5326366
vt 0.8693159 0.0021407
vt 0.8706632 0.5326366
vt 0.8706632 0.0021407
vt 0.8707668 0.5326366
vt 0.8707668 0.0021407
vt 0.8708834 0.5326366
vt 0.8708834 0.0021407
vt 0.8729950 0.5326366
vt 0.8729950 0.0021407
vt 0.8731116 0.5326366
vn 0.7029321 0.5973271 -0.3861176
vn 0.7085222 0.5931813 -0.3822725
vn 0.0219949 0.8385547 -0.5443732
vn 0.0247592 0.8418133 -0.5392007
vn -0.0219770 0.8406181 -0.5411822
vn -0.0219770 0.8406181 -0.5411822
vn -0.6998682 0.6008303 -0.3862479
vn -0.7054874 0.5966971 -0.3824136
vn -0.9992133 0.0309674 -0.0247739
vn -0.9994357 0.0266243 -0.0204803
vn -0.9994357 -0.0266243 0.0204802
vn -0.9992133 -0.0309674 0.0247739
vn -0.7085223 -0.5931813 0.3822724
vn 0.7085222 0.5931813 -0.3822725
vn 0.7029321 0.5973271 -0.3861176
vn 0.9994357 0.0266243 -0.0204802
vn 0.9992133 0.0309674 -0.0247739
vn 0.9992133 -0.0309674 0.0247739
vn 0.9994357 -0.0266243 0.0204803
vn 0.6998682 -0.6008303 0.3862479
vn 0.7054873 -0.5966972 0.3824136
vn 0.0219770 -0.8406181 0.5411822
vn 0.0219770 -0.8406181 0.5411822
vn -0.0219770 -0.8406181 0.5411822
vn -0.0219770 -0.8406181 0.5411822
vn -0.7029322 -0.5973271 0.3861175
f 5569/5569/5569 5570/5570/5570 5571/5571/5571
f 5570/5570/5570 5572/5572/5572 5571/5571/5571
f 5571/5571/5571 5572/5572/5572 5573/5573/5573
f 5572/5572/5572 5574/5574/5574 5573/5573/5573
f 5573/5573/5573 5574/5574/5574 5575/5575/5575
f 5574/5574/5574 5576/5576/5576 5575/5575/5575
f 5575/5575/5575 5576/5576/5576 5577/5577/5577
f 5576/5576/5576 5578/5578/5578 5577/5577/5577
f 5577/5577/5577 5578/5578/5578 5579/5579/5579
f 5578/5578/5578 5580/5580/5580 5579/5579/5579
f 5579/5579/5579 5580/5580/5580 5581/5581/5581
f 5582/5582/5582 5583/5583/5583 5584/5584/5584
f 5583/5583/5583 5585/5585/5585 5584/5584/5584
f 5584/5584/5584 5585/5585/5585 5586/5586/5586
f 5585/5585/5585 5587/5587/5587 5586/5586/5586
f 5586/5586/5586 5587/5587/5587 5588/5588/5588
f 5587/5587/5587 5589/5589/5589 5588/5588/5588
f 5588/5588/5588 5589/5589/5589 5590/5590/5590
f 5589/5589/5589 5591/5591/5591 5590/5590/5590
f 5590/5590/5590 5591/5591/5591 5592/5592/5592
f 5591/5591/5591 5593/5593/5593 5592/5592/5592
f 5592/5592/5592 5593/5593/5593 5594/5594/5594
f 5593/5593/5593 5581/5581/5581 5594/5594/5594
f 5581/5581/5581 5580/5580/5580 5594/5594/5594
v -0.0150781 0.6012369 -0.8367916
v -0.0150781 0.0901372 -0.4603449
v -0.0136082 0.6015884 -0.8363123
v -0.0136082 0.0905207 -0.4598656
v 0.0135844 0.6015884 -0.8363123
v 0.0135844 0.0905207 -0.4598656
v 0.0150862 0.6012369 -0.8367916
v 0.0150862 0.0901372 -0.4603449
v 0.0156933 0.6003421 -0.8380058
v 0.0156933 0.0892745 -0.4615272
v 0.0156933 0.5904045 -0.8514584
v 0.0156933 0.0793369 -0.4750116
v 0.0150862 0.5895418 -0.8526726
v 0.0150862 0.0784422 -0.4761939
v 0.0135844 0.5891584 -0.8531519
v 0.0135844 0.0780907 -0.4767052
v -0.0136082 0.5891584 -0.8531519
v -0.0136082 0.0780907 -0.4767052
v -0.0150781 0.5895418 -0.8526726
v -0.0150781 0.0784422 -0.4761939
v -0.0156852 0.5904045 -0.8514584
v -0.0156852 0.0793369 -0.4750116
v -0.0156852 0.6003421 -0.8380058
v -0.0150781 0.0901372 -0.4603449
v -0.0150781 0.6012369 -0.8367916
v -0.0156852 0.0892745 -0.4615272
vt 0.9851134 0.0021400
vt 0.9851134 0.4994156
vt 0.9849919 0.0021400
vt 0.9849919 0.4994156
vt 0.9828547 0.0021400
vt 0.9828547 0.4994156
vt 0.9827454 0.0021400
vt 0.9827454 0.4994156
vt 0.9826361 0.0021400
vt 0.9826361 0.4994156
vt 0.9813246 0.0021400
vt 0.9813246 0.4994156
vt 0.9812032 0.0021400
vt 0.9812032 0.4994156
vt 0.9810817 0.0021400
vt 0.9810817 0.4994156
vt 0.9789445 0.0021400
vt 0.9789445 0.4994156
vt 0.9788230 0.0021400
vt 0.9788230 0.4994156
vt 0.9787016 0.0021400
vt 0.9787016 0.4994156
vt 0.9773901 0.0021400
vt 0.9772687 0.4994156
vt 0.9772687 0.0021400
vt 0.9773901 0.4994156
vn -0.7067524 0.4180790 0.5707110
vn -0.7067524 0.4180790 0.5707110
vn -0.0222409 0.5949474 0.8034569
vn -0.0222281 0.5918196 0.8057639
vn 0.0222281 0.5918196 0.8057639
vn 0.0222411 0.5949473 0.8034570
vn 0.7067524 0.4180790 0.5707110
vn 0.7067524 0.4180790 0.5707110
vn 0.9994357 0.0204803 0.0266243
vn 0.9994357 0.0204803 0.0266243
vn 0.9994357 -0.0204802 -0.0266243
vn 0.9994357 -0.0204802 -0.0266243
vn 0.7067524 -0.4180790 -0.5707110
vn 0.7067524 -0.4180790 -0.5707110
vn 0.0222280 -0.5918197 -0.8057638
vn 0.0222280 -0.5918197 -0.8057638
vn -0.0222281 -0.5918196 -0.8057639
vn -0.0222281 -0.5918196 -0.8057639
vn -0.7067524 -0.4180790 -0.5707110
vn -0.7067524 -0.4180790 -0.5707110
vn -0.9994357 -0.0204802 -0.0266243
vn -0.9994357 -0.0204802 -0.0266243
vn -0.9994357 0.0204803 0.0266243
vn -0.7067524 0.4180790 0.5707110
vn -0.7067524 0.4180790 0.5707110
vn -0.9994357 0.0204803 0.0266243
f 5595/5595/5595 5596/5596/5596 5597/5597/5597
f 5596/5596/5596 5598/5598/5598 5597/5597/5597
f 5597/5597/5597 5598/5598/5598 5599/5599/5599
f 5598/5598/5598 5600/5600/5600 5599/5599/5599
f 5599/5599/5599 5600/5600/5600 5601/5601/5601
f 5600/5600/5600 5602/5602/5602 5601/5601/5601
f 5601/5601/5601 5602/5602/5602 5603/5603/5603
f 5602/5602/5602 5604/5604/5604 5603/5603/5603
f 5603/5603/5603 5604/5604/5604 5605/5605/5605
f 5604/5604/5604 5606/5606/5606 5605/5605/5605
f 5605/5605/5605 5606/5606/5606 5607/5607/5607
f 5606/5606/5606 5608/5608/5608 5607/5607/5607
f 5607/5607/5607 5608/5608/5608 5609/5609/5609
f 5608/5608/5608 5610/5610/5610 5609/5609/5609
f 5609/5609/5609 5610/5610/5610 5611/5611/5611
f 5610/5610/5610 5612/5612/5612 5611/5611/5611
f 5611/5611/5611 5612/5612/5612 5613/5613/5613
f 5612/5612/5612 5614/5614/5614 5613/5613/5613
f 5613/5613/5613 5614/5614/5614 5615/5615/5615
f 5614/5614/5614 5616/5616/5616 5615/5615/5615
f 5615/5615/5615 5616/5616/5616 5617/5617/5617
f 5618/5618/5618 5619/5619/5619 5620/5620/5620
f 5619/5619/5619 5617/5617/5617 5620/5620/5620
f 5617/5617/5617 5616/5616/5616 5620/5620/5620
