mtllib bk_wall_clock.mtl
usemtl atlas
v -0.0000305 0.5000305 -0.0281564
vt 0.7402556 0.4006484
vn 0.0000000 0.0000005 -1.0000000
v -0.0125435 0.5045474 -0.0281564
vt 0.7402556 0.4073473
vn 0.0000000 0.0000005 -1.0000000
v -0.0098578 0.5090033 -0.0281564
vt 0.7389397 0.4068688
vn 0.0000000 0.0000005 -1.0000000
f 1/1/1 2/2/2 3/3/3
v -0.3464872 0.6315693 -0.0281564
vt 0.7409733 0.5903702
vn 0.0000000 -0.0000001 -1.0000000
v -0.0098578 0.5090033 -0.0281564
vt 0.7389397 0.4068688
vn 0.0000000 -0.0000001 -1.0000000
v -0.3491729 0.6271135 -0.0281564
vt 0.7422892 0.5908487
vn 0.0000000 -0.0000001 -1.0000000
f 4/4/4 5/5/5 6/6/6
v -0.0098578 0.5090033 -0.0281564
vt 0.7389397 0.4068688
vn 0.0000000 -0.0000001 -1.0000000
v -0.0125435 0.5045474 -0.0281564
vt 0.7402556 0.4073473
vn 0.0000000 -0.0000001 -1.0000000
v -0.3491729 0.6271135 -0.0281564
vt 0.7422892 0.5908487
vn 0.0000000 -0.0000001 -1.0000000
f 7/7/7 8/8/8 9/9/9
v -0.3491729 0.6271135 -0.0281564
vt 0.7422892 0.5908487
vn 0.0000000 -0.0000001 -1.0000000
v -0.0125435 0.5045474 -0.0281564
vt 0.7402556 0.4073473
vn 0.0000000 -0.0000001 -1.0000000
v -0.3499664 0.6219251 -0.0281564
vt 0.7436050 0.5903702
vn 0.0000000 -0.0000001 -1.0000000
f 10/10/10 11/11/11 12/12/12
v -0.3499664 0.6219251 -0.0281564
vt 0.7436050 0.5903702
vn 0.0000000 0.0000017 -1.0000000
v -0.0125435 0.5045474 -0.0281564
vt 0.7402556 0.4073473
vn 0.0000000 0.0000017 -1.0000000
v -0.0133370 0.4994201 -0.0281564
vt 0.7415714 0.4068688
vn 0.0000000 0.0000017 -1.0000000
f 13/13/13 14/14/14 15/15/15
v -0.0125435 0.5045474 -0.0281564
vt 0.7402556 0.4073473
vn 0.0000000 -0.0000001 -1.0000000
v -0.0000305 0.5000305 -0.0281564
vt 0.7402556 0.4006484
vn 0.0000000 -0.0000001 -1.0000000
v -0.0133370 0.4994201 -0.0281564
vt 0.7415714 0.4068688
vn 0.0000000 -0.0000001 -1.0000000
f 16/16/16 17/17/17 18/18/18
v -0.0133370 0.4994201 -0.0281564
vt 0.7415714 0.4068688
vn 0.0000000 -0.0000001 -1.0000000
v -0.0000305 0.5000305 -0.0281564
vt 0.7402556 0.4006484
vn 0.0000000 -0.0000001 -1.0000000
v -0.0120552 0.4943540 -0.0281564
vt 0.7426480 0.4051940
vn 0.0000000 -0.0000001 -1.0000000
f 19/19/19 20/20/20 21/21/21
v -0.0120552 0.4943540 -0.0281564
vt 0.7426480 0.4051940
vn 0.0000000 -0.0000001 -1.0000000
v -0.0000305 0.5000305 -0.0281564
vt 0.7402556 0.4006484
vn 0.0000000 -0.0000001 -1.0000000
v -0.0090033 0.4901422 -0.0281564
vt 0.7433658 0.4030409
vn 0.0000000 -0.0000001 -1.0000000
f 22/22/22 23/23/23 24/24/24
v -0.0090033 0.4901422 -0.0281564
vt 0.7433658 0.4030409
vn 0.0000000 -0.0000001 -1.0000000
v -0.0000305 0.5000305 -0.0281564
vt 0.7402556 0.4006484
vn 0.0000000 -0.0000001 -1.0000000
v -0.0045474 0.4874565 -0.0281564
vt 0.7436050 0.4004091
vn 0.0000000 -0.0000001 -1.0000000
f 25/25/25 26/26/26 27/27/27
v -0.0045474 0.4874565 -0.0281564
vt 0.7436050 0.4004091
vn 0.0000000 -0.0000004 -1.0000000
v -0.0000305 0.5000305 -0.0281564
vt 0.7402556 0.4006484
vn 0.0000000 -0.0000004 -1.0000000
v 0.0005799 0.4866630 -0.0281564
vt 0.7433658 0.3977774
vn 0.0000000 -0.0000004 -1.0000000
f 28/28/28 29/29/29 30/30/30
v 0.0005799 0.4866630 -0.0281564
vt 0.7433658 0.3977774
vn 0.0000000 -0.0000001 -1.0000000
v -0.0000305 0.5000305 -0.0281564
vt 0.7402556 0.4006484
vn 0.0000000 -0.0000001 -1.0000000
v 0.0056460 0.4879448 -0.0281564
vt 0.7425284 0.3956242
vn 0.0000000 -0.0000001 -1.0000000
f 31/31/31 32/32/32 33/33/33
v 0.0056460 0.4879448 -0.0281564
vt 0.7425284 0.3956242
vn 0.0000000 -0.0000001 -1.0000000
v -0.0000305 0.5000305 -0.0281564
vt 0.7402556 0.4006484
vn 0.0000000 -0.0000001 -1.0000000
v 0.0098578 0.4909967 -0.0281564
vt 0.7414518 0.3941887
vn 0.0000000 -0.0000001 -1.0000000
f 34/34/34 35/35/35 36/36/36
v -0.0000305 0.5000305 -0.0281564
vt 0.7402556 0.4006484
vn 0.0000000 -0.0000007 -1.0000000
v 0.0125434 0.4954526 -0.0281564
vt 0.7401360 0.3937102
vn 0.0000000 -0.0000007 -1.0000000
v 0.0098578 0.4909967 -0.0281564
vt 0.7414518 0.3941887
vn 0.0000000 -0.0000007 -1.0000000
f 37/37/37 38/38/38 39/39/39
v 0.0647927 0.4709760 -0.0281564
vt 0.7410929 0.3642830
vn 0.0000000 -0.0000001 -1.0000000
v 0.0098578 0.4909967 -0.0281564
vt 0.7414518 0.3941887
vn 0.0000000 -0.0000001 -1.0000000
v 0.0674785 0.4754319 -0.0281564
vt 0.7397771 0.3638045
vn 0.0000000 -0.0000001 -1.0000000
f 40/40/40 41/41/41 42/42/42
v 0.0098578 0.4909967 -0.0281564
vt 0.7414518 0.3941887
vn 0.0000000 -0.0000001 -1.0000000
v 0.0125434 0.4954526 -0.0281564
vt 0.7401360 0.3937102
vn 0.0000000 -0.0000001 -1.0000000
v 0.0674785 0.4754319 -0.0281564
vt 0.7397771 0.3638045
vn 0.0000000 -0.0000001 -1.0000000
f 43/43/43 44/44/44 45/45/45
v 0.0674785 0.4754319 -0.0281564
vt 0.7397771 0.3638045
vn 0.0000000 -0.0000001 -1.0000000
v 0.0125434 0.4954526 -0.0281564
vt 0.7401360 0.3937102
vn 0.0000000 -0.0000001 -1.0000000
v 0.0682719 0.4805591 -0.0281564
vt 0.7384612 0.3642830
vn 0.0000000 -0.0000001 -1.0000000
f 46/46/46 47/47/47 48/48/48
v 0.0682719 0.4805591 -0.0281564
vt 0.7384612 0.3642830
vn 0.0000000 -0.0000002 -1.0000000
v 0.0125434 0.4954526 -0.0281564
vt 0.7401360 0.3937102
vn 0.0000000 -0.0000002 -1.0000000
v 0.0133370 0.5005799 -0.0281564
vt 0.7388201 0.3944280
vn 0.0000000 -0.0000002 -1.0000000
f 49/49/49 50/50/50 51/51/51
v 0.0125434 0.4954526 -0.0281564
vt 0.7401360 0.3937102
vn 0.0000000 -0.0000001 -1.0000000
v -0.0000305 0.5000305 -0.0281564
vt 0.7402556 0.4006484
vn 0.0000000 -0.0000001 -1.0000000
v 0.0133370 0.5005799 -0.0281564
vt 0.7388201 0.3944280
vn 0.0000000 -0.0000001 -1.0000000
f 52/52/52 53/53/53 54/54/54
v 0.0133370 0.5005799 -0.0281564
vt 0.7388201 0.3944280
vn 0.0000000 -0.0000001 -1.0000000
v -0.0000305 0.5000305 -0.0281564
vt 0.7402556 0.4006484
vn 0.0000000 -0.0000001 -1.0000000
v 0.0120551 0.5056461 -0.0281564
vt 0.7377435 0.3958635
vn 0.0000000 -0.0000001 -1.0000000
f 55/55/55 56/56/56 57/57/57
v 0.0120551 0.5056461 -0.0281564
vt 0.7377435 0.3958635
vn 0.0000000 -0.0000001 -1.0000000
v -0.0000305 0.5000305 -0.0281564
vt 0.7402556 0.4006484
vn 0.0000000 -0.0000001 -1.0000000
v 0.0090032 0.5098578 -0.0281564
vt 0.7370258 0.3980167
vn 0.0000000 -0.0000001 -1.0000000
f 58/58/58 59/59/59 60/60/60
v 0.0090032 0.5098578 -0.0281564
vt 0.7370258 0.3980167
vn 0.0000000 -0.0000001 -1.0000000
v -0.0000305 0.5000305 -0.0281564
vt 0.7402556 0.4006484
vn 0.0000000 -0.0000001 -1.0000000
v 0.0045474 0.5125435 -0.0281564
vt 0.7367865 0.4006484
vn 0.0000000 -0.0000001 -1.0000000
f 61/61/61 62/62/62 63/63/63
v 0.0045474 0.5125435 -0.0281564
vt 0.7367865 0.4006484
vn 0.0000000 0.0000005 -1.0000000
v -0.0000305 0.5000305 -0.0281564
vt 0.7402556 0.4006484
vn 0.0000000 0.0000005 -1.0000000
v -0.0005799 0.5133370 -0.0281564
vt 0.7371454 0.4032801
vn 0.0000000 0.0000005 -1.0000000
f 64/64/64 65/65/65 66/66/66
v -0.0005799 0.5133370 -0.0281564
vt 0.7371454 0.4032801
vn 0.0000000 -0.0000001 -1.0000000
v -0.0000305 0.5000305 -0.0281564
vt 0.7402556 0.4006484
vn 0.0000000 -0.0000001 -1.0000000
v -0.0056461 0.5120552 -0.0281564
vt 0.7378631 0.4054333
vn 0.0000000 -0.0000001 -1.0000000
f 67/67/67 68/68/68 69/69/69
v -0.0000305 0.5000305 -0.0281564
vt 0.7402556 0.4006484
vn 0.0000000 -0.0000007 -1.0000000
v -0.0098578 0.5090033 -0.0281564
vt 0.7389397 0.4068688
vn 0.0000000 -0.0000007 -1.0000000
v -0.0056461 0.5120552 -0.0281564
vt 0.7378631 0.4054333
vn 0.0000000 -0.0000007 -1.0000000
f 70/70/70 71/71/71 72/72/72
v -0.0472136 0.4437527 -0.0248602
vt 0.7331978 0.6226684
vn 0.0000000 -0.0000001 -1.0000000
v -0.0488616 0.4457670 -0.0248602
vt 0.7324801 0.6224291
vn 0.0000000 -0.0000001 -1.0000000
v -0.0449552 0.4424709 -0.0248602
vt 0.7337960 0.6224291
vn 0.0000000 -0.0000001 -1.0000000
f 73/73/73 74/74/74 75/75/75
v -0.0449552 0.4424709 -0.0248602
vt 0.7337960 0.6224291
vn 0.0000000 -0.0000106 -1.0000000
v -0.0488616 0.4457670 -0.0248602
vt 0.7324801 0.6224291
vn 0.0000000 -0.0000106 -1.0000000
v -0.0423305 0.4422267 -0.0248602
vt 0.7343941 0.6217114
vn 0.0000000 -0.0000106 -1.0000000
f 76/76/76 77/77/77 78/78/78
v -0.0488616 0.4457670 -0.0248602
vt 0.7324801 0.6224291
vn 0.0000000 -0.0000001 -1.0000000
v -0.0495941 0.4482696 -0.0248602
vt 0.7320016 0.6217114
vn 0.0000000 -0.0000001 -1.0000000
v -0.0423305 0.4422267 -0.0248602
vt 0.7343941 0.6217114
vn 0.0000000 -0.0000001 -1.0000000
f 79/79/79 80/80/80 81/81/81
v -0.0495941 0.4482696 -0.0248602
vt 0.7320016 0.6217114
vn 0.0000000 -0.0000001 -1.0000000
v -0.0492889 0.4508332 -0.0248602
vt 0.7316427 0.6207544
vn 0.0000000 -0.0000001 -1.0000000
v -0.0423305 0.4422267 -0.0248602
vt 0.7343941 0.6217114
vn 0.0000000 -0.0000001 -1.0000000
f 82/82/82 83/83/83 84/84/84
v -0.0423305 0.4422267 -0.0248602
vt 0.7343941 0.6217114
vn 0.0000000 -0.0000001 -1.0000000
v -0.0492889 0.4508332 -0.0248602
vt 0.7316427 0.6207544
vn 0.0000000 -0.0000001 -1.0000000
v -0.0398279 0.4428982 -0.0248602
vt 0.7347529 0.6207544
vn 0.0000000 -0.0000001 -1.0000000
f 85/85/85 86/86/86 87/87/87
v 0.2400964 0.7861807 -0.0248603
vt 0.7331978 0.3937102
vn 0.0000000 -0.0000001 -1.0000000
v 0.2417444 0.7841665 -0.0248603
vt 0.7337960 0.3939495
vn 0.0000000 -0.0000001 -1.0000000
v 0.2378379 0.7874016 -0.0248603
vt 0.7324801 0.3939495
vn 0.0000000 -0.0000001 -1.0000000
f 88/88/88 89/89/89 90/90/90
v 0.2378379 0.7874016 -0.0248603
vt 0.7324801 0.3939495
vn 0.0000000 0.0000112 -1.0000000
v 0.2417444 0.7841665 -0.0248603
vt 0.7337960 0.3939495
vn 0.0000000 0.0000112 -1.0000000
v 0.2352743 0.7877067 -0.0248603
vt 0.7320016 0.3946672
vn 0.0000000 0.0000112 -1.0000000
f 91/91/91 92/92/92 93/93/93
v 0.2417444 0.7841665 -0.0248603
vt 0.7337960 0.3939495
vn 0.0000000 -0.0000061 -1.0000000
v 0.2424769 0.7816639 -0.0248603
vt 0.7343941 0.3946672
vn 0.0000000 -0.0000061 -1.0000000
v 0.2352743 0.7877067 -0.0248603
vt 0.7320016 0.3946672
vn 0.0000000 -0.0000061 -1.0000000
f 94/94/94 95/95/95 96/96/96
v 0.2424769 0.7816639 -0.0248603
vt 0.7343941 0.3946672
vn 0.0000000 -0.0000001 -1.0000000
v 0.2421717 0.7790392 -0.0248603
vt 0.7347529 0.3958635
vn 0.0000000 -0.0000001 -1.0000000
v 0.2352743 0.7877067 -0.0248603
vt 0.7320016 0.3946672
vn 0.0000000 -0.0000001 -1.0000000
f 97/97/97 98/98/98 99/99/99
v 0.2352743 0.7877067 -0.0248603
vt 0.7320016 0.3946672
vn 0.0000000 -0.0000001 -1.0000000
v 0.2421717 0.7790392 -0.0248603
vt 0.7347529 0.3958635
vn 0.0000000 -0.0000001 -1.0000000
v 0.2327717 0.7869743 -0.0248603
vt 0.7316427 0.3958635
vn 0.0000000 -0.0000001 -1.0000000
f 100/100/100 101/101/101 102/102/102
v 0.2421717 0.7790392 -0.0248603
vt 0.7347529 0.3958635
vn 0.0000000 0.0000025 -1.0000000
v 0.2409509 0.7767808 -0.0248603
vt 0.7348726 0.3970597
vn 0.0000000 0.0000025 -1.0000000
v 0.2327717 0.7869743 -0.0248603
vt 0.7316427 0.3958635
vn 0.0000000 0.0000025 -1.0000000
f 103/103/103 104/104/104 105/105/105
v 0.2327717 0.7869743 -0.0248603
vt 0.7316427 0.3958635
vn 0.0000000 -0.0000001 -1.0000000
v 0.2409509 0.7767808 -0.0248603
vt 0.7348726 0.3970597
vn 0.0000000 -0.0000001 -1.0000000
v 0.2307575 0.7853262 -0.0248603
vt 0.7315231 0.3970597
vn 0.0000000 -0.0000001 -1.0000000
f 106/106/106 107/107/107 108/108/108
v 0.2409509 0.7767808 -0.0248603
vt 0.7348726 0.3970597
vn 0.0000000 -0.0000001 -1.0000000
v -0.0378136 0.4445462 -0.0248602
vt 0.7348726 0.6193190
vn 0.0000000 -0.0000001 -1.0000000
v 0.2307575 0.7853262 -0.0248603
vt 0.7315231 0.3970597
vn 0.0000000 -0.0000001 -1.0000000
f 109/109/109 110/110/110 111/111/111
v 0.2307575 0.7853262 -0.0248603
vt 0.7315231 0.3970597
vn 0.0000000 -0.0000004 -1.0000000
v -0.0378136 0.4445462 -0.0248602
vt 0.7348726 0.6193190
vn 0.0000000 -0.0000004 -1.0000000
v -0.0480071 0.4531527 -0.0248602
vt 0.7315231 0.6193190
vn 0.0000000 -0.0000004 -1.0000000
f 112/112/112 113/113/113 114/114/114
v -0.0378136 0.4445462 -0.0248602
vt 0.7348726 0.6193190
vn 0.0000000 0.0000022 -1.0000000
v -0.0398279 0.4428982 -0.0248602
vt 0.7347529 0.6207544
vn 0.0000000 0.0000022 -1.0000000
v -0.0480071 0.4531527 -0.0248602
vt 0.7315231 0.6193190
vn 0.0000000 0.0000022 -1.0000000
f 115/115/115 116/116/116 117/117/117
v -0.0398279 0.4428982 -0.0248602
vt 0.7347529 0.6207544
vn 0.0000000 -0.0000033 -1.0000000
v -0.0492889 0.4508332 -0.0248602
vt 0.7316427 0.6207544
vn 0.0000000 -0.0000033 -1.0000000
v -0.0480071 0.4531527 -0.0248602
vt 0.7315231 0.6193190
vn 0.0000000 -0.0000033 -1.0000000
f 118/118/118 119/119/119 120/120/120
v 0.0708356 0.4805591 -0.0215031
vt 0.7365473 0.0058930
vn 0.0000000 -0.0000001 -1.0000000
v 0.0696758 0.4782396 -0.0215031
vt 0.7363080 0.0073285
vn 0.0000000 -0.0000001 -1.0000000
v 0.0710187 0.4831838 -0.0215031
vt 0.7363080 0.0046968
vn 0.0000000 -0.0000001 -1.0000000
f 121/121/121 122/122/122 123/123/123
v 0.0710187 0.4831838 -0.0215031
vt 0.7363080 0.0046968
vn 0.0000000 -0.0000008 -1.0000000
v 0.0696758 0.4782396 -0.0215031
vt 0.7363080 0.0073285
vn 0.0000000 -0.0000008 -1.0000000
v 0.0702252 0.4856253 -0.0215031
vt 0.7359492 0.0035005
vn 0.0000000 -0.0000008 -1.0000000
f 124/124/124 125/125/125 126/126/126
v 0.0696758 0.4782396 -0.0215031
vt 0.7363080 0.0073285
vn 0.0000000 -0.0000001 -1.0000000
v 0.0677226 0.4765306 -0.0215031
vt 0.7359492 0.0082855
vn 0.0000000 -0.0000001 -1.0000000
v 0.0702252 0.4856253 -0.0215031
vt 0.7359492 0.0035005
vn 0.0000000 -0.0000001 -1.0000000
f 127/127/127 128/128/128 129/129/129
v 0.0677226 0.4765306 -0.0215031
vt 0.7359492 0.0082855
vn 0.0000000 -0.0000001 -1.0000000
v 0.0652200 0.4757371 -0.0215031
vt 0.7354707 0.0090032
vn 0.0000000 -0.0000001 -1.0000000
v 0.0702252 0.4856253 -0.0215031
vt 0.7359492 0.0035005
vn 0.0000000 -0.0000001 -1.0000000
f 130/130/130 131/131/131 132/132/132
v 0.0702252 0.4856253 -0.0215031
vt 0.7359492 0.0035005
vn 0.0000000 0.0000014 -1.0000000
v 0.0652200 0.4757371 -0.0215031
vt 0.7354707 0.0090032
vn 0.0000000 0.0000014 -1.0000000
v 0.0685161 0.4876396 -0.0215031
vt 0.7354707 0.0027828
vn 0.0000000 0.0000014 -1.0000000
f 133/133/133 134/134/134 135/135/135
v -0.2156809 0.5591162 -0.0215031
vt 0.6603475 0.0058930
vn 0.0000000 -0.0000001 -1.0000000
v -0.2145211 0.5614356 -0.0215031
vt 0.6605868 0.0046968
vn 0.0000000 -0.0000001 -1.0000000
v -0.2158640 0.5564915 -0.0215031
vt 0.6605868 0.0073285
vn 0.0000000 -0.0000001 -1.0000000
f 136/136/136 137/137/137 138/138/138
v -0.2158640 0.5564915 -0.0215031
vt 0.6605868 0.0073285
vn 0.0000000 -0.0000001 -1.0000000
v -0.2145211 0.5614356 -0.0215031
vt 0.6605868 0.0046968
vn 0.0000000 -0.0000001 -1.0000000
v -0.2150094 0.5540499 -0.0215031
vt 0.6609456 0.0082855
vn 0.0000000 -0.0000001 -1.0000000
f 139/139/139 140/140/140 141/141/141
v -0.2145211 0.5614356 -0.0215031
vt 0.6605868 0.0046968
vn 0.0000000 -0.0000001 -1.0000000
v -0.2125679 0.5631447 -0.0215031
vt 0.6609456 0.0035005
vn 0.0000000 -0.0000001 -1.0000000
v -0.2150094 0.5540499 -0.0215031
vt 0.6609456 0.0082855
vn 0.0000000 -0.0000001 -1.0000000
f 142/142/142 143/143/143 144/144/144
v -0.2125679 0.5631447 -0.0215031
vt 0.6609456 0.0035005
vn 0.0000000 -0.0000001 -1.0000000
v -0.2100653 0.5639382 -0.0215031
vt 0.6614241 0.0027828
vn 0.0000000 -0.0000001 -1.0000000
v -0.2150094 0.5540499 -0.0215031
vt 0.6609456 0.0082855
vn 0.0000000 -0.0000001 -1.0000000
f 145/145/145 146/146/146 147/147/147
v -0.2150094 0.5540499 -0.0215031
vt 0.6609456 0.0082855
vn 0.0000000 -0.0000017 -1.0000000
v -0.2100653 0.5639382 -0.0215031
vt 0.6614241 0.0027828
vn 0.0000000 -0.0000017 -1.0000000
v -0.2133614 0.5520967 -0.0215031
vt 0.6614241 0.0090032
vn 0.0000000 -0.0000017 -1.0000000
f 148/148/148 149/149/149 150/150/150
v -0.2100653 0.5639382 -0.0215031
vt 0.6614241 0.0027828
vn 0.0000000 0.0000025 -1.0000000
v -0.2075017 0.5637551 -0.0215031
vt 0.6621419 0.0025436
vn 0.0000000 0.0000025 -1.0000000
v -0.2133614 0.5520967 -0.0215031
vt 0.6614241 0.0090032
vn 0.0000000 0.0000025 -1.0000000
f 151/151/151 152/152/152 153/153/153
v -0.2133614 0.5520967 -0.0215031
vt 0.6614241 0.0090032
vn 0.0000000 -0.0000013 -1.0000000
v -0.2075017 0.5637551 -0.0215031
vt 0.6621419 0.0025436
vn 0.0000000 -0.0000013 -1.0000000
v -0.2109809 0.5509369 -0.0215031
vt 0.6621419 0.0092424
vn 0.0000000 -0.0000013 -1.0000000
f 154/154/154 155/155/155 156/156/156
v -0.2075017 0.5637551 -0.0215031
vt 0.6621419 0.0025436
vn 0.0000000 -0.0000001 -1.0000000
v 0.0661966 0.4887994 -0.0215031
vt 0.7347529 0.0025436
vn 0.0000000 -0.0000001 -1.0000000
v -0.2109809 0.5509369 -0.0215031
vt 0.6621419 0.0092424
vn 0.0000000 -0.0000001 -1.0000000
f 157/157/157 158/158/158 159/159/159
v -0.2109809 0.5509369 -0.0215031
vt 0.6621419 0.0092424
vn 0.0000000 -0.0000003 -1.0000000
v 0.0661966 0.4887994 -0.0215031
vt 0.7347529 0.0025436
vn 0.0000000 -0.0000003 -1.0000000
v 0.0626564 0.4759202 -0.0215031
vt 0.7347529 0.0092424
vn 0.0000000 -0.0000003 -1.0000000
f 160/160/160 161/161/161 162/162/162
v 0.0661966 0.4887994 -0.0215031
vt 0.7347529 0.0025436
vn 0.0000000 0.0000022 -1.0000000
v 0.0685161 0.4876396 -0.0215031
vt 0.7354707 0.0027828
vn 0.0000000 0.0000022 -1.0000000
v 0.0626564 0.4759202 -0.0215031
vt 0.7347529 0.0092424
vn 0.0000000 0.0000022 -1.0000000
f 163/163/163 164/164/164 165/165/165
v 0.0685161 0.4876396 -0.0215031
vt 0.7354707 0.0027828
vn 0.0000000 -0.0000014 -1.0000000
v 0.0652200 0.4757371 -0.0215031
vt 0.7354707 0.0090032
vn 0.0000000 -0.0000014 -1.0000000
v 0.0626564 0.4759202 -0.0215031
vt 0.7347529 0.0092424
vn 0.0000000 -0.0000014 -1.0000000
f 166/166/166 167/167/167 168/168/168
v 0.2334431 0.9367637 -0.0164980
vt 0.7311642 0.3922748
vn 0.0000000 -0.0000001 -1.0000000
v -0.0000305 0.5000305 -0.0164979
vt 0.6256569 0.2513591
vn 0.0000000 -0.0000001 -1.0000000
v 0.0485564 0.9928585 -0.0164980
vt 0.7500647 0.3008829
vn 0.0000000 -0.0000001 -1.0000000
f 169/169/169 170/170/170 171/171/171
v 0.0485564 0.9928585 -0.0164980
vt 0.7500647 0.3008829
vn 0.0000000 -0.0000001 -1.0000000
v -0.0000305 0.5000305 -0.0164979
vt 0.6256569 0.2513591
vn 0.0000000 -0.0000001 -1.0000000
v -0.1437771 0.9739364 -0.0164980
vt 0.7500647 0.2018352
vn 0.0000000 -0.0000001 -1.0000000
f 172/172/172 173/173/173 174/174/174
v -0.1437771 0.9739364 -0.0164980
vt 0.7500647 0.2018352
vn 0.0000000 -0.0000001 -1.0000000
v -0.0000305 0.5000305 -0.0164979
vt 0.6256569 0.2513591
vn 0.0000000 -0.0000001 -1.0000000
v -0.3141976 0.8828053 -0.0164980
vt 0.7311642 0.1104434
vn 0.0000000 -0.0000001 -1.0000000
f 175/175/175 176/176/176 177/177/177
v -0.3141976 0.8828053 -0.0164980
vt 0.7311642 0.1104434
vn 0.0000000 -0.0000001 -1.0000000
v -0.0000305 0.5000305 -0.0164979
vt 0.6256569 0.2513591
vn 0.0000000 -0.0000001 -1.0000000
v -0.4367636 0.7334432 -0.0164980
vt 0.6961148 0.0403444
vn 0.0000000 -0.0000001 -1.0000000
f 178/178/178 179/179/179 180/180/180
v -0.4367636 0.7334432 -0.0164980
vt 0.6961148 0.0403444
vn 0.0000000 -0.0000001 -1.0000000
v -0.0000305 0.5000305 -0.0164979
vt 0.6256569 0.2513591
vn 0.0000000 -0.0000001 -1.0000000
v -0.4928584 0.5485564 -0.0164979
vt 0.6504188 0.0025436
vn 0.0000000 -0.0000001 -1.0000000
f 181/181/181 182/182/182 183/183/183
v -0.4928584 0.5485564 -0.0164979
vt 0.6504188 0.0025436
vn 0.0000000 -0.0000002 -1.0000000
v -0.0000305 0.5000305 -0.0164979
vt 0.6256569 0.2513591
vn 0.0000000 -0.0000002 -1.0000000
v -0.4739363 0.3562229 -0.0164979
vt 0.6008950 0.0025436
vn 0.0000000 -0.0000002 -1.0000000
f 184/184/184 185/185/185 186/186/186
v -0.4739363 0.3562229 -0.0164979
vt 0.6008950 0.0025436
vn 0.0000000 -0.0000001 -1.0000000
v -0.0000305 0.5000305 -0.0164979
vt 0.6256569 0.2513591
vn 0.0000000 -0.0000001 -1.0000000
v -0.3828053 0.1858024 -0.0164979
vt 0.5551990 0.0403444
vn 0.0000000 -0.0000001 -1.0000000
f 187/187/187 188/188/188 189/189/189
v -0.3828053 0.1858024 -0.0164979
vt 0.5551990 0.0403444
vn 0.0000000 -0.0000002 -1.0000000
v -0.0000305 0.5000305 -0.0164979
vt 0.6256569 0.2513591
vn 0.0000000 -0.0000002 -1.0000000
v -0.2334432 0.0632363 -0.0164979
vt 0.5201496 0.1104434
vn 0.0000000 -0.0000002 -1.0000000
f 190/190/190 191/191/191 192/192/192
v -0.2334432 0.0632363 -0.0164979
vt 0.5201496 0.1104434
vn 0.0000000 -0.0000001 -1.0000000
v -0.0000305 0.5000305 -0.0164979
vt 0.6256569 0.2513591
vn 0.0000000 -0.0000001 -1.0000000
v -0.0485564 0.0071416 -0.0164979
vt 0.5012491 0.2018352
vn 0.0000000 -0.0000001 -1.0000000
f 193/193/193 194/194/194 195/195/195
v -0.0485564 0.0071416 -0.0164979
vt 0.5012491 0.2018352
vn 0.0000000 -0.0000001 -1.0000000
v -0.0000305 0.5000305 -0.0164979
vt 0.6256569 0.2513591
vn 0.0000000 -0.0000001 -1.0000000
v 0.1437771 0.0260636 -0.0164979
vt 0.5012491 0.3008829
vn 0.0000000 -0.0000001 -1.0000000
f 196/196/196 197/197/197 198/198/198
v 0.1437771 0.0260636 -0.0164979
vt 0.5012491 0.3008829
vn 0.0000000 -0.0000001 -1.0000000
v -0.0000305 0.5000305 -0.0164979
vt 0.6256569 0.2513591
vn 0.0000000 -0.0000001 -1.0000000
v 0.3141976 0.1171946 -0.0164979
vt 0.5201496 0.3922748
vn 0.0000000 -0.0000001 -1.0000000
f 199/199/199 200/200/200 201/201/201
v 0.3141976 0.1171946 -0.0164979
vt 0.5201496 0.3922748
vn 0.0000000 -0.0000001 -1.0000000
v -0.0000305 0.5000305 -0.0164979
vt 0.6256569 0.2513591
vn 0.0000000 -0.0000001 -1.0000000
v 0.4367636 0.2665568 -0.0164979
vt 0.5551990 0.4623738
vn 0.0000000 -0.0000001 -1.0000000
f 202/202/202 203/203/203 204/204/204
v 0.4367636 0.2665568 -0.0164979
vt 0.5551990 0.4623738
vn 0.0000000 -0.0000001 -1.0000000
v -0.0000305 0.5000305 -0.0164979
vt 0.6256569 0.2513591
vn 0.0000000 -0.0000001 -1.0000000
v 0.4928583 0.4514436 -0.0164979
vt 0.6008950 0.5001746
vn 0.0000000 -0.0000001 -1.0000000
f 205/205/205 206/206/206 207/207/207
v 0.4928583 0.4514436 -0.0164979
vt 0.6008950 0.5001746
vn 0.0000000 -0.0000002 -1.0000000
v -0.0000305 0.5000305 -0.0164979
vt 0.6256569 0.2513591
vn 0.0000000 -0.0000002 -1.0000000
v 0.4739363 0.6437771 -0.0164979
vt 0.6504188 0.5001746
vn 0.0000000 -0.0000002 -1.0000000
f 208/208/208 209/209/209 210/210/210
v 0.4739363 0.6437771 -0.0164979
vt 0.6504188 0.5001746
vn 0.0000000 -0.0000001 -1.0000000
v -0.0000305 0.5000305 -0.0164979
vt 0.6256569 0.2513591
vn 0.0000000 -0.0000001 -1.0000000
v 0.3828053 0.8141976 -0.0164980
vt 0.6961148 0.4623738
vn 0.0000000 -0.0000001 -1.0000000
f 211/211/211 212/212/212 213/213/213
v -0.0000305 0.5000305 -0.0164979
vt 0.6256569 0.2513591
vn 0.0000000 -0.0000001 -1.0000000
v 0.2334431 0.9367637 -0.0164980
vt 0.7311642 0.3922748
vn 0.0000000 -0.0000001 -1.0000000
v 0.3828053 0.8141976 -0.0164980
vt 0.6961148 0.4623738
vn 0.0000000 -0.0000001 -1.0000000
f 214/214/214 215/215/215 216/216/216
v 0.0975706 0.9904168 0.0501565
vt 0.5026846 0.4999353
vn 0.0000000 0.0000001 1.0000000
v -0.0000305 0.5000305 0.0501565
vt 0.5268484 0.4827097
vn 0.0000000 0.0000001 1.0000000
v 0.1451199 0.9784532 0.0501565
vt 0.5036416 0.5047203
vn 0.0000000 0.0000001 1.0000000
f 217/217/217 218/218/218 219/219/219
v 0.1451199 0.9784532 0.0501565
vt 0.5036416 0.5047203
vn 0.0000000 0.0000001 1.0000000
v -0.0000305 0.5000305 0.0501565
vt 0.5268484 0.4827097
vn 0.0000000 0.0000001 1.0000000
v 0.1913263 0.9619117 0.0501565
vt 0.5048378 0.5090267
vn 0.0000000 0.0000001 1.0000000
f 220/220/220 221/221/221 222/222/222
v 0.1913263 0.9619117 0.0501565
vt 0.5048378 0.5090267
vn 0.0000000 0.0000001 1.0000000
v -0.0000305 0.5000305 0.0501565
vt 0.5268484 0.4827097
vn 0.0000000 0.0000001 1.0000000
v 0.2357016 0.9409754 0.0501565
vt 0.5062733 0.5133331
vn 0.0000000 0.0000001 1.0000000
f 223/223/223 224/224/224 225/225/225
v 0.2357016 0.9409754 0.0501565
vt 0.5062733 0.5133331
vn 0.0000000 0.0000001 1.0000000
v -0.0000305 0.5000305 0.0501565
vt 0.5268484 0.4827097
vn 0.0000000 0.0000001 1.0000000
v 0.2777573 0.9157053 0.0501565
vt 0.5078284 0.5171611
vn 0.0000000 0.0000001 1.0000000
f 226/226/226 227/227/227 228/228/228
v 0.2777573 0.9157053 0.0501565
vt 0.5078284 0.5171611
vn 0.0000000 0.0000001 1.0000000
v -0.0000305 0.5000305 0.0501565
vt 0.5268484 0.4827097
vn 0.0000000 0.0000001 1.0000000
v 0.3171884 0.8865287 0.0501565
vt 0.5096227 0.5207497
vn 0.0000000 0.0000001 1.0000000
f 229/229/229 230/230/230 231/231/231
v 0.3171884 0.8865287 0.0501565
vt 0.5096227 0.5207497
vn 0.0000000 0.0000001 1.0000000
v -0.0000305 0.5000305 0.0501565
vt 0.5268484 0.4827097
vn 0.0000000 0.0000001 1.0000000
v 0.3535676 0.8535678 0.0501565
vt 0.5115367 0.5238599
vn 0.0000000 0.0000001 1.0000000
f 232/232/232 233/233/233 234/234/234
v 0.3535676 0.8535678 0.0501565
vt 0.5115367 0.5238599
vn 0.0000000 0.0000001 1.0000000
v -0.0000305 0.5000305 0.0501565
vt 0.5268484 0.4827097
vn 0.0000000 0.0000001 1.0000000
v 0.3865286 0.8171886 0.0501565
vt 0.5136899 0.5267309
vn 0.0000000 0.0000001 1.0000000
f 235/235/235 236/236/236 237/237/237
v 0.3865286 0.8171886 0.0501565
vt 0.5136899 0.5267309
vn 0.0000000 0.0000001 1.0000000
v -0.0000305 0.5000305 0.0501565
vt 0.5268484 0.4827097
vn 0.0000000 0.0000001 1.0000000
v 0.4157052 0.7777574 0.0501565
vt 0.5158431 0.5291234
vn 0.0000000 0.0000001 1.0000000
f 238/238/238 239/239/239 240/240/240
v 0.4157052 0.7777574 0.0501565
vt 0.5158431 0.5291234
vn 0.0000000 0.0000001 1.0000000
v -0.0000305 0.5000305 0.0501565
vt 0.5268484 0.4827097
vn 0.0000000 0.0000001 1.0000000
v 0.4409752 0.7357016 0.0501565
vt 0.5182356 0.5310373
vn 0.0000000 0.0000001 1.0000000
f 241/241/241 242/242/242 243/243/243
v 0.4409752 0.7357016 0.0501565
vt 0.5182356 0.5310373
vn 0.0000000 0.0000001 1.0000000
v -0.0000305 0.5000305 0.0501565
vt 0.5268484 0.4827097
vn 0.0000000 0.0000001 1.0000000
v 0.4619117 0.6913263 0.0501565
vt 0.5206280 0.5324727
vn 0.0000000 0.0000001 1.0000000
f 244/244/244 245/245/245 246/246/246
v 0.4619117 0.6913263 0.0501565
vt 0.5206280 0.5324727
vn 0.0000000 0.0000001 1.0000000
v -0.0000305 0.5000305 0.0501565
vt 0.5268484 0.4827097
vn 0.0000000 0.0000001 1.0000000
v 0.4784532 0.6451200 0.0501565
vt 0.5230205 0.5334297
vn 0.0000000 0.0000001 1.0000000
f 247/247/247 248/248/248 249/249/249
v 0.4784532 0.6451200 0.0501565
vt 0.5230205 0.5334297
vn 0.0000000 0.0000001 1.0000000
v -0.0000305 0.5000305 0.0501565
vt 0.5268484 0.4827097
vn 0.0000000 0.0000001 1.0000000
v 0.4904168 0.5975707 0.0501565
vt 0.5255326 0.5339082
vn 0.0000000 0.0000001 1.0000000
f 250/250/250 251/251/251 252/252/252
v 0.4904168 0.5975707 0.0501565
vt 0.5255326 0.5339082
vn 0.0000000 0.0000001 1.0000000
v -0.0000305 0.5000305 0.0501565
vt 0.5268484 0.4827097
vn 0.0000000 0.0000001 1.0000000
v 0.4976193 0.5489837 0.0501565
vt 0.5280447 0.5339082
vn 0.0000000 0.0000001 1.0000000
f 253/253/253 254/254/254 255/255/255
v 0.4976193 0.5489837 0.0501565
vt 0.5280447 0.5339082
vn 0.0000000 0.0000001 1.0000000
v -0.0000305 0.5000305 0.0501565
vt 0.5268484 0.4827097
vn 0.0000000 0.0000001 1.0000000
v 0.4999999 0.5000305 0.0501565
vt 0.5305567 0.5334297
vn 0.0000000 0.0000001 1.0000000
f 256/256/256 257/257/257 258/258/258
v 0.4999999 0.5000305 0.0501565
vt 0.5305567 0.5334297
vn 0.0000000 0.0000001 1.0000000
v -0.0000305 0.5000305 0.0501565
vt 0.5268484 0.4827097
vn 0.0000000 0.0000001 1.0000000
v 0.4976193 0.4510163 0.0501565
vt 0.5330688 0.5324727
vn 0.0000000 0.0000001 1.0000000
f 259/259/259 260/260/260 261/261/261
v 0.4976193 0.4510163 0.0501565
vt 0.5330688 0.5324727
vn 0.0000000 0.0000001 1.0000000
v -0.0000305 0.5000305 0.0501565
vt 0.5268484 0.4827097
vn 0.0000000 0.0000001 1.0000000
v 0.4904168 0.4024294 0.0501565
vt 0.5354613 0.5310373
vn 0.0000000 0.0000001 1.0000000
f 262/262/262 263/263/263 264/264/264
v 0.4904168 0.4024294 0.0501565
vt 0.5354613 0.5310373
vn 0.0000000 0.0000001 1.0000000
v -0.0000305 0.5000305 0.0501565
vt 0.5268484 0.4827097
vn 0.0000000 0.0000001 1.0000000
v 0.4784532 0.3548801 0.0501565
vt 0.5377341 0.5291234
vn 0.0000000 0.0000001 1.0000000
f 265/265/265 266/266/266 267/267/267
v 0.4784532 0.3548801 0.0501565
vt 0.5377341 0.5291234
vn 0.0000000 0.0000001 1.0000000
v -0.0000305 0.5000305 0.0501565
vt 0.5268484 0.4827097
vn 0.0000000 0.0000001 1.0000000
v 0.4619117 0.3086737 0.0501565
vt 0.5400069 0.5267309
vn 0.0000000 0.0000001 1.0000000
f 268/268/268 269/269/269 270/270/270
v 0.4619117 0.3086737 0.0501565
vt 0.5400069 0.5267309
vn 0.0000000 0.0000001 1.0000000
v -0.0000305 0.5000305 0.0501565
vt 0.5268484 0.4827097
vn 0.0000000 0.0000001 1.0000000
v 0.4409752 0.2642984 0.0501566
vt 0.5420405 0.5238599
vn 0.0000000 0.0000001 1.0000000
f 271/271/271 272/272/272 273/273/273
v 0.4409752 0.2642984 0.0501566
vt 0.5420405 0.5238599
vn 0.0000000 0.0000001 1.0000000
v -0.0000305 0.5000305 0.0501565
vt 0.5268484 0.4827097
vn 0.0000000 0.0000001 1.0000000
v 0.4157052 0.2222426 0.0501566
vt 0.5440741 0.5207497
vn 0.0000000 0.0000001 1.0000000
f 274/274/274 275/275/275 276/276/276
v 0.4157052 0.2222426 0.0501566
vt 0.5440741 0.5207497
vn 0.0000000 0.0000001 1.0000000
v -0.0000305 0.5000305 0.0501565
vt 0.5268484 0.4827097
vn 0.0000000 0.0000001 1.0000000
v 0.3865286 0.1828115 0.0501566
vt 0.5458685 0.5171611
vn 0.0000000 0.0000001 1.0000000
f 277/277/277 278/278/278 279/279/279
v 0.3865286 0.1828115 0.0501566
vt 0.5458685 0.5171611
vn 0.0000000 0.0000001 1.0000000
v -0.0000305 0.5000305 0.0501565
vt 0.5268484 0.4827097
vn 0.0000000 0.0000001 1.0000000
v 0.3535676 0.1464323 0.0501566
vt 0.5474236 0.5133331
vn 0.0000000 0.0000001 1.0000000
f 280/280/280 281/281/281 282/282/282
v 0.3535676 0.1464323 0.0501566
vt 0.5474236 0.5133331
vn 0.0000000 0.0000001 1.0000000
v -0.0000305 0.5000305 0.0501565
vt 0.5268484 0.4827097
vn 0.0000000 0.0000001 1.0000000
v 0.3171884 0.1134713 0.0501566
vt 0.5488590 0.5092659
vn 0.0000000 0.0000001 1.0000000
f 283/283/283 284/284/284 285/285/285
v 0.3171884 0.1134713 0.0501566
vt 0.5488590 0.5092659
vn 0.0000000 0.0000001 1.0000000
v -0.0000305 0.5000305 0.0501565
vt 0.5268484 0.4827097
vn 0.0000000 0.0000001 1.0000000
v 0.2777573 0.0842948 0.0501566
vt 0.5499356 0.5047203
vn 0.0000000 0.0000001 1.0000000
f 286/286/286 287/287/287 288/288/288
v 0.2777573 0.0842948 0.0501566
vt 0.5499356 0.5047203
vn 0.0000000 0.0000001 1.0000000
v -0.0000305 0.5000305 0.0501565
vt 0.5268484 0.4827097
vn 0.0000000 0.0000001 1.0000000
v 0.2357016 0.0590247 0.0501566
vt 0.5508926 0.5001746
vn 0.0000000 0.0000001 1.0000000
f 289/289/289 290/290/290 291/291/291
v 0.2357016 0.0590247 0.0501566
vt 0.5508926 0.5001746
vn 0.0000000 0.0000001 1.0000000
v -0.0000305 0.5000305 0.0501565
vt 0.5268484 0.4827097
vn 0.0000000 0.0000001 1.0000000
v 0.1913263 0.0380883 0.0501566
vt 0.5517300 0.4951504
vn 0.0000000 0.0000001 1.0000000
f 292/292/292 293/293/293 294/294/294
v 0.1913263 0.0380883 0.0501566
vt 0.5517300 0.4951504
vn 0.0000000 0.0000001 1.0000000
v -0.0000305 0.5000305 0.0501565
vt 0.5268484 0.4827097
vn 0.0000000 0.0000001 1.0000000
v 0.1451199 0.0215468 0.0501566
vt 0.5522085 0.4903655
vn 0.0000000 0.0000001 1.0000000
f 295/295/295 296/296/296 297/297/297
v 0.1451199 0.0215468 0.0501566
vt 0.5522085 0.4903655
vn 0.0000000 0.0000001 1.0000000
v -0.0000305 0.5000305 0.0501565
vt 0.5268484 0.4827097
vn 0.0000000 0.0000001 1.0000000
v 0.0975706 0.0095831 0.0501566
vt 0.5524477 0.4853414
vn 0.0000000 0.0000001 1.0000000
f 298/298/298 299/299/299 300/300/300
v 0.0975706 0.0095831 0.0501566
vt 0.5524477 0.4853414
vn 0.0000000 0.0000001 1.0000000
v -0.0000305 0.5000305 0.0501565
vt 0.5268484 0.4827097
vn 0.0000000 0.0000001 1.0000000
v 0.0489837 0.0023806 0.0501566
vt 0.5524477 0.4803172
vn 0.0000000 0.0000001 1.0000000
f 301/301/301 302/302/302 303/303/303
v 0.0489837 0.0023806 0.0501566
vt 0.5524477 0.4803172
vn 0.0000000 0.0000001 1.0000000
v -0.0000305 0.5000305 0.0501565
vt 0.5268484 0.4827097
vn 0.0000000 0.0000001 1.0000000
v -0.0000305 0.0000000 0.0501566
vt 0.5522085 0.4752931
vn 0.0000000 0.0000001 1.0000000
f 304/304/304 305/305/305 306/306/306
v -0.0000305 0.0000000 0.0501566
vt 0.5522085 0.4752931
vn 0.0000000 0.0000001 1.0000000
v -0.0000305 0.5000305 0.0501565
vt 0.5268484 0.4827097
vn 0.0000000 0.0000001 1.0000000
v -0.0489837 0.0023806 0.0501566
vt 0.5517300 0.4702689
vn 0.0000000 0.0000001 1.0000000
f 307/307/307 308/308/308 309/309/309
v -0.0489837 0.0023806 0.0501566
vt 0.5517300 0.4702689
vn 0.0000000 0.0000001 1.0000000
v -0.0000305 0.5000305 0.0501565
vt 0.5268484 0.4827097
vn 0.0000000 0.0000001 1.0000000
v -0.0975707 0.0095831 0.0501566
vt 0.5510122 0.4654839
vn 0.0000000 0.0000001 1.0000000
f 310/310/310 311/311/311 312/312/312
v -0.0975707 0.0095831 0.0501566
vt 0.5510122 0.4654839
vn 0.0000000 0.0000001 1.0000000
v -0.0000305 0.5000305 0.0501565
vt 0.5268484 0.4827097
vn 0.0000000 0.0000001 1.0000000
v -0.1451200 0.0215468 0.0501566
vt 0.5499356 0.4609383
vn 0.0000000 0.0000001 1.0000000
f 313/313/313 314/314/314 315/315/315
v -0.1451200 0.0215468 0.0501566
vt 0.5499356 0.4609383
vn 0.0000000 0.0000001 1.0000000
v -0.0000305 0.5000305 0.0501565
vt 0.5268484 0.4827097
vn 0.0000000 0.0000001 1.0000000
v -0.1913264 0.0380883 0.0501566
vt 0.5488590 0.4563927
vn 0.0000000 0.0000001 1.0000000
f 316/316/316 317/317/317 318/318/318
v -0.1913264 0.0380883 0.0501566
vt 0.5488590 0.4563927
vn 0.0000000 0.0000001 1.0000000
v -0.0000305 0.5000305 0.0501565
vt 0.5268484 0.4827097
vn 0.0000000 0.0000001 1.0000000
v -0.2357016 0.0590247 0.0501566
vt 0.5474236 0.4523255
vn 0.0000000 0.0000001 1.0000000
f 319/319/319 320/320/320 321/321/321
v -0.2357016 0.0590247 0.0501566
vt 0.5474236 0.4523255
vn 0.0000000 0.0000001 1.0000000
v -0.0000305 0.5000305 0.0501565
vt 0.5268484 0.4827097
vn 0.0000000 0.0000001 1.0000000
v -0.2777574 0.0842948 0.0501566
vt 0.5458685 0.4484975
vn 0.0000000 0.0000001 1.0000000
f 322/322/322 323/323/323 324/324/324
v -0.2777574 0.0842948 0.0501566
vt 0.5458685 0.4484975
vn 0.0000000 0.0000001 1.0000000
v -0.0000305 0.5000305 0.0501565
vt 0.5268484 0.4827097
vn 0.0000000 0.0000001 1.0000000
v -0.3171885 0.1134713 0.0501566
vt 0.5440741 0.4449089
vn 0.0000000 0.0000001 1.0000000
f 325/325/325 326/326/326 327/327/327
v -0.3171885 0.1134713 0.0501566
vt 0.5440741 0.4449089
vn 0.0000000 0.0000001 1.0000000
v -0.0000305 0.5000305 0.0501565
vt 0.5268484 0.4827097
vn 0.0000000 0.0000001 1.0000000
v -0.3535677 0.1464323 0.0501566
vt 0.5420405 0.4415594
vn 0.0000000 0.0000001 1.0000000
f 328/328/328 329/329/329 330/330/330
v -0.3535677 0.1464323 0.0501566
vt 0.5420405 0.4415594
vn 0.0000000 0.0000001 1.0000000
v -0.0000305 0.5000305 0.0501565
vt 0.5268484 0.4827097
vn 0.0000000 0.0000001 1.0000000
v -0.3865287 0.1828115 0.0501566
vt 0.5400069 0.4389277
vn 0.0000000 0.0000001 1.0000000
f 331/331/331 332/332/332 333/333/333
v -0.3865287 0.1828115 0.0501566
vt 0.5400069 0.4389277
vn 0.0000000 0.0000001 1.0000000
v -0.0000305 0.5000305 0.0501565
vt 0.5268484 0.4827097
vn 0.0000000 0.0000001 1.0000000
v -0.4157053 0.2222426 0.0501566
vt 0.5377341 0.4365352
vn 0.0000000 0.0000001 1.0000000
f 334/334/334 335/335/335 336/336/336
v -0.4157053 0.2222426 0.0501566
vt 0.5377341 0.4365352
vn 0.0000000 0.0000001 1.0000000
v -0.0000305 0.5000305 0.0501565
vt 0.5268484 0.4827097
vn 0.0000000 0.0000001 1.0000000
v -0.4409754 0.2642984 0.0501566
vt 0.5354613 0.4346213
vn 0.0000000 0.0000001 1.0000000
f 337/337/337 338/338/338 339/339/339
v -0.4409754 0.2642984 0.0501566
vt 0.5354613 0.4346213
vn 0.0000000 0.0000001 1.0000000
v -0.0000305 0.5000305 0.0501565
vt 0.5268484 0.4827097
vn 0.0000000 0.0000001 1.0000000
v -0.4619117 0.3086737 0.0501565
vt 0.5330688 0.4331858
vn 0.0000000 0.0000001 1.0000000
f 340/340/340 341/341/341 342/342/342
v -0.4619117 0.3086737 0.0501565
vt 0.5330688 0.4331858
vn 0.0000000 0.0000001 1.0000000
v -0.0000305 0.5000305 0.0501565
vt 0.5268484 0.4827097
vn 0.0000000 0.0000001 1.0000000
v -0.4784532 0.3548801 0.0501565
vt 0.5305567 0.4322288
vn 0.0000000 0.0000001 1.0000000
f 343/343/343 344/344/344 345/345/345
v -0.4784532 0.3548801 0.0501565
vt 0.5305567 0.4322288
vn 0.0000000 0.0000001 1.0000000
v -0.0000305 0.5000305 0.0501565
vt 0.5268484 0.4827097
vn 0.0000000 0.0000001 1.0000000
v -0.4904169 0.4024294 0.0501565
vt 0.5280447 0.4317503
vn 0.0000000 0.0000001 1.0000000
f 346/346/346 347/347/347 348/348/348
v -0.4904169 0.4024294 0.0501565
vt 0.5280447 0.4317503
vn 0.0000000 0.0000001 1.0000000
v -0.0000305 0.5000305 0.0501565
vt 0.5268484 0.4827097
vn 0.0000000 0.0000001 1.0000000
v -0.4976194 0.4510163 0.0501565
vt 0.5255326 0.4317503
vn 0.0000000 0.0000001 1.0000000
f 349/349/349 350/350/350 351/351/351
v -0.4976194 0.4510163 0.0501565
vt 0.5255326 0.4317503
vn 0.0000000 0.0000001 1.0000000
v -0.0000305 0.5000305 0.0501565
vt 0.5268484 0.4827097
vn 0.0000000 0.0000001 1.0000000
v -0.4999999 0.5000305 0.0501565
vt 0.5231401 0.4322288
vn 0.0000000 0.0000001 1.0000000
f 352/352/352 353/353/353 354/354/354
v -0.4999999 0.5000305 0.0501565
vt 0.5231401 0.4322288
vn 0.0000000 0.0000001 1.0000000
v -0.0000305 0.5000305 0.0501565
vt 0.5268484 0.4827097
vn 0.0000000 0.0000001 1.0000000
v -0.4976194 0.5489837 0.0501565
vt 0.5206280 0.4331858
vn 0.0000000 0.0000001 1.0000000
f 355/355/355 356/356/356 357/357/357
v -0.4976194 0.5489837 0.0501565
vt 0.5206280 0.4331858
vn 0.0000000 0.0000001 1.0000000
v -0.0000305 0.5000305 0.0501565
vt 0.5268484 0.4827097
vn 0.0000000 0.0000001 1.0000000
v -0.4904169 0.5975707 0.0501565
vt 0.5182356 0.4346213
vn 0.0000000 0.0000001 1.0000000
f 358/358/358 359/359/359 360/360/360
v -0.4904169 0.5975707 0.0501565
vt 0.5182356 0.4346213
vn 0.0000000 0.0000001 1.0000000
v -0.0000305 0.5000305 0.0501565
vt 0.5268484 0.4827097
vn 0.0000000 0.0000001 1.0000000
v -0.4784532 0.6451200 0.0501565
vt 0.5158431 0.4365352
vn 0.0000000 0.0000001 1.0000000
f 361/361/361 362/362/362 363/363/363
v -0.4784532 0.6451200 0.0501565
vt 0.5158431 0.4365352
vn 0.0000000 0.0000001 1.0000000
v -0.0000305 0.5000305 0.0501565
vt 0.5268484 0.4827097
vn 0.0000000 0.0000001 1.0000000
v -0.4619117 0.6913263 0.0501565
vt 0.5136899 0.4389277
vn 0.0000000 0.0000001 1.0000000
f 364/364/364 365/365/365 366/366/366
v -0.4619117 0.6913263 0.0501565
vt 0.5136899 0.4389277
vn 0.0000000 0.0000001 1.0000000
v -0.0000305 0.5000305 0.0501565
vt 0.5268484 0.4827097
vn 0.0000000 0.0000001 1.0000000
v -0.4409754 0.7357016 0.0501565
vt 0.5115367 0.4415594
vn 0.0000000 0.0000001 1.0000000
f 367/367/367 368/368/368 369/369/369
v -0.4409754 0.7357016 0.0501565
vt 0.5115367 0.4415594
vn 0.0000000 0.0000001 1.0000000
v -0.0000305 0.5000305 0.0501565
vt 0.5268484 0.4827097
vn 0.0000000 0.0000001 1.0000000
v -0.4157053 0.7777574 0.0501565
vt 0.5096227 0.4449089
vn 0.0000000 0.0000001 1.0000000
f 370/370/370 371/371/371 372/372/372
v -0.4157053 0.7777574 0.0501565
vt 0.5096227 0.4449089
vn 0.0000000 0.0000001 1.0000000
v -0.0000305 0.5000305 0.0501565
vt 0.5268484 0.4827097
vn 0.0000000 0.0000001 1.0000000
v -0.3865287 0.8171886 0.0501565
vt 0.5078284 0.4484975
vn 0.0000000 0.0000001 1.0000000
f 373/373/373 374/374/374 375/375/375
v -0.3865287 0.8171886 0.0501565
vt 0.5078284 0.4484975
vn 0.0000000 0.0000001 1.0000000
v -0.0000305 0.5000305 0.0501565
vt 0.5268484 0.4827097
vn 0.0000000 0.0000001 1.0000000
v -0.3535677 0.8535678 0.0501565
vt 0.5062733 0.4523255
vn 0.0000000 0.0000001 1.0000000
f 376/376/376 377/377/377 378/378/378
v -0.3535677 0.8535678 0.0501565
vt 0.5062733 0.4523255
vn 0.0000000 0.0000001 1.0000000
v -0.0000305 0.5000305 0.0501565
vt 0.5268484 0.4827097
vn 0.0000000 0.0000001 1.0000000
v -0.3171885 0.8865287 0.0501565
vt 0.5048378 0.4563927
vn 0.0000000 0.0000001 1.0000000
f 379/379/379 380/380/380 381/381/381
v -0.3171885 0.8865287 0.0501565
vt 0.5048378 0.4563927
vn 0.0000000 0.0000001 1.0000000
v -0.0000305 0.5000305 0.0501565
vt 0.5268484 0.4827097
vn 0.0000000 0.0000001 1.0000000
v -0.2777574 0.9157053 0.0501565
vt 0.5036416 0.4609383
vn 0.0000000 0.0000001 1.0000000
f 382/382/382 383/383/383 384/384/384
v -0.2777574 0.9157053 0.0501565
vt 0.5036416 0.4609383
vn 0.0000000 0.0000001 1.0000000
v -0.0000305 0.5000305 0.0501565
vt 0.5268484 0.4827097
vn 0.0000000 0.0000001 1.0000000
v -0.2357016 0.9409754 0.0501565
vt 0.5026846 0.4654839
vn 0.0000000 0.0000001 1.0000000
f 385/385/385 386/386/386 387/387/387
v -0.2357016 0.9409754 0.0501565
vt 0.5026846 0.4654839
vn 0.0000000 0.0000001 1.0000000
v -0.0000305 0.5000305 0.0501565
vt 0.5268484 0.4827097
vn 0.0000000 0.0000001 1.0000000
v -0.1913264 0.9619117 0.0501565
vt 0.5019669 0.4702689
vn 0.0000000 0.0000001 1.0000000
f 388/388/388 389/389/389 390/390/390
v -0.1913264 0.9619117 0.0501565
vt 0.5019669 0.4702689
vn 0.0000000 0.0000001 1.0000000
v -0.0000305 0.5000305 0.0501565
vt 0.5268484 0.4827097
vn 0.0000000 0.0000001 1.0000000
v -0.1451200 0.9784532 0.0501565
vt 0.5014884 0.4752931
vn 0.0000000 0.0000001 1.0000000
f 391/391/391 392/392/392 393/393/393
v -0.1451200 0.9784532 0.0501565
vt 0.5014884 0.4752931
vn 0.0000000 0.0000001 1.0000000
v -0.0000305 0.5000305 0.0501565
vt 0.5268484 0.4827097
vn 0.0000000 0.0000001 1.0000000
v -0.0975707 0.9904168 0.0501565
vt 0.5012491 0.4803172
vn 0.0000000 0.0000001 1.0000000
f 394/394/394 395/395/395 396/396/396
v -0.0975707 0.9904168 0.0501565
vt 0.5012491 0.4803172
vn 0.0000000 0.0000001 1.0000000
v -0.0000305 0.5000305 0.0501565
vt 0.5268484 0.4827097
vn 0.0000000 0.0000001 1.0000000
v -0.0489837 0.9976195 0.0501565
vt 0.5012491 0.4853414
vn 0.0000000 0.0000001 1.0000000
f 397/397/397 398/398/398 399/399/399
v -0.0489837 0.9976195 0.0501565
vt 0.5012491 0.4853414
vn 0.0000000 0.0000001 1.0000000
v -0.0000305 0.5000305 0.0501565
vt 0.5268484 0.4827097
vn 0.0000000 0.0000001 1.0000000
v -0.0000305 1.0000000 0.0501565
vt 0.5014884 0.4903655
vn 0.0000000 0.0000001 1.0000000
f 400/400/400 401/401/401 402/402/402
v -0.0000305 1.0000000 0.0501565
vt 0.5014884 0.4903655
vn 0.0000000 0.0000001 1.0000000
v -0.0000305 0.5000305 0.0501565
vt 0.5268484 0.4827097
vn 0.0000000 0.0000001 1.0000000
v 0.0489837 0.9976195 0.0501565
vt 0.5019669 0.4951504
vn 0.0000000 0.0000001 1.0000000
f 403/403/403 404/404/404 405/405/405
v -0.0000305 0.5000305 0.0501565
vt 0.5268484 0.4827097
vn 0.0000000 0.0000001 1.0000000
v 0.0975706 0.9904168 0.0501565
vt 0.5026846 0.4999353
vn 0.0000000 0.0000001 1.0000000
v 0.0489837 0.9976195 0.0501565
vt 0.5019669 0.4951504
vn 0.0000000 0.0000001 1.0000000
f 406/406/406 407/407/407 408/408/408
v -0.0000305 0.9833364 -0.0164980
vt 0.9796209 0.7800921
vn -0.0000072 -1.0000000 0.0000001
v -0.0000305 0.9833364 -0.0331616
vt 0.9753145 0.7800921
vn -0.0000072 -1.0000000 0.0000001
v 0.0473967 0.9809558 -0.0164980
vt 0.9796209 0.7556890
vn -0.0985967 -0.9951276 0.0000001
f 409/409/409 410/410/410 411/411/411
v -0.0000305 0.9833364 -0.0331616
vt 0.9753145 0.7800921
vn -0.0000072 -1.0000000 0.0000001
v 0.0473967 0.9809558 -0.0331616
vt 0.9753145 0.7556890
vn -0.0985944 -0.9951277 0.0000001
v 0.0473967 0.9809558 -0.0164980
vt 0.9796209 0.7556890
vn -0.0985967 -0.9951276 0.0000001
f 412/412/412 413/413/413 414/414/414
v 0.0473967 0.9809558 -0.0164980
vt 0.9796209 0.7556890
vn -0.0985967 -0.9951276 0.0000001
v 0.0473967 0.9809558 -0.0331616
vt 0.9753145 0.7556890
vn -0.0985944 -0.9951277 0.0000001
v 0.0942745 0.9739974 -0.0164980
vt 0.9796209 0.7315252
vn -0.1955746 -0.9806889 0.0000001
f 415/415/415 416/416/416 417/417/417
v 0.0473967 0.9809558 -0.0331616
vt 0.9753145 0.7556890
vn -0.0985944 -0.9951277 0.0000001
v 0.0942745 0.9739974 -0.0331616
vt 0.9753145 0.7315252
vn -0.1955722 -0.9806893 0.0000001
v 0.0942745 0.9739974 -0.0164980
vt 0.9796209 0.7315252
vn -0.1955746 -0.9806889 0.0000001
f 418/418/418 419/419/419 420/420/420
v 0.0942745 0.9739974 -0.0164980
vt 0.9796209 0.7315252
vn -0.1955746 -0.9806889 0.0000001
v 0.0942745 0.9739974 -0.0331616
vt 0.9753145 0.7315252
vn -0.1955722 -0.9806893 0.0000001
v 0.1402978 0.9625221 -0.0164980
vt 0.9796209 0.7071221
vn -0.2902660 -0.9569460 0.0000001
f 421/421/421 422/422/422 423/423/423
v 0.0942745 0.9739974 -0.0331616
vt 0.9753145 0.7315252
vn -0.1955722 -0.9806893 0.0000001
v 0.1402978 0.9625221 -0.0331616
vt 0.9753145 0.7071221
vn -0.2902631 -0.9569469 0.0000001
v 0.1402978 0.9625221 -0.0164980
vt 0.9796209 0.7071221
vn -0.2902660 -0.9569460 0.0000001
f 424/424/424 425/425/425 426/426/426
v 0.1402978 0.9625221 -0.0164980
vt 0.9796209 0.7071221
vn -0.2902660 -0.9569460 0.0000001
v 0.1402978 0.9625221 -0.0331616
vt 0.9753145 0.7071221
vn -0.2902631 -0.9569469 0.0000001
v 0.1849783 0.9465299 -0.0164980
vt 0.9796209 0.6829583
vn -0.3837170 -0.9234507 0.0000001
f 427/427/427 428/428/428 429/429/429
v 0.1402978 0.9625221 -0.0331616
vt 0.9753145 0.7071221
vn -0.2902631 -0.9569469 0.0000001
v 0.1849783 0.9465299 -0.0331616
vt 0.9753145 0.6829583
vn -0.3836709 -0.9234700 0.0000001
v 0.1849783 0.9465299 -0.0164980
vt 0.9796209 0.6829583
vn -0.3837170 -0.9234507 0.0000001
f 430/430/430 431/431/431 432/432/432
v 0.1849783 0.9465299 -0.0164980
vt 0.9796209 0.6829583
vn -0.3837170 -0.9234507 0.0000001
v 0.1849783 0.9465299 -0.0331616
vt 0.9753145 0.6829583
vn -0.3836709 -0.9234700 0.0000001
v 0.2278276 0.9262649 -0.0164980
vt 0.9796209 0.6585552
vn -0.4714914 -0.8818707 0.0000001
f 433/433/433 434/434/434 435/435/435
v 0.1849783 0.9465299 -0.0331616
vt 0.9753145 0.6829583
vn -0.3836709 -0.9234700 0.0000001
v 0.2278276 0.9262649 -0.0331616
vt 0.9753145 0.6585552
vn -0.4714890 -0.8818721 0.0000001
v 0.2278276 0.9262649 -0.0164980
vt 0.9796209 0.6585552
vn -0.4714914 -0.8818707 0.0000001
f 436/436/436 437/437/437 438/438/438
v 0.2278276 0.9262649 -0.0164980
vt 0.9796209 0.6585552
vn -0.4714914 -0.8818707 0.0000001
v 0.2278276 0.9262649 -0.0331616
vt 0.9753145 0.6585552
vn -0.4714890 -0.8818721 0.0000001
v 0.2685405 0.9018495 -0.0164980
vt 0.9796209 0.6341521
vn -0.5564613 -0.8308737 0.0000001
f 439/439/439 440/440/440 441/441/441
v 0.2278276 0.9262649 -0.0331616
vt 0.9753145 0.6585552
vn -0.4714890 -0.8818721 0.0000001
v 0.2685405 0.9018495 -0.0331616
vt 0.9753145 0.6341521
vn -0.5564594 -0.8308749 0.0000005
v 0.2685405 0.9018495 -0.0164980
vt 0.9796209 0.6341521
vn -0.5564613 -0.8308737 0.0000001
f 442/442/442 443/443/443 444/444/444
v 0.2685405 0.9018495 -0.0164980
vt 0.9796209 0.6341521
vn -0.5564613 -0.8308737 0.0000001
v 0.2685405 0.9018495 -0.0331616
vt 0.9753145 0.6341521
vn -0.5564594 -0.8308749 0.0000005
v 0.3066287 0.8735885 -0.0164980
vt 0.9796209 0.6099883
vn -0.6334156 -0.7738118 0.0000001
f 445/445/445 446/446/446 447/447/447
v 0.2685405 0.9018495 -0.0331616
vt 0.9753145 0.6341521
vn -0.5564594 -0.8308749 0.0000005
v 0.3066287 0.8735885 -0.0331616
vt 0.9753145 0.6099883
vn -0.6333776 -0.7738429 0.0000001
v 0.3066287 0.8735885 -0.0164980
vt 0.9796209 0.6099883
vn -0.6334156 -0.7738118 0.0000001
f 448/448/448 449/449/449 450/450/450
v 0.3066287 0.8735885 -0.0164980
vt 0.9796209 0.6099883
vn -0.6334156 -0.7738118 0.0000001
v 0.3066287 0.8735885 -0.0331616
vt 0.9753145 0.6099883
vn -0.6333776 -0.7738429 0.0000001
v 0.3417261 0.8417261 -0.0164980
vt 0.9796209 0.5855853
vn -0.7057144 -0.7084963 0.0000001
f 451/451/451 452/452/452 453/453/453
v 0.3066287 0.8735885 -0.0331616
vt 0.9753145 0.6099883
vn -0.6333776 -0.7738429 0.0000001
v 0.3417261 0.8417261 -0.0331616
vt 0.9753145 0.5855853
vn -0.7057129 -0.7084979 0.0000001
v 0.3417261 0.8417261 -0.0164980
vt 0.9796209 0.5855853
vn -0.7057144 -0.7084963 0.0000001
f 454/454/454 455/455/455 456/456/456
v 0.3417261 0.8417261 -0.0164980
vt 0.9796209 0.5855853
vn -0.7057144 -0.7084963 0.0000001
v 0.3417261 0.8417261 -0.0331616
vt 0.9753145 0.5855853
vn -0.7057129 -0.7084979 0.0000001
v 0.3735884 0.8066288 -0.0164980
vt 0.9796209 0.5614215
vn -0.7738431 -0.6333774 0.0000001
f 457/457/457 458/458/458 459/459/459
v 0.3417261 0.8417261 -0.0331616
vt 0.9753145 0.5855853
vn -0.7057129 -0.7084979 0.0000001
v 0.3735884 0.8066288 -0.0331616
vt 0.9753145 0.5614215
vn -0.7738119 -0.6334156 0.0000008
v 0.3735884 0.8066288 -0.0164980
vt 0.9796209 0.5614215
vn -0.7738431 -0.6333774 0.0000001
f 460/460/460 461/461/461 462/462/462
v 0.3735884 0.8066288 -0.0164980
vt 0.9796209 0.5614215
vn -0.7738431 -0.6333774 0.0000001
v 0.3735884 0.8066288 -0.0331616
vt 0.9753145 0.5614215
vn -0.7738119 -0.6334156 0.0000008
v 0.4018494 0.7685406 -0.0164980
vt 0.9796209 0.5370184
vn -0.8308754 -0.5564585 0.0000001
f 463/463/463 464/464/464 465/465/465
v 0.3735884 0.8066288 -0.0331616
vt 0.9753145 0.5614215
vn -0.7738119 -0.6334156 0.0000008
v 0.4018494 0.7685406 -0.0331616
vt 0.9753145 0.5370184
vn -0.8308740 -0.5564607 0.0000001
v 0.4018494 0.7685406 -0.0164980
vt 0.9796209 0.5370184
vn -0.8308754 -0.5564585 0.0000001
f 466/466/466 467/467/467 468/468/468
v 0.4018494 0.7685406 -0.0164980
vt 0.9796209 0.5370184
vn -0.8308754 -0.5564585 0.0000001
v 0.4018494 0.7685406 -0.0331616
vt 0.9753145 0.5370184
vn -0.8308740 -0.5564607 0.0000001
v 0.4262649 0.7278276 -0.0164980
vt 0.9796209 0.5128546
vn -0.8818718 -0.4714893 0.0000001
f 469/469/469 470/470/470 471/471/471
v 0.4018494 0.7685406 -0.0331616
vt 0.9753145 0.5370184
vn -0.8308740 -0.5564607 0.0000001
v 0.4262649 0.7278276 -0.0331616
vt 0.9753145 0.5128546
vn -0.8818706 -0.4714917 0.0000001
v 0.4262649 0.7278276 -0.0164980
vt 0.9796209 0.5128546
vn -0.8818718 -0.4714893 0.0000001
f 472/472/472 473/473/473 474/474/474
v 0.4262649 0.7278276 -0.0164980
vt 0.9796209 0.5128546
vn -0.8818718 -0.4714893 0.0000001
v 0.4262649 0.7278276 -0.0331616
vt 0.9753145 0.5128546
vn -0.8818706 -0.4714917 0.0000001
v 0.4465298 0.6849783 -0.0164980
vt 0.9796209 0.4884516
vn -0.9234880 -0.3836277 0.0000001
f 475/475/475 476/476/476 477/477/477
v 0.4262649 0.7278276 -0.0331616
vt 0.9753145 0.5128546
vn -0.8818706 -0.4714917 0.0000001
v 0.4465298 0.6849783 -0.0331616
vt 0.9753145 0.4884516
vn -0.9234869 -0.3836300 0.0000001
v 0.4465298 0.6849783 -0.0164980
vt 0.9796209 0.4884516
vn -0.9234880 -0.3836277 0.0000001
f 478/478/478 479/479/479 480/480/480
v 0.4465298 0.6849783 -0.0164980
vt 0.9796209 0.4884516
vn -0.9234880 -0.3836277 0.0000001
v 0.4465298 0.6849783 -0.0331616
vt 0.9753145 0.4884516
vn -0.9234869 -0.3836300 0.0000001
v 0.4625220 0.6402978 -0.0164979
vt 0.9796209 0.4642877
vn -0.9569059 -0.2903981 0.0000000
f 481/481/481 482/482/482 483/483/483
v 0.4465298 0.6849783 -0.0331616
vt 0.9753145 0.4884516
vn -0.9234869 -0.3836300 0.0000001
v 0.4625220 0.6402978 -0.0331616
vt 0.9753145 0.4642877
vn -0.9569052 -0.2904006 0.0000000
v 0.4625220 0.6402978 -0.0164979
vt 0.9796209 0.4642877
vn -0.9569059 -0.2903981 0.0000000
f 484/484/484 485/485/485 486/486/486
v 0.4625220 0.6402978 -0.0164979
vt 0.9796209 0.4642877
vn -0.9569059 -0.2903981 0.0000000
v 0.4625220 0.6402978 -0.0331616
vt 0.9753145 0.4642877
vn -0.9569052 -0.2904006 0.0000000
v 0.4739973 0.5942746 -0.0164979
vt 0.9796209 0.4398847
vn -0.9806894 -0.1955718 0.0000000
f 487/487/487 488/488/488 489/489/489
v 0.4625220 0.6402978 -0.0331616
vt 0.9753145 0.4642877
vn -0.9569052 -0.2904006 0.0000000
v 0.4739973 0.5942746 -0.0331616
vt 0.9753145 0.4398847
vn -0.9806889 -0.1955743 0.0000000
v 0.4739973 0.5942746 -0.0164979
vt 0.9796209 0.4398847
vn -0.9806894 -0.1955718 0.0000000
f 490/490/490 491/491/491 492/492/492
v 0.4739973 0.5942746 -0.0164979
vt 0.9796209 0.4398847
vn -0.9806894 -0.1955718 0.0000000
v 0.4739973 0.5942746 -0.0331616
vt 0.9753145 0.4398847
vn -0.9806889 -0.1955743 0.0000000
v 0.4809557 0.5473967 -0.0164979
vt 0.9796209 0.4154816
vn -0.9951245 -0.0986267 0.0000000
f 493/493/493 494/494/494 495/495/495
v 0.4739973 0.5942746 -0.0331616
vt 0.9753145 0.4398847
vn -0.9806889 -0.1955743 0.0000000
v 0.4809557 0.5473967 -0.0331616
vt 0.9753145 0.4154816
vn -0.9951243 -0.0986292 0.0000000
v 0.4809557 0.5473967 -0.0164979
vt 0.9796209 0.4154816
vn -0.9951245 -0.0986267 0.0000000
f 496/496/496 497/497/497 498/498/498
v 0.4809557 0.5473967 -0.0164979
vt 0.9796209 0.4154816
vn -0.9951245 -0.0986267 0.0000000
v 0.4809557 0.5473967 -0.0331616
vt 0.9753145 0.4154816
vn -0.9951243 -0.0986292 0.0000000
v 0.4833363 0.5000305 -0.0164979
vt 0.9796209 0.3913178
vn -1.0000000 -0.0000309 0.0000000
f 499/499/499 500/500/500 501/501/501
v 0.4809557 0.5473967 -0.0331616
vt 0.9753145 0.4154816
vn -0.9951243 -0.0986292 0.0000000
v 0.4833363 0.5000305 -0.0331615
vt 0.9753145 0.3913178
vn -1.0000000 -0.0000336 0.0000000
v 0.4833363 0.5000305 -0.0164979
vt 0.9796209 0.3913178
vn -1.0000000 -0.0000309 0.0000000
f 502/502/502 503/503/503 504/504/504
v 0.4833363 0.5000305 -0.0164979
vt 0.9796209 0.3913178
vn -1.0000000 -0.0000309 0.0000000
v 0.4833363 0.5000305 -0.0331615
vt 0.9753145 0.3913178
vn -1.0000000 -0.0000336 0.0000000
v 0.4809557 0.4526033 -0.0164979
vt 0.9796209 0.3669148
vn -0.9951274 0.0985971 -0.0000000
f 505/505/505 506/506/506 507/507/507
v 0.4833363 0.5000305 -0.0331615
vt 0.9753145 0.3913178
vn -1.0000000 -0.0000336 0.0000000
v 0.4809557 0.4526033 -0.0331615
vt 0.9753145 0.3669148
vn -0.9951277 0.0985945 -0.0000000
v 0.4809557 0.4526033 -0.0164979
vt 0.9796209 0.3669148
vn -0.9951274 0.0985971 -0.0000000
f 508/508/508 509/509/509 510/510/510
v 0.4809557 0.4526033 -0.0164979
vt 0.9796209 0.3669148
vn -0.9951274 0.0985971 -0.0000000
v 0.4809557 0.4526033 -0.0331615
vt 0.9753145 0.3669148
vn -0.9951277 0.0985945 -0.0000000
v 0.4739973 0.4057254 -0.0164979
vt 0.9796209 0.3427510
vn -0.9806798 0.1956201 -0.0000000
f 511/511/511 512/512/512 513/513/513
v -0.0000305 0.0166637 -0.0331615
vt 0.9753145 0.0025436
vn -0.0000073 1.0000000 -0.0000001
v -0.0000305 0.0166637 -0.0164979
vt 0.9796209 0.0025436
vn -0.0000073 1.0000000 -0.0000001
v 0.0473967 0.0190442 -0.0331615
vt 0.9753145 0.0267074
vn -0.0985967 0.9951276 -0.0000001
f 514/514/514 515/515/515 516/516/516
v -0.0000305 0.0166637 -0.0164979
vt 0.9796209 0.0025436
vn -0.0000073 1.0000000 -0.0000001
v 0.0473967 0.0190442 -0.0164979
vt 0.9796209 0.0267074
vn -0.0985944 0.9951278 -0.0000001
v 0.0473967 0.0190442 -0.0331615
vt 0.9753145 0.0267074
vn -0.0985967 0.9951276 -0.0000001
f 517/517/517 518/518/518 519/519/519
v 0.0473967 0.0190442 -0.0331615
vt 0.9753145 0.0267074
vn -0.0985967 0.9951276 -0.0000001
v 0.0473967 0.0190442 -0.0164979
vt 0.9796209 0.0267074
vn -0.0985944 0.9951278 -0.0000001
v 0.0942745 0.0260026 -0.0331615
vt 0.9753145 0.0511104
vn -0.1955746 0.9806889 -0.0000001
f 520/520/520 521/521/521 522/522/522
v 0.0473967 0.0190442 -0.0164979
vt 0.9796209 0.0267074
vn -0.0985944 0.9951278 -0.0000001
v 0.0942745 0.0260026 -0.0164979
vt 0.9796209 0.0511104
vn -0.1954804 0.9807076 -0.0000006
v 0.0942745 0.0260026 -0.0331615
vt 0.9753145 0.0511104
vn -0.1955746 0.9806889 -0.0000001
f 523/523/523 524/524/524 525/525/525
v 0.0942745 0.0260026 -0.0331615
vt 0.9753145 0.0511104
vn -0.1955746 0.9806889 -0.0000001
v 0.0942745 0.0260026 -0.0164979
vt 0.9796209 0.0511104
vn -0.1954804 0.9807076 -0.0000006
v 0.1402978 0.0374779 -0.0331615
vt 0.9753145 0.0755135
vn -0.2904902 0.9568780 -0.0000001
f 526/526/526 527/527/527 528/528/528
v 0.0942745 0.0260026 -0.0164979
vt 0.9796209 0.0511104
vn -0.1954804 0.9807076 -0.0000006
v 0.1402978 0.0374779 -0.0164979
vt 0.9796209 0.0755135
vn -0.2904878 0.9568787 -0.0000001
v 0.1402978 0.0374779 -0.0331615
vt 0.9753145 0.0755135
vn -0.2904902 0.9568780 -0.0000001
f 529/529/529 530/530/530 531/531/531
v 0.1402978 0.0374779 -0.0331615
vt 0.9753145 0.0755135
vn -0.2904902 0.9568780 -0.0000001
v 0.1402978 0.0374779 -0.0164979
vt 0.9796209 0.0755135
vn -0.2904878 0.9568787 -0.0000001
v 0.1849783 0.0534701 -0.0331615
vt 0.9753145 0.0996773
vn -0.3836300 0.9234869 -0.0000001
f 532/532/532 533/533/533 534/534/534
v 0.1402978 0.0374779 -0.0164979
vt 0.9796209 0.0755135
vn -0.2904878 0.9568787 -0.0000001
v 0.1849783 0.0534701 -0.0164979
vt 0.9796209 0.0996773
vn -0.3836710 0.9234699 -0.0000001
v 0.1849783 0.0534701 -0.0331615
vt 0.9753145 0.0996773
vn -0.3836300 0.9234869 -0.0000001
f 535/535/535 536/536/536 537/537/537
v 0.1849783 0.0534701 -0.0331615
vt 0.9753145 0.0996773
vn -0.3836300 0.9234869 -0.0000001
v 0.1849783 0.0534701 -0.0164979
vt 0.9796209 0.0996773
vn -0.3836710 0.9234699 -0.0000001
v 0.2278276 0.0737350 -0.0331615
vt 0.9753145 0.1240804
vn -0.4714913 0.8818707 -0.0000001
f 538/538/538 539/539/539 540/540/540
v 0.1849783 0.0534701 -0.0164979
vt 0.9796209 0.0996773
vn -0.3836710 0.9234699 -0.0000001
v 0.2278276 0.0737350 -0.0164979
vt 0.9796209 0.1240804
vn -0.4714891 0.8818720 -0.0000001
v 0.2278276 0.0737350 -0.0331615
vt 0.9753145 0.1240804
vn -0.4714913 0.8818707 -0.0000001
f 541/541/541 542/542/542 543/543/543
v 0.2278276 0.0737350 -0.0331615
vt 0.9753145 0.1240804
vn -0.4714913 0.8818707 -0.0000001
v 0.2278276 0.0737350 -0.0164979
vt 0.9796209 0.1240804
vn -0.4714891 0.8818720 -0.0000001
v 0.2685405 0.0981506 -0.0331615
vt 0.9753145 0.1482442
vn -0.5564612 0.8308736 -0.0000001
f 544/544/544 545/545/545 546/546/546
v 0.2278276 0.0737350 -0.0164979
vt 0.9796209 0.1240804
vn -0.4714891 0.8818720 -0.0000001
v 0.2685405 0.0981506 -0.0164979
vt 0.9796209 0.1482442
vn -0.5563813 0.8309272 -0.0000001
v 0.2685405 0.0981506 -0.0331615
vt 0.9753145 0.1482442
vn -0.5564612 0.8308736 -0.0000001
f 547/547/547 548/548/548 549/549/549
v 0.2685405 0.0981506 -0.0331615
vt 0.9753145 0.1482442
vn -0.5564612 0.8308736 -0.0000001
v 0.2685405 0.0981506 -0.0164979
vt 0.9796209 0.1482442
vn -0.5563813 0.8309272 -0.0000001
v 0.3066287 0.1264115 -0.0331615
vt 0.9753145 0.1726472
vn -0.6333798 0.7738412 0.0000007
f 550/550/550 551/551/551 552/552/552
v 0.2685405 0.0981506 -0.0164979
vt 0.9796209 0.1482442
vn -0.5563813 0.8309272 -0.0000001
v 0.3066287 0.1264115 -0.0164979
vt 0.9796209 0.1726472
vn -0.6334139 0.7738132 -0.0000001
v 0.3066287 0.1264115 -0.0331615
vt 0.9753145 0.1726472
vn -0.6333798 0.7738412 0.0000007
f 553/553/553 554/554/554 555/555/555
v 0.3066287 0.1264115 -0.0331615
vt 0.9753145 0.1726472
vn -0.6333798 0.7738412 0.0000007
v 0.3066287 0.1264115 -0.0164979
vt 0.9796209 0.1726472
vn -0.6334139 0.7738132 -0.0000001
v 0.3417261 0.1582738 -0.0331615
vt 0.9753145 0.1968111
vn -0.7071041 0.7071041 -0.0027645
f 556/556/556 557/557/557 558/558/558
v 0.3066287 0.1264115 -0.0164979
vt 0.9796209 0.1726472
vn -0.6334139 0.7738132 -0.0000001
v 0.3417261 0.1582738 -0.0164979
vt 0.9796209 0.1968111
vn -0.7071041 0.7071040 -0.0027645
v 0.3417261 0.1582738 -0.0331615
vt 0.9753145 0.1968111
vn -0.7071041 0.7071041 -0.0027645
f 559/559/559 560/560/560 561/561/561
v 0.3417261 0.1582738 -0.0331615
vt 0.9753145 0.1968111
vn -0.7071041 0.7071041 -0.0027645
v 0.3417261 0.1582738 -0.0164979
vt 0.9796209 0.1968111
vn -0.7071041 0.7071040 -0.0027645
v 0.3735884 0.1933712 -0.0331615
vt 0.9753145 0.2212141
vn -0.7738135 0.6334136 -0.0000001
f 562/562/562 563/563/563 564/564/564
v 0.3417261 0.1582738 -0.0164979
vt 0.9796209 0.1968111
vn -0.7071041 0.7071040 -0.0027645
v 0.3735884 0.1933712 -0.0164979
vt 0.9796209 0.2212141
vn -0.7738118 0.6334157 -0.0000007
v 0.3735884 0.1933712 -0.0331615
vt 0.9753145 0.2212141
vn -0.7738135 0.6334136 -0.0000001
f 565/565/565 566/566/566 567/567/567
v 0.3735884 0.1933712 -0.0331615
vt 0.9753145 0.2212141
vn -0.7738135 0.6334136 -0.0000001
v 0.3735884 0.1933712 -0.0164979
vt 0.9796209 0.2212141
vn -0.7738118 0.6334157 -0.0000007
v 0.4018494 0.2314595 -0.0331615
vt 0.9753145 0.2453779
vn -0.8308753 0.5564588 -0.0000001
f 568/568/568 569/569/569 570/570/570
v 0.3735884 0.1933712 -0.0164979
vt 0.9796209 0.2212141
vn -0.7738118 0.6334157 -0.0000007
v 0.4018494 0.2314595 -0.0164979
vt 0.9796209 0.2453779
vn -0.8309259 0.5563831 -0.0000001
v 0.4018494 0.2314595 -0.0331615
vt 0.9753145 0.2453779
vn -0.8308753 0.5564588 -0.0000001
f 571/571/571 572/572/572 573/573/573
v 0.4018494 0.2314595 -0.0331615
vt 0.9753145 0.2453779
vn -0.8308753 0.5564588 -0.0000001
v 0.4018494 0.2314595 -0.0164979
vt 0.9796209 0.2453779
vn -0.8309259 0.5563831 -0.0000001
v 0.4262649 0.2721724 -0.0331615
vt 0.9753145 0.2697810
vn -0.8818718 0.4714894 -0.0000001
f 574/574/574 575/575/575 576/576/576
v 0.4018494 0.2314595 -0.0164979
vt 0.9796209 0.2453779
vn -0.8309259 0.5563831 -0.0000001
v 0.4262649 0.2721724 -0.0164979
vt 0.9796209 0.2697810
vn -0.8818706 0.4714916 -0.0000001
v 0.4262649 0.2721724 -0.0331615
vt 0.9753145 0.2697810
vn -0.8818718 0.4714894 -0.0000001
f 577/577/577 578/578/578 579/579/579
v 0.4262649 0.2721724 -0.0331615
vt 0.9753145 0.2697810
vn -0.8818718 0.4714894 -0.0000001
v 0.4262649 0.2721724 -0.0164979
vt 0.9796209 0.2697810
vn -0.8818706 0.4714916 -0.0000001
v 0.4465298 0.3150217 -0.0331615
vt 0.9753145 0.2941841
vn -0.9234520 0.3837140 -0.0000001
f 580/580/580 581/581/581 582/582/582
v 0.4262649 0.2721724 -0.0164979
vt 0.9796209 0.2697810
vn -0.8818706 0.4714916 -0.0000001
v 0.4465298 0.3150217 -0.0164979
vt 0.9796209 0.2941841
vn -0.9234689 0.3836731 -0.0000001
v 0.4465298 0.3150217 -0.0331615
vt 0.9753145 0.2941841
vn -0.9234520 0.3837140 -0.0000001
f 583/583/583 584/584/584 585/585/585
v 0.4465298 0.3150217 -0.0331615
vt 0.9753145 0.2941841
vn -0.9234520 0.3837140 -0.0000001
v 0.4465298 0.3150217 -0.0164979
vt 0.9796209 0.2941841
vn -0.9234689 0.3836731 -0.0000001
v 0.4625220 0.3597021 -0.0331615
vt 0.9753145 0.3183479
vn -0.9568788 0.2904878 -0.0000000
f 586/586/586 587/587/587 588/588/588
v 0.4465298 0.3150217 -0.0164979
vt 0.9796209 0.2941841
vn -0.9234689 0.3836731 -0.0000001
v 0.4625220 0.3597021 -0.0164979
vt 0.9796209 0.3183479
vn -0.9569052 0.2904007 -0.0000000
v 0.4625220 0.3597021 -0.0331615
vt 0.9753145 0.3183479
vn -0.9568788 0.2904878 -0.0000000
f 589/589/589 590/590/590 591/591/591
v 0.4625220 0.3597021 -0.0331615
vt 0.9753145 0.3183479
vn -0.9568788 0.2904878 -0.0000000
v 0.4625220 0.3597021 -0.0164979
vt 0.9796209 0.3183479
vn -0.9569052 0.2904007 -0.0000000
v 0.4739973 0.4057254 -0.0331615
vt 0.9753145 0.3427510
vn -0.9806894 0.1955717 0.0000003
f 592/592/592 593/593/593 594/594/594
v 0.4625220 0.3597021 -0.0164979
vt 0.9796209 0.3183479
vn -0.9569052 0.2904007 -0.0000000
v 0.4739973 0.4057254 -0.0164979
vt 0.9796209 0.3427510
vn -0.9806798 0.1956201 -0.0000000
v 0.4739973 0.4057254 -0.0331615
vt 0.9753145 0.3427510
vn -0.9806894 0.1955717 0.0000003
f 595/595/595 596/596/596 597/597/597
v 0.4739973 0.4057254 -0.0164979
vt 0.9796209 0.3427510
vn -0.9806798 0.1956201 -0.0000000
v 0.4809557 0.4526033 -0.0331615
vt 0.9753145 0.3669148
vn -0.9951277 0.0985945 -0.0000000
v 0.4739973 0.4057254 -0.0331615
vt 0.9753145 0.3427510
vn -0.9806894 0.1955717 0.0000003
f 598/598/598 599/599/599 600/600/600
v -0.0000305 1.0000000 -0.0331616
vt 0.9810564 0.0025436
vn 0.0000000 -0.0000001 -1.0000000
v -0.0000305 0.9833364 -0.0331616
vt 0.9853628 0.0025436
vn 0.0000000 -0.0000001 -1.0000000
v -0.0489837 0.9976195 -0.0331616
vt 0.9810564 0.0274251
vn 0.0000000 -0.0000001 -1.0000000
f 601/601/601 602/602/602 603/603/603
v -0.0000305 0.0166637 -0.0331615
vt 0.9853628 0.7997102
vn 0.0000000 -0.0000001 -1.0000000
v -0.0000305 0.0000000 -0.0331615
vt 0.9810564 0.7997102
vn 0.0000000 -0.0000001 -1.0000000
v -0.0473967 0.0190442 -0.0331615
vt 0.9853628 0.7748287
vn 0.0000000 -0.0000001 -1.0000000
f 604/604/604 605/605/605 606/606/606
v -0.0000305 0.0000000 -0.0331615
vt 0.9810564 0.7997102
vn 0.0000000 -0.0000001 -1.0000000
v -0.0489837 0.0023806 -0.0331615
vt 0.9810564 0.7748287
vn 0.0000000 -0.0000001 -1.0000000
v -0.0473967 0.0190442 -0.0331615
vt 0.9853628 0.7748287
vn 0.0000000 -0.0000001 -1.0000000
f 607/607/607 608/608/608 609/609/609
v -0.0473967 0.0190442 -0.0331615
vt 0.9853628 0.7748287
vn 0.0000000 -0.0000001 -1.0000000
v -0.0489837 0.0023806 -0.0331615
vt 0.9810564 0.7748287
vn 0.0000000 -0.0000001 -1.0000000
v -0.0942746 0.0260026 -0.0331615
vt 0.9853628 0.7499471
vn 0.0000000 -0.0000001 -1.0000000
f 610/610/610 611/611/611 612/612/612
v -0.0489837 0.0023806 -0.0331615
vt 0.9810564 0.7748287
vn 0.0000000 -0.0000007 -1.0000000
v -0.0975707 0.0095831 -0.0331615
vt 0.9810564 0.7499471
vn 0.0000000 -0.0000007 -1.0000000
v -0.0942746 0.0260026 -0.0331615
vt 0.9853628 0.7499471
vn 0.0000000 -0.0000007 -1.0000000
f 613/613/613 614/614/614 615/615/615
v -0.0942746 0.0260026 -0.0331615
vt 0.9853628 0.7499471
vn 0.0000000 0.0000007 -1.0000000
v -0.0975707 0.0095831 -0.0331615
vt 0.9810564 0.7499471
vn 0.0000000 0.0000007 -1.0000000
v -0.1402979 0.0374779 -0.0331615
vt 0.9853628 0.7248263
vn 0.0000000 0.0000007 -1.0000000
f 616/616/616 617/617/617 618/618/618
v -0.0975707 0.0095831 -0.0331615
vt 0.9810564 0.7499471
vn 0.0000000 -0.0000006 -1.0000000
v -0.1451200 0.0215468 -0.0331615
vt 0.9810564 0.7248263
vn 0.0000000 -0.0000006 -1.0000000
v -0.1402979 0.0374779 -0.0331615
vt 0.9853628 0.7248263
vn 0.0000000 -0.0000006 -1.0000000
f 619/619/619 620/620/620 621/621/621
v -0.1402979 0.0374779 -0.0331615
vt 0.9853628 0.7248263
vn 0.0000000 -0.0000001 -1.0000000
v -0.1451200 0.0215468 -0.0331615
vt 0.9810564 0.7248263
vn 0.0000000 -0.0000001 -1.0000000
v -0.1849783 0.0534701 -0.0331615
vt 0.9853628 0.6999447
vn 0.0000000 -0.0000001 -1.0000000
f 622/622/622 623/623/623 624/624/624
v -0.1451200 0.0215468 -0.0331615
vt 0.9810564 0.7248263
vn 0.0000000 -0.0000000 -1.0000000
v -0.1913264 0.0380883 -0.0331615
vt 0.9810564 0.6999447
vn 0.0000000 -0.0000000 -1.0000000
v -0.1849783 0.0534701 -0.0331615
vt 0.9853628 0.6999447
vn 0.0000000 -0.0000000 -1.0000000
f 625/625/625 626/626/626 627/627/627
v -0.1849783 0.0534701 -0.0331615
vt 0.9853628 0.6999447
vn 0.0000000 0.0000007 -1.0000000
v -0.1913264 0.0380883 -0.0331615
vt 0.9810564 0.6999447
vn 0.0000000 0.0000007 -1.0000000
v -0.2278276 0.0737350 -0.0331615
vt 0.9853628 0.6750632
vn 0.0000000 0.0000007 -1.0000000
f 628/628/628 629/629/629 630/630/630
v -0.1913264 0.0380883 -0.0331615
vt 0.9810564 0.6999447
vn 0.0000000 -0.0000001 -1.0000000
v -0.2357016 0.0590247 -0.0331615
vt 0.9810564 0.6750632
vn 0.0000000 -0.0000001 -1.0000000
v -0.2278276 0.0737350 -0.0331615
vt 0.9853628 0.6750632
vn 0.0000000 -0.0000001 -1.0000000
f 631/631/631 632/632/632 633/633/633
v -0.2278276 0.0737350 -0.0331615
vt 0.9853628 0.6750632
vn 0.0000000 -0.0000001 -1.0000000
v -0.2357016 0.0590247 -0.0331615
vt 0.9810564 0.6750632
vn 0.0000000 -0.0000001 -1.0000000
v -0.2685405 0.0981506 -0.0331615
vt 0.9853628 0.6501816
vn 0.0000000 -0.0000001 -1.0000000
f 634/634/634 635/635/635 636/636/636
v -0.2357016 0.0590247 -0.0331615
vt 0.9810564 0.6750632
vn 0.0000000 -0.0000001 -1.0000000
v -0.2777574 0.0842948 -0.0331615
vt 0.9810564 0.6501816
vn 0.0000000 -0.0000001 -1.0000000
v -0.2685405 0.0981506 -0.0331615
vt 0.9853628 0.6501816
vn 0.0000000 -0.0000001 -1.0000000
f 637/637/637 638/638/638 639/639/639
v -0.2685405 0.0981506 -0.0331615
vt 0.9853628 0.6501816
vn 0.0000000 -0.0000001 -1.0000000
v -0.2777574 0.0842948 -0.0331615
vt 0.9810564 0.6501816
vn 0.0000000 -0.0000001 -1.0000000
v -0.3066288 0.1264115 -0.0331615
vt 0.9853628 0.6253001
vn 0.0000000 -0.0000001 -1.0000000
f 640/640/640 641/641/641 642/642/642
v -0.2777574 0.0842948 -0.0331615
vt 0.9810564 0.6501816
vn 0.0000000 -0.0000001 -1.0000000
v -0.3171885 0.1134713 -0.0331615
vt 0.9810564 0.6253001
vn 0.0000000 -0.0000001 -1.0000000
v -0.3066288 0.1264115 -0.0331615
vt 0.9853628 0.6253001
vn 0.0000000 -0.0000001 -1.0000000
f 643/643/643 644/644/644 645/645/645
v -0.3066288 0.1264115 -0.0331615
vt 0.9853628 0.6253001
vn 0.0000000 -0.0000001 -1.0000000
v -0.3171885 0.1134713 -0.0331615
vt 0.9810564 0.6253001
vn 0.0000000 -0.0000001 -1.0000000
v -0.3417261 0.1582738 -0.0331615
vt 0.9853628 0.6004186
vn 0.0000000 -0.0000001 -1.0000000
f 646/646/646 647/647/647 648/648/648
v -0.3171885 0.1134713 -0.0331615
vt 0.9810564 0.6253001
vn 0.0000000 0.0000001 -1.0000000
v -0.3535677 0.1464323 -0.0331615
vt 0.9810564 0.6004186
vn 0.0000000 0.0000001 -1.0000000
v -0.3417261 0.1582738 -0.0331615
vt 0.9853628 0.6004186
vn 0.0000000 0.0000001 -1.0000000
f 649/649/649 650/650/650 651/651/651
v -0.3417261 0.1582738 -0.0331615
vt 0.9853628 0.6004186
vn 0.0000000 -0.0000001 -1.0000000
v -0.3535677 0.1464323 -0.0331615
vt 0.9810564 0.6004186
vn 0.0000000 -0.0000001 -1.0000000
v -0.3735884 0.1933712 -0.0331615
vt 0.9853628 0.5755370
vn 0.0000000 -0.0000001 -1.0000000
f 652/652/652 653/653/653 654/654/654
v -0.3535677 0.1464323 -0.0331615
vt 0.9810564 0.6004186
vn 0.0000000 0.0000003 -1.0000000
v -0.3865287 0.1828115 -0.0331615
vt 0.9810564 0.5755370
vn 0.0000000 0.0000003 -1.0000000
v -0.3735884 0.1933712 -0.0331615
vt 0.9853628 0.5755370
vn 0.0000000 0.0000003 -1.0000000
f 655/655/655 656/656/656 657/657/657
v -0.3735884 0.1933712 -0.0331615
vt 0.9853628 0.5755370
vn 0.0000000 -0.0000001 -1.0000000
v -0.3865287 0.1828115 -0.0331615
vt 0.9810564 0.5755370
vn 0.0000000 -0.0000001 -1.0000000
v -0.4018494 0.2314595 -0.0331615
vt 0.9853628 0.5506554
vn 0.0000000 -0.0000001 -1.0000000
f 658/658/658 659/659/659 660/660/660
v -0.3865287 0.1828115 -0.0331615
vt 0.9810564 0.5755370
vn 0.0000000 0.0000001 -1.0000000
v -0.4157053 0.2222426 -0.0331615
vt 0.9810564 0.5506554
vn 0.0000000 0.0000001 -1.0000000
v -0.4018494 0.2314595 -0.0331615
vt 0.9853628 0.5506554
vn 0.0000000 0.0000001 -1.0000000
f 661/661/661 662/662/662 663/663/663
v -0.4018494 0.2314595 -0.0331615
vt 0.9853628 0.5506554
vn 0.0000000 -0.0000003 -1.0000000
v -0.4157053 0.2222426 -0.0331615
vt 0.9810564 0.5506554
vn 0.0000000 -0.0000003 -1.0000000
v -0.4262650 0.2721724 -0.0331615
vt 0.9853628 0.5255346
vn 0.0000000 -0.0000003 -1.0000000
f 664/664/664 665/665/665 666/666/666
v -0.4157053 0.2222426 -0.0331615
vt 0.9810564 0.5506554
vn 0.0000000 -0.0000001 -1.0000000
v -0.4409754 0.2642984 -0.0331615
vt 0.9810564 0.5255346
vn 0.0000000 -0.0000001 -1.0000000
v -0.4262650 0.2721724 -0.0331615
vt 0.9853628 0.5255346
vn 0.0000000 -0.0000001 -1.0000000
f 667/667/667 668/668/668 669/669/669
v -0.4262650 0.2721724 -0.0331615
vt 0.9853628 0.5255346
vn 0.0000000 -0.0000001 -1.0000000
v -0.4409754 0.2642984 -0.0331615
vt 0.9810564 0.5255346
vn 0.0000000 -0.0000001 -1.0000000
v -0.4465299 0.3150217 -0.0331615
vt 0.9853628 0.5006531
vn 0.0000000 -0.0000001 -1.0000000
f 670/670/670 671/671/671 672/672/672
v -0.4409754 0.2642984 -0.0331615
vt 0.9810564 0.5255346
vn 0.0000000 -0.0000003 -1.0000000
v -0.4619117 0.3086736 -0.0331615
vt 0.9810564 0.5006531
vn 0.0000000 -0.0000003 -1.0000000
v -0.4465299 0.3150217 -0.0331615
vt 0.9853628 0.5006531
vn 0.0000000 -0.0000003 -1.0000000
f 673/673/673 674/674/674 675/675/675
v -0.4465299 0.3150217 -0.0331615
vt 0.9853628 0.5006531
vn 0.0000000 -0.0000002 -1.0000000
v -0.4619117 0.3086736 -0.0331615
vt 0.9810564 0.5006531
vn 0.0000000 -0.0000002 -1.0000000
v -0.4625221 0.3597021 -0.0331615
vt 0.9853628 0.4757715
vn 0.0000000 -0.0000002 -1.0000000
f 676/676/676 677/677/677 678/678/678
v -0.4619117 0.3086736 -0.0331615
vt 0.9810564 0.5006531
vn 0.0000000 -0.0000001 -1.0000000
v -0.4784532 0.3548801 -0.0331615
vt 0.9810564 0.4757715
vn 0.0000000 -0.0000001 -1.0000000
v -0.4625221 0.3597021 -0.0331615
vt 0.9853628 0.4757715
vn 0.0000000 -0.0000001 -1.0000000
f 679/679/679 680/680/680 681/681/681
v -0.4625221 0.3597021 -0.0331615
vt 0.9853628 0.4757715
vn 0.0000000 -0.0000002 -1.0000000
v -0.4784532 0.3548801 -0.0331615
vt 0.9810564 0.4757715
vn 0.0000000 -0.0000002 -1.0000000
v -0.4739974 0.4057254 -0.0331615
vt 0.9853628 0.4508900
vn 0.0000000 -0.0000002 -1.0000000
f 682/682/682 683/683/683 684/684/684
v -0.4784532 0.3548801 -0.0331615
vt 0.9810564 0.4757715
vn 0.0000000 -0.0000001 -1.0000000
v -0.4904169 0.4024294 -0.0331615
vt 0.9810564 0.4508900
vn 0.0000000 -0.0000001 -1.0000000
v -0.4739974 0.4057254 -0.0331615
vt 0.9853628 0.4508900
vn 0.0000000 -0.0000001 -1.0000000
f 685/685/685 686/686/686 687/687/687
v -0.4739974 0.4057254 -0.0331615
vt 0.9853628 0.4508900
vn 0.0000000 -0.0000001 -1.0000000
v -0.4904169 0.4024294 -0.0331615
vt 0.9810564 0.4508900
vn 0.0000000 -0.0000001 -1.0000000
v -0.4809558 0.4526033 -0.0331615
vt 0.9853628 0.4260084
vn 0.0000000 -0.0000001 -1.0000000
f 688/688/688 689/689/689 690/690/690
v -0.4904169 0.4024294 -0.0331615
vt 0.9810564 0.4508900
vn 0.0000000 -0.0000001 -1.0000000
v -0.4976194 0.4510163 -0.0331615
vt 0.9810564 0.4260084
vn 0.0000000 -0.0000001 -1.0000000
v -0.4809558 0.4526033 -0.0331615
vt 0.9853628 0.4260084
vn 0.0000000 -0.0000001 -1.0000000
f 691/691/691 692/692/692 693/693/693
v -0.4809558 0.4526033 -0.0331615
vt 0.9853628 0.4260084
vn 0.0000000 -0.0000001 -1.0000000
v -0.4976194 0.4510163 -0.0331615
vt 0.9810564 0.4260084
vn 0.0000000 -0.0000001 -1.0000000
v -0.4833363 0.5000305 -0.0331615
vt 0.9853628 0.4011269
vn 0.0000000 -0.0000001 -1.0000000
f 694/694/694 695/695/695 696/696/696
v -0.4976194 0.4510163 -0.0331615
vt 0.9810564 0.4260084
vn 0.0000000 -0.0000001 -1.0000000
v -0.4999999 0.5000305 -0.0331615
vt 0.9810564 0.4011269
vn 0.0000000 -0.0000001 -1.0000000
v -0.4833363 0.5000305 -0.0331615
vt 0.9853628 0.4011269
vn 0.0000000 -0.0000001 -1.0000000
f 697/697/697 698/698/698 699/699/699
v -0.4833363 0.5000305 -0.0331615
vt 0.9853628 0.4011269
vn 0.0000000 -0.0000001 -1.0000000
v -0.4999999 0.5000305 -0.0331615
vt 0.9810564 0.4011269
vn 0.0000000 -0.0000001 -1.0000000
v -0.4809558 0.5473967 -0.0331616
vt 0.9853628 0.3762453
vn 0.0000000 -0.0000001 -1.0000000
f 700/700/700 701/701/701 702/702/702
v -0.4999999 0.5000305 -0.0331615
vt 0.9810564 0.4011269
vn 0.0000000 -0.0000001 -1.0000000
v -0.4976194 0.5489837 -0.0331616
vt 0.9810564 0.3762453
vn 0.0000000 -0.0000001 -1.0000000
v -0.4809558 0.5473967 -0.0331616
vt 0.9853628 0.3762453
vn 0.0000000 -0.0000001 -1.0000000
f 703/703/703 704/704/704 705/705/705
v -0.4809558 0.5473967 -0.0331616
vt 0.9853628 0.3762453
vn 0.0000000 -0.0000005 -1.0000000
v -0.4976194 0.5489837 -0.0331616
vt 0.9810564 0.3762453
vn 0.0000000 -0.0000005 -1.0000000
v -0.4739974 0.5942746 -0.0331616
vt 0.9853628 0.3513637
vn 0.0000000 -0.0000005 -1.0000000
f 706/706/706 707/707/707 708/708/708
v -0.4976194 0.5489837 -0.0331616
vt 0.9810564 0.3762453
vn 0.0000000 0.0000003 -1.0000000
v -0.4904169 0.5975707 -0.0331616
vt 0.9810564 0.3513637
vn 0.0000000 0.0000003 -1.0000000
v -0.4739974 0.5942746 -0.0331616
vt 0.9853628 0.3513637
vn 0.0000000 0.0000003 -1.0000000
f 709/709/709 710/710/710 711/711/711
v -0.4739974 0.5942746 -0.0331616
vt 0.9853628 0.3513637
vn 0.0000000 -0.0000001 -1.0000000
v -0.4904169 0.5975707 -0.0331616
vt 0.9810564 0.3513637
vn 0.0000000 -0.0000001 -1.0000000
v -0.4625221 0.6402978 -0.0331616
vt 0.9853628 0.3262430
vn 0.0000000 -0.0000001 -1.0000000
f 712/712/712 713/713/713 714/714/714
v -0.4904169 0.5975707 -0.0331616
vt 0.9810564 0.3513637
vn 0.0000000 -0.0000001 -1.0000000
v -0.4784532 0.6451200 -0.0331616
vt 0.9810564 0.3262430
vn 0.0000000 -0.0000001 -1.0000000
v -0.4625221 0.6402978 -0.0331616
vt 0.9853628 0.3262430
vn 0.0000000 -0.0000001 -1.0000000
f 715/715/715 716/716/716 717/717/717
v -0.4625221 0.6402978 -0.0331616
vt 0.9853628 0.3262430
vn 0.0000000 -0.0000001 -1.0000000
v -0.4784532 0.6451200 -0.0331616
vt 0.9810564 0.3262430
vn 0.0000000 -0.0000001 -1.0000000
v -0.4465299 0.6849783 -0.0331616
vt 0.9853628 0.3013614
vn 0.0000000 -0.0000001 -1.0000000
f 718/718/718 719/719/719 720/720/720
v -0.4784532 0.6451200 -0.0331616
vt 0.9810564 0.3262430
vn 0.0000000 -0.0000003 -1.0000000
v -0.4619117 0.6913263 -0.0331616
vt 0.9810564 0.3013614
vn 0.0000000 -0.0000003 -1.0000000
v -0.4465299 0.6849783 -0.0331616
vt 0.9853628 0.3013614
vn 0.0000000 -0.0000003 -1.0000000
f 721/721/721 722/722/722 723/723/723
v -0.4465299 0.6849783 -0.0331616
vt 0.9853628 0.3013614
vn 0.0000000 -0.0000001 -1.0000000
v -0.4619117 0.6913263 -0.0331616
vt 0.9810564 0.3013614
vn 0.0000000 -0.0000001 -1.0000000
v -0.4262650 0.7278276 -0.0331616
vt 0.9853628 0.2764798
vn 0.0000000 -0.0000001 -1.0000000
f 724/724/724 725/725/725 726/726/726
v -0.4619117 0.6913263 -0.0331616
vt 0.9810564 0.3013614
vn 0.0000000 -0.0000001 -1.0000000
v -0.4409754 0.7357016 -0.0331616
vt 0.9810564 0.2764798
vn 0.0000000 -0.0000001 -1.0000000
v -0.4262650 0.7278276 -0.0331616
vt 0.9853628 0.2764798
vn 0.0000000 -0.0000001 -1.0000000
f 727/727/727 728/728/728 729/729/729
v -0.4262650 0.7278276 -0.0331616
vt 0.9853628 0.2764798
vn 0.0000000 -0.0000001 -1.0000000
v -0.4409754 0.7357016 -0.0331616
vt 0.9810564 0.2764798
vn 0.0000000 -0.0000001 -1.0000000
v -0.4018494 0.7685406 -0.0331616
vt 0.9853628 0.2515983
vn 0.0000000 -0.0000001 -1.0000000
f 730/730/730 731/731/731 732/732/732
v -0.4409754 0.7357016 -0.0331616
vt 0.9810564 0.2764798
vn 0.0000000 0.0000001 -1.0000000
v -0.4157053 0.7777574 -0.0331616
vt 0.9810564 0.2515983
vn 0.0000000 0.0000001 -1.0000000
v -0.4018494 0.7685406 -0.0331616
vt 0.9853628 0.2515983
vn 0.0000000 0.0000001 -1.0000000
f 733/733/733 734/734/734 735/735/735
v -0.4018494 0.7685406 -0.0331616
vt 0.9853628 0.2515983
vn 0.0000000 -0.0000001 -1.0000000
v -0.4157053 0.7777574 -0.0331616
vt 0.9810564 0.2515983
vn 0.0000000 -0.0000001 -1.0000000
v -0.3735884 0.8066288 -0.0331616
vt 0.9853628 0.2267168
vn 0.0000000 -0.0000001 -1.0000000
f 736/736/736 737/737/737 738/738/738
v -0.4157053 0.7777574 -0.0331616
vt 0.9810564 0.2515983
vn 0.0000000 -0.0000005 -1.0000000
v -0.3865287 0.8171886 -0.0331616
vt 0.9810564 0.2267168
vn 0.0000000 -0.0000005 -1.0000000
v -0.3735884 0.8066288 -0.0331616
vt 0.9853628 0.2267168
vn 0.0000000 -0.0000005 -1.0000000
f 739/739/739 740/740/740 741/741/741
v -0.3735884 0.8066288 -0.0331616
vt 0.9853628 0.2267168
vn 0.0000000 0.0000007 -1.0000000
v -0.3865287 0.8171886 -0.0331616
vt 0.9810564 0.2267168
vn 0.0000000 0.0000007 -1.0000000
v -0.3417261 0.8417261 -0.0331616
vt 0.9853628 0.2018352
vn 0.0000000 0.0000007 -1.0000000
f 742/742/742 743/743/743 744/744/744
v -0.3865287 0.8171886 -0.0331616
vt 0.9810564 0.2267168
vn 0.0000000 -0.0000007 -1.0000000
v -0.3535677 0.8535678 -0.0331616
vt 0.9810564 0.2018352
vn 0.0000000 -0.0000007 -1.0000000
v -0.3417261 0.8417261 -0.0331616
vt 0.9853628 0.2018352
vn 0.0000000 -0.0000007 -1.0000000
f 745/745/745 746/746/746 747/747/747
v -0.3417261 0.8417261 -0.0331616
vt 0.9853628 0.2018352
vn 0.0000000 -0.0000001 -1.0000000
v -0.3535677 0.8535678 -0.0331616
vt 0.9810564 0.2018352
vn 0.0000000 -0.0000001 -1.0000000
v -0.3066288 0.8735885 -0.0331616
vt 0.9853628 0.1769537
vn 0.0000000 -0.0000001 -1.0000000
f 748/748/748 749/749/749 750/750/750
v -0.3535677 0.8535678 -0.0331616
vt 0.9810564 0.2018352
vn 0.0000000 -0.0000001 -1.0000000
v -0.3171885 0.8865287 -0.0331616
vt 0.9810564 0.1769537
vn 0.0000000 -0.0000001 -1.0000000
v -0.3066288 0.8735885 -0.0331616
vt 0.9853628 0.1769537
vn 0.0000000 -0.0000001 -1.0000000
f 751/751/751 752/752/752 753/753/753
v -0.3066288 0.8735885 -0.0331616
vt 0.9853628 0.1769537
vn 0.0000000 -0.0000001 -1.0000000
v -0.3171885 0.8865287 -0.0331616
vt 0.9810564 0.1769537
vn 0.0000000 -0.0000001 -1.0000000
v -0.2685405 0.9018495 -0.0331616
vt 0.9853628 0.1520721
vn 0.0000000 -0.0000001 -1.0000000
f 754/754/754 755/755/755 756/756/756
v -0.3171885 0.8865287 -0.0331616
vt 0.9810564 0.1769537
vn 0.0000000 -0.0000001 -1.0000000
v -0.2777574 0.9157053 -0.0331616
vt 0.9810564 0.1520721
vn 0.0000000 -0.0000001 -1.0000000
v -0.2685405 0.9018495 -0.0331616
vt 0.9853628 0.1520721
vn 0.0000000 -0.0000001 -1.0000000
f 757/757/757 758/758/758 759/759/759
v -0.2685405 0.9018495 -0.0331616
vt 0.9853628 0.1520721
vn 0.0000000 -0.0000001 -1.0000000
v -0.2777574 0.9157053 -0.0331616
vt 0.9810564 0.1520721
vn 0.0000000 -0.0000001 -1.0000000
v -0.2278276 0.9262649 -0.0331616
vt 0.9853628 0.1269513
vn 0.0000000 -0.0000001 -1.0000000
f 760/760/760 761/761/761 762/762/762
v -0.2777574 0.9157053 -0.0331616
vt 0.9810564 0.1520721
vn 0.0000000 -0.0000001 -1.0000000
v -0.2357016 0.9409754 -0.0331616
vt 0.9810564 0.1269513
vn 0.0000000 -0.0000001 -1.0000000
v -0.2278276 0.9262649 -0.0331616
vt 0.9853628 0.1269513
vn 0.0000000 -0.0000001 -1.0000000
f 763/763/763 764/764/764 765/765/765
v -0.2278276 0.9262649 -0.0331616
vt 0.9853628 0.1269513
vn 0.0000000 -0.0000001 -1.0000000
v -0.2357016 0.9409754 -0.0331616
vt 0.9810564 0.1269513
vn 0.0000000 -0.0000001 -1.0000000
v -0.1849783 0.9465299 -0.0331616
vt 0.9853628 0.1020697
vn 0.0000000 -0.0000001 -1.0000000
f 766/766/766 767/767/767 768/768/768
v -0.2357016 0.9409754 -0.0331616
vt 0.9810564 0.1269513
vn 0.0000000 -0.0000008 -1.0000000
v -0.1913264 0.9619117 -0.0331616
vt 0.9810564 0.1020697
vn 0.0000000 -0.0000008 -1.0000000
v -0.1849783 0.9465299 -0.0331616
vt 0.9853628 0.1020697
vn 0.0000000 -0.0000008 -1.0000000
f 769/769/769 770/770/770 771/771/771
v -0.1849783 0.9465299 -0.0331616
vt 0.9853628 0.1020697
vn 0.0000000 -0.0000001 -1.0000000
v -0.1913264 0.9619117 -0.0331616
vt 0.9810564 0.1020697
vn 0.0000000 -0.0000001 -1.0000000
v -0.1402979 0.9625221 -0.0331616
vt 0.9853628 0.0771882
vn 0.0000000 -0.0000001 -1.0000000
f 772/772/772 773/773/773 774/774/774
v -0.1913264 0.9619117 -0.0331616
vt 0.9810564 0.1020697
vn 0.0000000 0.0000002 -1.0000000
v -0.1451200 0.9784532 -0.0331616
vt 0.9810564 0.0771882
vn 0.0000000 0.0000002 -1.0000000
v -0.1402979 0.9625221 -0.0331616
vt 0.9853628 0.0771882
vn 0.0000000 0.0000002 -1.0000000
f 775/775/775 776/776/776 777/777/777
v -0.1402979 0.9625221 -0.0331616
vt 0.9853628 0.0771882
vn 0.0000000 -0.0000001 -1.0000000
v -0.1451200 0.9784532 -0.0331616
vt 0.9810564 0.0771882
vn 0.0000000 -0.0000001 -1.0000000
v -0.0942746 0.9739974 -0.0331616
vt 0.9853628 0.0523067
vn 0.0000000 -0.0000001 -1.0000000
f 778/778/778 779/779/779 780/780/780
v -0.1451200 0.9784532 -0.0331616
vt 0.9810564 0.0771882
vn 0.0000000 0.0000001 -1.0000000
v -0.0975707 0.9904168 -0.0331616
vt 0.9810564 0.0523067
vn 0.0000000 0.0000001 -1.0000000
v -0.0942746 0.9739974 -0.0331616
vt 0.9853628 0.0523067
vn 0.0000000 0.0000001 -1.0000000
f 781/781/781 782/782/782 783/783/783
v -0.0942746 0.9739974 -0.0331616
vt 0.9853628 0.0523067
vn 0.0000000 0.0000007 -1.0000000
v -0.0975707 0.9904168 -0.0331616
vt 0.9810564 0.0523067
vn 0.0000000 0.0000007 -1.0000000
v -0.0473967 0.9809558 -0.0331616
vt 0.9853628 0.0274251
vn 0.0000000 0.0000007 -1.0000000
f 784/784/784 785/785/785 786/786/786
v -0.0975707 0.9904168 -0.0331616
vt 0.9810564 0.0523067
vn 0.0000000 -0.0000001 -1.0000000
v -0.0489837 0.9976195 -0.0331616
vt 0.9810564 0.0274251
vn 0.0000000 -0.0000001 -1.0000000
v -0.0473967 0.9809558 -0.0331616
vt 0.9853628 0.0274251
vn 0.0000000 -0.0000001 -1.0000000
f 787/787/787 788/788/788 789/789/789
v -0.0489837 0.9976195 -0.0331616
vt 0.9810564 0.0274251
vn 0.0000000 -0.0000001 -1.0000000
v -0.0000305 0.9833364 -0.0331616
vt 0.9853628 0.0025436
vn 0.0000000 -0.0000001 -1.0000000
v -0.0473967 0.9809558 -0.0331616
vt 0.9853628 0.0274251
vn 0.0000000 -0.0000001 -1.0000000
f 790/790/790 791/791/791 792/792/792
v -0.0000305 0.0000000 -0.0331615
vt 0.9738790 0.7863124
vn 0.0000000 -0.0000001 -1.0000000
v -0.0000305 0.0166637 -0.0331615
vt 0.9695726 0.7863124
vn 0.0000000 -0.0000001 -1.0000000
v 0.0489837 0.0023806 -0.0331615
vt 0.9738790 0.7616701
vn 0.0000000 -0.0000001 -1.0000000
f 793/793/793 794/794/794 795/795/795
v -0.0000305 0.9833364 -0.0331616
vt 0.9695726 0.0025436
vn 0.0000000 -0.0000001 -1.0000000
v -0.0000305 1.0000000 -0.0331616
vt 0.9738790 0.0025436
vn 0.0000000 -0.0000001 -1.0000000
v 0.0473967 0.9809558 -0.0331616
vt 0.9695726 0.0269466
vn 0.0000000 -0.0000001 -1.0000000
f 796/796/796 797/797/797 798/798/798
v -0.0000305 1.0000000 -0.0331616
vt 0.9738790 0.0025436
vn 0.0000000 -0.0000002 -1.0000000
v 0.0489837 0.9976195 -0.0331616
vt 0.9738790 0.0269466
vn 0.0000000 -0.0000002 -1.0000000
v 0.0473967 0.9809558 -0.0331616
vt 0.9695726 0.0269466
vn 0.0000000 -0.0000002 -1.0000000
f 799/799/799 800/800/800 801/801/801
v 0.0473967 0.9809558 -0.0331616
vt 0.9695726 0.0269466
vn 0.0000000 -0.0000001 -1.0000000
v 0.0489837 0.9976195 -0.0331616
vt 0.9738790 0.0269466
vn 0.0000000 -0.0000001 -1.0000000
v 0.0942745 0.9739974 -0.0331616
vt 0.9695726 0.0515889
vn 0.0000000 -0.0000001 -1.0000000
f 802/802/802 803/803/803 804/804/804
v 0.0489837 0.9976195 -0.0331616
vt 0.9738790 0.0269466
vn 0.0000000 0.0000004 -1.0000000
v 0.0975706 0.9904168 -0.0331616
vt 0.9738790 0.0515889
vn 0.0000000 0.0000004 -1.0000000
v 0.0942745 0.9739974 -0.0331616
vt 0.9695726 0.0515889
vn 0.0000000 0.0000004 -1.0000000
f 805/805/805 806/806/806 807/807/807
v 0.0942745 0.9739974 -0.0331616
vt 0.9695726 0.0515889
vn 0.0000000 -0.0000001 -1.0000000
v 0.0975706 0.9904168 -0.0331616
vt 0.9738790 0.0515889
vn 0.0000000 -0.0000001 -1.0000000
v 0.1402978 0.9625221 -0.0331616
vt 0.9695726 0.0759920
vn 0.0000000 -0.0000001 -1.0000000
f 808/808/808 809/809/809 810/810/810
v 0.0975706 0.9904168 -0.0331616
vt 0.9738790 0.0515889
vn 0.0000000 0.0000001 -1.0000000
v 0.1451199 0.9784532 -0.0331616
vt 0.9738790 0.0759920
vn 0.0000000 0.0000001 -1.0000000
v 0.1402978 0.9625221 -0.0331616
vt 0.9695726 0.0759920
vn 0.0000000 0.0000001 -1.0000000
f 811/811/811 812/812/812 813/813/813
v 0.1402978 0.9625221 -0.0331616
vt 0.9695726 0.0759920
vn 0.0000000 -0.0000001 -1.0000000
v 0.1451199 0.9784532 -0.0331616
vt 0.9738790 0.0759920
vn 0.0000000 -0.0000001 -1.0000000
v 0.1849783 0.9465299 -0.0331616
vt 0.9695726 0.1003950
vn 0.0000000 -0.0000001 -1.0000000
f 814/814/814 815/815/815 816/816/816
v 0.1451199 0.9784532 -0.0331616
vt 0.9738790 0.0759920
vn 0.0000000 -0.0000002 -1.0000000
v 0.1913263 0.9619117 -0.0331616
vt 0.9738790 0.1003950
vn 0.0000000 -0.0000002 -1.0000000
v 0.1849783 0.9465299 -0.0331616
vt 0.9695726 0.1003950
vn 0.0000000 -0.0000002 -1.0000000
f 817/817/817 818/818/818 819/819/819
v 0.1849783 0.9465299 -0.0331616
vt 0.9695726 0.1003950
vn 0.0000000 -0.0000001 -1.0000000
v 0.1913263 0.9619117 -0.0331616
vt 0.9738790 0.1003950
vn 0.0000000 -0.0000001 -1.0000000
v 0.2278276 0.9262649 -0.0331616
vt 0.9695726 0.1250374
vn 0.0000000 -0.0000001 -1.0000000
f 820/820/820 821/821/821 822/822/822
v 0.1913263 0.9619117 -0.0331616
vt 0.9738790 0.1003950
vn 0.0000000 -0.0000004 -1.0000000
v 0.2357016 0.9409754 -0.0331616
vt 0.9738790 0.1250374
vn 0.0000000 -0.0000004 -1.0000000
v 0.2278276 0.9262649 -0.0331616
vt 0.9695726 0.1250374
vn 0.0000000 -0.0000004 -1.0000000
f 823/823/823 824/824/824 825/825/825
v 0.2278276 0.9262649 -0.0331616
vt 0.9695726 0.1250374
vn 0.0000000 -0.0000001 -1.0000000
v 0.2357016 0.9409754 -0.0331616
vt 0.9738790 0.1250374
vn 0.0000000 -0.0000001 -1.0000000
v 0.2685405 0.9018495 -0.0331616
vt 0.9695726 0.1494404
vn 0.0000000 -0.0000001 -1.0000000
f 826/826/826 827/827/827 828/828/828
v 0.2357016 0.9409754 -0.0331616
vt 0.9738790 0.1250374
vn 0.0000000 -0.0000001 -1.0000000
v 0.2777573 0.9157053 -0.0331616
vt 0.9738790 0.1494404
vn 0.0000000 -0.0000001 -1.0000000
v 0.2685405 0.9018495 -0.0331616
vt 0.9695726 0.1494404
vn 0.0000000 -0.0000001 -1.0000000
f 829/829/829 830/830/830 831/831/831
v 0.2685405 0.9018495 -0.0331616
vt 0.9695726 0.1494404
vn 0.0000000 -0.0000001 -1.0000000
v 0.2777573 0.9157053 -0.0331616
vt 0.9738790 0.1494404
vn 0.0000000 -0.0000001 -1.0000000
v 0.3066287 0.8735885 -0.0331616
vt 0.9695726 0.1738435
vn 0.0000000 -0.0000001 -1.0000000
f 832/832/832 833/833/833 834/834/834
v 0.2777573 0.9157053 -0.0331616
vt 0.9738790 0.1494404
vn 0.0000000 -0.0000003 -1.0000000
v 0.3171884 0.8865287 -0.0331616
vt 0.9738790 0.1738435
vn 0.0000000 -0.0000003 -1.0000000
v 0.3066287 0.8735885 -0.0331616
vt 0.9695726 0.1738435
vn 0.0000000 -0.0000003 -1.0000000
f 835/835/835 836/836/836 837/837/837
v 0.3066287 0.8735885 -0.0331616
vt 0.9695726 0.1738435
vn 0.0000000 -0.0000005 -1.0000000
v 0.3171884 0.8865287 -0.0331616
vt 0.9738790 0.1738435
vn 0.0000000 -0.0000005 -1.0000000
v 0.3417261 0.8417261 -0.0331616
vt 0.9695726 0.1984858
vn 0.0000000 -0.0000005 -1.0000000
f 838/838/838 839/839/839 840/840/840
v 0.3171884 0.8865287 -0.0331616
vt 0.9738790 0.1738435
vn 0.0000000 0.0000001 -1.0000000
v 0.3535676 0.8535678 -0.0331616
vt 0.9738790 0.1984858
vn 0.0000000 0.0000001 -1.0000000
v 0.3417261 0.8417261 -0.0331616
vt 0.9695726 0.1984858
vn 0.0000000 0.0000001 -1.0000000
f 841/841/841 842/842/842 843/843/843
v 0.3417261 0.8417261 -0.0331616
vt 0.9695726 0.1984858
vn 0.0000000 -0.0000001 -1.0000000
v 0.3535676 0.8535678 -0.0331616
vt 0.9738790 0.1984858
vn 0.0000000 -0.0000001 -1.0000000
v 0.3735884 0.8066288 -0.0331616
vt 0.9695726 0.2228888
vn 0.0000000 -0.0000001 -1.0000000
f 844/844/844 845/845/845 846/846/846
v 0.3535676 0.8535678 -0.0331616
vt 0.9738790 0.1984858
vn 0.0000000 0.0000001 -1.0000000
v 0.3865286 0.8171886 -0.0331616
vt 0.9738790 0.2228888
vn 0.0000000 0.0000001 -1.0000000
v 0.3735884 0.8066288 -0.0331616
vt 0.9695726 0.2228888
vn 0.0000000 0.0000001 -1.0000000
f 847/847/847 848/848/848 849/849/849
v 0.3735884 0.8066288 -0.0331616
vt 0.9695726 0.2228888
vn 0.0000000 0.0000001 -1.0000000
v 0.3865286 0.8171886 -0.0331616
vt 0.9738790 0.2228888
vn 0.0000000 0.0000001 -1.0000000
v 0.4018494 0.7685406 -0.0331616
vt 0.9695726 0.2475311
vn 0.0000000 0.0000001 -1.0000000
f 850/850/850 851/851/851 852/852/852
v 0.3865286 0.8171886 -0.0331616
vt 0.9738790 0.2228888
vn 0.0000000 -0.0000003 -1.0000000
v 0.4157052 0.7777574 -0.0331616
vt 0.9738790 0.2475311
vn 0.0000000 -0.0000003 -1.0000000
v 0.4018494 0.7685406 -0.0331616
vt 0.9695726 0.2475311
vn 0.0000000 -0.0000003 -1.0000000
f 853/853/853 854/854/854 855/855/855
v 0.4018494 0.7685406 -0.0331616
vt 0.9695726 0.2475311
vn 0.0000000 0.0000001 -1.0000000
v 0.4157052 0.7777574 -0.0331616
vt 0.9738790 0.2475311
vn 0.0000000 0.0000001 -1.0000000
v 0.4262649 0.7278276 -0.0331616
vt 0.9695726 0.2719342
vn 0.0000000 0.0000001 -1.0000000
f 856/856/856 857/857/857 858/858/858
v 0.4157052 0.7777574 -0.0331616
vt 0.9738790 0.2475311
vn 0.0000000 0.0000001 -1.0000000
v 0.4409752 0.7357016 -0.0331616
vt 0.9738790 0.2719342
vn 0.0000000 0.0000001 -1.0000000
v 0.4262649 0.7278276 -0.0331616
vt 0.9695726 0.2719342
vn 0.0000000 0.0000001 -1.0000000
f 859/859/859 860/860/860 861/861/861
v 0.4262649 0.7278276 -0.0331616
vt 0.9695726 0.2719342
vn 0.0000000 -0.0000001 -1.0000000
v 0.4409752 0.7357016 -0.0331616
vt 0.9738790 0.2719342
vn 0.0000000 -0.0000001 -1.0000000
v 0.4465298 0.6849783 -0.0331616
vt 0.9695726 0.2963373
vn 0.0000000 -0.0000001 -1.0000000
f 862/862/862 863/863/863 864/864/864
v 0.4409752 0.7357016 -0.0331616
vt 0.9738790 0.2719342
vn 0.0000000 -0.0000003 -1.0000000
v 0.4619117 0.6913263 -0.0331616
vt 0.9738790 0.2963373
vn 0.0000000 -0.0000003 -1.0000000
v 0.4465298 0.6849783 -0.0331616
vt 0.9695726 0.2963373
vn 0.0000000 -0.0000003 -1.0000000
f 865/865/865 866/866/866 867/867/867
v 0.4465298 0.6849783 -0.0331616
vt 0.9695726 0.2963373
vn 0.0000000 -0.0000000 -1.0000000
v 0.4619117 0.6913263 -0.0331616
vt 0.9738790 0.2963373
vn 0.0000000 -0.0000000 -1.0000000
v 0.4625220 0.6402978 -0.0331616
vt 0.9695726 0.3209795
vn 0.0000000 -0.0000000 -1.0000000
f 868/868/868 869/869/869 870/870/870
v 0.4619117 0.6913263 -0.0331616
vt 0.9738790 0.2963373
vn 0.0000000 -0.0000001 -1.0000000
v 0.4784532 0.6451200 -0.0331616
vt 0.9738790 0.3209795
vn 0.0000000 -0.0000001 -1.0000000
v 0.4625220 0.6402978 -0.0331616
vt 0.9695726 0.3209795
vn 0.0000000 -0.0000001 -1.0000000
f 871/871/871 872/872/872 873/873/873
v 0.4625220 0.6402978 -0.0331616
vt 0.9695726 0.3209795
vn 0.0000000 -0.0000000 -1.0000000
v 0.4784532 0.6451200 -0.0331616
vt 0.9738790 0.3209795
vn 0.0000000 -0.0000000 -1.0000000
v 0.4739973 0.5942746 -0.0331616
vt 0.9695726 0.3453826
vn 0.0000000 -0.0000000 -1.0000000
f 874/874/874 875/875/875 876/876/876
v 0.4784532 0.6451200 -0.0331616
vt 0.9738790 0.3209795
vn 0.0000000 -0.0000001 -1.0000000
v 0.4904168 0.5975707 -0.0331616
vt 0.9738790 0.3453826
vn 0.0000000 -0.0000001 -1.0000000
v 0.4739973 0.5942746 -0.0331616
vt 0.9695726 0.3453826
vn 0.0000000 -0.0000001 -1.0000000
f 877/877/877 878/878/878 879/879/879
v 0.4739973 0.5942746 -0.0331616
vt 0.9695726 0.3453826
vn 0.0000000 -0.0000001 -1.0000000
v 0.4904168 0.5975707 -0.0331616
vt 0.9738790 0.3453826
vn 0.0000000 -0.0000001 -1.0000000
v 0.4809557 0.5473967 -0.0331616
vt 0.9695726 0.3697857
vn 0.0000000 -0.0000001 -1.0000000
f 880/880/880 881/881/881 882/882/882
v 0.4904168 0.5975707 -0.0331616
vt 0.9738790 0.3453826
vn 0.0000000 0.0000003 -1.0000000
v 0.4976193 0.5489837 -0.0331616
vt 0.9738790 0.3697857
vn 0.0000000 0.0000003 -1.0000000
v 0.4809557 0.5473967 -0.0331616
vt 0.9695726 0.3697857
vn 0.0000000 0.0000003 -1.0000000
f 883/883/883 884/884/884 885/885/885
v 0.4809557 0.5473967 -0.0331616
vt 0.9695726 0.3697857
vn 0.0000000 -0.0000003 -1.0000000
v 0.4976193 0.5489837 -0.0331616
vt 0.9738790 0.3697857
vn 0.0000000 -0.0000003 -1.0000000
v 0.4833363 0.5000305 -0.0331615
vt 0.9695726 0.3944280
vn 0.0000000 -0.0000003 -1.0000000
f 886/886/886 887/887/887 888/888/888
v 0.4976193 0.5489837 -0.0331616
vt 0.9738790 0.3697857
vn 0.0000000 -0.0000001 -1.0000000
v 0.4999999 0.5000305 -0.0331615
vt 0.9738790 0.3944280
vn 0.0000000 -0.0000001 -1.0000000
v 0.4833363 0.5000305 -0.0331615
vt 0.9695726 0.3944280
vn 0.0000000 -0.0000001 -1.0000000
f 889/889/889 890/890/890 891/891/891
v 0.4833363 0.5000305 -0.0331615
vt 0.9695726 0.3944280
vn 0.0000000 -0.0000001 -1.0000000
v 0.4999999 0.5000305 -0.0331615
vt 0.9738790 0.3944280
vn 0.0000000 -0.0000001 -1.0000000
v 0.4809557 0.4526033 -0.0331615
vt 0.9695726 0.4188311
vn 0.0000000 -0.0000001 -1.0000000
f 892/892/892 893/893/893 894/894/894
v 0.4999999 0.5000305 -0.0331615
vt 0.9738790 0.3944280
vn 0.0000000 -0.0000001 -1.0000000
v 0.4976193 0.4510163 -0.0331615
vt 0.9738790 0.4188311
vn 0.0000000 -0.0000001 -1.0000000
v 0.4809557 0.4526033 -0.0331615
vt 0.9695726 0.4188311
vn 0.0000000 -0.0000001 -1.0000000
f 895/895/895 896/896/896 897/897/897
v 0.4809557 0.4526033 -0.0331615
vt 0.9695726 0.4188311
vn 0.0000000 -0.0000005 -1.0000000
v 0.4976193 0.4510163 -0.0331615
vt 0.9738790 0.4188311
vn 0.0000000 -0.0000005 -1.0000000
v 0.4739973 0.4057254 -0.0331615
vt 0.9695726 0.4434734
vn 0.0000000 -0.0000005 -1.0000000
f 898/898/898 899/899/899 900/900/900
v 0.4976193 0.4510163 -0.0331615
vt 0.9738790 0.4188311
vn 0.0000000 -0.0000001 -1.0000000
v 0.4904168 0.4024294 -0.0331615
vt 0.9738790 0.4434734
vn 0.0000000 -0.0000001 -1.0000000
v 0.4739973 0.4057254 -0.0331615
vt 0.9695726 0.4434734
vn 0.0000000 -0.0000001 -1.0000000
f 901/901/901 902/902/902 903/903/903
v 0.4739973 0.4057254 -0.0331615
vt 0.9695726 0.4434734
vn 0.0000000 -0.0000001 -1.0000000
v 0.4904168 0.4024294 -0.0331615
vt 0.9738790 0.4434734
vn 0.0000000 -0.0000001 -1.0000000
v 0.4625220 0.3597021 -0.0331615
vt 0.9695726 0.4678764
vn 0.0000000 -0.0000001 -1.0000000
f 904/904/904 905/905/905 906/906/906
v 0.4904168 0.4024294 -0.0331615
vt 0.9738790 0.4434734
vn 0.0000000 -0.0000001 -1.0000000
v 0.4784532 0.3548801 -0.0331615
vt 0.9738790 0.4678764
vn 0.0000000 -0.0000001 -1.0000000
v 0.4625220 0.3597021 -0.0331615
vt 0.9695726 0.4678764
vn 0.0000000 -0.0000001 -1.0000000
f 907/907/907 908/908/908 909/909/909
v 0.4625220 0.3597021 -0.0331615
vt 0.9695726 0.4678764
vn 0.0000000 -0.0000001 -1.0000000
v 0.4784532 0.3548801 -0.0331615
vt 0.9738790 0.4678764
vn 0.0000000 -0.0000001 -1.0000000
v 0.4465298 0.3150217 -0.0331615
vt 0.9695726 0.4922795
vn 0.0000000 -0.0000001 -1.0000000
f 910/910/910 911/911/911 912/912/912
v 0.4784532 0.3548801 -0.0331615
vt 0.9738790 0.4678764
vn 0.0000000 -0.0000001 -1.0000000
v 0.4619117 0.3086736 -0.0331615
vt 0.9738790 0.4922795
vn 0.0000000 -0.0000001 -1.0000000
v 0.4465298 0.3150217 -0.0331615
vt 0.9695726 0.4922795
vn 0.0000000 -0.0000001 -1.0000000
f 913/913/913 914/914/914 915/915/915
v 0.4465298 0.3150217 -0.0331615
vt 0.9695726 0.4922795
vn 0.0000000 -0.0000001 -1.0000000
v 0.4619117 0.3086736 -0.0331615
vt 0.9738790 0.4922795
vn 0.0000000 -0.0000001 -1.0000000
v 0.4262649 0.2721724 -0.0331615
vt 0.9695726 0.5169218
vn 0.0000000 -0.0000001 -1.0000000
f 916/916/916 917/917/917 918/918/918
v 0.4619117 0.3086736 -0.0331615
vt 0.9738790 0.4922795
vn 0.0000000 0.0000001 -1.0000000
v 0.4409752 0.2642984 -0.0331615
vt 0.9738790 0.5169218
vn 0.0000000 0.0000001 -1.0000000
v 0.4262649 0.2721724 -0.0331615
vt 0.9695726 0.5169218
vn 0.0000000 0.0000001 -1.0000000
f 919/919/919 920/920/920 921/921/921
v 0.4262649 0.2721724 -0.0331615
vt 0.9695726 0.5169218
vn 0.0000000 -0.0000001 -1.0000000
v 0.4409752 0.2642984 -0.0331615
vt 0.9738790 0.5169218
vn 0.0000000 -0.0000001 -1.0000000
v 0.4018494 0.2314595 -0.0331615
vt 0.9695726 0.5413249
vn 0.0000000 -0.0000001 -1.0000000
f 922/922/922 923/923/923 924/924/924
v 0.4409752 0.2642984 -0.0331615
vt 0.9738790 0.5169218
vn 0.0000000 -0.0000003 -1.0000000
v 0.4157052 0.2222426 -0.0331615
vt 0.9738790 0.5413249
vn 0.0000000 -0.0000003 -1.0000000
v 0.4018494 0.2314595 -0.0331615
vt 0.9695726 0.5413249
vn 0.0000000 -0.0000003 -1.0000000
f 925/925/925 926/926/926 927/927/927
v 0.4018494 0.2314595 -0.0331615
vt 0.9695726 0.5413249
vn 0.0000000 -0.0000001 -1.0000000
v 0.4157052 0.2222426 -0.0331615
vt 0.9738790 0.5413249
vn 0.0000000 -0.0000001 -1.0000000
v 0.3735884 0.1933712 -0.0331615
vt 0.9695726 0.5657279
vn 0.0000000 -0.0000001 -1.0000000
f 928/928/928 929/929/929 930/930/930
v 0.4157052 0.2222426 -0.0331615
vt 0.9738790 0.5413249
vn 0.0000000 0.0000001 -1.0000000
v 0.3865286 0.1828115 -0.0331615
vt 0.9738790 0.5657279
vn 0.0000000 0.0000001 -1.0000000
v 0.3735884 0.1933712 -0.0331615
vt 0.9695726 0.5657279
vn 0.0000000 0.0000001 -1.0000000
f 931/931/931 932/932/932 933/933/933
v 0.3735884 0.1933712 -0.0331615
vt 0.9695726 0.5657279
vn 0.0000000 -0.0000001 -1.0000000
v 0.3865286 0.1828115 -0.0331615
vt 0.9738790 0.5657279
vn 0.0000000 -0.0000001 -1.0000000
v 0.3417261 0.1582738 -0.0331615
vt 0.9695726 0.5903702
vn 0.0000000 -0.0000001 -1.0000000
f 934/934/934 935/935/935 936/936/936
v 0.3865286 0.1828115 -0.0331615
vt 0.9738790 0.5657279
vn 0.0000000 -0.0000003 -1.0000000
v 0.3535676 0.1464323 -0.0331615
vt 0.9738790 0.5903702
vn 0.0000000 -0.0000003 -1.0000000
v 0.3417261 0.1582738 -0.0331615
vt 0.9695726 0.5903702
vn 0.0000000 -0.0000003 -1.0000000
f 937/937/937 938/938/938 939/939/939
v 0.3417261 0.1582738 -0.0331615
vt 0.9695726 0.5903702
vn 0.0000000 -0.0000001 -1.0000000
v 0.3535676 0.1464323 -0.0331615
vt 0.9738790 0.5903702
vn 0.0000000 -0.0000001 -1.0000000
v 0.3066287 0.1264115 -0.0331615
vt 0.9695726 0.6147733
vn 0.0000000 -0.0000001 -1.0000000
f 940/940/940 941/941/941 942/942/942
v 0.3535676 0.1464323 -0.0331615
vt 0.9738790 0.5903702
vn 0.0000000 -0.0000003 -1.0000000
v 0.3171884 0.1134713 -0.0331615
vt 0.9738790 0.6147733
vn 0.0000000 -0.0000003 -1.0000000
v 0.3066287 0.1264115 -0.0331615
vt 0.9695726 0.6147733
vn 0.0000000 -0.0000003 -1.0000000
f 943/943/943 944/944/944 945/945/945
v 0.3066287 0.1264115 -0.0331615
vt 0.9695726 0.6147733
vn 0.0000000 -0.0000001 -1.0000000
v 0.3171884 0.1134713 -0.0331615
vt 0.9738790 0.6147733
vn 0.0000000 -0.0000001 -1.0000000
v 0.2685405 0.0981506 -0.0331615
vt 0.9695726 0.6391763
vn 0.0000000 -0.0000001 -1.0000000
f 946/946/946 947/947/947 948/948/948
v 0.3171884 0.1134713 -0.0331615
vt 0.9738790 0.6147733
vn 0.0000000 -0.0000001 -1.0000000
v 0.2777573 0.0842948 -0.0331615
vt 0.9738790 0.6391763
vn 0.0000000 -0.0000001 -1.0000000
v 0.2685405 0.0981506 -0.0331615
vt 0.9695726 0.6391763
vn 0.0000000 -0.0000001 -1.0000000
f 949/949/949 950/950/950 951/951/951
v 0.2685405 0.0981506 -0.0331615
vt 0.9695726 0.6391763
vn 0.0000000 -0.0000001 -1.0000000
v 0.2777573 0.0842948 -0.0331615
vt 0.9738790 0.6391763
vn 0.0000000 -0.0000001 -1.0000000
v 0.2278276 0.0737350 -0.0331615
vt 0.9695726 0.6638186
vn 0.0000000 -0.0000001 -1.0000000
f 952/952/952 953/953/953 954/954/954
v 0.2777573 0.0842948 -0.0331615
vt 0.9738790 0.6391763
vn 0.0000000 -0.0000004 -1.0000000
v 0.2357016 0.0590247 -0.0331615
vt 0.9738790 0.6638186
vn 0.0000000 -0.0000004 -1.0000000
v 0.2278276 0.0737350 -0.0331615
vt 0.9695726 0.6638186
vn 0.0000000 -0.0000004 -1.0000000
f 955/955/955 956/956/956 957/957/957
v 0.2278276 0.0737350 -0.0331615
vt 0.9695726 0.6638186
vn 0.0000000 -0.0000010 -1.0000000
v 0.2357016 0.0590247 -0.0331615
vt 0.9738790 0.6638186
vn 0.0000000 -0.0000010 -1.0000000
v 0.1849783 0.0534701 -0.0331615
vt 0.9695726 0.6882217
vn 0.0000000 -0.0000010 -1.0000000
f 958/958/958 959/959/959 960/960/960
v 0.2357016 0.0590247 -0.0331615
vt 0.9738790 0.6638186
vn 0.0000000 0.0000006 -1.0000000
v 0.1913263 0.0380883 -0.0331615
vt 0.9738790 0.6882217
vn 0.0000000 0.0000006 -1.0000000
v 0.1849783 0.0534701 -0.0331615
vt 0.9695726 0.6882217
vn 0.0000000 0.0000006 -1.0000000
f 961/961/961 962/962/962 963/963/963
v 0.1849783 0.0534701 -0.0331615
vt 0.9695726 0.6882217
vn 0.0000000 -0.0000001 -1.0000000
v 0.1913263 0.0380883 -0.0331615
vt 0.9738790 0.6882217
vn 0.0000000 -0.0000001 -1.0000000
v 0.1402978 0.0374779 -0.0331615
vt 0.9695726 0.7128640
vn 0.0000000 -0.0000001 -1.0000000
f 964/964/964 965/965/965 966/966/966
v 0.1913263 0.0380883 -0.0331615
vt 0.9738790 0.6882217
vn 0.0000000 0.0000001 -1.0000000
v 0.1451199 0.0215468 -0.0331615
vt 0.9738790 0.7128640
vn 0.0000000 0.0000001 -1.0000000
v 0.1402978 0.0374779 -0.0331615
vt 0.9695726 0.7128640
vn 0.0000000 0.0000001 -1.0000000
f 967/967/967 968/968/968 969/969/969
v 0.1402978 0.0374779 -0.0331615
vt 0.9695726 0.7128640
vn 0.0000000 -0.0000001 -1.0000000
v 0.1451199 0.0215468 -0.0331615
vt 0.9738790 0.7128640
vn 0.0000000 -0.0000001 -1.0000000
v 0.0942745 0.0260026 -0.0331615
vt 0.9695726 0.7372671
vn 0.0000000 -0.0000001 -1.0000000
f 970/970/970 971/971/971 972/972/972
v 0.1451199 0.0215468 -0.0331615
vt 0.9738790 0.7128640
vn 0.0000000 -0.0000004 -1.0000000
v 0.0975706 0.0095831 -0.0331615
vt 0.9738790 0.7372671
vn 0.0000000 -0.0000004 -1.0000000
v 0.0942745 0.0260026 -0.0331615
vt 0.9695726 0.7372671
vn 0.0000000 -0.0000004 -1.0000000
f 973/973/973 974/974/974 975/975/975
v 0.0942745 0.0260026 -0.0331615
vt 0.9695726 0.7372671
vn 0.0000000 -0.0000010 -1.0000000
v 0.0975706 0.0095831 -0.0331615
vt 0.9738790 0.7372671
vn 0.0000000 -0.0000010 -1.0000000
v 0.0473967 0.0190442 -0.0331615
vt 0.9695726 0.7616701
vn 0.0000000 -0.0000010 -1.0000000
f 976/976/976 977/977/977 978/978/978
v 0.0975706 0.0095831 -0.0331615
vt 0.9738790 0.7372671
vn 0.0000000 -0.0000002 -1.0000000
v 0.0489837 0.0023806 -0.0331615
vt 0.9738790 0.7616701
vn 0.0000000 -0.0000002 -1.0000000
v 0.0473967 0.0190442 -0.0331615
vt 0.9695726 0.7616701
vn 0.0000000 -0.0000002 -1.0000000
f 979/979/979 980/980/980 981/981/981
v 0.0489837 0.0023806 -0.0331615
vt 0.9738790 0.7616701
vn 0.0000000 -0.0000001 -1.0000000
v -0.0000305 0.0166637 -0.0331615
vt 0.9695726 0.7863124
vn 0.0000000 -0.0000001 -1.0000000
v 0.0473967 0.0190442 -0.0331615
vt 0.9695726 0.7616701
vn 0.0000000 -0.0000001 -1.0000000
f 982/982/982 983/983/983 984/984/984
v -0.0000305 0.0166637 -0.0164979
vt 0.9911047 0.7800921
vn 0.0000239 1.0000000 -0.0000001
v -0.0000305 0.0166637 -0.0331615
vt 0.9867983 0.7800921
vn 0.0000239 1.0000000 -0.0000001
v -0.0473967 0.0190442 -0.0164979
vt 0.9911047 0.7556890
vn 0.0986289 0.9951243 -0.0000001
f 985/985/985 986/986/986 987/987/987
v -0.0000305 0.0166637 -0.0331615
vt 0.9867983 0.7800921
vn 0.0000239 1.0000000 -0.0000001
v -0.0473967 0.0190442 -0.0331615
vt 0.9867983 0.7556890
vn 0.0986265 0.9951245 -0.0000001
v -0.0473967 0.0190442 -0.0164979
vt 0.9911047 0.7556890
vn 0.0986289 0.9951243 -0.0000001
f 988/988/988 989/989/989 990/990/990
v -0.0473967 0.0190442 -0.0164979
vt 0.9911047 0.7556890
vn 0.0986289 0.9951243 -0.0000001
v -0.0473967 0.0190442 -0.0331615
vt 0.9867983 0.7556890
vn 0.0986265 0.9951245 -0.0000001
v -0.0942746 0.0260026 -0.0164979
vt 0.9911047 0.7315252
vn 0.1955747 0.9806888 -0.0000001
f 991/991/991 992/992/992 993/993/993
v -0.0473967 0.0190442 -0.0331615
vt 0.9867983 0.7556890
vn 0.0986265 0.9951245 -0.0000001
v -0.0942746 0.0260026 -0.0331615
vt 0.9867983 0.7315252
vn 0.1954805 0.9807076 0.0000002
v -0.0942746 0.0260026 -0.0164979
vt 0.9911047 0.7315252
vn 0.1955747 0.9806888 -0.0000001
f 994/994/994 995/995/995 996/996/996
v -0.0942746 0.0260026 -0.0164979
vt 0.9911047 0.7315252
vn 0.1955747 0.9806888 -0.0000001
v -0.0942746 0.0260026 -0.0331615
vt 0.9867983 0.7315252
vn 0.1954805 0.9807076 0.0000002
v -0.1402979 0.0374779 -0.0164979
vt 0.9911047 0.7071221
vn 0.2904900 0.9568781 -0.0000001
f 997/997/997 998/998/998 999/999/999
v -0.0942746 0.0260026 -0.0331615
vt 0.9867983 0.7315252
vn 0.1954805 0.9807076 0.0000002
v -0.1402979 0.0374779 -0.0331615
vt 0.9867983 0.7071221
vn 0.2904876 0.9568787 -0.0000001
v -0.1402979 0.0374779 -0.0164979
vt 0.9911047 0.7071221
vn 0.2904900 0.9568781 -0.0000001
f 1000/1000/1000 1001/1001/1001 1002/1002/1002
v -0.1402979 0.0374779 -0.0164979
vt 0.9911047 0.7071221
vn 0.2904900 0.9568781 -0.0000001
v -0.1402979 0.0374779 -0.0331615
vt 0.9867983 0.7071221
vn 0.2904876 0.9568787 -0.0000001
v -0.1849783 0.0534701 -0.0164979
vt 0.9911047 0.6829583
vn 0.3836299 0.9234869 -0.0000001
f 1003/1003/1003 1004/1004/1004 1005/1005/1005
v -0.1402979 0.0374779 -0.0331615
vt 0.9867983 0.7071221
vn 0.2904876 0.9568787 -0.0000001
v -0.1849783 0.0534701 -0.0331615
vt 0.9867983 0.6829583
vn 0.3836278 0.9234878 0.0000002
v -0.1849783 0.0534701 -0.0164979
vt 0.9911047 0.6829583
vn 0.3836299 0.9234869 -0.0000001
f 1006/1006/1006 1007/1007/1007 1008/1008/1008
v -0.1849783 0.0534701 -0.0164979
vt 0.9911047 0.6829583
vn 0.3836299 0.9234869 -0.0000001
v -0.1849783 0.0534701 -0.0331615
vt 0.9867983 0.6829583
vn 0.3836278 0.9234878 0.0000002
v -0.2278276 0.0737350 -0.0164979
vt 0.9911047 0.6585552
vn 0.4714912 0.8818708 -0.0000001
f 1009/1009/1009 1010/1010/1010 1011/1011/1011
v -0.1849783 0.0534701 -0.0331615
vt 0.9867983 0.6829583
vn 0.3836278 0.9234878 0.0000002
v -0.2278276 0.0737350 -0.0331615
vt 0.9867983 0.6585552
vn 0.4714891 0.8818719 -0.0000001
v -0.2278276 0.0737350 -0.0164979
vt 0.9911047 0.6585552
vn 0.4714912 0.8818708 -0.0000001
f 1012/1012/1012 1013/1013/1013 1014/1014/1014
v -0.2278276 0.0737350 -0.0164979
vt 0.9911047 0.6585552
vn 0.4714912 0.8818708 -0.0000001
v -0.2278276 0.0737350 -0.0331615
vt 0.9867983 0.6585552
vn 0.4714891 0.8818719 -0.0000001
v -0.2685405 0.0981506 -0.0164979
vt 0.9911047 0.6341521
vn 0.5564612 0.8308737 -0.0000001
f 1015/1015/1015 1016/1016/1016 1017/1017/1017
v -0.2278276 0.0737350 -0.0331615
vt 0.9867983 0.6585552
vn 0.4714891 0.8818719 -0.0000001
v -0.2685405 0.0981506 -0.0331615
vt 0.9867983 0.6341521
vn 0.5564593 0.8308749 -0.0000001
v -0.2685405 0.0981506 -0.0164979
vt 0.9911047 0.6341521
vn 0.5564612 0.8308737 -0.0000001
f 1018/1018/1018 1019/1019/1019 1020/1020/1020
v -0.2685405 0.0981506 -0.0164979
vt 0.9911047 0.6341521
vn 0.5564612 0.8308737 -0.0000001
v -0.2685405 0.0981506 -0.0331615
vt 0.9867983 0.6341521
vn 0.5564593 0.8308749 -0.0000001
v -0.3066288 0.1264115 -0.0164979
vt 0.9911047 0.6099883
vn 0.6334156 0.7738118 -0.0000008
f 1021/1021/1021 1022/1022/1022 1023/1023/1023
v -0.2685405 0.0981506 -0.0331615
vt 0.9867983 0.6341521
vn 0.5564593 0.8308749 -0.0000001
v -0.3066288 0.1264115 -0.0331615
vt 0.9867983 0.6099883
vn 0.6333776 0.7738430 -0.0000001
v -0.3066288 0.1264115 -0.0164979
vt 0.9911047 0.6099883
vn 0.6334156 0.7738118 -0.0000008
f 1024/1024/1024 1025/1025/1025 1026/1026/1026
v -0.3066288 0.1264115 -0.0164979
vt 0.9911047 0.6099883
vn 0.6334156 0.7738118 -0.0000008
v -0.3066288 0.1264115 -0.0331615
vt 0.9867983 0.6099883
vn 0.6333776 0.7738430 -0.0000001
v -0.3417261 0.1582738 -0.0164979
vt 0.9911047 0.5855853
vn 0.7084318 0.7057792 -0.0000001
f 1027/1027/1027 1028/1028/1028 1029/1029/1029
v -0.3066288 0.1264115 -0.0331615
vt 0.9867983 0.6099883
vn 0.6333776 0.7738430 -0.0000001
v -0.3417261 0.1582738 -0.0331615
vt 0.9867983 0.5855853
vn 0.7084302 0.7057809 -0.0000002
v -0.3417261 0.1582738 -0.0164979
vt 0.9911047 0.5855853
vn 0.7084318 0.7057792 -0.0000001
f 1030/1030/1030 1031/1031/1031 1032/1032/1032
v -0.3417261 0.1582738 -0.0164979
vt 0.9911047 0.5855853
vn 0.7084318 0.7057792 -0.0000001
v -0.3417261 0.1582738 -0.0331615
vt 0.9867983 0.5855853
vn 0.7084302 0.7057809 -0.0000002
v -0.3735884 0.1933712 -0.0164979
vt 0.9911047 0.5614215
vn 0.7738132 0.6334138 -0.0000001
f 1033/1033/1033 1034/1034/1034 1035/1035/1035
v -0.3417261 0.1582738 -0.0331615
vt 0.9867983 0.5855853
vn 0.7084302 0.7057809 -0.0000002
v -0.3735884 0.1933712 -0.0331615
vt 0.9867983 0.5614215
vn 0.7738117 0.6334158 -0.0000001
v -0.3735884 0.1933712 -0.0164979
vt 0.9911047 0.5614215
vn 0.7738132 0.6334138 -0.0000001
f 1036/1036/1036 1037/1037/1037 1038/1038/1038
v -0.3735884 0.1933712 -0.0164979
vt 0.9911047 0.5614215
vn 0.7738132 0.6334138 -0.0000001
v -0.3735884 0.1933712 -0.0331615
vt 0.9867983 0.5614215
vn 0.7738117 0.6334158 -0.0000001
v -0.4018494 0.2314595 -0.0164979
vt 0.9911047 0.5370184
vn 0.8308750 0.5564591 -0.0000001
f 1039/1039/1039 1040/1040/1040 1041/1041/1041
v -0.3735884 0.1933712 -0.0331615
vt 0.9867983 0.5614215
vn 0.7738117 0.6334158 -0.0000001
v -0.4018494 0.2314595 -0.0331615
vt 0.9867983 0.5370184
vn 0.8308737 0.5564612 -0.0000001
v -0.4018494 0.2314595 -0.0164979
vt 0.9911047 0.5370184
vn 0.8308750 0.5564591 -0.0000001
f 1042/1042/1042 1043/1043/1043 1044/1044/1044
v -0.4018494 0.2314595 -0.0164979
vt 0.9911047 0.5370184
vn 0.8308750 0.5564591 -0.0000001
v -0.4018494 0.2314595 -0.0331615
vt 0.9867983 0.5370184
vn 0.8308737 0.5564612 -0.0000001
v -0.4262650 0.2721724 -0.0164979
vt 0.9911047 0.5128546
vn 0.8818718 0.4714893 -0.0000001
f 1045/1045/1045 1046/1046/1046 1047/1047/1047
v -0.4018494 0.2314595 -0.0331615
vt 0.9867983 0.5370184
vn 0.8308737 0.5564612 -0.0000001
v -0.4262650 0.2721724 -0.0331615
vt 0.9867983 0.5128546
vn 0.8818707 0.4714915 -0.0000001
v -0.4262650 0.2721724 -0.0164979
vt 0.9911047 0.5128546
vn 0.8818718 0.4714893 -0.0000001
f 1048/1048/1048 1049/1049/1049 1050/1050/1050
v -0.4262650 0.2721724 -0.0164979
vt 0.9911047 0.5128546
vn 0.8818718 0.4714893 -0.0000001
v -0.4262650 0.2721724 -0.0331615
vt 0.9867983 0.5128546
vn 0.8818707 0.4714915 -0.0000001
v -0.4465299 0.3150217 -0.0164979
vt 0.9911047 0.4884516
vn 0.9234699 0.3836708 -0.0000000
f 1051/1051/1051 1052/1052/1052 1053/1053/1053
v -0.4262650 0.2721724 -0.0331615
vt 0.9867983 0.5128546
vn 0.8818707 0.4714915 -0.0000001
v -0.4465299 0.3150217 -0.0331615
vt 0.9867983 0.4884516
vn 0.9234689 0.3836732 -0.0000001
v -0.4465299 0.3150217 -0.0164979
vt 0.9911047 0.4884516
vn 0.9234699 0.3836708 -0.0000000
f 1054/1054/1054 1055/1055/1055 1056/1056/1056
v -0.4465299 0.3150217 -0.0164979
vt 0.9911047 0.4884516
vn 0.9234699 0.3836708 -0.0000000
v -0.4465299 0.3150217 -0.0331615
vt 0.9867983 0.4884516
vn 0.9234689 0.3836732 -0.0000001
v -0.4625221 0.3597021 -0.0164979
vt 0.9911047 0.4642877
vn 0.9568788 0.2904878 -0.0000000
f 1057/1057/1057 1058/1058/1058 1059/1059/1059
v -0.4465299 0.3150217 -0.0331615
vt 0.9867983 0.4884516
vn 0.9234689 0.3836732 -0.0000001
v -0.4625221 0.3597021 -0.0331615
vt 0.9867983 0.4642877
vn 0.9569052 0.2904006 -0.0000000
v -0.4625221 0.3597021 -0.0164979
vt 0.9911047 0.4642877
vn 0.9568788 0.2904878 -0.0000000
f 1060/1060/1060 1061/1061/1061 1062/1062/1062
v -0.4625221 0.3597021 -0.0164979
vt 0.9911047 0.4642877
vn 0.9568788 0.2904878 -0.0000000
v -0.4625221 0.3597021 -0.0331615
vt 0.9867983 0.4642877
vn 0.9569052 0.2904006 -0.0000000
v -0.4739974 0.4057254 -0.0164979
vt 0.9911047 0.4398847
vn 0.9806894 0.1955717 0.0000000
f 1063/1063/1063 1064/1064/1064 1065/1065/1065
v -0.4625221 0.3597021 -0.0331615
vt 0.9867983 0.4642877
vn 0.9569052 0.2904006 -0.0000000
v -0.4739974 0.4057254 -0.0331615
vt 0.9867983 0.4398847
vn 0.9806798 0.1956202 -0.0000000
v -0.4739974 0.4057254 -0.0164979
vt 0.9911047 0.4398847
vn 0.9806894 0.1955717 0.0000000
f 1066/1066/1066 1067/1067/1067 1068/1068/1068
v -0.4739974 0.4057254 -0.0164979
vt 0.9911047 0.4398847
vn 0.9806894 0.1955717 0.0000000
v -0.4739974 0.4057254 -0.0331615
vt 0.9867983 0.4398847
vn 0.9806798 0.1956202 -0.0000000
v -0.4809558 0.4526033 -0.0164979
vt 0.9911047 0.4154816
vn 0.9951277 0.0985945 -0.0000000
f 1069/1069/1069 1070/1070/1070 1071/1071/1071
v -0.4739974 0.4057254 -0.0331615
vt 0.9867983 0.4398847
vn 0.9806798 0.1956202 -0.0000000
v -0.4809558 0.4526033 -0.0331615
vt 0.9867983 0.4154816
vn 0.9951274 0.0985971 -0.0000000
v -0.4809558 0.4526033 -0.0164979
vt 0.9911047 0.4154816
vn 0.9951277 0.0985945 -0.0000000
f 1072/1072/1072 1073/1073/1073 1074/1074/1074
v -0.4809558 0.4526033 -0.0164979
vt 0.9911047 0.4154816
vn 0.9951277 0.0985945 -0.0000000
v -0.4809558 0.4526033 -0.0331615
vt 0.9867983 0.4154816
vn 0.9951274 0.0985971 -0.0000000
v -0.4833363 0.5000305 -0.0164979
vt 0.9911047 0.3913178
vn 1.0000000 -0.0000336 0.0000000
f 1075/1075/1075 1076/1076/1076 1077/1077/1077
v -0.4809558 0.4526033 -0.0331615
vt 0.9867983 0.4154816
vn 0.9951274 0.0985971 -0.0000000
v -0.4833363 0.5000305 -0.0331615
vt 0.9867983 0.3913178
vn 1.0000000 -0.0000310 0.0000000
v -0.4833363 0.5000305 -0.0164979
vt 0.9911047 0.3913178
vn 1.0000000 -0.0000336 0.0000000
f 1078/1078/1078 1079/1079/1079 1080/1080/1080
v -0.4833363 0.5000305 -0.0164979
vt 0.9911047 0.3913178
vn 1.0000000 -0.0000336 0.0000000
v -0.4833363 0.5000305 -0.0331615
vt 0.9867983 0.3913178
vn 1.0000000 -0.0000310 0.0000000
v -0.4809558 0.5473967 -0.0164979
vt 0.9911047 0.3669148
vn 0.9951243 -0.0986292 0.0000000
f 1081/1081/1081 1082/1082/1082 1083/1083/1083
v -0.4833363 0.5000305 -0.0331615
vt 0.9867983 0.3913178
vn 1.0000000 -0.0000310 0.0000000
v -0.4809558 0.5473967 -0.0331616
vt 0.9867983 0.3669148
vn 0.9951245 -0.0986267 0.0000000
v -0.4809558 0.5473967 -0.0164979
vt 0.9911047 0.3669148
vn 0.9951243 -0.0986292 0.0000000
f 1084/1084/1084 1085/1085/1085 1086/1086/1086
v -0.4809558 0.5473967 -0.0164979
vt 0.9911047 0.3669148
vn 0.9951243 -0.0986292 0.0000000
v -0.4809558 0.5473967 -0.0331616
vt 0.9867983 0.3669148
vn 0.9951245 -0.0986267 0.0000000
v -0.4739974 0.5942746 -0.0164979
vt 0.9911047 0.3427510
vn 0.9806889 -0.1955743 0.0000000
f 1087/1087/1087 1088/1088/1088 1089/1089/1089
v -0.4809558 0.5473967 -0.0331616
vt 0.9867983 0.3669148
vn 0.9951245 -0.0986267 0.0000000
v -0.4739974 0.5942746 -0.0331616
vt 0.9867983 0.3427510
vn 0.9806894 -0.1955717 -0.0000000
v -0.4739974 0.5942746 -0.0164979
vt 0.9911047 0.3427510
vn 0.9806889 -0.1955743 0.0000000
f 1090/1090/1090 1091/1091/1091 1092/1092/1092
v -0.4739974 0.5942746 -0.0164979
vt 0.9911047 0.3427510
vn 0.9806889 -0.1955743 0.0000000
v -0.4739974 0.5942746 -0.0331616
vt 0.9867983 0.3427510
vn 0.9806894 -0.1955717 -0.0000000
v -0.4625221 0.6402978 -0.0164979
vt 0.9911047 0.3183479
vn 0.9569867 -0.2901318 0.0000000
f 1093/1093/1093 1094/1094/1094 1095/1095/1095
v -0.4739974 0.5942746 -0.0331616
vt 0.9867983 0.3427510
vn 0.9806894 -0.1955717 -0.0000000
v -0.4625221 0.6402978 -0.0331616
vt 0.9867983 0.3183479
vn 0.9568788 -0.2904878 0.0000000
v -0.4625221 0.6402978 -0.0164979
vt 0.9911047 0.3183479
vn 0.9569867 -0.2901318 0.0000000
f 1096/1096/1096 1097/1097/1097 1098/1098/1098
v -0.4625221 0.6402978 -0.0164979
vt 0.9911047 0.3183479
vn 0.9569867 -0.2901318 0.0000000
v -0.4625221 0.6402978 -0.0331616
vt 0.9867983 0.3183479
vn 0.9568788 -0.2904878 0.0000000
v -0.4465299 0.6849783 -0.0164980
vt 0.9911047 0.2941841
vn 0.9234689 -0.3836732 0.0000001
f 1099/1099/1099 1100/1100/1100 1101/1101/1101
v -0.4625221 0.6402978 -0.0331616
vt 0.9867983 0.3183479
vn 0.9568788 -0.2904878 0.0000000
v -0.4465299 0.6849783 -0.0331616
vt 0.9867983 0.2941841
vn 0.9234520 -0.3837141 0.0000001
v -0.4465299 0.6849783 -0.0164980
vt 0.9911047 0.2941841
vn 0.9234689 -0.3836732 0.0000001
f 1102/1102/1102 1103/1103/1103 1104/1104/1104
v -0.4465299 0.6849783 -0.0164980
vt 0.9911047 0.2941841
vn 0.9234689 -0.3836732 0.0000001
v -0.4465299 0.6849783 -0.0331616
vt 0.9867983 0.2941841
vn 0.9234520 -0.3837141 0.0000001
v -0.4262650 0.7278276 -0.0164980
vt 0.9911047 0.2697810
vn 0.8818704 -0.4714918 0.0000001
f 1105/1105/1105 1106/1106/1106 1107/1107/1107
v -0.4465299 0.6849783 -0.0331616
vt 0.9867983 0.2941841
vn 0.9234520 -0.3837141 0.0000001
v -0.4262650 0.7278276 -0.0331616
vt 0.9867983 0.2697810
vn 0.8818718 -0.4714894 0.0000001
v -0.4262650 0.7278276 -0.0164980
vt 0.9911047 0.2697810
vn 0.8818704 -0.4714918 0.0000001
f 1108/1108/1108 1109/1109/1109 1110/1110/1110
v -0.4262650 0.7278276 -0.0164980
vt 0.9911047 0.2697810
vn 0.8818704 -0.4714918 0.0000001
v -0.4262650 0.7278276 -0.0331616
vt 0.9867983 0.2697810
vn 0.8818718 -0.4714894 0.0000001
v -0.4018494 0.7685406 -0.0164980
vt 0.9911047 0.2453779
vn 0.8308737 -0.5564612 0.0000001
f 1111/1111/1111 1112/1112/1112 1113/1113/1113
v -0.4262650 0.7278276 -0.0331616
vt 0.9867983 0.2697810
vn 0.8818718 -0.4714894 0.0000001
v -0.4018494 0.7685406 -0.0331616
vt 0.9867983 0.2453779
vn 0.8308752 -0.5564588 0.0000001
v -0.4018494 0.7685406 -0.0164980
vt 0.9911047 0.2453779
vn 0.8308737 -0.5564612 0.0000001
f 1114/1114/1114 1115/1115/1115 1116/1116/1116
v -0.4018494 0.7685406 -0.0164980
vt 0.9911047 0.2453779
vn 0.8308737 -0.5564612 0.0000001
v -0.4018494 0.7685406 -0.0331616
vt 0.9867983 0.2453779
vn 0.8308752 -0.5564588 0.0000001
v -0.3735884 0.8066288 -0.0164980
vt 0.9911047 0.2212141
vn 0.7738118 -0.6334157 -0.0000005
f 1117/1117/1117 1118/1118/1118 1119/1119/1119
v -0.4018494 0.7685406 -0.0331616
vt 0.9867983 0.2453779
vn 0.8308752 -0.5564588 0.0000001
v -0.3735884 0.8066288 -0.0331616
vt 0.9867983 0.2212141
vn 0.7738431 -0.6333774 0.0000001
v -0.3735884 0.8066288 -0.0164980
vt 0.9911047 0.2212141
vn 0.7738118 -0.6334157 -0.0000005
f 1120/1120/1120 1121/1121/1121 1122/1122/1122
v -0.3735884 0.8066288 -0.0164980
vt 0.9911047 0.2212141
vn 0.7738118 -0.6334157 -0.0000005
v -0.3735884 0.8066288 -0.0331616
vt 0.9867983 0.2212141
vn 0.7738431 -0.6333774 0.0000001
v -0.3417261 0.8417261 -0.0164980
vt 0.9911047 0.1968111
vn 0.7084629 -0.7057480 0.0000001
f 1123/1123/1123 1124/1124/1124 1125/1125/1125
v -0.0000305 0.9833364 -0.0331616
vt 0.9867983 0.0025436
vn 0.0000239 -1.0000000 0.0000001
v -0.0000305 0.9833364 -0.0164980
vt 0.9911047 0.0025436
vn 0.0000239 -1.0000000 0.0000001
v -0.0473967 0.9809558 -0.0331616
vt 0.9867983 0.0267074
vn 0.0986289 -0.9951243 0.0000001
f 1126/1126/1126 1127/1127/1127 1128/1128/1128
v -0.0000305 0.9833364 -0.0164980
vt 0.9911047 0.0025436
vn 0.0000239 -1.0000000 0.0000001
v -0.0473967 0.9809558 -0.0164980
vt 0.9911047 0.0267074
vn 0.0986265 -0.9951245 0.0000001
v -0.0473967 0.9809558 -0.0331616
vt 0.9867983 0.0267074
vn 0.0986289 -0.9951243 0.0000001
f 1129/1129/1129 1130/1130/1130 1131/1131/1131
v -0.0473967 0.9809558 -0.0331616
vt 0.9867983 0.0267074
vn 0.0986289 -0.9951243 0.0000001
v -0.0473967 0.9809558 -0.0164980
vt 0.9911047 0.0267074
vn 0.0986265 -0.9951245 0.0000001
v -0.0942746 0.9739974 -0.0331616
vt 0.9867983 0.0511104
vn 0.1955747 -0.9806888 0.0000001
f 1132/1132/1132 1133/1133/1133 1134/1134/1134
v -0.0473967 0.9809558 -0.0164980
vt 0.9911047 0.0267074
vn 0.0986265 -0.9951245 0.0000001
v -0.0942746 0.9739974 -0.0164980
vt 0.9911047 0.0511104
vn 0.1955722 -0.9806893 0.0000001
v -0.0942746 0.9739974 -0.0331616
vt 0.9867983 0.0511104
vn 0.1955747 -0.9806888 0.0000001
f 1135/1135/1135 1136/1136/1136 1137/1137/1137
v -0.0942746 0.9739974 -0.0331616
vt 0.9867983 0.0511104
vn 0.1955747 -0.9806888 0.0000001
v -0.0942746 0.9739974 -0.0164980
vt 0.9911047 0.0511104
vn 0.1955722 -0.9806893 0.0000001
v -0.1402979 0.9625221 -0.0331616
vt 0.9867983 0.0755135
vn 0.2904005 -0.9569052 0.0000001
f 1138/1138/1138 1139/1139/1139 1140/1140/1140
v -0.0942746 0.9739974 -0.0164980
vt 0.9911047 0.0511104
vn 0.1955722 -0.9806893 0.0000001
v -0.1402979 0.9625221 -0.0164980
vt 0.9911047 0.0755135
vn 0.2904872 -0.9568789 0.0000001
v -0.1402979 0.9625221 -0.0331616
vt 0.9867983 0.0755135
vn 0.2904005 -0.9569052 0.0000001
f 1141/1141/1141 1142/1142/1142 1143/1143/1143
v -0.1402979 0.9625221 -0.0331616
vt 0.9867983 0.0755135
vn 0.2904005 -0.9569052 0.0000001
v -0.1402979 0.9625221 -0.0164980
vt 0.9911047 0.0755135
vn 0.2904872 -0.9568789 0.0000001
v -0.1849783 0.9465299 -0.0331616
vt 0.9867983 0.0996773
vn 0.3836307 -0.9234866 0.0000001
f 1144/1144/1144 1145/1145/1145 1146/1146/1146
v -0.1402979 0.9625221 -0.0164980
vt 0.9911047 0.0755135
vn 0.2904872 -0.9568789 0.0000001
v -0.1849783 0.9465299 -0.0164980
vt 0.9911047 0.0996773
vn 0.3836709 -0.9234699 0.0000002
v -0.1849783 0.9465299 -0.0331616
vt 0.9867983 0.0996773
vn 0.3836307 -0.9234866 0.0000001
f 1147/1147/1147 1148/1148/1148 1149/1149/1149
v -0.1849783 0.9465299 -0.0331616
vt 0.9867983 0.0996773
vn 0.3836307 -0.9234866 0.0000001
v -0.1849783 0.9465299 -0.0164980
vt 0.9911047 0.0996773
vn 0.3836709 -0.9234699 0.0000002
v -0.2278276 0.9262649 -0.0331616
vt 0.9867983 0.1240804
vn 0.4714917 -0.8818706 0.0000001
f 1150/1150/1150 1151/1151/1151 1152/1152/1152
v -0.1849783 0.9465299 -0.0164980
vt 0.9911047 0.0996773
vn 0.3836709 -0.9234699 0.0000002
v -0.2278276 0.9262649 -0.0164980
vt 0.9911047 0.1240804
vn 0.4714891 -0.8818719 0.0000001
v -0.2278276 0.9262649 -0.0331616
vt 0.9867983 0.1240804
vn 0.4714917 -0.8818706 0.0000001
f 1153/1153/1153 1154/1154/1154 1155/1155/1155
v -0.2278276 0.9262649 -0.0331616
vt 0.9867983 0.1240804
vn 0.4714917 -0.8818706 0.0000001
v -0.2278276 0.9262649 -0.0164980
vt 0.9911047 0.1240804
vn 0.4714891 -0.8818719 0.0000001
v -0.2685405 0.9018495 -0.0331616
vt 0.9867983 0.1482442
vn 0.5564611 -0.8308737 0.0000001
f 1156/1156/1156 1157/1157/1157 1158/1158/1158
v -0.2278276 0.9262649 -0.0164980
vt 0.9911047 0.1240804
vn 0.4714891 -0.8818719 0.0000001
v -0.2685405 0.9018495 -0.0164980
vt 0.9911047 0.1482442
vn 0.5563812 -0.8309271 0.0000001
v -0.2685405 0.9018495 -0.0331616
vt 0.9867983 0.1482442
vn 0.5564611 -0.8308737 0.0000001
f 1159/1159/1159 1160/1160/1160 1161/1161/1161
v -0.2685405 0.9018495 -0.0331616
vt 0.9867983 0.1482442
vn 0.5564611 -0.8308737 0.0000001
v -0.2685405 0.9018495 -0.0164980
vt 0.9911047 0.1482442
vn 0.5563812 -0.8309271 0.0000001
v -0.3066288 0.8735885 -0.0331616
vt 0.9867983 0.1726472
vn 0.6333797 -0.7738413 0.0000001
f 1162/1162/1162 1163/1163/1163 1164/1164/1164
v -0.2685405 0.9018495 -0.0164980
vt 0.9911047 0.1482442
vn 0.5563812 -0.8309271 0.0000001
v -0.3066288 0.8735885 -0.0164980
vt 0.9911047 0.1726472
vn 0.6334140 -0.7738131 0.0000001
v -0.3066288 0.8735885 -0.0331616
vt 0.9867983 0.1726472
vn 0.6333797 -0.7738413 0.0000001
f 1165/1165/1165 1166/1166/1166 1167/1167/1167
v -0.3066288 0.8735885 -0.0331616
vt 0.9867983 0.1726472
vn 0.6333797 -0.7738413 0.0000001
v -0.3066288 0.8735885 -0.0164980
vt 0.9911047 0.1726472
vn 0.6334140 -0.7738131 0.0000001
v -0.3417261 0.8417261 -0.0331616
vt 0.9867983 0.1968111
vn 0.7084315 -0.7057796 0.0000001
f 1168/1168/1168 1169/1169/1169 1170/1170/1170
v -0.3066288 0.8735885 -0.0164980
vt 0.9911047 0.1726472
vn 0.6334140 -0.7738131 0.0000001
v -0.3417261 0.8417261 -0.0164980
vt 0.9911047 0.1968111
vn 0.7084629 -0.7057480 0.0000001
v -0.3417261 0.8417261 -0.0331616
vt 0.9867983 0.1968111
vn 0.7084315 -0.7057796 0.0000001
f 1171/1171/1171 1172/1172/1172 1173/1173/1173
v -0.3417261 0.8417261 -0.0164980
vt 0.9911047 0.1968111
vn 0.7084629 -0.7057480 0.0000001
v -0.3735884 0.8066288 -0.0331616
vt 0.9867983 0.2212141
vn 0.7738431 -0.6333774 0.0000001
v -0.3417261 0.8417261 -0.0331616
vt 0.9867983 0.1968111
vn 0.7084315 -0.7057796 0.0000001
f 1174/1174/1174 1175/1175/1175 1176/1176/1176
v -0.0000305 0.0000000 0.0501566
vt 0.7744677 0.8068876
vn -0.0000313 -1.0000000 -0.0000022
v -0.0489837 0.0023806 0.0501566
vt 0.7744677 0.7817667
vn -0.0983083 -0.9951560 0.0000001
v -0.0000305 0.0000000 -0.0331615
vt 0.7957606 0.8068876
vn -0.0000304 -1.0000000 0.0000025
f 1177/1177/1177 1178/1178/1178 1179/1179/1179
v -0.0000305 0.0000000 -0.0331615
vt 0.7957606 0.8068876
vn -0.0000304 -1.0000000 0.0000025
v -0.0489837 0.0023806 0.0501566
vt 0.7744677 0.7817667
vn -0.0983083 -0.9951560 0.0000001
v -0.0489837 0.0023806 -0.0331615
vt 0.7957606 0.7817667
vn -0.0983071 -0.9951561 0.0000004
f 1180/1180/1180 1181/1181/1181 1182/1182/1182
v -0.0489837 0.0023806 0.0501566
vt 0.7744677 0.7817667
vn -0.0983083 -0.9951560 0.0000001
v -0.0975707 0.0095831 0.0501566
vt 0.7744677 0.7566460
vn -0.1955605 -0.9806917 0.0000001
v -0.0489837 0.0023806 -0.0331615
vt 0.7957606 0.7817667
vn -0.0983071 -0.9951561 0.0000004
f 1183/1183/1183 1184/1184/1184 1185/1185/1185
v -0.0489837 0.0023806 -0.0331615
vt 0.7957606 0.7817667
vn -0.0983071 -0.9951561 0.0000004
v -0.0975707 0.0095831 0.0501566
vt 0.7744677 0.7566460
vn -0.1955605 -0.9806917 0.0000001
v -0.0975707 0.0095831 -0.0331615
vt 0.7957606 0.7566460
vn -0.1955597 -0.9806918 0.0000001
f 1186/1186/1186 1187/1187/1187 1188/1188/1188
v -0.0975707 0.0095831 0.0501566
vt 0.7744677 0.7566460
vn -0.1955605 -0.9806917 0.0000001
v -0.1451200 0.0215468 0.0501566
vt 0.7744677 0.7315252
vn -0.2908666 -0.9567636 0.0000001
v -0.0975707 0.0095831 -0.0331615
vt 0.7957606 0.7566460
vn -0.1955597 -0.9806918 0.0000001
f 1189/1189/1189 1190/1190/1190 1191/1191/1191
v -0.0975707 0.0095831 -0.0331615
vt 0.7957606 0.7566460
vn -0.1955597 -0.9806918 0.0000001
v -0.1451200 0.0215468 0.0501566
vt 0.7744677 0.7315252
vn -0.2908666 -0.9567636 0.0000001
v -0.1451200 0.0215468 -0.0331615
vt 0.7957606 0.7315252
vn -0.2905389 -0.9568632 0.0000001
f 1192/1192/1192 1193/1193/1193 1194/1194/1194
v -0.1451200 0.0215468 0.0501566
vt 0.7744677 0.7315252
vn -0.2908666 -0.9567636 0.0000001
v -0.1913264 0.0380883 0.0501566
vt 0.7744677 0.7064043
vn -0.3836756 -0.9234680 0.0000001
v -0.1451200 0.0215468 -0.0331615
vt 0.7957606 0.7315252
vn -0.2905389 -0.9568632 0.0000001
f 1195/1195/1195 1196/1196/1196 1197/1197/1197
v -0.1451200 0.0215468 -0.0331615
vt 0.7957606 0.7315252
vn -0.2905389 -0.9568632 0.0000001
v -0.1913264 0.0380883 0.0501566
vt 0.7744677 0.7064043
vn -0.3836756 -0.9234680 0.0000001
v -0.1913264 0.0380883 -0.0331615
vt 0.7957606 0.7064043
vn -0.3836749 -0.9234682 0.0000008
f 1198/1198/1198 1199/1199/1199 1200/1200/1200
v -0.1913264 0.0380883 0.0501566
vt 0.7744677 0.7064043
vn -0.3836756 -0.9234680 0.0000001
v -0.2357016 0.0590247 0.0501566
vt 0.7744677 0.6812836
vn -0.4714627 -0.8818861 0.0000001
v -0.1913264 0.0380883 -0.0331615
vt 0.7957606 0.7064043
vn -0.3836749 -0.9234682 0.0000008
f 1201/1201/1201 1202/1202/1202 1203/1203/1203
v -0.1913264 0.0380883 -0.0331615
vt 0.7957606 0.7064043
vn -0.3836749 -0.9234682 0.0000008
v -0.2357016 0.0590247 0.0501566
vt 0.7744677 0.6812836
vn -0.4714627 -0.8818861 0.0000001
v -0.2357016 0.0590247 -0.0331615
vt 0.7957606 0.6812836
vn -0.4714623 -0.8818862 0.0000001
f 1204/1204/1204 1205/1205/1205 1206/1206/1206
v -0.2357016 0.0590247 0.0501566
vt 0.7744677 0.6812836
vn -0.4714627 -0.8818861 0.0000001
v -0.2777574 0.0842948 0.0501566
vt 0.7744677 0.6561628
vn -0.5564601 -0.8308744 0.0000001
v -0.2357016 0.0590247 -0.0331615
vt 0.7957606 0.6812836
vn -0.4714623 -0.8818862 0.0000001
f 1207/1207/1207 1208/1208/1208 1209/1209/1209
v -0.2357016 0.0590247 -0.0331615
vt 0.7957606 0.6812836
vn -0.4714623 -0.8818862 0.0000001
v -0.2777574 0.0842948 0.0501566
vt 0.7744677 0.6561628
vn -0.5564601 -0.8308744 0.0000001
v -0.2777574 0.0842948 -0.0331615
vt 0.7957606 0.6561628
vn -0.5564604 -0.8308742 0.0000001
f 1210/1210/1210 1211/1211/1211 1212/1212/1212
v -0.2777574 0.0842948 0.0501566
vt 0.7744677 0.6561628
vn -0.5564601 -0.8308744 0.0000001
v -0.3171885 0.1134713 0.0501566
vt 0.7744677 0.6310420
vn -0.6334465 -0.7737865 0.0000001
v -0.2777574 0.0842948 -0.0331615
vt 0.7957606 0.6561628
vn -0.5564604 -0.8308742 0.0000001
f 1213/1213/1213 1214/1214/1214 1215/1215/1215
v -0.2777574 0.0842948 -0.0331615
vt 0.7957606 0.6561628
vn -0.5564604 -0.8308742 0.0000001
v -0.3171885 0.1134713 0.0501566
vt 0.7744677 0.6310420
vn -0.6334465 -0.7737865 0.0000001
v -0.3171885 0.1134713 -0.0331615
vt 0.7957606 0.6310420
vn -0.6333711 -0.7738483 0.0000001
f 1216/1216/1216 1217/1217/1217 1218/1218/1218
v -0.3171885 0.1134713 0.0501566
vt 0.7744677 0.6310420
vn -0.6334465 -0.7737865 0.0000001
v -0.3535677 0.1464323 0.0501566
vt 0.7744677 0.6056819
vn -0.7057577 -0.7084532 0.0000001
v -0.3171885 0.1134713 -0.0331615
vt 0.7957606 0.6310420
vn -0.6333711 -0.7738483 0.0000001
f 1219/1219/1219 1220/1220/1220 1221/1221/1221
v -0.3171885 0.1134713 -0.0331615
vt 0.7957606 0.6310420
vn -0.6333711 -0.7738483 0.0000001
v -0.3535677 0.1464323 0.0501566
vt 0.7744677 0.6056819
vn -0.7057577 -0.7084532 0.0000001
v -0.3535677 0.1464323 -0.0331615
vt 0.7957606 0.6056819
vn -0.7057575 -0.7084535 0.0000001
f 1222/1222/1222 1223/1223/1223 1224/1224/1224
v -0.3535677 0.1464323 0.0501566
vt 0.7744677 0.6056819
vn -0.7057577 -0.7084532 0.0000001
v -0.3865287 0.1828115 0.0501566
vt 0.7744677 0.5805611
vn -0.7737865 -0.6334466 0.0000001
v -0.3535677 0.1464323 -0.0331615
vt 0.7957606 0.6056819
vn -0.7057575 -0.7084535 0.0000001
f 1225/1225/1225 1226/1226/1226 1227/1227/1227
v -0.3535677 0.1464323 -0.0331615
vt 0.7957606 0.6056819
vn -0.7057575 -0.7084535 0.0000001
v -0.3865287 0.1828115 0.0501566
vt 0.7744677 0.5805611
vn -0.7737865 -0.6334466 0.0000001
v -0.3865287 0.1828115 -0.0331615
vt 0.7957606 0.5805611
vn -0.7737240 -0.6335228 0.0000001
f 1228/1228/1228 1229/1229/1229 1230/1230/1230
v -0.3865287 0.1828115 0.0501566
vt 0.7744677 0.5805611
vn -0.7737865 -0.6334466 0.0000001
v -0.4157053 0.2222426 0.0501566
vt 0.7744677 0.5554403
vn -0.8308742 -0.5564603 0.0000001
v -0.3865287 0.1828115 -0.0331615
vt 0.7957606 0.5805611
vn -0.7737240 -0.6335228 0.0000001
f 1231/1231/1231 1232/1232/1232 1233/1233/1233
v -0.3865287 0.1828115 -0.0331615
vt 0.7957606 0.5805611
vn -0.7737240 -0.6335228 0.0000001
v -0.4157053 0.2222426 0.0501566
vt 0.7744677 0.5554403
vn -0.8308742 -0.5564603 0.0000001
v -0.4157053 0.2222426 -0.0331615
vt 0.7957606 0.5554403
vn -0.8308740 -0.5564606 0.0000001
f 1234/1234/1234 1235/1235/1235 1236/1236/1236
v -0.4157053 0.2222426 0.0501566
vt 0.7744677 0.5554403
vn -0.8308742 -0.5564603 0.0000001
v -0.4409754 0.2642984 0.0501566
vt 0.7744677 0.5303195
vn -0.8818867 -0.4714617 0.0000001
v -0.4157053 0.2222426 -0.0331615
vt 0.7957606 0.5554403
vn -0.8308740 -0.5564606 0.0000001
f 1237/1237/1237 1238/1238/1238 1239/1239/1239
v -0.4157053 0.2222426 -0.0331615
vt 0.7957606 0.5554403
vn -0.8308740 -0.5564606 0.0000001
v -0.4409754 0.2642984 0.0501566
vt 0.7744677 0.5303195
vn -0.8818867 -0.4714617 0.0000001
v -0.4409754 0.2642984 -0.0331615
vt 0.7957606 0.5303195
vn -0.8818865 -0.4714620 0.0000001
f 1240/1240/1240 1241/1241/1241 1242/1242/1242
v -0.4409754 0.2642984 0.0501566
vt 0.7744677 0.5303195
vn -0.8818867 -0.4714617 0.0000001
v -0.4619117 0.3086737 0.0501565
vt 0.7744677 0.5051988
vn -0.9234872 -0.3836294 0.0000001
v -0.4409754 0.2642984 -0.0331615
vt 0.7957606 0.5303195
vn -0.8818865 -0.4714620 0.0000001
f 1243/1243/1243 1244/1244/1244 1245/1245/1245
v -0.4409754 0.2642984 -0.0331615
vt 0.7957606 0.5303195
vn -0.8818865 -0.4714620 0.0000001
v -0.4619117 0.3086737 0.0501565
vt 0.7744677 0.5051988
vn -0.9234872 -0.3836294 0.0000001
v -0.4619117 0.3086736 -0.0331615
vt 0.7957606 0.5051988
vn -0.9235058 -0.3835845 0.0000001
f 1246/1246/1246 1247/1247/1247 1248/1248/1248
v -0.4619117 0.3086737 0.0501565
vt 0.7744677 0.5051988
vn -0.9234872 -0.3836294 0.0000001
v -0.4784532 0.3548801 0.0501565
vt 0.7744677 0.4800780
vn -0.9567636 -0.2908668 0.0000000
v -0.4619117 0.3086736 -0.0331615
vt 0.7957606 0.5051988
vn -0.9235058 -0.3835845 0.0000001
f 1249/1249/1249 1250/1250/1250 1251/1251/1251
v -0.4619117 0.3086736 -0.0331615
vt 0.7957606 0.5051988
vn -0.9235058 -0.3835845 0.0000001
v -0.4784532 0.3548801 0.0501565
vt 0.7744677 0.4800780
vn -0.9567636 -0.2908668 0.0000000
v -0.4784532 0.3548801 -0.0331615
vt 0.7957606 0.4800780
vn -0.9568630 -0.2905398 0.0000000
f 1252/1252/1252 1253/1253/1253 1254/1254/1254
v -0.4784532 0.3548801 0.0501565
vt 0.7744677 0.4800780
vn -0.9567636 -0.2908668 0.0000000
v -0.4904169 0.4024294 0.0501565
vt 0.7744677 0.4549572
vn -0.9806917 -0.1955604 0.0000000
v -0.4784532 0.3548801 -0.0331615
vt 0.7957606 0.4800780
vn -0.9568630 -0.2905398 0.0000000
f 1255/1255/1255 1256/1256/1256 1257/1257/1257
v -0.4784532 0.3548801 -0.0331615
vt 0.7957606 0.4800780
vn -0.9568630 -0.2905398 0.0000000
v -0.4904169 0.4024294 0.0501565
vt 0.7744677 0.4549572
vn -0.9806917 -0.1955604 0.0000000
v -0.4904169 0.4024294 -0.0331615
vt 0.7957606 0.4549572
vn -0.9806916 -0.1955607 0.0000000
f 1258/1258/1258 1259/1259/1259 1260/1260/1260
v -0.4904169 0.4024294 0.0501565
vt 0.7744677 0.4549572
vn -0.9806917 -0.1955604 0.0000000
v -0.4976194 0.4510163 0.0501565
vt 0.7744677 0.4298363
vn -0.9951591 -0.0982769 0.0000000
v -0.4904169 0.4024294 -0.0331615
vt 0.7957606 0.4549572
vn -0.9806916 -0.1955607 0.0000000
f 1261/1261/1261 1262/1262/1262 1263/1263/1263
v -0.4904169 0.4024294 -0.0331615
vt 0.7957606 0.4549572
vn -0.9806916 -0.1955607 0.0000000
v -0.4976194 0.4510163 0.0501565
vt 0.7744677 0.4298363
vn -0.9951591 -0.0982769 0.0000000
v -0.4976194 0.4510163 -0.0331615
vt 0.7957606 0.4298363
vn -0.9951591 -0.0982772 0.0000000
f 1264/1264/1264 1265/1265/1265 1266/1266/1266
v -0.4976194 0.4510163 0.0501565
vt 0.7744677 0.4298363
vn -0.9951591 -0.0982769 0.0000000
v -0.4999999 0.5000305 0.0501565
vt 0.7744677 0.4047156
vn -1.0000000 0.0000304 -0.0000000
v -0.4976194 0.4510163 -0.0331615
vt 0.7957606 0.4298363
vn -0.9951591 -0.0982772 0.0000000
f 1267/1267/1267 1268/1268/1268 1269/1269/1269
v -0.4976194 0.4510163 -0.0331615
vt 0.7957606 0.4298363
vn -0.9951591 -0.0982772 0.0000000
v -0.4999999 0.5000305 0.0501565
vt 0.7744677 0.4047156
vn -1.0000000 0.0000304 -0.0000000
v -0.4999999 0.5000305 -0.0331615
vt 0.7957606 0.4047156
vn -1.0000000 0.0000300 -0.0000000
f 1270/1270/1270 1271/1271/1271 1272/1272/1272
v -0.4999999 0.5000305 0.0501565
vt 0.7744677 0.4047156
vn -1.0000000 0.0000304 -0.0000000
v -0.4976194 0.5489837 0.0501565
vt 0.7744677 0.3795948
vn -0.9951466 0.0984046 -0.0000000
v -0.4999999 0.5000305 -0.0331615
vt 0.7957606 0.4047156
vn -1.0000000 0.0000300 -0.0000000
f 1273/1273/1273 1274/1274/1274 1275/1275/1275
v -0.4999999 0.5000305 -0.0331615
vt 0.7957606 0.4047156
vn -1.0000000 0.0000300 -0.0000000
v -0.4976194 0.5489837 0.0501565
vt 0.7744677 0.3795948
vn -0.9951466 0.0984046 -0.0000000
v -0.4976194 0.5489837 -0.0331616
vt 0.7957606 0.3795948
vn -0.9951561 0.0983070 0.0000002
f 1276/1276/1276 1277/1277/1277 1278/1278/1278
v -0.4976194 0.5489837 0.0501565
vt 0.7744677 0.3795948
vn -0.9951466 0.0984046 -0.0000000
v -0.4904169 0.5975707 0.0501565
vt 0.7744677 0.3544740
vn -0.9806916 0.1955607 -0.0000000
v -0.4976194 0.5489837 -0.0331616
vt 0.7957606 0.3795948
vn -0.9951561 0.0983070 0.0000002
f 1279/1279/1279 1280/1280/1280 1281/1281/1281
v -0.4976194 0.5489837 -0.0331616
vt 0.7957606 0.3795948
vn -0.9951561 0.0983070 0.0000002
v -0.4904169 0.5975707 0.0501565
vt 0.7744677 0.3544740
vn -0.9806916 0.1955607 -0.0000000
v -0.4904169 0.5975707 -0.0331616
vt 0.7957606 0.3544740
vn -0.9806917 0.1955603 -0.0000000
f 1282/1282/1282 1283/1283/1283 1284/1284/1284
v -0.4904169 0.5975707 0.0501565
vt 0.7744677 0.3544740
vn -0.9806916 0.1955607 -0.0000000
v -0.4784532 0.6451200 0.0501565
vt 0.7744677 0.3293532
vn -0.9569339 0.2903060 -0.0000000
v -0.4904169 0.5975707 -0.0331616
vt 0.7957606 0.3544740
vn -0.9806917 0.1955603 -0.0000000
f 1285/1285/1285 1286/1286/1286 1287/1287/1287
v -0.4904169 0.5975707 -0.0331616
vt 0.7957606 0.3544740
vn -0.9806917 0.1955603 -0.0000000
v -0.4784532 0.6451200 0.0501565
vt 0.7744677 0.3293532
vn -0.9569339 0.2903060 -0.0000000
v -0.4784532 0.6451200 -0.0331616
vt 0.7957606 0.3293532
vn -0.9568630 0.2905394 -0.0000000
f 1288/1288/1288 1289/1289/1289 1290/1290/1290
v -0.4784532 0.6451200 0.0501565
vt 0.7744677 0.3293532
vn -0.9569339 0.2903060 -0.0000000
v -0.4619117 0.6913263 0.0501565
vt 0.7744677 0.3042324
vn -0.9234682 0.3836748 -0.0000001
v -0.4784532 0.6451200 -0.0331616
vt 0.7957606 0.3293532
vn -0.9568630 0.2905394 -0.0000000
f 1291/1291/1291 1292/1292/1292 1293/1293/1293
v -0.4784532 0.6451200 -0.0331616
vt 0.7957606 0.3293532
vn -0.9568630 0.2905394 -0.0000000
v -0.4619117 0.6913263 0.0501565
vt 0.7744677 0.3042324
vn -0.9234682 0.3836748 -0.0000001
v -0.4619117 0.6913263 -0.0331616
vt 0.7957606 0.3042324
vn -0.9234685 0.3836744 -0.0000001
f 1294/1294/1294 1295/1295/1295 1296/1296/1296
v -0.4619117 0.6913263 0.0501565
vt 0.7744677 0.3042324
vn -0.9234682 0.3836748 -0.0000001
v -0.4409754 0.7357016 0.0501565
vt 0.7744677 0.2791116
vn -0.8818864 0.4714622 -0.0000001
v -0.4619117 0.6913263 -0.0331616
vt 0.7957606 0.3042324
vn -0.9234685 0.3836744 -0.0000001
f 1297/1297/1297 1298/1298/1298 1299/1299/1299
v -0.4619117 0.6913263 -0.0331616
vt 0.7957606 0.3042324
vn -0.9234685 0.3836744 -0.0000001
v -0.4409754 0.7357016 0.0501565
vt 0.7744677 0.2791116
vn -0.8818864 0.4714622 -0.0000001
v -0.4409754 0.7357016 -0.0331616
vt 0.7957606 0.2791116
vn -0.8818867 0.4714617 -0.0000001
f 1300/1300/1300 1301/1301/1301 1302/1302/1302
v -0.4409754 0.7357016 0.0501565
vt 0.7744677 0.2791116
vn -0.8818864 0.4714622 -0.0000001
v -0.4157053 0.7777574 0.0501565
vt 0.7744677 0.2537515
vn -0.8308741 0.5564604 -0.0000001
v -0.4409754 0.7357016 -0.0331616
vt 0.7957606 0.2791116
vn -0.8818867 0.4714617 -0.0000001
f 1303/1303/1303 1304/1304/1304 1305/1305/1305
v -0.4409754 0.7357016 -0.0331616
vt 0.7957606 0.2791116
vn -0.8818867 0.4714617 -0.0000001
v -0.4157053 0.7777574 0.0501565
vt 0.7744677 0.2537515
vn -0.8308741 0.5564604 -0.0000001
v -0.4157053 0.7777574 -0.0331616
vt 0.7957606 0.2537515
vn -0.8308742 0.5564603 -0.0000001
f 1306/1306/1306 1307/1307/1307 1308/1308/1308
v -0.4157053 0.7777574 0.0501565
vt 0.7744677 0.2537515
vn -0.8308741 0.5564604 -0.0000001
v -0.3865287 0.8171886 0.0501565
vt 0.7744677 0.2286307
vn -0.7738482 0.6333712 -0.0000001
v -0.4157053 0.7777574 -0.0331616
vt 0.7957606 0.2537515
vn -0.8308742 0.5564603 -0.0000001
f 1309/1309/1309 1310/1310/1310 1311/1311/1311
v -0.4157053 0.7777574 -0.0331616
vt 0.7957606 0.2537515
vn -0.8308742 0.5564603 -0.0000001
v -0.3865287 0.8171886 0.0501565
vt 0.7744677 0.2286307
vn -0.7738482 0.6333712 -0.0000001
v -0.3865287 0.8171886 -0.0331616
vt 0.7957606 0.2286307
vn -0.7738485 0.6333709 -0.0000001
f 1312/1312/1312 1313/1313/1313 1314/1314/1314
v -0.3865287 0.8171886 0.0501565
vt 0.7744677 0.2286307
vn -0.7738482 0.6333712 -0.0000001
v -0.3535677 0.8535678 0.0501565
vt 0.7744677 0.2035100
vn -0.7071043 0.7071040 -0.0027374
v -0.3865287 0.8171886 -0.0331616
vt 0.7957606 0.2286307
vn -0.7738485 0.6333709 -0.0000001
f 1315/1315/1315 1316/1316/1316 1317/1317/1317
v -0.3865287 0.8171886 -0.0331616
vt 0.7957606 0.2286307
vn -0.7738485 0.6333709 -0.0000001
v -0.3535677 0.8535678 0.0501565
vt 0.7744677 0.2035100
vn -0.7071043 0.7071040 -0.0027374
v -0.3535677 0.8535678 -0.0331616
vt 0.7957606 0.2035100
vn -0.7071041 0.7071041 -0.0027374
f 1318/1318/1318 1319/1319/1319 1320/1320/1320
v -0.3535677 0.8535678 0.0501565
vt 0.7744677 0.2035100
vn -0.7071043 0.7071040 -0.0027374
v -0.3171885 0.8865287 0.0501565
vt 0.7744677 0.1783891
vn -0.6333709 0.7738484 -0.0000001
v -0.3535677 0.8535678 -0.0331616
vt 0.7957606 0.2035100
vn -0.7071041 0.7071041 -0.0027374
f 1321/1321/1321 1322/1322/1322 1323/1323/1323
v -0.3535677 0.8535678 -0.0331616
vt 0.7957606 0.2035100
vn -0.7071041 0.7071041 -0.0027374
v -0.3171885 0.8865287 0.0501565
vt 0.7744677 0.1783891
vn -0.6333709 0.7738484 -0.0000001
v -0.3171885 0.8865287 -0.0331616
vt 0.7957606 0.1783891
vn -0.6334469 0.7737862 -0.0000001
f 1324/1324/1324 1325/1325/1325 1326/1326/1326
v -0.3171885 0.8865287 0.0501565
vt 0.7744677 0.1783891
vn -0.6333709 0.7738484 -0.0000001
v -0.2777574 0.9157053 0.0501565
vt 0.7744677 0.1532683
vn -0.5564609 0.8308738 -0.0000001
v -0.3171885 0.8865287 -0.0331616
vt 0.7957606 0.1783891
vn -0.6334469 0.7737862 -0.0000001
f 1327/1327/1327 1328/1328/1328 1329/1329/1329
v -0.3171885 0.8865287 -0.0331616
vt 0.7957606 0.1783891
vn -0.6334469 0.7737862 -0.0000001
v -0.2777574 0.9157053 0.0501565
vt 0.7744677 0.1532683
vn -0.5564609 0.8308738 -0.0000001
v -0.2777574 0.9157053 -0.0331616
vt 0.7957606 0.1532683
vn -0.5564606 0.8308741 -0.0000001
f 1330/1330/1330 1331/1331/1331 1332/1332/1332
v -0.2777574 0.9157053 0.0501565
vt 0.7744677 0.1532683
vn -0.5564609 0.8308738 -0.0000001
v -0.2357016 0.9409754 0.0501565
vt 0.7744677 0.1281476
vn -0.4714618 0.8818865 -0.0000001
v -0.2777574 0.9157053 -0.0331616
vt 0.7957606 0.1532683
vn -0.5564606 0.8308741 -0.0000001
f 1333/1333/1333 1334/1334/1334 1335/1335/1335
v -0.2777574 0.9157053 -0.0331616
vt 0.7957606 0.1532683
vn -0.5564606 0.8308741 -0.0000001
v -0.2357016 0.9409754 0.0501565
vt 0.7744677 0.1281476
vn -0.4714618 0.8818865 -0.0000001
v -0.2357016 0.9409754 -0.0331616
vt 0.7957606 0.1281476
vn -0.4714622 0.8818863 -0.0000001
f 1336/1336/1336 1337/1337/1337 1338/1338/1338
v -0.2357016 0.9409754 0.0501565
vt 0.7744677 0.1281476
vn -0.4714618 0.8818865 -0.0000001
v -0.1913264 0.9619117 0.0501565
vt 0.7744677 0.1030267
vn -0.3836738 0.9234688 -0.0000001
v -0.2357016 0.9409754 -0.0331616
vt 0.7957606 0.1281476
vn -0.4714622 0.8818863 -0.0000001
f 1339/1339/1339 1340/1340/1340 1341/1341/1341
v -0.2357016 0.9409754 -0.0331616
vt 0.7957606 0.1281476
vn -0.4714622 0.8818863 -0.0000001
v -0.1913264 0.9619117 0.0501565
vt 0.7744677 0.1030267
vn -0.3836738 0.9234688 -0.0000001
v -0.1913264 0.9619117 -0.0331616
vt 0.7957606 0.1030267
vn -0.3836753 0.9234681 -0.0000001
f 1342/1342/1342 1343/1343/1343 1344/1344/1344
v -0.1913264 0.9619117 0.0501565
vt 0.7744677 0.1030267
vn -0.3836738 0.9234688 -0.0000001
v -0.1451200 0.9784532 0.0501565
vt 0.7744677 0.0779060
vn -0.2903990 0.9569057 -0.0000001
v -0.1913264 0.9619117 -0.0331616
vt 0.7957606 0.1030267
vn -0.3836753 0.9234681 -0.0000001
f 1345/1345/1345 1346/1346/1346 1347/1347/1347
v -0.1913264 0.9619117 -0.0331616
vt 0.7957606 0.1030267
vn -0.3836753 0.9234681 -0.0000001
v -0.1451200 0.9784532 0.0501565
vt 0.7744677 0.0779060
vn -0.2903990 0.9569057 -0.0000001
v -0.1451200 0.9784532 -0.0331616
vt 0.7957606 0.0779060
vn -0.2903998 0.9569054 -0.0000001
f 1348/1348/1348 1349/1349/1349 1350/1350/1350
v -0.1451200 0.9784532 0.0501565
vt 0.7744677 0.0779060
vn -0.2903990 0.9569057 -0.0000001
v -0.0975707 0.9904168 0.0501565
vt 0.7744677 0.0527852
vn -0.1955602 0.9806918 -0.0000001
v -0.1451200 0.9784532 -0.0331616
vt 0.7957606 0.0779060
vn -0.2903998 0.9569054 -0.0000001
f 1351/1351/1351 1352/1352/1352 1353/1353/1353
v -0.1451200 0.9784532 -0.0331616
vt 0.7957606 0.0779060
vn -0.2903998 0.9569054 -0.0000001
v -0.0975707 0.9904168 0.0501565
vt 0.7744677 0.0527852
vn -0.1955602 0.9806918 -0.0000001
v -0.0975707 0.9904168 -0.0331616
vt 0.7957606 0.0527852
vn -0.1955605 0.9806917 -0.0000001
f 1354/1354/1354 1355/1355/1355 1356/1356/1356
v -0.0975707 0.9904168 0.0501565
vt 0.7744677 0.0527852
vn -0.1955602 0.9806918 -0.0000001
v -0.0489837 0.9976195 0.0501565
vt 0.7744677 0.0276643
vn -0.0983071 0.9951561 -0.0000004
v -0.0975707 0.9904168 -0.0331616
vt 0.7957606 0.0527852
vn -0.1955605 0.9806917 -0.0000001
f 1357/1357/1357 1358/1358/1358 1359/1359/1359
v -0.0975707 0.9904168 -0.0331616
vt 0.7957606 0.0527852
vn -0.1955605 0.9806917 -0.0000001
v -0.0489837 0.9976195 0.0501565
vt 0.7744677 0.0276643
vn -0.0983071 0.9951561 -0.0000004
v -0.0489837 0.9976195 -0.0331616
vt 0.7957606 0.0276643
vn -0.0984052 0.9951465 -0.0000001
f 1360/1360/1360 1361/1361/1361 1362/1362/1362
v -0.0489837 0.9976195 0.0501565
vt 0.7744677 0.0276643
vn -0.0983071 0.9951561 -0.0000004
v -0.0000305 1.0000000 0.0501565
vt 0.7744677 0.0025436
vn -0.0000287 1.0000000 -0.0000025
v -0.0489837 0.9976195 -0.0331616
vt 0.7957606 0.0276643
vn -0.0984052 0.9951465 -0.0000001
f 1363/1363/1363 1364/1364/1364 1365/1365/1365
v -0.0000305 1.0000000 0.0501565
vt 0.7744677 0.0025436
vn -0.0000287 1.0000000 -0.0000025
v -0.0000305 1.0000000 -0.0331616
vt 0.7957606 0.0025436
vn -0.0000287 1.0000000 0.0000022
v -0.0489837 0.9976195 -0.0331616
vt 0.7957606 0.0276643
vn -0.0984052 0.9951465 -0.0000001
f 1366/1366/1366 1367/1367/1367 1368/1368/1368
v -0.0000305 1.0000000 0.0501565
vt 0.7729126 0.0025436
vn 0.0000162 1.0000000 -0.0000025
v 0.0489837 0.9976195 0.0501565
vt 0.7729126 0.0276643
vn 0.0983751 0.9951494 -0.0000001
v -0.0000305 1.0000000 -0.0331616
vt 0.7516197 0.0025436
vn 0.0000162 1.0000000 0.0000022
f 1369/1369/1369 1370/1370/1370 1371/1371/1371
v -0.0000305 1.0000000 -0.0331616
vt 0.7516197 0.0025436
vn 0.0000162 1.0000000 0.0000022
v 0.0489837 0.9976195 0.0501565
vt 0.7729126 0.0276643
vn 0.0983751 0.9951494 -0.0000001
v 0.0489837 0.9976195 -0.0331616
vt 0.7516197 0.0276643
vn 0.0982771 0.9951591 -0.0000002
f 1372/1372/1372 1373/1373/1373 1374/1374/1374
v 0.0489837 0.9976195 0.0501565
vt 0.7729126 0.0276643
vn 0.0983751 0.9951494 -0.0000001
v 0.0975706 0.9904168 0.0501565
vt 0.7729126 0.0527852
vn 0.1955605 0.9806917 -0.0000001
v 0.0489837 0.9976195 -0.0331616
vt 0.7516197 0.0276643
vn 0.0982771 0.9951591 -0.0000002
f 1375/1375/1375 1376/1376/1376 1377/1377/1377
v 0.0489837 0.9976195 -0.0331616
vt 0.7516197 0.0276643
vn 0.0982771 0.9951591 -0.0000002
v 0.0975706 0.9904168 0.0501565
vt 0.7729126 0.0527852
vn 0.1955605 0.9806917 -0.0000001
v 0.0975706 0.9904168 -0.0331616
vt 0.7516197 0.0527852
vn 0.1955602 0.9806918 -0.0000001
f 1378/1378/1378 1379/1379/1379 1380/1380/1380
v 0.0975706 0.9904168 0.0501565
vt 0.7729126 0.0527852
vn 0.1955605 0.9806917 -0.0000001
v 0.1451199 0.9784532 0.0501565
vt 0.7729126 0.0779060
vn 0.2903998 0.9569054 -0.0000001
v 0.0975706 0.9904168 -0.0331616
vt 0.7516197 0.0527852
vn 0.1955602 0.9806918 -0.0000001
f 1381/1381/1381 1382/1382/1382 1383/1383/1383
v 0.0975706 0.9904168 -0.0331616
vt 0.7516197 0.0527852
vn 0.1955602 0.9806918 -0.0000001
v 0.1451199 0.9784532 0.0501565
vt 0.7729126 0.0779060
vn 0.2903998 0.9569054 -0.0000001
v 0.1451199 0.9784532 -0.0331616
vt 0.7516197 0.0779060
vn 0.2903990 0.9569057 -0.0000001
f 1384/1384/1384 1385/1385/1385 1386/1386/1386
v 0.1451199 0.9784532 0.0501565
vt 0.7729126 0.0779060
vn 0.2903998 0.9569054 -0.0000001
v 0.1913263 0.9619117 0.0501565
vt 0.7729126 0.1030267
vn 0.3836753 0.9234681 -0.0000001
v 0.1451199 0.9784532 -0.0331616
vt 0.7516197 0.0779060
vn 0.2903990 0.9569057 -0.0000001
f 1387/1387/1387 1388/1388/1388 1389/1389/1389
v 0.1451199 0.9784532 -0.0331616
vt 0.7516197 0.0779060
vn 0.2903990 0.9569057 -0.0000001
v 0.1913263 0.9619117 0.0501565
vt 0.7729126 0.1030267
vn 0.3836753 0.9234681 -0.0000001
v 0.1913263 0.9619117 -0.0331616
vt 0.7516197 0.1030267
vn 0.3836738 0.9234688 -0.0000001
f 1390/1390/1390 1391/1391/1391 1392/1392/1392
v 0.1913263 0.9619117 0.0501565
vt 0.7729126 0.1030267
vn 0.3836753 0.9234681 -0.0000001
v 0.2357016 0.9409754 0.0501565
vt 0.7729126 0.1281476
vn 0.4714622 0.8818863 -0.0000001
v 0.1913263 0.9619117 -0.0331616
vt 0.7516197 0.1030267
vn 0.3836738 0.9234688 -0.0000001
f 1393/1393/1393 1394/1394/1394 1395/1395/1395
v 0.1913263 0.9619117 -0.0331616
vt 0.7516197 0.1030267
vn 0.3836738 0.9234688 -0.0000001
v 0.2357016 0.9409754 0.0501565
vt 0.7729126 0.1281476
vn 0.4714622 0.8818863 -0.0000001
v 0.2357016 0.9409754 -0.0331616
vt 0.7516197 0.1281476
vn 0.4714618 0.8818865 -0.0000001
f 1396/1396/1396 1397/1397/1397 1398/1398/1398
v 0.2357016 0.9409754 0.0501565
vt 0.7729126 0.1281476
vn 0.4714622 0.8818863 -0.0000001
v 0.2777573 0.9157053 0.0501565
vt 0.7729126 0.1532683
vn 0.5565419 0.8308196 -0.0000001
v 0.2357016 0.9409754 -0.0331616
vt 0.7516197 0.1281476
vn 0.4714618 0.8818865 -0.0000001
f 1399/1399/1399 1400/1400/1400 1401/1401/1401
v 0.2357016 0.9409754 -0.0331616
vt 0.7516197 0.1281476
vn 0.4714618 0.8818865 -0.0000001
v 0.2777573 0.9157053 0.0501565
vt 0.7729126 0.1532683
vn 0.5565419 0.8308196 -0.0000001
v 0.2777573 0.9157053 -0.0331616
vt 0.7516197 0.1532683
vn 0.5564204 0.8309010 -0.0000001
f 1402/1402/1402 1403/1403/1403 1404/1404/1404
v 0.2777573 0.9157053 0.0501565
vt 0.7729126 0.1532683
vn 0.5565419 0.8308196 -0.0000001
v 0.3171884 0.8865287 0.0501565
vt 0.7729126 0.1783891
vn 0.6334469 0.7737862 -0.0000001
v 0.2777573 0.9157053 -0.0331616
vt 0.7516197 0.1532683
vn 0.5564204 0.8309010 -0.0000001
f 1405/1405/1405 1406/1406/1406 1407/1407/1407
v 0.2777573 0.9157053 -0.0331616
vt 0.7516197 0.1532683
vn 0.5564204 0.8309010 -0.0000001
v 0.3171884 0.8865287 0.0501565
vt 0.7729126 0.1783891
vn 0.6334469 0.7737862 -0.0000001
v 0.3171884 0.8865287 -0.0331616
vt 0.7516197 0.1783891
vn 0.6335223 0.7737245 -0.0000001
f 1408/1408/1408 1409/1409/1409 1410/1410/1410
v 0.3171884 0.8865287 0.0501565
vt 0.7729126 0.1783891
vn 0.6334469 0.7737862 -0.0000001
v 0.3535676 0.8535678 0.0501565
vt 0.7729126 0.2035100
vn 0.7084538 0.7057572 -0.0000001
v 0.3171884 0.8865287 -0.0331616
vt 0.7516197 0.1783891
vn 0.6335223 0.7737245 -0.0000001
f 1411/1411/1411 1412/1412/1412 1413/1413/1413
v 0.3171884 0.8865287 -0.0331616
vt 0.7516197 0.1783891
vn 0.6335223 0.7737245 -0.0000001
v 0.3535676 0.8535678 0.0501565
vt 0.7729126 0.2035100
vn 0.7084538 0.7057572 -0.0000001
v 0.3535676 0.8535678 -0.0331616
vt 0.7516197 0.2035100
vn 0.7084187 0.7057925 -0.0000001
f 1414/1414/1414 1415/1415/1415 1416/1416/1416
v 0.3535676 0.8535678 0.0501565
vt 0.7729126 0.2035100
vn 0.7084538 0.7057572 -0.0000001
v 0.3865286 0.8171886 0.0501565
vt 0.7729126 0.2286307
vn 0.7737246 0.6335221 -0.0000001
v 0.3535676 0.8535678 -0.0331616
vt 0.7516197 0.2035100
vn 0.7084187 0.7057925 -0.0000001
f 1417/1417/1417 1418/1418/1418 1419/1419/1419
v 0.3535676 0.8535678 -0.0331616
vt 0.7516197 0.2035100
vn 0.7084187 0.7057925 -0.0000001
v 0.3865286 0.8171886 0.0501565
vt 0.7729126 0.2286307
vn 0.7737246 0.6335221 -0.0000001
v 0.3865286 0.8171886 -0.0331616
vt 0.7516197 0.2286307
vn 0.7737244 0.6335225 -0.0000001
f 1420/1420/1420 1421/1421/1421 1422/1422/1422
v 0.3865286 0.8171886 0.0501565
vt 0.7729126 0.2286307
vn 0.7737246 0.6335221 -0.0000001
v 0.4157052 0.7777574 0.0501565
vt 0.7729126 0.2537515
vn 0.8308743 0.5564601 -0.0000001
v 0.3865286 0.8171886 -0.0331616
vt 0.7516197 0.2286307
vn 0.7737244 0.6335225 -0.0000001
f 1423/1423/1423 1424/1424/1424 1425/1425/1425
v 0.3865286 0.8171886 -0.0331616
vt 0.7516197 0.2286307
vn 0.7737244 0.6335225 -0.0000001
v 0.4157052 0.7777574 0.0501565
vt 0.7729126 0.2537515
vn 0.8308743 0.5564601 -0.0000001
v 0.4157052 0.7777574 -0.0331616
vt 0.7516197 0.2537515
vn 0.8308742 0.5564603 -0.0000001
f 1426/1426/1426 1427/1427/1427 1428/1428/1428
v 0.4157052 0.7777574 0.0501565
vt 0.7729126 0.2537515
vn 0.8308743 0.5564601 -0.0000001
v 0.4409752 0.7357016 0.0501565
vt 0.7729126 0.2791116
vn 0.8818863 0.4714623 -0.0000001
v 0.4157052 0.7777574 -0.0331616
vt 0.7516197 0.2537515
vn 0.8308742 0.5564603 -0.0000001
f 1429/1429/1429 1430/1430/1430 1431/1431/1431
v 0.4157052 0.7777574 -0.0331616
vt 0.7516197 0.2537515
vn 0.8308742 0.5564603 -0.0000001
v 0.4409752 0.7357016 0.0501565
vt 0.7729126 0.2791116
vn 0.8818863 0.4714623 -0.0000001
v 0.4409752 0.7357016 -0.0331616
vt 0.7516197 0.2791116
vn 0.8818859 0.4714628 -0.0000001
f 1432/1432/1432 1433/1433/1433 1434/1434/1434
v 0.4409752 0.7357016 0.0501565
vt 0.7729126 0.2791116
vn 0.8818863 0.4714623 -0.0000001
v 0.4619117 0.6913263 0.0501565
vt 0.7729126 0.3042324
vn 0.9234684 0.3836748 -0.0000006
v 0.4409752 0.7357016 -0.0331616
vt 0.7516197 0.2791116
vn 0.8818859 0.4714628 -0.0000001
f 1435/1435/1435 1436/1436/1436 1437/1437/1437
v 0.4409752 0.7357016 -0.0331616
vt 0.7516197 0.2791116
vn 0.8818859 0.4714628 -0.0000001
v 0.4619117 0.6913263 0.0501565
vt 0.7729126 0.3042324
vn 0.9234684 0.3836748 -0.0000006
v 0.4619117 0.6913263 -0.0331616
vt 0.7516197 0.3042324
vn 0.9234681 0.3836753 -0.0000001
f 1438/1438/1438 1439/1439/1439 1440/1440/1440
v 0.4619117 0.6913263 0.0501565
vt 0.7729126 0.3042324
vn 0.9234684 0.3836748 -0.0000006
v 0.4784532 0.6451200 0.0501565
vt 0.7729126 0.3293532
vn 0.9569058 0.2903987 -0.0000000
v 0.4619117 0.6913263 -0.0331616
vt 0.7516197 0.3042324
vn 0.9234681 0.3836753 -0.0000001
f 1441/1441/1441 1442/1442/1442 1443/1443/1443
v 0.4619117 0.6913263 -0.0331616
vt 0.7516197 0.3042324
vn 0.9234681 0.3836753 -0.0000001
v 0.4784532 0.6451200 0.0501565
vt 0.7729126 0.3293532
vn 0.9569058 0.2903987 -0.0000000
v 0.4784532 0.6451200 -0.0331616
vt 0.7516197 0.3293532
vn 0.9568630 0.2905394 -0.0000000
f 1444/1444/1444 1445/1445/1445 1446/1446/1446
v 0.4784532 0.6451200 0.0501565
vt 0.7729126 0.3293532
vn 0.9569058 0.2903987 -0.0000000
v 0.4904168 0.5975707 0.0501565
vt 0.7729126 0.3544740
vn 0.9806918 0.1955598 -0.0000000
v 0.4784532 0.6451200 -0.0331616
vt 0.7516197 0.3293532
vn 0.9568630 0.2905394 -0.0000000
f 1447/1447/1447 1448/1448/1448 1449/1449/1449
v 0.4784532 0.6451200 -0.0331616
vt 0.7516197 0.3293532
vn 0.9568630 0.2905394 -0.0000000
v 0.4904168 0.5975707 0.0501565
vt 0.7729126 0.3544740
vn 0.9806918 0.1955598 -0.0000000
v 0.4904168 0.5975707 -0.0331616
vt 0.7516197 0.3544740
vn 0.9806917 0.1955602 -0.0000000
f 1450/1450/1450 1451/1451/1451 1452/1452/1452
v 0.4904168 0.5975707 0.0501565
vt 0.7729126 0.3544740
vn 0.9806918 0.1955598 -0.0000000
v 0.4976193 0.5489837 0.0501565
vt 0.7729126 0.3795948
vn 0.9951465 0.0984048 0.0000000
v 0.4904168 0.5975707 -0.0331616
vt 0.7516197 0.3544740
vn 0.9806917 0.1955602 -0.0000000
f 1453/1453/1453 1454/1454/1454 1455/1455/1455
v 0.4904168 0.5975707 -0.0331616
vt 0.7516197 0.3544740
vn 0.9806917 0.1955602 -0.0000000
v 0.4976193 0.5489837 0.0501565
vt 0.7729126 0.3795948
vn 0.9951465 0.0984048 0.0000000
v 0.4976193 0.5489837 -0.0331616
vt 0.7516197 0.3795948
vn 0.9951465 0.0984051 -0.0000000
f 1456/1456/1456 1457/1457/1457 1458/1458/1458
v 0.4976193 0.5489837 0.0501565
vt 0.7729126 0.3795948
vn 0.9951465 0.0984048 0.0000000
v 0.4999999 0.5000305 0.0501565
vt 0.7729126 0.4047156
vn 1.0000000 0.0000300 -0.0000000
v 0.4976193 0.5489837 -0.0331616
vt 0.7516197 0.3795948
vn 0.9951465 0.0984051 -0.0000000
f 1459/1459/1459 1460/1460/1460 1461/1461/1461
v 0.4976193 0.5489837 -0.0331616
vt 0.7516197 0.3795948
vn 0.9951465 0.0984051 -0.0000000
v 0.4999999 0.5000305 0.0501565
vt 0.7729126 0.4047156
vn 1.0000000 0.0000300 -0.0000000
v 0.4999999 0.5000305 -0.0331615
vt 0.7516197 0.4047156
vn 1.0000000 0.0000304 -0.0000000
f 1462/1462/1462 1463/1463/1463 1464/1464/1464
v 0.4999999 0.5000305 0.0501565
vt 0.7729126 0.4047156
vn 1.0000000 0.0000300 -0.0000000
v 0.4976193 0.4510163 0.0501565
vt 0.7729126 0.4298363
vn 0.9951398 -0.0984724 0.0000000
v 0.4999999 0.5000305 -0.0331615
vt 0.7516197 0.4047156
vn 1.0000000 0.0000304 -0.0000000
f 1465/1465/1465 1466/1466/1466 1467/1467/1467
v 0.4999999 0.5000305 -0.0331615
vt 0.7516197 0.4047156
vn 1.0000000 0.0000304 -0.0000000
v 0.4976193 0.4510163 0.0501565
vt 0.7729126 0.4298363
vn 0.9951398 -0.0984724 0.0000000
v 0.4976193 0.4510163 -0.0331615
vt 0.7516197 0.4298363
vn 0.9951591 -0.0982774 0.0000003
f 1468/1468/1468 1469/1469/1469 1470/1470/1470
v 0.4976193 0.4510163 0.0501565
vt 0.7729126 0.4298363
vn 0.9951398 -0.0984724 0.0000000
v 0.4904168 0.4024294 0.0501565
vt 0.7729126 0.4549572
vn 0.9806917 -0.1955602 0.0000000
v 0.4976193 0.4510163 -0.0331615
vt 0.7516197 0.4298363
vn 0.9951591 -0.0982774 0.0000003
f 1471/1471/1471 1472/1472/1472 1473/1473/1473
v 0.4976193 0.4510163 -0.0331615
vt 0.7516197 0.4298363
vn 0.9951591 -0.0982774 0.0000003
v 0.4904168 0.4024294 0.0501565
vt 0.7729126 0.4549572
vn 0.9806917 -0.1955602 0.0000000
v 0.4904168 0.4024294 -0.0331615
vt 0.7516197 0.4549572
vn 0.9806918 -0.1955598 0.0000000
f 1474/1474/1474 1475/1475/1475 1476/1476/1476
v 0.4904168 0.4024294 0.0501565
vt 0.7729126 0.4549572
vn 0.9806917 -0.1955602 0.0000000
v 0.4784532 0.3548801 0.0501565
vt 0.7729126 0.4800780
vn 0.9567636 -0.2908666 0.0000000
v 0.4904168 0.4024294 -0.0331615
vt 0.7516197 0.4549572
vn 0.9806918 -0.1955598 0.0000000
f 1477/1477/1477 1478/1478/1478 1479/1479/1479
v 0.4904168 0.4024294 -0.0331615
vt 0.7516197 0.4549572
vn 0.9806918 -0.1955598 0.0000000
v 0.4784532 0.3548801 0.0501565
vt 0.7729126 0.4800780
vn 0.9567636 -0.2908666 0.0000000
v 0.4784532 0.3548801 -0.0331615
vt 0.7516197 0.4800780
vn 0.9567637 -0.2908663 0.0000000
f 1480/1480/1480 1481/1481/1481 1482/1482/1482
v 0.4784532 0.3548801 0.0501565
vt 0.7729126 0.4800780
vn 0.9567636 -0.2908666 0.0000000
v 0.4619117 0.3086737 0.0501565
vt 0.7729126 0.5051988
vn 0.9234494 -0.3837203 0.0000001
v 0.4784532 0.3548801 -0.0331615
vt 0.7516197 0.4800780
vn 0.9567637 -0.2908663 0.0000000
f 1483/1483/1483 1484/1484/1484 1485/1485/1485
v 0.4784532 0.3548801 -0.0331615
vt 0.7516197 0.4800780
vn 0.9567637 -0.2908663 0.0000000
v 0.4619117 0.3086737 0.0501565
vt 0.7729126 0.5051988
vn 0.9234494 -0.3837203 0.0000001
v 0.4619117 0.3086736 -0.0331615
vt 0.7516197 0.5051988
vn 0.9234307 -0.3837652 0.0000007
f 1486/1486/1486 1487/1487/1487 1488/1488/1488
v 0.4619117 0.3086737 0.0501565
vt 0.7729126 0.5051988
vn 0.9234494 -0.3837203 0.0000001
v 0.4409752 0.2642984 0.0501566
vt 0.7729126 0.5303195
vn 0.8818861 -0.4714626 0.0000001
v 0.4619117 0.3086736 -0.0331615
vt 0.7516197 0.5051988
vn 0.9234307 -0.3837652 0.0000007
f 1489/1489/1489 1490/1490/1490 1491/1491/1491
v 0.4619117 0.3086736 -0.0331615
vt 0.7516197 0.5051988
vn 0.9234307 -0.3837652 0.0000007
v 0.4409752 0.2642984 0.0501566
vt 0.7729126 0.5303195
vn 0.8818861 -0.4714626 0.0000001
v 0.4409752 0.2642984 -0.0331615
vt 0.7516197 0.5303195
vn 0.8818863 -0.4714623 0.0000001
f 1492/1492/1492 1493/1493/1493 1494/1494/1494
v 0.4409752 0.2642984 0.0501566
vt 0.7729126 0.5303195
vn 0.8818861 -0.4714626 0.0000001
v 0.4157052 0.2222426 0.0501566
vt 0.7729126 0.5554403
vn 0.8309013 -0.5564198 0.0000001
v 0.4409752 0.2642984 -0.0331615
vt 0.7516197 0.5303195
vn 0.8818863 -0.4714623 0.0000001
f 1495/1495/1495 1496/1496/1496 1497/1497/1497
v 0.4409752 0.2642984 -0.0331615
vt 0.7516197 0.5303195
vn 0.8818863 -0.4714623 0.0000001
v 0.4157052 0.2222426 0.0501566
vt 0.7729126 0.5554403
vn 0.8309013 -0.5564198 0.0000001
v 0.4157052 0.2222426 -0.0331615
vt 0.7516197 0.5554403
vn 0.8308743 -0.5564601 0.0000001
f 1498/1498/1498 1499/1499/1499 1500/1500/1500
v 0.4157052 0.2222426 0.0501566
vt 0.7729126 0.5554403
vn 0.8309013 -0.5564198 0.0000001
v 0.3865286 0.1828115 0.0501566
vt 0.7729126 0.5805611
vn 0.7737862 -0.6334469 0.0000001
v 0.4157052 0.2222426 -0.0331615
vt 0.7516197 0.5554403
vn 0.8308743 -0.5564601 0.0000001
f 1501/1501/1501 1502/1502/1502 1503/1503/1503
v 0.4157052 0.2222426 -0.0331615
vt 0.7516197 0.5554403
vn 0.8308743 -0.5564601 0.0000001
v 0.3865286 0.1828115 0.0501566
vt 0.7729126 0.5805611
vn 0.7737862 -0.6334469 0.0000001
v 0.3865286 0.1828115 -0.0331615
vt 0.7516197 0.5805611
vn 0.7737246 -0.6335221 0.0000001
f 1504/1504/1504 1505/1505/1505 1506/1506/1506
v 0.3865286 0.1828115 0.0501566
vt 0.7729126 0.5805611
vn 0.7737862 -0.6334469 0.0000001
v 0.3535676 0.1464323 0.0501566
vt 0.7729126 0.6056819
vn 0.7084535 -0.7057576 -0.0000008
v 0.3865286 0.1828115 -0.0331615
vt 0.7516197 0.5805611
vn 0.7737246 -0.6335221 0.0000001
f 1507/1507/1507 1508/1508/1508 1509/1509/1509
v 0.3865286 0.1828115 -0.0331615
vt 0.7516197 0.5805611
vn 0.7737246 -0.6335221 0.0000001
v 0.3535676 0.1464323 0.0501566
vt 0.7729126 0.6056819
vn 0.7084535 -0.7057576 -0.0000008
v 0.3535676 0.1464323 -0.0331615
vt 0.7516197 0.6056819
vn 0.7084537 -0.7057573 0.0000001
f 1510/1510/1510 1511/1511/1511 1512/1512/1512
v 0.3535676 0.1464323 0.0501566
vt 0.7729126 0.6056819
vn 0.7084535 -0.7057576 -0.0000008
v 0.3171884 0.1134713 0.0501566
vt 0.7729126 0.6310420
vn 0.6335225 -0.7737244 0.0000001
v 0.3535676 0.1464323 -0.0331615
vt 0.7516197 0.6056819
vn 0.7084537 -0.7057573 0.0000001
f 1513/1513/1513 1514/1514/1514 1515/1515/1515
v 0.3535676 0.1464323 -0.0331615
vt 0.7516197 0.6056819
vn 0.7084537 -0.7057573 0.0000001
v 0.3171884 0.1134713 0.0501566
vt 0.7729126 0.6310420
vn 0.6335225 -0.7737244 0.0000001
v 0.3171884 0.1134713 -0.0331615
vt 0.7516197 0.6310420
vn 0.6334465 -0.7737865 0.0000001
f 1516/1516/1516 1517/1517/1517 1518/1518/1518
v 0.3171884 0.1134713 0.0501566
vt 0.7729126 0.6310420
vn 0.6335225 -0.7737244 0.0000001
v 0.2777573 0.0842948 0.0501566
vt 0.7729126 0.6561628
vn 0.5564604 -0.8308741 0.0000001
v 0.3171884 0.1134713 -0.0331615
vt 0.7516197 0.6310420
vn 0.6334465 -0.7737865 0.0000001
f 1519/1519/1519 1520/1520/1520 1521/1521/1521
v 0.3171884 0.1134713 -0.0331615
vt 0.7516197 0.6310420
vn 0.6334465 -0.7737865 0.0000001
v 0.2777573 0.0842948 0.0501566
vt 0.7729126 0.6561628
vn 0.5564604 -0.8308741 0.0000001
v 0.2777573 0.0842948 -0.0331615
vt 0.7516197 0.6561628
vn 0.5565414 -0.8308199 0.0000001
f 1522/1522/1522 1523/1523/1523 1524/1524/1524
v 0.2777573 0.0842948 0.0501566
vt 0.7729126 0.6561628
vn 0.5564604 -0.8308741 0.0000001
v 0.2357016 0.0590247 0.0501566
vt 0.7729126 0.6812836
vn 0.4714623 -0.8818862 0.0000001
v 0.2777573 0.0842948 -0.0331615
vt 0.7516197 0.6561628
vn 0.5565414 -0.8308199 0.0000001
f 1525/1525/1525 1526/1526/1526 1527/1527/1527
v 0.2777573 0.0842948 -0.0331615
vt 0.7516197 0.6561628
vn 0.5565414 -0.8308199 0.0000001
v 0.2357016 0.0590247 0.0501566
vt 0.7729126 0.6812836
vn 0.4714623 -0.8818862 0.0000001
v 0.2357016 0.0590247 -0.0331615
vt 0.7516197 0.6812836
vn 0.4714627 -0.8818861 0.0000001
f 1528/1528/1528 1529/1529/1529 1530/1530/1530
v 0.2357016 0.0590247 0.0501566
vt 0.7729126 0.6812836
vn 0.4714623 -0.8818862 0.0000001
v 0.1913263 0.0380883 0.0501566
vt 0.7729126 0.7064043
vn 0.3836298 -0.9234871 -0.0000004
v 0.2357016 0.0590247 -0.0331615
vt 0.7516197 0.6812836
vn 0.4714627 -0.8818861 0.0000001
f 1531/1531/1531 1532/1532/1532 1533/1533/1533
v 0.2357016 0.0590247 -0.0331615
vt 0.7516197 0.6812836
vn 0.4714627 -0.8818861 0.0000001
v 0.1913263 0.0380883 0.0501566
vt 0.7729126 0.7064043
vn 0.3836298 -0.9234871 -0.0000004
v 0.1913263 0.0380883 -0.0331615
vt 0.7516197 0.7064043
vn 0.3836305 -0.9234867 0.0000001
f 1534/1534/1534 1535/1535/1535 1536/1536/1536
v 0.1913263 0.0380883 0.0501566
vt 0.7729126 0.7064043
vn 0.3836298 -0.9234871 -0.0000004
v 0.1451199 0.0215468 0.0501566
vt 0.7729126 0.7315252
vn 0.2903987 -0.9569058 0.0000001
v 0.1913263 0.0380883 -0.0331615
vt 0.7516197 0.7064043
vn 0.3836305 -0.9234867 0.0000001
f 1537/1537/1537 1538/1538/1538 1539/1539/1539
v 0.1913263 0.0380883 -0.0331615
vt 0.7516197 0.7064043
vn 0.3836305 -0.9234867 0.0000001
v 0.1451199 0.0215468 0.0501566
vt 0.7729126 0.7315252
vn 0.2903987 -0.9569058 0.0000001
v 0.1451199 0.0215468 -0.0331615
vt 0.7516197 0.7315252
vn 0.2905393 -0.9568630 0.0000001
f 1540/1540/1540 1541/1541/1541 1542/1542/1542
v 0.1451199 0.0215468 0.0501566
vt 0.7729126 0.7315252
vn 0.2903987 -0.9569058 0.0000001
v 0.0975706 0.0095831 0.0501566
vt 0.7729126 0.7566460
vn 0.1955597 -0.9806918 0.0000001
v 0.1451199 0.0215468 -0.0331615
vt 0.7516197 0.7315252
vn 0.2905393 -0.9568630 0.0000001
f 1543/1543/1543 1544/1544/1544 1545/1545/1545
v 0.1451199 0.0215468 -0.0331615
vt 0.7516197 0.7315252
vn 0.2905393 -0.9568630 0.0000001
v 0.0975706 0.0095831 0.0501566
vt 0.7729126 0.7566460
vn 0.1955597 -0.9806918 0.0000001
v 0.0975706 0.0095831 -0.0331615
vt 0.7516197 0.7566460
vn 0.1955605 -0.9806917 0.0000001
f 1546/1546/1546 1547/1547/1547 1548/1548/1548
v 0.0975706 0.0095831 0.0501566
vt 0.7729126 0.7566460
vn 0.1955597 -0.9806918 0.0000001
v 0.0489837 0.0023806 0.0501566
vt 0.7729126 0.7817667
vn 0.0982771 -0.9951591 0.0000002
v 0.0975706 0.0095831 -0.0331615
vt 0.7516197 0.7566460
vn 0.1955605 -0.9806917 0.0000001
f 1549/1549/1549 1550/1550/1550 1551/1551/1551
v 0.0975706 0.0095831 -0.0331615
vt 0.7516197 0.7566460
vn 0.1955605 -0.9806917 0.0000001
v 0.0489837 0.0023806 0.0501566
vt 0.7729126 0.7817667
vn 0.0982771 -0.9951591 0.0000002
v 0.0489837 0.0023806 -0.0331615
vt 0.7516197 0.7817667
vn 0.0983755 -0.9951494 0.0000001
f 1552/1552/1552 1553/1553/1553 1554/1554/1554
v 0.0489837 0.0023806 0.0501566
vt 0.7729126 0.7817667
vn 0.0982771 -0.9951591 0.0000002
v -0.0000305 0.0000000 0.0501566
vt 0.7729126 0.8068876
vn 0.0000179 -1.0000000 -0.0000022
v 0.0489837 0.0023806 -0.0331615
vt 0.7516197 0.7817667
vn 0.0983755 -0.9951494 0.0000001
f 1555/1555/1555 1556/1556/1556 1557/1557/1557
v -0.0000305 0.0000000 0.0501566
vt 0.7729126 0.8068876
vn 0.0000179 -1.0000000 -0.0000022
v -0.0000305 0.0000000 -0.0331615
vt 0.7516197 0.8068876
vn 0.0000188 -1.0000000 0.0000025
v 0.0489837 0.0023806 -0.0331615
vt 0.7516197 0.7817667
vn 0.0983755 -0.9951494 0.0000001
f 1558/1558/1558 1559/1559/1559 1560/1560/1560
v -0.0000305 0.5000305 -0.0298654
vt 0.5853440 0.0058930
vn 0.0000000 -0.0000001 -1.0000000
v -0.0000305 0.5066838 -0.0298654
vt 0.5857029 0.0092424
vn 0.0000000 -0.0000001 -1.0000000
v 0.0025331 0.5061344 -0.0298654
vt 0.5849851 0.0092424
vn 0.0000000 -0.0000001 -1.0000000
f 1561/1561/1561 1562/1562/1562 1563/1563/1563
v 0.0025331 0.5061344 -0.0298654
vt 0.5849851 0.0092424
vn 0.0000000 -0.0000001 -1.0000000
v 0.0047305 0.5047305 -0.0298654
vt 0.5843870 0.0087640
vn 0.0000000 -0.0000001 -1.0000000
v -0.0000305 0.5000305 -0.0298654
vt 0.5853440 0.0058930
vn 0.0000000 -0.0000001 -1.0000000
f 1564/1564/1564 1565/1565/1565 1566/1566/1566
v 0.0047305 0.5047305 -0.0298654
vt 0.5843870 0.0087640
vn 0.0000000 -0.0000001 -1.0000000
v 0.0061344 0.5025331 -0.0298654
vt 0.5839085 0.0078070
vn 0.0000000 -0.0000001 -1.0000000
v -0.0000305 0.5000305 -0.0298654
vt 0.5853440 0.0058930
vn 0.0000000 -0.0000001 -1.0000000
f 1567/1567/1567 1568/1568/1568 1569/1569/1569
v 0.0061344 0.5025331 -0.0298654
vt 0.5839085 0.0078070
vn 0.0000000 -0.0000049 -1.0000000
v 0.0066837 0.5000305 -0.0298654
vt 0.5836693 0.0066107
vn 0.0000000 -0.0000049 -1.0000000
v -0.0000305 0.5000305 -0.0298654
vt 0.5853440 0.0058930
vn 0.0000000 -0.0000049 -1.0000000
f 1570/1570/1570 1571/1571/1571 1572/1572/1572
v 0.0066837 0.5000305 -0.0298654
vt 0.5836693 0.0066107
vn 0.0000000 0.0000046 -1.0000000
v 0.0061344 0.4974669 -0.0298654
vt 0.5836693 0.0051753
vn 0.0000000 0.0000046 -1.0000000
v -0.0000305 0.5000305 -0.0298654
vt 0.5853440 0.0058930
vn 0.0000000 0.0000046 -1.0000000
f 1573/1573/1573 1574/1574/1574 1575/1575/1575
v 0.0061344 0.4974669 -0.0298654
vt 0.5836693 0.0051753
vn 0.0000000 -0.0000001 -1.0000000
v 0.0047305 0.4952695 -0.0298654
vt 0.5839085 0.0039790
vn 0.0000000 -0.0000001 -1.0000000
v -0.0000305 0.5000305 -0.0298654
vt 0.5853440 0.0058930
vn 0.0000000 -0.0000001 -1.0000000
f 1576/1576/1576 1577/1577/1577 1578/1578/1578
v 0.0047305 0.4952695 -0.0298654
vt 0.5839085 0.0039790
vn 0.0000000 -0.0000001 -1.0000000
v 0.0025331 0.4938656 -0.0298654
vt 0.5843870 0.0030220
vn 0.0000000 -0.0000001 -1.0000000
v -0.0000305 0.5000305 -0.0298654
vt 0.5853440 0.0058930
vn 0.0000000 -0.0000001 -1.0000000
f 1579/1579/1579 1580/1580/1580 1581/1581/1581
v -0.0000305 0.5000305 -0.0298654
vt 0.5853440 0.0058930
vn 0.0000000 -0.0000001 -1.0000000
v 0.0025331 0.4938656 -0.0298654
vt 0.5843870 0.0030220
vn 0.0000000 -0.0000001 -1.0000000
v -0.0000305 0.4933163 -0.0298654
vt 0.5849851 0.0025436
vn 0.0000000 -0.0000001 -1.0000000
f 1582/1582/1582 1583/1583/1583 1584/1584/1584
v -0.0025331 0.4938656 -0.0298654
vt 0.5857029 0.0025436
vn 0.0000000 -0.0000001 -1.0000000
v -0.0000305 0.5000305 -0.0298654
vt 0.5853440 0.0058930
vn 0.0000000 -0.0000001 -1.0000000
v -0.0000305 0.4933163 -0.0298654
vt 0.5849851 0.0025436
vn 0.0000000 -0.0000001 -1.0000000
f 1585/1585/1585 1586/1586/1586 1587/1587/1587
v -0.0025331 0.4938656 -0.0298654
vt 0.5857029 0.0025436
vn 0.0000000 -0.0000001 -1.0000000
v -0.0047305 0.4952695 -0.0298654
vt 0.5863010 0.0030220
vn 0.0000000 -0.0000001 -1.0000000
v -0.0000305 0.5000305 -0.0298654
vt 0.5853440 0.0058930
vn 0.0000000 -0.0000001 -1.0000000
f 1588/1588/1588 1589/1589/1589 1590/1590/1590
v -0.0000305 0.5066838 -0.0298654
vt 0.5857029 0.0092424
vn 0.0000000 -0.0000001 -1.0000000
v -0.0000305 0.5000305 -0.0298654
vt 0.5853440 0.0058930
vn 0.0000000 -0.0000001 -1.0000000
v -0.0025331 0.5061344 -0.0298654
vt 0.5863010 0.0087640
vn 0.0000000 -0.0000001 -1.0000000
f 1591/1591/1591 1592/1592/1592 1593/1593/1593
v -0.0025331 0.5061344 -0.0298654
vt 0.5863010 0.0087640
vn 0.0000000 -0.0000001 -1.0000000
v -0.0000305 0.5000305 -0.0298654
vt 0.5853440 0.0058930
vn 0.0000000 -0.0000001 -1.0000000
v -0.0047305 0.5047305 -0.0298654
vt 0.5867795 0.0078070
vn 0.0000000 -0.0000001 -1.0000000
f 1594/1594/1594 1595/1595/1595 1596/1596/1596
v -0.0047305 0.5047305 -0.0298654
vt 0.5867795 0.0078070
vn 0.0000000 -0.0000001 -1.0000000
v -0.0000305 0.5000305 -0.0298654
vt 0.5853440 0.0058930
vn 0.0000000 -0.0000001 -1.0000000
v -0.0061344 0.5025331 -0.0298654
vt 0.5870187 0.0066107
vn 0.0000000 -0.0000001 -1.0000000
f 1597/1597/1597 1598/1598/1598 1599/1599/1599
v -0.0061344 0.5025331 -0.0298654
vt 0.5870187 0.0066107
vn 0.0000000 -0.0000001 -1.0000000
v -0.0000305 0.5000305 -0.0298654
vt 0.5853440 0.0058930
vn 0.0000000 -0.0000001 -1.0000000
v -0.0066838 0.5000305 -0.0298654
vt 0.5870187 0.0051753
vn 0.0000000 -0.0000001 -1.0000000
f 1600/1600/1600 1601/1601/1601 1602/1602/1602
v -0.0066838 0.5000305 -0.0298654
vt 0.5870187 0.0051753
vn 0.0000000 -0.0000001 -1.0000000
v -0.0000305 0.5000305 -0.0298654
vt 0.5853440 0.0058930
vn 0.0000000 -0.0000001 -1.0000000
v -0.0061344 0.4974669 -0.0298654
vt 0.5867795 0.0039790
vn 0.0000000 -0.0000001 -1.0000000
f 1603/1603/1603 1604/1604/1604 1605/1605/1605
v -0.0000305 0.5000305 -0.0298654
vt 0.5853440 0.0058930
vn 0.0000000 -0.0000025 -1.0000000
v -0.0047305 0.4952695 -0.0298654
vt 0.5863010 0.0030220
vn 0.0000000 -0.0000025 -1.0000000
v -0.0061344 0.4974669 -0.0298654
vt 0.5867795 0.0039790
vn 0.0000000 -0.0000025 -1.0000000
f 1606/1606/1606 1607/1607/1607 1608/1608/1608
v -0.0000305 0.5066838 -0.0298654
vt 0.5714678 0.0025436
vn -0.0000284 1.0000000 0.0000101
v -0.0025331 0.5061344 -0.0298654
vt 0.5721855 0.0025436
vn -0.3836390 0.9234832 -0.0000001
v -0.0000305 0.5066838 -0.0164979
vt 0.5714678 0.0092424
vn -0.0000289 1.0000000 -0.0000104
f 1609/1609/1609 1610/1610/1610 1611/1611/1611
v -0.0000305 0.5066838 -0.0164979
vt 0.5714678 0.0092424
vn -0.0000289 1.0000000 -0.0000104
v -0.0025331 0.5061344 -0.0298654
vt 0.5721855 0.0025436
vn -0.3836390 0.9234832 -0.0000001
v -0.0025331 0.5061344 -0.0164979
vt 0.5721855 0.0092424
vn -0.3836360 0.9234844 -0.0000001
f 1612/1612/1612 1613/1613/1613 1614/1614/1614
v -0.0025331 0.5061344 -0.0298654
vt 0.5721855 0.0025436
vn -0.3836390 0.9234832 -0.0000001
v -0.0047305 0.5047305 -0.0298654
vt 0.5729032 0.0025436
vn -0.7071040 0.7071041 -0.0027844
v -0.0025331 0.5061344 -0.0164979
vt 0.5721855 0.0092424
vn -0.3836360 0.9234844 -0.0000001
f 1615/1615/1615 1616/1616/1616 1617/1617/1617
v -0.0025331 0.5061344 -0.0164979
vt 0.5721855 0.0092424
vn -0.3836360 0.9234844 -0.0000001
v -0.0047305 0.5047305 -0.0298654
vt 0.5729032 0.0025436
vn -0.7071040 0.7071041 -0.0027844
v -0.0047305 0.5047305 -0.0164979
vt 0.5729032 0.0092424
vn -0.7071041 0.7071040 -0.0027844
f 1618/1618/1618 1619/1619/1619 1620/1620/1620
v -0.0047305 0.5047305 -0.0298654
vt 0.5729032 0.0025436
vn -0.7071040 0.7071041 -0.0027844
v -0.0061344 0.5025331 -0.0298654
vt 0.5735013 0.0025436
vn -0.9234650 0.3836829 -0.0000001
v -0.0047305 0.5047305 -0.0164979
vt 0.5729032 0.0092424
vn -0.7071041 0.7071040 -0.0027844
f 1621/1621/1621 1622/1622/1622 1623/1623/1623
v -0.0047305 0.5047305 -0.0164979
vt 0.5729032 0.0092424
vn -0.7071041 0.7071040 -0.0027844
v -0.0061344 0.5025331 -0.0298654
vt 0.5735013 0.0025436
vn -0.9234650 0.3836829 -0.0000001
v -0.0061344 0.5025331 -0.0164979
vt 0.5735013 0.0092424
vn -0.9234638 0.3836857 -0.0000001
f 1624/1624/1624 1625/1625/1625 1626/1626/1626
v -0.0061344 0.5025331 -0.0298654
vt 0.5735013 0.0025436
vn -0.9234650 0.3836829 -0.0000001
v -0.0066838 0.5000305 -0.0298654
vt 0.5742191 0.0025436
vn -1.0000000 0.0000218 -0.0000000
v -0.0061344 0.5025331 -0.0164979
vt 0.5735013 0.0092424
vn -0.9234638 0.3836857 -0.0000001
f 1627/1627/1627 1628/1628/1628 1629/1629/1629
v -0.0061344 0.5025331 -0.0164979
vt 0.5735013 0.0092424
vn -0.9234638 0.3836857 -0.0000001
v -0.0066838 0.5000305 -0.0298654
vt 0.5742191 0.0025436
vn -1.0000000 0.0000218 -0.0000000
v -0.0066838 0.5000305 -0.0164979
vt 0.5742191 0.0092424
vn -1.0000000 -0.0000255 -0.0000010
f 1630/1630/1630 1631/1631/1631 1632/1632/1632
v -0.0066838 0.5000305 -0.0298654
vt 0.5742191 0.0025436
vn -1.0000000 0.0000218 -0.0000000
v -0.0061344 0.4974669 -0.0298654
vt 0.5748172 0.0025436
vn -0.9234632 -0.3836870 0.0000001
v -0.0066838 0.5000305 -0.0164979
vt 0.5742191 0.0092424
vn -1.0000000 -0.0000255 -0.0000010
f 1633/1633/1633 1634/1634/1634 1635/1635/1635
v -0.0066838 0.5000305 -0.0164979
vt 0.5742191 0.0092424
vn -1.0000000 -0.0000255 -0.0000010
v -0.0061344 0.4974669 -0.0298654
vt 0.5748172 0.0025436
vn -0.9234632 -0.3836870 0.0000001
v -0.0061344 0.4974669 -0.0164979
vt 0.5748172 0.0092424
vn -0.9234650 -0.3836828 0.0000001
f 1636/1636/1636 1637/1637/1637 1638/1638/1638
v -0.0061344 0.4974669 -0.0298654
vt 0.5748172 0.0025436
vn -0.9234632 -0.3836870 0.0000001
v -0.0047305 0.4952695 -0.0298654
vt 0.5755349 0.0025436
vn -0.7057604 -0.7084507 0.0000001
v -0.0061344 0.4974669 -0.0164979
vt 0.5748172 0.0092424
vn -0.9234650 -0.3836828 0.0000001
f 1639/1639/1639 1640/1640/1640 1641/1641/1641
v -0.0061344 0.4974669 -0.0164979
vt 0.5748172 0.0092424
vn -0.9234650 -0.3836828 0.0000001
v -0.0047305 0.4952695 -0.0298654
vt 0.5755349 0.0025436
vn -0.7057604 -0.7084507 0.0000001
v -0.0047305 0.4952695 -0.0164979
vt 0.5755349 0.0092424
vn -0.7057642 -0.7084468 0.0000001
f 1642/1642/1642 1643/1643/1643 1644/1644/1644
v -0.0047305 0.4952695 -0.0298654
vt 0.5755349 0.0025436
vn -0.7057604 -0.7084507 0.0000001
v -0.0025331 0.4938656 -0.0298654
vt 0.5761330 0.0025436
vn -0.3836814 -0.9234655 0.0000001
v -0.0047305 0.4952695 -0.0164979
vt 0.5755349 0.0092424
vn -0.7057642 -0.7084468 0.0000001
f 1645/1645/1645 1646/1646/1646 1647/1647/1647
v -0.0047305 0.4952695 -0.0164979
vt 0.5755349 0.0092424
vn -0.7057642 -0.7084468 0.0000001
v -0.0025331 0.4938656 -0.0298654
vt 0.5761330 0.0025436
vn -0.3836814 -0.9234655 0.0000001
v -0.0025331 0.4938656 -0.0164979
vt 0.5761330 0.0092424
vn -0.3836849 -0.9234641 0.0000001
f 1648/1648/1648 1649/1649/1649 1650/1650/1650
v -0.0025331 0.4938656 -0.0298654
vt 0.5761330 0.0025436
vn -0.3836814 -0.9234655 0.0000001
v -0.0000305 0.4933163 -0.0298654
vt 0.5768508 0.0025436
vn -0.0000218 -1.0000000 0.0000001
v -0.0025331 0.4938656 -0.0164979
vt 0.5761330 0.0092424
vn -0.3836849 -0.9234641 0.0000001
f 1651/1651/1651 1652/1652/1652 1653/1653/1653
v -0.0025331 0.4938656 -0.0164979
vt 0.5761330 0.0092424
vn -0.3836849 -0.9234641 0.0000001
v -0.0000305 0.4933163 -0.0298654
vt 0.5768508 0.0025436
vn -0.0000218 -1.0000000 0.0000001
v -0.0000305 0.4933163 -0.0164979
vt 0.5768508 0.0092424
vn -0.0000258 -1.0000000 0.0000001
f 1654/1654/1654 1655/1655/1655 1656/1656/1656
v -0.0000305 0.5066838 -0.0164979
vt 0.5822338 0.0092424
vn 0.0000220 1.0000000 -0.0000704
v 0.0025331 0.5061344 -0.0164979
vt 0.5815161 0.0092424
vn 0.3836870 0.9234633 -0.0000001
v -0.0000305 0.5066838 -0.0298654
vt 0.5822338 0.0025436
vn 0.0000220 1.0000000 0.0000099
f 1657/1657/1657 1658/1658/1658 1659/1659/1659
v -0.0000305 0.5066838 -0.0298654
vt 0.5822338 0.0025436
vn 0.0000220 1.0000000 0.0000099
v 0.0025331 0.5061344 -0.0164979
vt 0.5815161 0.0092424
vn 0.3836870 0.9234633 -0.0000001
v 0.0025331 0.5061344 -0.0298654
vt 0.5815161 0.0025436
vn 0.3836831 0.9234648 -0.0000003
f 1660/1660/1660 1661/1661/1661 1662/1662/1662
v 0.0025331 0.5061344 -0.0164979
vt 0.5815161 0.0092424
vn 0.3836870 0.9234633 -0.0000001
v 0.0047305 0.5047305 -0.0164979
vt 0.5807983 0.0092424
vn 0.7084506 0.7057604 -0.0000001
v 0.0025331 0.5061344 -0.0298654
vt 0.5815161 0.0025436
vn 0.3836831 0.9234648 -0.0000003
f 1663/1663/1663 1664/1664/1664 1665/1665/1665
v 0.0025331 0.5061344 -0.0298654
vt 0.5815161 0.0025436
vn 0.3836831 0.9234648 -0.0000003
v 0.0047305 0.5047305 -0.0164979
vt 0.5807983 0.0092424
vn 0.7084506 0.7057604 -0.0000001
v 0.0047305 0.5047305 -0.0298654
vt 0.5807983 0.0025436
vn 0.7084472 0.7057639 -0.0000001
f 1666/1666/1666 1667/1667/1667 1668/1668/1668
v 0.0047305 0.5047305 -0.0164979
vt 0.5807983 0.0092424
vn 0.7084506 0.7057604 -0.0000001
v 0.0061344 0.5025331 -0.0164979
vt 0.5802002 0.0092424
vn 0.9234852 0.3836344 -0.0000001
v 0.0047305 0.5047305 -0.0298654
vt 0.5807983 0.0025436
vn 0.7084472 0.7057639 -0.0000001
f 1669/1669/1669 1670/1670/1670 1671/1671/1671
v 0.0047305 0.5047305 -0.0298654
vt 0.5807983 0.0025436
vn 0.7084472 0.7057639 -0.0000001
v 0.0061344 0.5025331 -0.0164979
vt 0.5802002 0.0092424
vn 0.9234852 0.3836344 -0.0000001
v 0.0061344 0.5025331 -0.0298654
vt 0.5802002 0.0025436
vn 0.9234642 0.3836847 -0.0000001
f 1672/1672/1672 1673/1673/1673 1674/1674/1674
v 0.0061344 0.5025331 -0.0164979
vt 0.5802002 0.0092424
vn 0.9234852 0.3836344 -0.0000001
v 0.0066837 0.5000305 -0.0164979
vt 0.5794825 0.0092424
vn 1.0000000 0.0000216 -0.0000000
v 0.0061344 0.5025331 -0.0298654
vt 0.5802002 0.0025436
vn 0.9234642 0.3836847 -0.0000001
f 1675/1675/1675 1676/1676/1676 1677/1677/1677
v 0.0061344 0.5025331 -0.0298654
vt 0.5802002 0.0025436
vn 0.9234642 0.3836847 -0.0000001
v 0.0066837 0.5000305 -0.0164979
vt 0.5794825 0.0092424
vn 1.0000000 0.0000216 -0.0000000
v 0.0066837 0.5000305 -0.0298654
vt 0.5794825 0.0025436
vn 1.0000000 0.0000258 -0.0000000
f 1678/1678/1678 1679/1679/1679 1680/1680/1680
v 0.0066837 0.5000305 -0.0164979
vt 0.5794825 0.0092424
vn 1.0000000 0.0000216 -0.0000000
v 0.0061344 0.4974669 -0.0164979
vt 0.5788844 0.0092424
vn 0.9234639 -0.3836856 0.0000001
v 0.0066837 0.5000305 -0.0298654
vt 0.5794825 0.0025436
vn 1.0000000 0.0000258 -0.0000000
f 1681/1681/1681 1682/1682/1682 1683/1683/1683
v 0.0066837 0.5000305 -0.0298654
vt 0.5794825 0.0025436
vn 1.0000000 0.0000258 -0.0000000
v 0.0061344 0.4974669 -0.0164979
vt 0.5788844 0.0092424
vn 0.9234639 -0.3836856 0.0000001
v 0.0061344 0.4974669 -0.0298654
vt 0.5788844 0.0025436
vn 0.9234653 -0.3836819 0.0000001
f 1684/1684/1684 1685/1685/1685 1686/1686/1686
v 0.0061344 0.4974669 -0.0164979
vt 0.5788844 0.0092424
vn 0.9234639 -0.3836856 0.0000001
v 0.0047305 0.4952695 -0.0164979
vt 0.5781666 0.0092424
vn 0.7084529 -0.7057581 0.0000001
v 0.0061344 0.4974669 -0.0298654
vt 0.5788844 0.0025436
vn 0.9234653 -0.3836819 0.0000001
f 1687/1687/1687 1688/1688/1688 1689/1689/1689
v 0.0061344 0.4974669 -0.0298654
vt 0.5788844 0.0025436
vn 0.9234653 -0.3836819 0.0000001
v 0.0047305 0.4952695 -0.0164979
vt 0.5781666 0.0092424
vn 0.7084529 -0.7057581 0.0000001
v 0.0047305 0.4952695 -0.0298654
vt 0.5781666 0.0025436
vn 0.7083834 -0.7058279 0.0000001
f 1690/1690/1690 1691/1691/1691 1692/1692/1692
v 0.0047305 0.4952695 -0.0164979
vt 0.5781666 0.0092424
vn 0.7084529 -0.7057581 0.0000001
v 0.0025331 0.4938656 -0.0164979
vt 0.5775685 0.0092424
vn 0.3836821 -0.9234653 0.0000001
v 0.0047305 0.4952695 -0.0298654
vt 0.5781666 0.0025436
vn 0.7083834 -0.7058279 0.0000001
f 1693/1693/1693 1694/1694/1694 1695/1695/1695
v 0.0047305 0.4952695 -0.0298654
vt 0.5781666 0.0025436
vn 0.7083834 -0.7058279 0.0000001
v 0.0025331 0.4938656 -0.0164979
vt 0.5775685 0.0092424
vn 0.3836821 -0.9234653 0.0000001
v 0.0025331 0.4938656 -0.0298654
vt 0.5775685 0.0025436
vn 0.3836856 -0.9234639 0.0000001
f 1696/1696/1696 1697/1697/1697 1698/1698/1698
v 0.0025331 0.4938656 -0.0164979
vt 0.5775685 0.0092424
vn 0.3836821 -0.9234653 0.0000001
v -0.0000305 0.4933163 -0.0164979
vt 0.5768508 0.0092424
vn -0.0000258 -1.0000000 0.0000001
v 0.0025331 0.4938656 -0.0298654
vt 0.5775685 0.0025436
vn 0.3836856 -0.9234639 0.0000001
f 1699/1699/1699 1700/1700/1700 1701/1701/1701
v -0.0000305 0.4933163 -0.0164979
vt 0.5768508 0.0092424
vn -0.0000258 -1.0000000 0.0000001
v -0.0000305 0.4933163 -0.0298654
vt 0.5768508 0.0025436
vn -0.0000218 -1.0000000 0.0000001
v 0.0025331 0.4938656 -0.0298654
vt 0.5775685 0.0025436
vn 0.3836856 -0.9234639 0.0000001
f 1702/1702/1702 1703/1703/1703 1704/1704/1704
